class,ns
0,7638700
1,7692700
1,7612800
0,7693400
1,7623100
1,7760200
1,7619200
0,7586600
0,7382000
1,8738000
1,7354300
1,7756800
1,7355700
1,7779700
1,7360000
1,7644000
1,7404300
0,7510300
1,7382700
1,7577400
1,7486500
1,7606600
0,7490800
1,7674700
0,7539200
1,7666100
0,7507500
1,7613600
0,7548600
0,7583100
1,7539600
1,7896600
0,7658400
1,7518300
0,7491600
1,7520500
1,7444000
0,7515900
0,7518300
0,7673700
1,7485300
0,7526700
1,7516800
0,7562700
0,7473600
1,7457400
0,7532600
0,7352600
1,7449900
1,7368500
1,7907000
1,7366300
0,7469100
1,7380200
1,7735900
0,7324600
1,8951900
1,8127900
1,7619500
0,7413700
1,7757000
0,7627500
1,7708000
0,7626300
0,7680000
0,7723700
0,7688100
1,7616700
0,7729500
1,7621000
0,8249300
0,7673200
0,7824700
1,7630400
0,7898500
0,7675300
0,7808700
1,7635700
1,7720200
1,7629500
1,7762300
1,7621200
0,7691200
0,7654900
1,7757400
0,7705600
1,7682600
1,7635200
1,9489300
0,10666000
0,10941200
1,10965900
0,11001400
1,10340400
1,7789100
0,7911500
1,7884200
1,7709800
0,7735400
1,7736700
1,7708800
1,7639000
0,7864800
0,7632700
0,7685300
1,7617500
1,7705200
0,7627000
0,7823900
0,7627400
0,7699300
1,7621200
1,7691400
0,7624500
1,7717600
1,7615000
0,7693400
1,8447400
0,7841500
1,7624900
0,7691000
0,7700000
1,7619600
0,7380000
1,8333800
1,7479900
0,7582900
1,7441900
1,7460500
1,7384400
0,7485700
0,7414400
0,7579500
0,7383700
0,7979500
1,7635600
0,7698200
1,7621100
1,7689400
1,7638000
0,7852400
0,7636300
0,7714500
0,7635600
0,7681500
0,7627500
1,7697400
0,7624800
1,7697500
0,7486600
0,7526900
0,7472500
0,7523900
1,7475300
1,7468500
0,7568400
0,7470300
1,8342300
1,8424900
0,8736100
1,8742500
0,7619100
0,7805400
0,7787300
1,7813800
0,7804200
1,7798100
1,7787900
1,7818700
1,7793700
0,7799700
0,7785400
1,7816700
0,7786700
0,7844100
0,7471700
0,7545000
1,7490600
1,7879200
1,7457500
1,7540400
0,7468600
0,7656800
0,7471600
0,7839900
0,7490300
0,7546100
1,7464500
0,7613500
1,7464700
0,7579600
0,7469500
0,7487900
0,8276000
0,7590300
1,7645600
0,7522100
0,7768700
0,7515200
1,8534000
1,8056300
0,7633600
1,7698600
1,7627300
0,7709600
1,7631300
0,7744000
0,7631100
1,7725300
1,7616300
1,7690600
0,7626800
1,7615400
0,7873900
1,7619900
1,7681200
0,7735200
1,7720900
0,7622700
1,7768800
0,7628400
1,7828300
0,7625700
0,7724400
0,7626500
1,7745000
1,7578300
0,7576400
0,7470800
1,8122700
0,8390000
1,8611000
1,8417500
1,8873600
1,8117100
0,7754600
1,8024000
0,7470900
0,7637300
1,7758200
1,7892600
1,7782300
1,7816100
1,7760800
0,7802800
0,7792900
0,7879600
1,7768300
1,7933400
0,7802000
1,7825000
0,7781800
1,7713600
1,7472100
1,7558700
1,7456600
1,7521000
0,7469900
0,7583000
1,7457300
1,7906000
1,7921400
1,8114500
0,7981300
0,8882800
0,8195300
0,9059200
1,7901700
1,7852300
1,8018800
1,7699500
1,7611800
0,7697200
1,7636500
0,7689200
1,7624400
1,7676000
0,7643100
0,7695200
1,7623600
0,8642600
0,7681800
0,7682300
0,7625900
1,7702500
1,7619300
1,7682100
1,7631300
1,8252200
0,7728800
0,7768500
0,7787500
1,7944800
0,7786600
1,7807600
0,7787500
0,7809300
1,7776600
0,7811300
0,7792300
0,7820000
0,7787900
0,7797200
0,7528900
0,7545400
0,7471400
1,7847300
0,7473300
0,7548100
0,7469600
0,7532400
0,7473300
1,7592400
0,7732000
1,7550100
0,7470700
0,7562100
1,7472400
1,7532600
1,7475500
0,7548900
0,7471900
0,7540000
0,7471600
0,7630500
0,7498500
1,7463700
1,7593200
0,7518100
0,8246000
1,7597700
0,7962700
1,7512300
0,7591900
0,7473000
1,7685700
1,7470900
1,7527500
1,7476400
0,7544700
0,7469400
0,7555200
0,7511000
0,7572400
1,7465800
0,7527300
0,7504100
0,7671900
1,7459200
1,7606700
0,7810300
1,7539600
0,7470000
0,7532400
0,7470000
1,7777600
0,7475300
0,7560400
1,7474100
1,7726600
1,7481300
1,7529100
0,7472500
0,7576100
1,7459400
1,7515700
0,7471400
0,7654600
0,7472800
0,7520800
1,7357400
1,7483300
0,7405700
0,7382600
0,7430900
1,7583000
0,7597600
1,7625500
1,7484400
0,7397000
1,7424800
0,7381500
1,7584000
0,7507600
1,7910100
0,7985200
1,7527000
0,7484500
1,7585000
1,7464300
0,7581800
0,7488800
1,7552100
1,7466900
0,7539200
0,7528000
1,7550000
0,7549000
1,7886800
1,8344300
0,7746900
1,7503800
1,7603800
0,7486000
1,7539400
1,7465500
1,7513100
0,7539800
0,7493800
1,7694400
0,7626800
0,7840300
1,7621900
0,7687900
1,7620500
0,7687500
0,7626000
0,8228400
0,7640400
1,7878500
0,7731100
0,8134800
0,7836700
1,7797200
0,7803600
1,7794200
1,7825300
0,7794500
1,7807700
0,7789000
0,7811700
1,7783400
1,7810300
1,7767300
0,7758800
1,7686200
0,7622100
1,7677800
0,7844600
1,7681200
0,7626100
1,7678200
0,7642000
1,7662900
1,7808000
0,7684400
1,7675700
1,7637800
1,7579300
0,7528300
0,7471500
0,7533700
1,7460600
1,7520600
1,7475100
1,7573200
1,7462900
1,7873900
1,7601900
1,7725200
1,7525900
1,7704800
1,7615500
1,7610200
1,7525200
0,8196200
1,7498300
1,7647300
0,7605300
1,8127900
0,7605600
1,7605800
1,7497100
0,7726500
1,7619300
0,7683100
0,7627800
1,7711500
0,7625500
0,7698400
1,7628000
0,7963600
0,7629500
1,7681000
1,7622500
0,7702100
1,7620200
1,7550100
1,7477700
1,7606500
0,7645100
0,7539600
1,7461200
1,7695100
1,7487300
1,8730700
1,8924000
1,7688900
0,7470600
0,8485200
0,7733900
1,7521300
1,7372500
0,7826200
0,7513800
1,7883600
0,7414600
0,7750200
0,7399500
0,7500000
0,7322900
1,7795600
0,8119000
0,8437000
1,8363900
1,9042500
1,8112500
1,7808900
1,7731300
1,7561600
0,7469700
1,7488900
0,7470700
0,7557500
1,7478000
1,7773000
0,7789000
0,7829100
0,7797900
1,7844200
0,7795600
1,7823700
1,7782400
0,7836900
0,7818000
0,7918600
1,7887800
0,7851000
1,7785700
1,7851000
0,7790500
1,7931800
1,7777300
0,7860500
1,7804900
1,7835100
1,7853500
1,7794700
0,7786000
1,7834900
1,7831600
0,7822600
0,7792100
0,7802600
1,7821900
1,7777500
0,7787700
0,7812900
0,7804600
1,7786100
0,7787900
1,7789100
0,7802900
1,7743500
0,7390700
0,7466000
1,7371600
1,7617100
1,7712100
1,7391500
1,7391600
1,7449600
1,7346200
0,7595800
0,7666800
1,7459100
0,7322500
1,7730600
1,7743400
0,7815500
1,7637400
1,7728700
1,7678800
1,7714800
1,7652600
0,7746100
1,7663000
1,7854300
0,8159700
0,7766400
1,7533400
1,7668500
0,7544400
1,7746500
1,7486100
0,7637500
1,7554500
1,7639300
0,7488300
1,7543800
1,7622100
1,7545600
1,7688900
0,7444400
1,7592900
0,7448500
0,8321300
0,7612400
0,7663700
0,7495700
0,7579000
0,7641600
1,7582600
0,7451500
0,7533000
0,7432200
1,7686700
0,7704800
1,7732900
0,7777100
1,7934200
0,7695300
1,7697100
0,7661300
0,7720500
1,7654100
1,7733400
1,7664700
1,7755500
0,7602400
0,7612900
0,7728800
0,7606000
0,7551200
1,8844300
0,8922600
1,7771400
0,7531900
1,7593700
1,7539000
0,7667600
1,7558900
1,7581400
0,7551900
0,7609400
0,7546700
0,7612000
0,7545100
1,7609500
0,7539800
0,7563700
1,7514800
1,7687500
1,7539600
0,7633800
1,7460500
0,7621200
1,7453000
1,7550200
0,7526000
1,7593500
0,7604900
0,7492900
0,7428200
0,7741500
0,7429900
1,7419200
0,7407200
1,7497900
1,7624500
1,7518900
0,7636400
1,7554000
1,7741900
1,7461200
0,8315600
1,7787500
1,7596400
1,7600900
0,7590300
0,7836900
1,7792800
0,7754800
0,7651200
0,7837500
0,7789800
1,8193200
1,8063800
0,7856000
0,7671700
1,7717100
1,7700900
1,7710300
1,7665800
1,7733000
0,7688200
1,7764600
0,7651200
0,8025400
1,7691700
0,7745000
0,7646500
0,7729200
1,7678600
1,7909300
0,7666600
0,7718000
0,7708300
1,7718200
1,7685700
0,7731700
0,7670900
0,7861700
1,7654500
1,7710500
1,7639300
1,7749600
0,7666700
1,7714300
1,7657500
1,7473400
1,8982600
1,8898300
1,7404600
1,7564900
0,7455800
0,7615400
0,7451400
1,8334600
0,7933600
1,7630500
1,7683200
1,7584200
1,7616100
0,7738400
1,7683100
1,7743200
0,7740300
1,7754100
0,7686700
1,7670300
1,8393900
0,7866500
0,8143100
0,7772200
1,7740100
1,7773800
1,7691200
0,7749500
0,7930800
0,7799100
1,7647100
0,7728600
0,7692500
0,7728300
1,7641800
0,7832500
0,7696100
1,7709500
1,7655700
1,7785200
1,7713100
1,7804100
0,7679500
0,7963600
0,7898200
1,7744600
1,7659800
0,7760700
1,7641900
0,7740200
1,7614500
0,7467900
1,7396200
1,7427300
0,7491400
1,7341600
1,7610100
1,7390300
1,7560600
1,7354200
1,7647700
0,7424200
1,7515900
1,7459300
1,7517300
0,7421800
1,7450700
1,7368300
1,8512000
0,7556900
0,7652800
1,7813700
1,8537000
0,9439600
0,8514300
1,8890500
1,8464200
1,8194600
1,7820900
0,7821500
1,7657100
1,7732900
0,7697700
1,7716200
1,7661100
0,7664100
1,7775000
0,7865500
0,7767000
0,7842800
0,7889000
1,7835000
1,7881200
1,7847200
1,7855900
1,7863700
1,7811200
0,7842100
0,7837700
0,7968600
1,7820400
0,7945500
0,7746700
1,7680900
0,7816000
0,7692800
1,7882800
0,7673300
0,7753900
0,7711700
0,7762500
1,7822200
1,7846300
0,7692500
0,7729100
0,7496000
1,7622900
1,7568000
1,7680700
0,7503900
1,7618900
1,7572100
0,7610900
1,7524900
1,7786700
0,8083900
1,7606400
0,7716700
0,7757400
0,7616300
1,7936600
0,7547300
0,7823900
0,7596100
1,7767500
1,7540500
1,7672100
0,7491500
1,7707200
1,7543700
1,7764100
0,7491300
0,7683000
1,7509100
0,7656500
0,7528400
1,7595300
1,7550200
1,7614700
1,7760800
0,7607300
0,7509300
1,7732800
1,7536500
1,7586300
0,7413300
1,7579100
0,7507500
1,7453900
0,8612700
1,7475400
1,7595400
0,7407500
1,7540100
0,7602600
1,7500100
1,7334600
1,7691700
1,7531200
1,7626800
0,7497100
1,7652100
1,7561700
0,7698700
1,7480200
1,8023600
1,7587400
1,7717900
1,7502600
0,7567800
1,7499700
0,7646900
1,7346700
1,7669400
1,7431500
1,7501800
1,7334400
1,7512200
0,7435100
1,7599000
0,7425400
0,7956700
0,8032700
1,8005900
0,7485800
0,7825300
0,10641800
1,8981200
1,8832800
1,8510500
1,8476500
0,8572800
1,8011400
1,7322300
0,7533200
0,7581500
0,7841900
1,7797100
1,7859600
1,7818100
0,7999900
0,7808500
0,7857100
1,7834200
0,7879700
0,7829300
1,8113300
0,7820500
1,7905600
1,7545800
0,7835500
0,7496700
1,7671700
0,7545900
0,7718000
1,8149000
1,8898300
1,8838300
1,7888700
0,7616200
0,7624200
1,7646100
1,7721400
1,7685800
0,7816000
1,7804200
0,7735600
1,7698600
0,7733900
0,7663300
0,7724100
0,7837300
0,7712600
1,7660500
0,7593100
1,7533100
0,7615600
1,7560400
0,7566000
1,7546400
1,7639700
0,7514600
1,7588400
0,7547800
1,7598800
0,7551300
1,7656300
1,7375200
1,7602900
0,7428700
1,7517300
1,7444200
1,8118300
1,7427500
1,7642000
1,7425100
0,7588300
0,7404600
1,7537300
1,7420100
1,7652300
0,7667400
0,7668000
0,7699400
1,7656100
0,7734300
0,7686800
1,7714600
0,8398000
1,7841700
0,7788200
0,7689500
0,7645700
1,7687800
0,7573100
0,7652700
0,7504900
1,7815900
1,7570900
0,7630900
0,7491900
1,7659300
1,7542000
0,7577400
0,7567500
0,8087100
0,7681800
0,7742900
0,7670200
1,7712700
0,7707800
0,7731600
1,7528300
1,7700100
0,7787200
1,7661500
1,7619100
0,7707100
1,7602300
0,7604100
1,7486300
1,7553900
0,7468600
1,7655500
1,7449900
0,7558000
0,7469700
0,7527000
0,7472900
1,7880100
1,8279800
1,7664100
0,7461000
1,7454700
1,7322400
1,7403500
0,7478900
0,7394500
0,12537400
1,7609800
0,7415200
1,7496000
0,7382900
0,7474000
0,7392200
1,7613900
0,7472200
0,7537900
1,7472100
1,7691600
1,7542100
1,7572400
0,7579500
1,7558200
1,7899400
1,7466700
0,7814100
1,7645600
1,7846000
1,7615600
1,7688700
0,7625300
1,7673900
0,7692400
0,7907300
1,7850600
0,8312600
0,7736200
0,7854600
0,7707000
1,7682700
0,7625400
0,7720600
1,7618600
0,7972200
0,7909900
0,8206700
0,7642900
0,7693400
1,7653800
1,7739000
0,7940100
1,7829400
0,7649100
0,7857600
1,7796600
1,7770500
1,7808300
0,7807000
1,7825000
1,7790200
1,7816700
1,7782700
1,7810300
1,7787000
0,7861800
1,7786700
0,7659600
1,7671700
0,7563600
0,7475500
0,7469800
0,7612400
1,7489200
0,8087200
0,7472500
1,7672100
0,7491000
0,7737400
0,7471000
0,7630700
0,7485900
1,7535300
1,7484600
1,8428200
1,8160300
1,7998900
0,8292200
1,8966800
0,8820200
0,8160100
1,8467600
0,8027100
0,8099900
0,7791100
0,7833700
0,7794800
0,7800800
1,7856900
1,7831000
0,7786700
0,7800500
1,7789500
1,7829500
0,7791000
1,7734300
0,7626900
1,7698700
1,7616800
1,7680400
0,7626900
0,7795200
0,7627700
1,8258800
1,7661100
0,7699600
0,7664300
1,7659200
0,7626800
1,7689300
0,7624000
0,7681500
0,7627400
0,7853400
1,7620600
1,7687400
1,7645100
0,7681200
1,7620400
1,7672000
1,7653700
1,7486800
0,7381800
0,7560800
1,7331300
1,7548200
1,7360600
0,7379700
0,7529300
0,7384400
0,7731200
0,7416100
1,7806400
0,7754000
0,8170400
1,8624600
0,8353700
1,8741600
1,7622000
1,7672500
1,7676800
0,7696500
1,7628600
0,8108000
1,8396900
0,9209300
1,8232600
0,7877400
1,7783600
0,7815400
0,7787900
1,7822100
1,7763300
0,7820900
1,7783100
1,7811800
0,7789800
1,7786300
0,7809200
0,7827500
0,7815500
0,7809300
0,7788400
1,7862100
0,7791700
0,7923600
0,7807900
1,7819200
0,7791400
0,10111600
1,8834900
0,7843600
0,7793100
1,7826500
0,7815200
0,7862200
1,7781600
1,7961000
0,7788000
1,7790600
1,7781100
1,7837900
1,7783200
0,7808000
1,7693900
0,7565700
1,7450500
1,7505900
0,7499800
1,7580100
1,7441200
0,7544700
1,7457400
1,7562400
0,7472400
1,7710800
1,7464600
0,8168100
1,7320000
0,7508100
0,7379500
1,7550600
1,7377900
1,7538600
1,7377000
0,7467500
0,7599800
1,7448600
0,7380400
0,7497300
1,7303000
1,7567200
1,7468500
0,7484500
1,7732200
1,7574800
1,7513400
0,7489700
0,7567200
1,7470400
1,7527100
1,7516000
1,7548100
0,7532200
1,7509600
1,7493100
1,7590400
0,7469700
1,7561200
0,7487300
0,7515300
1,7459200
0,7546600
0,7676800
1,7538600
1,7527700
1,7609700
1,7560800
1,7394300
1,7322700
0,7380800
0,8677300
1,7576600
1,7524100
1,7464400
0,7494000
1,7374900
0,7389100
1,7377600
1,7462900
0,7378100
1,7633200
1,7470200
1,7641200
0,7472600
0,7675800
1,7474400
1,8962300
0,7538200
0,7544000
0,7473900
0,7605000
1,7541600
0,7728200
0,7511200
1,7577300
0,7473700
1,7607300
1,7461500
1,7545900
1,7483600
0,7530000
1,7460200
0,7559800
1,7462900
1,7601100
0,8234200
0,7706000
0,7474200
1,7534100
1,7473700
1,7666400
1,7485600
1,7441800
0,7644400
0,7469900
1,8960800
0,7550300
0,7550500
1,7463000
0,7479200
1,7369900
1,7492100
0,7323600
1,7939300
0,7445600
1,7678200
1,7310700
1,7393100
1,7356700
1,7661500
1,7500100
1,8781600
0,7926200
1,7879100
1,7882500
0,8234200
0,7697100
0,7814500
0,7701100
0,7881800
0,7669100
1,7671900
0,7623700
1,7670000
1,7622700
1,7689300
0,7625100
0,7682700
0,7624700
0,7797700
0,7625200
0,9152900
1,7732300
1,7722100
0,7627900
0,7736800
1,7666300
1,7828300
1,7516900
1,7938500
1,7643800
1,7993000
0,7587400
0,7610300
1,7544100
1,8131000
0,7643800
1,7636000
1,7470500
1,7558400
0,7503500
1,7811800
1,7659600
1,7778800
0,7654500
0,7760000
0,7671800
1,7747500
1,7650100
0,7718700
0,7699100
0,7862100
0,7631700
1,7793500
0,7727500
1,7777100
1,7559500
1,7700100
0,7481200
1,7721500
1,7620300
1,7509900
0,7625000
0,7542900
0,7469100
1,7538000
1,7462900
1,7660000
0,7473000
0,7619800
0,7486000
1,7511200
0,7473400
1,7504200
1,7539800
1,7485200
1,7710100
0,7483400
0,8311100
1,7624700
1,7708400
0,7733400
1,7751400
1,7601300
0,7691900
0,7643700
1,7686800
0,7628700
0,7686200
0,7639800
0,7679300
0,7626200
0,7795700
1,7605400
0,7656500
0,7544800
0,7730500
1,7567400
0,7705900
0,7512400
0,7557500
0,7493400
0,7473700
1,7371000
0,7551000
1,7739600
0,7791600
0,7474300
0,7520300
0,7488100
1,7602900
1,7496400
0,7541300
1,7520700
1,7637300
1,7499000
0,8444600
1,9273000
1,7762600
1,7470800
0,7675700
0,7469900
1,8098200
0,8365000
0,8512600
1,8509500
1,7581600
0,7470600
1,7572200
1,7464800
0,7574100
0,7617800
1,7715800
1,7773700
1,7844700
0,7836000
0,7801500
1,7783900
0,7798300
1,7776900
1,7813000
0,7793200
0,7832800
1,7800900
0,7806600
0,7436300
1,8239900
1,7905000
1,7753000
0,7625500
0,7647200
1,7635200
1,7664800
1,7570100
1,7549300
1,7407300
0,7475100
0,7324500
0,7935300
1,7632800
0,7691600
1,7638400
1,7683000
0,7641400
0,7760400
1,7612800
0,7688100
0,7866300
0,7684200
0,7623400
0,7687900
0,7636300
1,7677200
0,7716200
0,7692300
0,7760200
1,7724500
0,7632500
0,7723900
1,7641400
1,7697400
0,7632800
1,7682900
1,7620500
0,7478400
1,7436900
1,7411600
0,7409300
0,7378600
1,7513700
0,7397200
1,7481900
1,7361000
0,7870200
0,7400700
1,7414000
0,7383200
1,7458400
0,7415900
0,7627900
1,7383800
0,7490300
0,7397000
1,7408500
0,7412800
0,7640000
1,7336600
1,7450900
1,7383400
1,7484300
0,7396100
0,7413300
0,7592100
1,7396500
0,7436900
0,7383100
0,8585200
1,7542800
0,17125000
0,8492300
1,8845600
1,8451000
0,8532900
1,7797900
1,7843200
1,7786500
0,7796900
0,7788000
0,7956700
0,7788900
0,7932800
0,7788200
0,7809300
1,7777000
1,7824200
0,7749500
0,7698800
1,7599500
1,7680400
1,7671100
1,7758900
0,7628400
0,7690800
1,7597800
1,7700600
0,7628000
0,7717500
1,7600800
1,7658200
1,7495000
0,7795800
0,7492200
0,7795300
1,7482200
1,7814400
1,7474000
1,7536500
1,7465900
1,7533500
1,7528400
1,7764000
1,7464700
0,7472000
1,8922900
0,7529700
0,7472900
1,7467200
0,7595800
1,7459000
0,7658100
1,7470800
1,7564200
0,7470400
0,7547500
0,7432300
1,7453900
1,7313500
1,7481900
1,7381200
1,7664100
1,7306800
1,7436700
0,8856900
0,8780400
0,9179600
1,9177700
0,9206800
1,7820000
1,7831700
0,7793000
0,7836500
0,7789600
1,7807500
1,7788400
0,7843600
1,7787000
1,7801600
0,7790900
0,7830800
0,7775800
0,7812400
0,7893000
0,7709400
0,7629300
1,7753600
1,7625900
0,7772400
1,7622700
1,7983300
1,7641800
1,7737500
1,7645500
1,7616000
1,7681400
0,7625600
0,7680100
0,7624900
1,7694800
0,7625800
0,7742000
0,7660000
0,7824400
1,7622600
1,7675600
0,7625200
0,8267300
1,7463600
0,7450900
1,7383100
1,7497600
1,7359600
0,7392400
1,7379300
0,7487200
0,7321000
0,7435500
0,7381800
0,7478900
0,7317600
0,7536300
1,7372900
0,7450900
1,7298000
0,7483500
1,7379800
1,7464800
1,7333900
0,7472800
0,7533600
0,7396500
0,7630800
0,7508600
0,8333000
0,7615700
1,7607300
1,7506200
1,7613500
0,7534400
1,7647000
0,7483700
1,7753300
1,7488900
0,7548900
0,7471200
0,7776200
0,7555500
1,7818300
0,7624100
1,7675900
0,7663400
1,7684700
1,7617200
0,7717300
0,7642500
1,7716700
0,7625200
0,7677000
1,7637300
0,7657400
0,7469200
0,7554200
0,7486200
1,7529000
0,7473600
1,7714400
0,7582500
0,7472200
0,8353300
0,8424600
1,8549200
1,8311300
1,7558600
0,7706900
0,7626100
0,7688700
1,7632500
0,7697200
0,7626100
1,7683500
1,7594900
0,7800800
0,7627700
1,7848400
0,7629700
0,7713000
0,7379500
1,7440400
1,7432400
1,7396200
0,7440300
0,7322000
1,7517300
1,7408700
1,7646800
1,7314600
1,7501500
1,7380300
1,7460000
0,7321300
1,7537400
0,7396000
1,7529200
1,8363200
0,7655300
0,7461900
0,7459400
0,7321800
0,7864800
0,7434100
1,7381100
1,7493000
0,7570700
1,7698400
0,7624200
1,7751100
1,7616900
0,7815700
1,7617000
0,7729300
1,7618400
0,8367900
0,7629500
0,7989900
0,7747600
1,7530700
1,7497900
0,7637400
0,7516100
0,7633700
1,7562000
0,7634700
1,7552300
1,7580400
1,7662600
0,7724500
0,7569500
1,7555900
1,7426100
0,7438900
1,7471000
1,7413600
1,7425600
0,7470200
1,7439900
0,7560200
1,7397300
0,7507900
1,7436100
0,7436900
1,7408000
0,7561000
0,7461100
1,7430400
0,7438200
1,7397000
1,7490000
1,7339800
0,7535400
0,7423700
1,14913100
0,7514600
1,7418500
1,7764300
1,7482900
1,7606900
1,7497600
0,7780200
0,7494600
0,8394400
1,8701800
1,9579900
0,8944200
0,7817300
0,7555000
1,7766800
0,7986300
0,7840400
1,7878800
0,7824200
0,7881600
1,7862800
1,7873700
0,7829900
1,7827200
1,7804500
1,7991200
1,7823700
1,7824000
0,7832900
1,7885800
0,7830000
1,7882100
1,7817600
1,7866100
1,7861800
1,7829800
1,7843500
1,7828500
0,7840500
0,7844600
1,7853300
1,7581200
1,7546100
1,7608200
1,7603000
1,7585300
1,7535900
0,7633800
0,7563200
0,7602500
0,7546300
0,7725400
1,7547700
1,7577500
0,7383000
1,7416200
0,7525400
1,7426100
0,7411800
1,7404100
0,7552700
0,7458500
1,8830600
1,7426600
0,7497200
0,7407600
1,7433300
0,7422100
1,7496900
1,7357700
1,7597400
1,7446500
1,7845700
0,8561400
0,9149700
0,8814900
0,7839500
0,7815000
0,8198400
0,7772700
1,7640600
1,7732900
1,7662300
0,7782900
1,7789100
0,7843200
0,7879000
1,7928200
0,8241800
1,7919600
1,7797400
0,7790200
0,7723300
1,7820700
0,7832900
1,8418300
1,7824600
0,7966900
1,7810000
0,7931300
0,7788000
0,8060900
1,7800200
1,8076800
0,7790000
0,7661200
1,7487900
1,7586000
0,7473900
0,7523800
1,7500700
1,7516400
0,7471200
0,7552400
1,7496200
1,7542700
1,7473700
0,7607000
0,7449100
0,7550000
0,7318600
0,7427800
0,7393000
0,7584800
1,7316300
1,7372800
0,7475300
0,7381600
1,7535200
0,7381600
0,7558400
0,7541500
1,7414200
1,7384800
1,7502900
0,7381600
1,7436300
1,7517100
0,7680100
1,7560700
1,7628900
0,7380800
1,7476200
0,7383300
0,7860300
0,7521500
1,7650300
0,7474000
1,8226300
0,7890300
1,7703700
1,7555700
0,7655800
1,7470500
1,7546900
0,7474900
0,7674700
1,7506500
0,7624700
1,7449300
1,7622700
0,7475700
0,7556100
0,7516900
1,7749900
0,7937000
1,7478700
0,7524400
0,7472900
0,7567000
0,7651100
0,8201600
1,7912300
1,7888000
1,7955000
0,7687800
0,7629300
1,7694700
0,7628000
1,7787200
0,7626000
0,7734200
0,7627400
0,7693400
1,7620000
1,7691700
0,7624700
1,7704600
1,7682200
0,7772700
1,7671000
1,7715600
0,7672600
1,8022800
0,7668300
0,7710400
0,7662800
0,7612800
0,7414700
1,7396000
0,7428700
1,7665700
1,7433300
1,7537400
1,7575200
1,7794400
1,7568400
0,7674000
0,7343600
0,7710100
0,7513700
0,7734800
0,7646100
0,7879900
0,7667900
0,7919800
1,7678000
0,7875300
0,7858200
1,7710700
0,7710100
1,7760000
1,7662900
0,7722000
1,7688800
0,7714700
1,7635700
1,7738600
1,7692100
0,7708900
0,7668200
1,7745700
1,7824500
1,7798100
0,7648500
1,7932700
0,7581100
1,7494500
0,7343400
0,7601500
1,7436500
0,7493500
0,7338900
1,7412700
0,7534900
0,7431700
1,7713000
0,7430700
1,7545200
1,7405100
1,7530200
1,7428100
0,7598000
0,7429400
0,7556900
1,7417700
1,7465000
0,7425000
1,7405800
0,7514200
1,8203400
0,7424500
1,7515300
1,7412600
0,7542500
0,7425200
1,7519200
1,7414800
1,7629000
1,7597100
1,7471100
0,7774500
1,7695500
1,7548200
0,7647100
1,7956800
0,7744800
0,7642400
0,7639100
0,7559500
0,7651500
0,7546800
1,7548800
0,7578500
1,7547700
1,7849500
0,7546300
0,8268300
0,7697900
0,7779500
0,7661500
0,7751300
1,7642400
0,7730500
1,7652100
0,8138600
0,7664300
1,7729000
1,7650200
0,7753900
1,7659400
1,7775700
1,7595200
0,7614600
1,7537000
0,7569600
0,7548600
0,7648200
1,7549900
0,7651900
0,7548200
0,7734600
0,7545300
1,8232200
0,7567900
1,7615700
1,7486500
1,7628600
0,8042300
1,8114300
1,7466000
0,7738500
0,7486600
0,7549700
0,7468400
0,7598000
1,7482900
1,7739600
0,7469400
0,7773400
1,7563800
1,7575700
1,7589700
0,7661100
0,7558600
1,7778600
1,7684300
1,7911200
1,8114200
0,7885300
0,7569400
1,7854000
1,7686900
0,7728900
0,7648400
1,7851800
0,7784900
1,7740300
1,7648900
1,7756700
0,7685900
0,7743000
0,7669200
1,7755800
0,7520700
1,8671100
0,7552400
1,7513100
0,7477500
0,7437400
0,7424200
1,7456400
1,7416900
0,7878600
0,7415200
0,7416200
1,7394500
0,7623500
0,7694300
0,8132200
1,8582700
0,8511700
0,8231500
0,7973700
1,8256700
0,7659000
1,7469700
0,7703400
0,7470400
0,7544300
1,7693200
0,7828800
0,7788300
0,7798600
1,7759600
0,7829100
0,7791600
0,8002800
0,7951800
1,7877700
1,7820000
0,7844400
1,7847600
0,8095600
0,8325900
1,8618600
1,9212200
1,8508300
1,8628300
0,7650800
1,7599200
0,7701200
1,7547400
0,7818900
0,7680800
1,8062100
0,7848200
0,7907000
0,7814900
0,7835000
1,7860800
0,7854100
0,7851900
0,7812800
0,7855900
0,7830400
1,7978600
0,7814500
1,7673600
1,7597700
1,7622300
0,7552500
1,7487900
0,8262900
0,8098100
1,7548700
0,7603900
1,7491200
0,7545300
0,7678900
1,7762400
0,7744000
1,7660800
0,7768700
0,7692200
0,8029800
0,8066500
1,7954900
0,8037300
0,7672200
1,7734300
1,7668200
0,7765200
0,7676300
0,7739300
0,7649900
1,7818700
0,7666600
0,7721300
1,7744600
0,7765100
0,7672300
1,7832400
1,7660700
0,7735900
0,7668500
0,7758000
0,7414600
1,7458300
0,7423900
1,7421600
0,7501800
0,7413300
0,7593900
0,7573900
0,7689900
1,7658300
0,7498100
0,7420500
1,7632000
1,7485500
0,7679100
0,7549400
0,7625700
1,7486600
1,8297400
0,7550600
1,7653600
0,7550500
0,7605200
1,7565200
1,7747200
0,7541600
0,7614500
1,7507000
1,7643300
1,7498700
1,7609800
0,7550400
0,7770000
1,7465900
1,8194400
1,7881100
0,7602200
1,7525200
1,7572900
1,7593700
1,7773400
1,7619100
0,7939900
0,7627000
1,7711500
1,7604900
1,7710900
0,7622500
1,7708000
0,7626800
1,7670600
1,7612500
0,7511400
1,7463200
0,7500500
1,7313800
0,7522700
1,7372900
0,7464700
1,7579400
0,7457100
0,7381400
0,7475600
0,7384900
1,7543600
0,9906000
0,7382200
1,7545100
1,7337900
1,7412800
0,7380200
0,7466900
1,7323300
0,7543800
1,7413800
1,7514000
1,7375000
1,7448600
0,7786900
0,7670200
1,7483000
0,7657300
0,7471200
0,7565900
1,7447500
0,7634800
0,7470300
0,7577700
1,7483600
0,7521500
1,7473800
1,7582800
0,7342000
0,7379900
1,7578900
0,7396200
1,7378000
0,7410100
1,8028100
0,7402800
1,7392900
1,7341900
0,7529400
1,7375200
1,8590100
1,7652500
0,7677500
0,7643500
1,7666100
1,7600400
1,8708500
0,7663300
0,7677600
0,7623300
1,7713600
0,7637800
1,7699300
1,7618800
1,7461400
1,7395900
0,7571800
0,7321900
0,7511400
0,7399200
0,7481100
1,7312400
0,7446900
0,7428700
1,7428800
1,7313000
1,7616200
0,7414900
1,7480900
1,7319200
0,7479600
1,7345800
0,7445000
1,7366400
0,7381100
0,7522800
1,7387000
1,7932800
0,7382400
0,7506200
0,7381000
1,7572000
1,7457400
1,7651700
1,7465100
0,7530600
1,7616000
1,7571600
1,7488200
0,7527600
1,7576900
0,7646900
0,7470900
1,7619100
0,7469200
0,7606800
1,7464300
1,7514400
1,7444500
0,7733700
1,7632900
1,7527200
1,7468100
0,7866300
1,7470600
0,7524400
0,7469700
0,7513000
1,7378300
0,7321900
0,7452200
1,7403100
0,8275100
0,7468600
1,7561600
1,7506800
1,7530000
0,7378900
1,7399300
0,7398300
1,7471500
0,7512700
0,7542000
0,7485100
0,7530100
0,7469800
0,7568600
1,7479000
1,7534200
0,7469900
0,7564700
1,7836700
0,8480100
0,8412000
1,8033300
1,8061400
1,7788100
0,7672400
1,7703200
1,7617200
0,7688000
1,7681800
1,7697300
0,7634800
1,8495300
1,8097000
0,8712200
1,7970900
0,7860500
1,7783200
0,9294400
1,7821200
0,7817000
0,7904200
1,7883600
1,7861700
1,7791500
1,7840100
1,7781500
0,7933800
0,7791600
0,7840600
1,7782100
0,7943200
1,7786000
0,7833300
1,7777800
0,7787900
1,7799600
0,7814800
1,7799700
1,7899600
0,7486700
1,7730100
0,7470800
0,7524800
0,7617400
0,7550400
1,7463100
1,7454600
0,9013900
1,8403500
1,8246300
1,8194500
1,7642700
0,7798000
0,7787600
0,7932600
0,7803000
0,7804200
1,7783200
0,7804000
0,7801000
1,7795300
1,7794700
0,7949300
0,7788300
1,7799400
0,7381900
0,7486600
1,7312700
0,7549000
1,7377700
0,7566900
1,7531700
0,7504500
1,7396000
0,7991700
1,7328700
0,7517400
0,7440300
0,7717600
0,7471800
0,7690000
1,7590300
1,7530200
0,7737800
0,7537200
1,7487900
0,7505700
0,7547800
0,7498400
0,7526500
0,7484200
0,7599800
1,7484400
0,7629400
0,7488600
0,7671300
1,7465700
0,7564300
1,7520300
0,7813600
1,7615900
1,7594200
0,7560300
1,7523700
0,7470300
0,7676900
0,7491000
0,7709300
1,7460800
0,7590200
1,7500300
0,7546600
0,7470500
1,7489300
1,7472400
1,7998900
0,7847500
0,7667900
1,7640700
0,7685100
1,7486100
1,7886900
0,7570900
1,7605500
1,7490500
0,7614900
0,7567600
1,7724500
0,7548200
1,7575800
1,7882700
1,8205800
0,7667800
1,7697500
0,7666300
1,7734200
0,7665500
1,7702400
0,7668300
0,7783900
0,7678000
1,7749800
1,7655100
1,7939500
0,7733300
1,7720100
1,7486400
1,7661600
0,7741900
1,7563800
1,7612800
0,7489000
1,7599200
0,7581000
0,7569500
1,7539800
0,7668400
1,7585800
1,7641700
0,7493000
1,7680000
0,7565700
1,7830500
0,7833200
1,7650700
1,7548600
0,7740200
0,7497700
0,7837100
1,7816300
1,7727400
1,7683600
0,7708200
1,7721400
1,7720900
1,7656100
0,7720200
0,7670900
0,7850100
0,7670600
0,7759500
1,7673300
1,8558700
1,7545400
0,8146300
1,7630100
1,7642000
0,7542900
1,7637100
1,7513000
0,7578700
1,7535900
1,7657900
0,7542900
0,7570400
0,7551700
1,7574400
1,7536600
1,7661900
1,7505800
0,7564000
0,7468000
0,7792400
0,7470700
0,7981600
0,7756300
1,7583700
1,7464100
0,7668300
1,7604900
0,7683900
0,7626000
1,7722600
0,7626800
1,7841400
0,7622500
1,7717700
1,7621200
0,7836100
1,7867300
1,7809800
0,7730700
1,7713700
1,7790800
1,7969900
1,7760900
0,7876900
1,7653300
1,7688600
0,7638900
1,7725700
0,9122300
0,11062000
0,10717800
0,9489000
0,7957300
1,8483800
0,7990000
1,8070800
1,7786600
0,7889700
1,7844500
1,7662800
0,7809600
1,7695200
1,7701300
1,7811900
0,7974200
0,7793200
0,7844800
0,7824900
0,7812000
0,7791600
1,7807900
0,7786400
1,7794600
1,7779600
0,7817900
0,7756700
1,7673100
0,7626700
1,7689500
0,7625600
0,7688300
1,7631000
0,8387600
1,7619400
0,7689200
1,7634000
1,7682100
0,7631700
1,8026900
1,7794900
0,7686500
1,7713800
1,7721900
0,7657300
1,7696200
0,7737400
0,7820700
0,8200700
1,7845100
1,7925100
0,7974600
1,7996800
1,10615800
1,10466900
1,8851400
1,7816400
1,7793900
0,7803700
0,7813900
0,7807600
0,7838800
1,7808400
0,7788900
0,7883600
0,7800500
1,7813700
1,7785000
0,7851400
1,7810300
0,7840700
1,7775600
0,7943700
0,7788200
1,7934300
1,7792200
1,7812500
1,7954800
0,8081800
0,7751900
0,7701900
0,7625900
0,7764600
1,7597300
1,7673900
1,7645600
0,7701200
0,7623800
1,8019300
0,7777900
1,7653100
0,7626700
1,7686200
0,7641700
1,7681700
0,7624000
0,7684600
0,7655300
0,7814300
0,7693400
1,7764100
1,7650100
1,7782000
1,7485700
0,7581000
1,7479600
0,7529900
1,7457900
0,7523100
0,7553700
0,7588700
1,7465200
0,7553400
1,7612500
1,7554300
0,7470800
0,7440200
0,7399100
1,7573800
1,7321900
0,7516200
0,7424300
1,7507100
0,7325700
0,7464500
1,7394500
0,7666200
0,7353300
0,7639900
0,7478000
1,7520600
0,7326900
0,7380200
1,7456500
1,7377200
0,7390700
1,7386700
1,7687800
0,7382200
0,7378300
1,7380000
0,8455700
0,7923600
0,7578800
0,7541300
0,7542800
1,7465600
0,7589800
1,7445700
1,7609500
0,7470700
1,7574000
1,7463300
1,7652000
0,7472700
0,7564400
0,7377100
0,8134900
1,7974600
0,13801300
0,8705500
1,9383200
0,8733100
1,8930300
1,8540000
0,7410800
0,7380700
0,7821900
0,7830400
0,7845800
1,7792200
1,7851700
1,7783500
0,7801700
1,7785200
1,7840300
1,7784100
0,7875900
0,7807100
0,7917700
0,7722500
0,7682800
1,7654200
1,7747700
0,7628900
0,7712900
0,7650900
0,7933400
1,7604900
1,7725900
1,7637100
1,7673100
0,7626000
0,7853700
1,7729900
0,7695600
0,7626900
0,7689000
0,7642300
0,7717700
1,7605800
0,7670300
1,7653500
1,7706300
0,7625100
0,7691000
0,7509100
0,8520300
1,7529400
1,7409900
1,7376700
1,7577500
0,7381700
1,7384700
0,7397300
0,7505600
1,7396700
1,7414400
1,7457100
1,7449300
1,7671400
1,7624900
1,7696100
0,7627300
0,7932800
1,7661800
1,7701300
0,7627700
1,7666800
0,7872500
1,7712200
0,7628300
0,7774900
1,7649000
0,7840800
1,7625800
0,7671900
1,7646700
0,7856800
0,7629000
1,7677700
0,7639500
0,7701200
0,7625900
0,7777900
0,7610300
1,7547600
0,7322000
0,7479400
1,7395400
1,7472300
0,7406100
0,7784500
0,7400300
0,7570300
1,7628000
0,7501900
0,7398400
0,7461900
1,7457400
0,7468700
0,7991300
1,8257600
1,7467600
0,7526500
1,7487100
1,7468300
0,7524700
0,7545000
0,7671000
0,7470400
0,7586500
1,7552700
1,7588700
1,7462400
1,7793500
0,7470700
0,7591500
0,7472500
1,7520600
0,7500100
0,7560300
1,7477200
0,7586000
1,7525100
0,7519100
0,7383700
0,7543300
0,7416000
1,7451100
1,7359200
1,7372800
0,7381000
0,7787700
0,8228600
0,7764900
1,7438500
0,7576700
1,7437300
0,8058200
1,7790300
0,7652300
1,7699200
0,7631600
1,7693800
1,7623300
1,7674800
1,7615200
1,7834000
1,7597800
0,7681100
1,7596900
0,7597700
0,7471400
1,7508400
1,7471700
1,7674900
0,7472900
0,7653900
1,7804300
0,7654800
0,7492400
0,7656700
0,7551200
1,7889400
0,7490000
1,7658800
0,7992100
1,8289000
0,8343100
0,8662700
0,7609700
1,7877800
1,7762400
0,7845100
0,7490400
1,7803100
0,7691200
1,7856100
1,7861600
0,7852500
1,7854900
0,7881300
0,7863400
0,7859800
1,7806700
0,7850500
0,7843000
0,7887700
1,7923200
1,7741700
0,7686300
0,7734400
1,7642900
0,7722400
0,7685700
1,7813700
0,7669000
1,7682700
1,7702200
1,7997100
1,7667200
1,8083500
1,7697700
1,7717700
0,7672400
1,7761600
0,7650300
1,7718000
0,7768600
0,7752400
1,7636700
1,7738700
0,7672900
0,7790800
1,7645300
0,7631500
0,7541100
0,7658500
0,7543000
1,7541800
1,7532600
1,7642800
0,7492900
0,7588900
0,7547700
1,7778900
1,7544700
1,7563300
0,7469600
0,7461700
0,7428100
0,8725500
0,7357900
1,7512000
0,7423300
0,7510700
0,7429800
0,7519600
1,7452300
0,7530200
0,7420400
0,7517700
1,7437700
1,7523900
0,7429300
1,7511900
1,7394900
1,7462400
1,7416100
0,7541700
0,7409900
0,7338600
1,7568800
1,7417900
0,7652700
0,7344200
0,7430000
1,7415100
1,7458900
0,7345800
0,8538100
1,7427800
1,7496000
1,7335900
0,7517400
1,7416000
1,7719300
0,7342600
1,7892400
1,7689500
0,8541500
1,8248800
0,9152500
1,8892700
0,7894000
1,7559300
0,7409300
0,7472900
1,8901000
0,8507100
0,8518800
0,7838900
0,7790200
1,7855300
0,7788600
1,7786600
1,7781200
1,7814600
1,7778700
1,7769200
1,7782100
0,7819600
1,7760400
1,7807800
1,7782300
0,7894700
1,7844400
0,7848100
1,7821600
0,7864700
1,7826900
0,7840500
1,7811700
0,7954200
0,7833600
1,7865100
1,7651000
0,7775900
0,7667500
1,7744300
0,7683900
0,7733700
0,7657900
1,7720600
0,7684200
0,7907100
1,7665600
0,7729400
0,7682800
1,7410100
1,7402400
1,7489700
0,7446400
0,7488700
1,7461700
0,7713600
0,7460900
0,7410100
0,7407800
1,7708200
0,7421700
1,7658400
0,7486100
1,7643800
0,7577200
0,7488100
1,7712100
0,7501600
1,7831000
1,7539300
0,8364900
0,7642200
1,7715400
0,7543900
0,7602000
1,7683600
1,7744000
1,7658500
0,7725800
0,7666400
1,7783500
1,7664700
1,7786700
1,7637000
1,7757500
1,7786700
1,7848300
0,7669300
1,7528800
0,7428200
0,7531900
1,7315600
1,7476300
0,7428700
1,7807400
0,7361600
0,7632600
1,7415900
0,7489800
0,7340100
0,7597800
1,7419000
1,7442300
1,7419200
1,7558000
1,7429800
1,7574600
1,7347400
1,7538000
1,7436600
0,7454600
0,7378300
0,7443100
1,7534900
0,7423800
1,7450300
0,7427300
0,7528500
0,7424800
1,7422900
0,7448400
0,7531700
0,7419400
0,7419900
0,7444300
1,7444100
1,7403500
0,7515200
0,7518500
0,7919600
0,7426100
0,7585500
1,7691100
0,7622600
0,7667300
0,7547400
1,7463800
0,7617800
0,7382500
0,7712500
1,8056600
1,7703500
0,7627300
0,7679100
1,7630900
0,7623600
1,7661500
0,7642700
0,7715300
0,7764700
0,7687100
1,7724900
0,7685800
1,7624200
0,7858100
0,7489300
1,7531200
0,7469100
0,7561600
1,7480100
1,7538100
1,7465500
1,7575700
1,7483200
1,7553400
0,7471800
1,7494800
1,7499200
0,7545700
1,9047800
0,7856800
1,7408100
0,7458500
1,7296300
0,8180600
0,8392800
1,8744000
0,8815500
1,8573900
1,8450100
0,8020900
0,7772300
0,8028300
0,7792500
0,7745200
1,7674900
0,7651900
0,7722000
1,7620400
1,7673600
0,7831700
1,7671500
0,7625400
1,7869700
0,7891100
0,7800700
0,7801000
1,7814400
0,7801500
0,7831000
0,7883500
0,7810000
1,7787800
0,7799800
0,7789200
1,7966500
1,7464500
1,7469500
0,7985000
0,7672600
1,7584400
0,7647200
1,7537500
1,7636700
1,8227000
0,8094500
1,7601100
1,7602000
0,7602100
0,7635600
0,7686800
1,7639100
0,7733600
1,7659500
1,7707600
0,7671200
1,7695600
1,7721800
1,7913100
0,7762000
0,7700700
1,7798900
0,7684400
1,7649900
0,7573000
1,7725600
1,7646500
0,7583800
0,7674300
1,7747000
1,7744100
1,7562300
0,7934900
0,7661400
0,7538400
0,7631700
1,7674800
0,7625200
0,7695300
0,7624900
1,7809600
0,7625400
0,8447800
1,7616200
0,7685400
1,7623800
0,7687400
0,7554700
1,7984900
1,7524800
0,7489100
0,7486200
0,7762800
0,7575700
0,7776400
0,7692700
0,7683700
0,7684200
1,7925000
0,7751300
1,7874500
1,7633000
1,7681300
1,7623300
0,7845400
1,7710000
1,8822200
1,7845900
0,8100400
0,7806300
1,7666900
1,7629800
1,7669000
1,7775600
0,7688500
0,7624900
0,7714000
1,7633200
0,7810600
1,7632100
0,7683400
1,7635000
0,7747600
0,7659900
1,7735900
0,7705400
1,8167900
1,7579100
1,7748400
1,7477200
0,8086100
0,7566400
0,7897500
1,7478800
0,7606800
0,7504500
0,7643700
1,7539600
0,7653500
0,7507900
0,7778000
1,7614300
1,7701100
0,7690200
1,7734500
1,7625100
1,7819300
1,7628100
1,7675100
0,7626900
0,7898000
0,7625700
1,7651900
1,7484100
1,7623600
0,7473700
0,7663000
0,7469800
1,7629800
1,7511200
1,7539700
1,7462000
1,7506700
1,7521600
1,7502700
1,7440500
1,7501500
1,7323200
1,7407400
0,7459400
0,7380900
1,7508200
1,7394800
1,7613300
0,7319600
0,7671600
0,7704600
0,8511400
1,7524000
0,7626400
1,7580900
0,7646300
1,7447300
1,7582700
1,7567500
1,7626000
1,7505700
0,7682300
0,7577300
1,7606600
0,7546600
1,7612600
1,7437900
0,7592000
1,7519100
1,7466100
1,7397300
1,7510300
0,7425900
0,7591000
1,7401400
0,7479700
1,7410100
1,7550600
1,7386400
0,7526400
1,7410300
1,7332300
1,7579100
1,7418400
0,7486400
0,7357600
1,7434400
0,7535000
1,8570600
1,8554100
0,9131100
1,8957100
0,8130200
1,8364800
1,7781700
1,7851600
0,7860300
1,7939100
1,7813300
0,7817600
0,7716600
1,7820200
0,7829900
1,7874100
1,7846300
1,7838700
0,7843900
1,7872200
1,7846700
1,7859800
1,7804300
0,7850900
1,7882600
1,7958200
1,7822900
1,7851800
0,7852000
1,8006700
1,7481900
1,8436300
0,7539900
0,7481900
0,7486900
1,7517300
1,7320000
1,7490800
1,7414000
0,7607500
0,7341300
0,7519900
1,7450500
0,7592700
0,7545200
1,7637700
0,7542200
0,7800700
0,7485200
0,7599500
0,7539900
1,7698800
1,7486700
0,7625600
1,8273700
0,8292700
1,7888000
1,7906300
0,7675300
0,7758400
1,7660500
0,7707100
1,7659900
0,7738300
1,7662900
1,7788800
0,7820300
1,7880700
0,8558200
1,7749300
0,7674500
1,7999400
1,7665000
0,7856700
0,7713400
1,7973000
1,7729300
0,7935900
0,8016000
0,8529600
1,8038300
1,7885800
0,7919400
1,7863900
0,7831200
1,7865500
0,7849600
1,7833300
1,7788200
0,7819000
1,7781000
0,7869200
1,7803700
0,7962300
0,7491800
1,8098700
0,7472200
1,7556300
0,7467400
1,8137300
0,7604400
0,7604700
1,7497500
0,7530300
1,7462100
1,7591300
0,7469400
1,7665300
0,7622700
0,7726600
0,7624000
1,7674100
1,7601500
1,7725400
1,7625800
0,7680400
0,7625500
1,7827200
1,7623900
1,7692200
1,7385900
1,7459100
1,7387900
0,7321900
0,7456000
0,7395800
1,7521400
0,7319700
1,10022400
0,7662400
0,7537200
1,7372700
0,7454400
0,7384100
0,7834200
1,7717900
1,7563100
1,7553200
1,7454800
0,7379700
1,7484200
1,7385600
1,7450500
0,7379100
1,7403800
1,7371700
1,7569600
1,7618500
0,7699800
0,7627100
0,7685500
0,7628600
0,7796000
0,7625300
1,8029000
0,7625000
1,7691300
1,7603300
0,7704300
1,7626600
1,7600600
0,7472200
1,7544300
0,7381100
0,7468000
1,7316000
1,7562700
0,7508000
0,7367500
0,8144600
1,8700000
0,7500100
1,7752400
0,7681700
0,7623400
0,7677500
0,7647000
1,7682500
1,7641000
0,7689500
0,7663700
1,7682600
1,7623200
1,7721000
0,7643200
1,7629700
1,7398500
1,7409400
1,7427800
0,7551700
0,7431700
1,7508900
1,7372900
0,7469200
0,7382200
1,7375100
1,7401800
0,7724600
0,7383600
0,7685200
0,7420100
1,7967900
1,8206300
0,9081300
0,8188400
1,8735200
1,8375400
1,9295400
1,8445400
1,10914900
1,8564400
1,7802800
0,7811800
0,7791500
1,7856500
0,7789300
1,7802800
1,7805000
1,7822100
1,7783400
0,7845600
0,7793700
0,7854300
0,7685200
0,7525900
0,7490600
1,7517600
1,7460400
0,7638400
1,7460500
0,7680400
1,7467100
0,7524300
0,7483400
1,7632900
0,7472900
1,7943800
1,8199100
1,7630000
0,7560400
1,7603100
1,7415300
0,7400100
1,7375000
1,7454200
0,7416900
1,7308600
1,7449600
1,7442200
0,7876000
1,7604900
1,7765900
0,7627100
1,7711100
1,7619100
1,7689400
1,7616600
1,7716600
0,7625200
0,7689000
1,7621900
0,7706400
0,7625600
1,7439700
1,7904000
1,7591800
0,7383600
1,7734300
1,7371000
0,8179300
0,8210500
1,8896300
1,9103000
1,7939500
0,7807300
1,7814300
0,7854600
0,7829600
0,7839000
1,7858200
0,7853000
1,7805200
0,7806900
1,7772900
1,7826000
1,7767500
0,7800400
1,7789700
1,7851700
1,7779400
0,7826900
0,7789000
1,7830600
0,7790200
0,7801600
1,7807500
1,7815000
1,7789400
1,7841700
0,7811300
1,7799000
0,7584500
1,7669500
1,7478500
0,8177700
1,8122100
0,7675100
0,7596700
1,7534700
0,7472600
0,7521500
0,7506900
1,7625400
1,7467200
0,7767400
0,7643900
0,7793200
1,7663500
1,8274600
1,7986300
1,7718500
0,7627000
1,7689400
1,7638300
0,7680900
1,7786700
0,7680300
1,7635100
0,7682300
1,7609500
1,7830600
0,7628200
0,7790600
0,7628600
0,7897200
0,7627600
1,7775500
0,7626800
1,7681700
0,7622500
0,7688600
1,7620400
0,7829000
0,8731300
0,7699700
1,7604900
0,7699300
1,7622100
0,7690100
1,7639000
0,7853000
1,7630900
1,7724800
1,7512300
0,7508100
0,7583800
0,7468500
1,7736000
1,8091600
1,8659900
0,8592700
1,8312600
1,8153700
0,8283900
1,7516000
0,7550600
0,7685500
0,7628600
1,7669500
1,7633000
1,7740900
0,7629300
1,7717900
0,7693400
1,7676500
0,7626900
1,7794600
1,7789400
0,7622300
0,7687100
0,7623400
1,7689500
0,7718600
0,7701300
0,7641100
0,7697800
1,7615000
1,8536700
0,7641400
0,7676500
1,7618600
0,7605500
1,7648500
1,7762200
0,7380300
0,7566700
0,7512500
1,7457900
1,7371500
1,7486800
0,7400900
1,7529900
0,7575500
0,8092300
0,7595000
1,7577900
1,7470100
0,7566200
1,7478800
1,7540200
1,7486500
1,7708800
1,7473400
0,7752700
1,7480800
0,7652500
1,7466700
0,7756300
1,7614400
0,7549000
0,7506600
0,7550600
0,7470600
0,7582200
1,7464800
0,7624200
0,7514900
0,7512200
0,7656000
0,7470600
0,7541300
0,7392400
0,7524100
0,7382700
1,8944600
1,7300100
0,7793600
0,7379300
0,7755700
0,7350100
1,7492700
1,7382800
1,7642800
0,8251700
0,7882200
0,7626200
0,7746300
1,7628700
0,7694800
1,7623300
0,7677300
0,7643400
0,7747200
1,7597900
1,7863500
1,7893700
1,7713100
1,7530200
1,7653000
0,7588500
1,7550500
1,7469500
0,7556600
0,7509900
1,7689200
0,7472300
1,7594000
0,7491100
0,7543900
0,7471100
0,7476400
1,7367900
1,7445800
0,7378900
0,7410400
0,7394200
0,7414100
1,7625200
0,7525700
0,7395700
1,7326900
0,7822900
0,7381300
1,7777800
0,7473300
0,8129200
0,7533200
0,7963400
1,7986600
1,7582500
0,7589400
1,7570800
1,7675000
1,7886400
0,7538900
0,7568100
0,7482800
1,7763100
0,7655800
1,7763400
1,7663400
1,7977300
0,7644400
1,7817600
0,7650300
0,7700900
0,7655000
1,7747400
1,7662400
0,7743800
0,7639900
1,8010900
0,7774100
0,7875600
1,7722300
0,7724200
1,7645700
1,7664800
1,7617400
1,7666500
1,7627400
0,7686100
1,7621000
0,7684800
0,7894200
0,7820300
0,7649300
0,7685900
1,7622500
0,7828500
1,7635300
0,7678500
1,7620000
0,7711200
1,7626000
0,7767800
0,7629500
0,7812400
0,7646200
0,7699100
0,7627900
1,7782500
1,7640700
1,7728000
0,7783000
0,7685600
1,7613200
0,7684600
1,7593000
0,7801900
0,7449300
0,7477200
1,7372900
1,7388200
1,7371400
1,7538400
1,7376000
1,7412700
0,7397800
1,7382800
0,7465900
1,7306500
0,7404100
1,7382200
0,7457500
1,7525500
1,9162700
1,8332700
1,7509800
1,7392800
1,7392100
1,7363300
1,7442300
1,7422400
0,7778000
0,7621400
0,7775200
1,7684400
0,9474800
1,7647900
0,7738200
0,7688000
1,8499800
0,8150200
1,8018500
0,8000200
0,7807900
1,7776400
0,7857100
0,7839200
1,7827800
1,7840500
1,7832700
0,7946400
0,7834800
1,7863700
0,7869600
1,7913700
1,7810300
0,7869400
1,7657600
0,7509300
0,7338400
0,7509900
1,7443200
0,7487800
1,7346400
0,7412600
0,7600200
1,7400500
0,8409600
1,7673100
0,7544900
0,7407400
0,7608400
1,7349900
1,7629200
1,7397900
1,7530300
1,7335700
0,7434000
0,7423400
1,7406800
0,7426100
1,7546600
1,7426700
0,7432900
1,7525900
0,7631500
0,7518000
1,7626900
0,7347400
1,7600000
1,7400200
1,7547200
0,7343000
1,7494000
1,7411800
1,7338700
0,7655700
0,7443200
0,8408300
1,8111000
1,9044500
0,8751500
0,9345500
1,8508100
0,8624800
1,8001700
0,7385100
1,14534700
1,8512700
0,7818200
1,7979200
1,7919300
1,7844200
1,7819100
1,7828200
0,7786700
1,8198600
1,7776700
0,7808200
0,7809500
1,7821700
0,7836500
0,7801100
0,7798100
1,7836700
0,7795400
1,7842300
1,7779100
0,7799200
0,7828900
0,7823400
1,7759500
1,7782600
0,7794400
1,7695400
0,7469600
1,7557400
1,7484900
0,7555600
0,7498400
0,7838400
1,7478800
0,7566000
0,7469800
1,7901000
0,7489300
0,7591200
1,7540400
1,7569000
0,7488200
1,7548100
1,7463800
0,7662100
0,7525600
0,7605700
1,7462700
0,7545800
1,7482500
0,7583600
0,7476700
1,7681900
1,7479000
1,7567500
1,7467200
0,7522900
1,7517100
1,7470100
0,7544400
0,7469800
0,7728500
0,7473000
1,7778300
1,7735600
0,7652100
0,7471800
0,8320400
0,7650900
0,7552700
0,7537500
0,7548700
1,7464100
1,7718000
0,7469200
0,7566000
0,7471000
0,7837700
1,7472900
0,7692900
1,7617700
0,7702200
0,7623000
0,7671500
0,7627200
0,7759700
0,7621400
1,7682500
0,7624800
1,7800600
1,7624800
1,7735400
0,7492900
1,7559300
1,7464300
0,7579900
1,7461500
1,7591800
0,7471300
1,7520000
1,7482900
1,7525100
1,7468300
0,7551400
1,7439800
0,7479400
1,7381800
0,7471600
0,7399600
0,7395900
0,7480300
1,7383700
0,7406900
1,7373000
0,7559600
0,7379200
1,7373300
0,7415000
1,7708900
0,7383000
0,7398300
0,7393100
1,7408100
1,7312000
0,7438600
0,7395200
0,7380900
1,7549500
0,7380900
0,7491100
1,7375000
0,7517400
1,7385200
1,7667600
0,7740400
0,7413200
1,7495100
1,8621200
1,7675000
0,7485300
1,7565000
0,7507800
0,7426200
0,7561800
1,7350900
1,7736400
1,7676100
0,7742300
0,7664800
1,7729100
1,7665800
0,7732000
1,7667200
1,7903300
0,7670900
0,8244200
0,7709700
0,7715600
0,7579500
1,7750500
0,7572200
1,7690700
0,7533800
1,7573800
1,7531900
0,7616000
0,7490400
1,7998900
0,7562400
0,7654400
0,7495200
0,7640200
0,7567300
1,7650700
0,7490300
1,7612000
0,7579700
0,7550200
0,7572600
1,7539900
1,8140000
0,7677700
1,7580800
0,7643200
0,7508700
0,7487100
0,7340300
0,7413700
1,7656500
0,7472700
1,7441000
0,7423200
0,7629800
0,7426400
1,7417000
0,7426500
1,8683900
1,8146400
1,7920300
0,8095000
0,7654800
0,7852000
1,7678000
1,7738300
0,7652800
1,8120100
1,7741600
0,8025300
1,7641000
1,7940500
1,7769000
0,7876400
0,7827300
1,7930000
1,7804200
1,7992100
1,7815500
1,7824500
0,7838700
0,7891200
0,7855000
0,7877300
1,7820400
0,7628600
0,7423500
1,7849000
1,7380400
0,7554600
0,7391200
1,7485300
0,7483100
0,7423500
1,7419500
1,7473800
0,7362800
1,7505800
1,7429500
0,7485200
1,7351800
1,7506100
0,7599300
0,7427400
0,7497200
1,7604400
0,7501000
0,7407100
1,7436100
0,7426500
1,7449100
1,7503500
1,7689800
0,7392000
0,7498400
0,7428300
1,7425600
1,7449100
0,7528600
1,7461000
1,7425400
0,7436700
1,7551700
1,7411600
0,9278000
0,7344600
0,7694000
1,7769700
0,7554600
0,7438100
0,7502100
1,7432400
1,7481600
1,7333900
1,7603500
1,8731700
1,8807300
0,8722500
1,8124500
1,7960000
0,7909200
1,7899900
1,7814900
1,7810800
0,7849300
1,7900500
0,7844700
0,7844000
0,7843900
0,7852300
0,7999000
0,7866100
0,7865600
1,7805300
1,7856300
1,7860000
0,7870600
0,7840100
0,7813300
1,7908300
0,7828200
1,7852000
0,7821100
1,7802300
1,7663200
0,7857900
0,7665600
1,7738900
0,7666400
0,7805500
0,7712200
1,7715500
1,7658000
1,7844200
0,7682300
0,7830200
1,7524700
1,7550900
0,7427300
0,7339700
1,7493600
1,7399600
0,7538400
0,7346600
1,7746700
0,7420300
0,7514100
0,7343700
0,7895700
0,7511500
0,8141700
0,7550300
1,8012300
1,7544800
1,7637100
0,7547800
1,7549800
0,7795600
1,7589700
0,7542000
1,7669700
0,7551600
0,7750100
1,7656900
1,7807000
0,7643100
0,7900300
0,7675200
1,7734200
0,7649800
0,7804800
0,7668500
1,7829900
0,7764900
0,7874200
0,7666000
1,8000700
1,7682800
1,7718300
1,7681600
0,7783100
1,7693800
0,7716800
1,7676900
1,7849800
1,7678900
1,7743500
1,7645200
1,7623100
1,7451100
1,7498300
1,7429900
1,7728200
0,7429300
1,7423200
1,7332000
0,7429200
1,7522100
0,7419800
0,7427300
1,7401200
1,7662300
1,7402100
0,7408800
0,7425300
1,7578000
1,7327800
1,7493400
1,7400400
1,7421600
1,7392300
1,7531200
1,7377700
1,7498300
1,7340400
0,7511100
1,7770800
0,8252400
1,7447900
0,7511700
1,7416900
1,7464500
0,7429900
1,7333600
1,7472100
1,7435400
1,8582500
0,7406300
1,7670300
1,7675900
0,7772200
0,7665100
1,7755400
0,7709400
0,7767800
0,7666600
0,8052900
1,7705700
1,7722300
0,7662200
0,7866300
1,7734200
1,7840600
1,7678500
0,7753600
0,7646500
0,7861100
0,7669200
0,7756700
1,7650600
0,9279700
1,8273500
1,8023000
1,7701700
0,7793100
0,7806700
1,7858400
0,7813800
1,7780900
1,7839500
0,7816900
0,7837000
1,7758300
0,8051900
0,7791900
1,7799700
0,7744600
1,7689000
1,7637600
0,7715300
0,7890300
1,7682700
1,7616700
0,7758300
0,7627000
1,7750500
1,7673400
0,7744400
0,7827400
0,7759400
1,7657800
1,7899800
1,7717800
1,8163900
0,8111800
1,7841400
0,7646800
0,8017800
0,7672200
0,7721800
0,7686700
1,7704000
1,7679300
1,7771700
1,7712800
0,7717500
1,7659300
0,7761600
1,7676600
0,7717500
0,7671000
0,7723000
0,7681400
0,7991800
1,7706800
0,7672800
0,7599800
0,7611100
1,7481900
1,7632600
0,7561700
1,7905400
1,9057300
0,7558100
1,7565500
1,7766600
1,7544000
0,7602500
0,7450200
0,7517200
0,7424700
0,7483600
1,7438300
0,7491900
0,7414600
0,7424700
0,7541800
0,7572400
0,7403900
1,7330900
0,7477200
1,7482800
0,7508500
1,7346000
1,7465700
1,7425500
0,7554900
1,7309400
0,7610500
1,7423400
1,7498400
1,7332300
1,7643500
0,7407800
0,7522500
1,7350000
0,10006600
1,7762000
1,7657900
1,7524000
0,7404900
1,7424800
0,7475600
1,7437500
0,7412200
1,7421600
0,7544200
1,7415400
1,7685700
0,7668600
1,7730100
1,7709300
1,7783100
0,7680400
1,7730000
0,7705200
1,7897900
0,7576200
1,7598200
0,7656000
1,7679500
0,7627600
1,7951300
0,7772300
1,7704400
1,7618200
0,7688100
1,7620300
0,7822100
0,7859400
1,8235100
1,8005200
0,7789300
0,7698300
0,7816000
0,7793200
0,7795500
0,7787600
0,7961100
0,7789200
1,7798500
1,7755600
1,7933700
1,7784800
1,7785400
1,7779000
0,8092800
0,7633100
0,7689100
1,7610200
1,7848700
1,7618300
1,7673200
1,7737200
0,7691400
0,7625000
0,7683300
0,7624200
0,7833600
1,7622500
0,7926900
0,7897600
0,8101600
0,8097300
1,8036500
0,7406500
0,7426600
0,7589000
0,7421900
0,7414900
1,7552700
1,7340300
0,7553300
1,7638700
0,7691200
1,7595500
0,7683700
0,7639800
1,7814800
0,7627100
0,7782200
0,7640800
1,7684600
1,7711900
1,7687900
0,7682700
1,7688500
0,7489100
0,7622700
0,7567800
1,7644100
1,7498700
0,7540700
0,8279800
1,7602600
0,7668300
0,7513800
1,7638600
1,7493800
1,7721500
0,7628300
1,7697300
0,7626500
0,7694900
1,7628900
1,7696200
1,7628400
0,7810600
0,7643700
1,7675100
1,7619200
0,7736600
1,7353100
1,7437700
0,7381000
0,7490900
0,7335300
0,7787500
0,7577600
0,7431000
0,7336600
0,7465100
1,7387100
1,7439800
1,7345100
0,7441200
1,7443100
0,7620900
1,8958400
1,8543500
0,8996400
0,8995400
0,8696200
1,7934500
0,7479800
0,7376000
1,7419700
1,7546200
1,7785400
0,7883500
1,7787000
0,7831600
1,7804600
1,7949400
1,7807500
0,7863200
1,7819100
0,7862400
0,7695600
1,7768400
0,7716600
0,7914700
1,7618800
1,7803200
0,7624600
1,7708100
0,7622900
0,7672500
0,7619600
0,7724300
1,7624500
0,7929000
0,7739600
1,7856200
1,7629400
1,7669000
0,7626200
1,7692600
0,7629300
1,7675400
1,7643600
1,7688700
0,7628000
1,7671400
1,7651800
0,7689300
0,7477300
1,7449400
1,7331300
0,7467500
0,7378300
0,7513600
1,7340200
1,7479500
0,7353000
1,7367100
0,7443300
1,7432800
0,7579700
0,7377900
1,7414800
1,7353300
1,7552600
1,7371100
1,7421600
1,7410500
1,8142700
1,8358000
0,8677100
0,8657200
0,7553200
1,7474700
0,7588500
1,7787000
0,7816400
0,7787600
1,7826700
0,7786600
0,8040000
0,7786700
0,7824700
1,7783500
0,7801100
1,7775200
1,7811400
1,7673800
0,7553200
0,7503200
0,7595400
0,7470900
0,7545000
1,7457800
0,7597100
1,7444600
1,7838200
0,7514100
0,7659000
1,7548400
0,7621500
1,7357400
1,9161600
0,7681100
0,7702900
1,7553400
1,7420000
0,7595200
1,7606200
0,7413600
0,7450100
1,7358900
1,7496700
0,7514300
0,7577800
1,7467500
1,7568400
0,7487700
1,7536000
1,7472300
1,7589400
0,7489900
1,7822300
1,7460200
0,7557800
0,7518100
0,7580500
1,7358800
1,7441100
0,7887100
0,10361500
1,7461700
0,7742200
0,7426200
1,7480800
0,7482700
0,7545800
1,7443800
1,7654100
0,7421500
0,7743600
0,7684400
0,7742300
0,7677000
0,7742100
1,7670400
1,7802600
1,7653700
1,7928000
1,7626500
1,7786600
0,7668700
0,7758800
1,7540100
1,7832700
0,7542200
1,7682400
1,7502400
0,7715600
0,7546300
1,7589100
0,7524800
1,7542300
0,7932500
0,7648900
1,7544400
1,7491000
1,7604800
0,7598100
1,7585600
0,7540100
0,8210200
0,7814000
0,7600100
1,7507000
1,7734000
0,7590300
0,7601800
1,7489000
0,7781000
1,7678500
0,7785100
0,7815500
1,8010100
0,7811700
1,7933600
1,7843200
1,7910100
0,7665800
1,7721000
0,7801100
1,7769200
0,7657900
1,7715400
0,7703100
0,7808400
0,7666400
0,7720600
1,7680300
1,8367200
0,7719900
0,7997500
1,7673400
1,7778900
1,7664700
1,7697000
1,7662300
1,7756600
1,7662400
0,7839100
0,7650300
1,7738800
0,7668700
0,7744200
0,7668100
0,7759500
1,7793000
1,7845100
1,7563200
0,7570000
1,7517900
1,7608200
0,7582600
0,7561600
1,7532700
0,7770800
1,7542100
1,7571600
0,7475000
0,7595000
0,7525900
0,7409500
1,7361900
1,7503100
0,7523900
0,7559900
0,7423500
1,7466900
0,7433600
0,7530500
1,8278500
0,7760900
0,7560200
0,7632700
1,7610200
0,7726400
1,7700700
1,7717300
1,7640900
0,7755900
0,7688600
0,7663000
1,7699000
0,7666900
1,7747900
1,7653600
1,7723600
0,7441600
0,7463500
0,7593300
1,7753400
0,7496700
0,7633400
1,7445600
0,7651700
1,7357200
1,7663600
1,7400900
1,7440100
1,7399800
0,7591200
1,7530300
1,7806900
0,7495200
0,8038000
1,8397800
0,8550900
1,8748300
0,9771900
1,8253700
1,8108300
0,8453700
1,8421900
1,7913200
0,7767000
1,7682200
0,7810600
0,7800200
1,7813700
1,7778700
0,7786500
1,7855200
1,7800200
1,7818900
0,7790900
1,7767800
1,7811100
1,7805000
1,7785600
0,7813700
0,7799900
0,7802400
1,7779300
1,7809100
1,7816700
0,7815500
0,7791500
1,7814200
0,7662700
0,7591500
1,7509900
1,7674000
0,7503500
0,7636600
0,7635600
1,7639400
1,7457600
0,7529700
0,7470400
0,7559400
0,7684900
1,7521100
1,7461400
0,7486500
1,7648900
0,7469600
1,7579700
1,7465500
0,7529800
1,7533500
0,7609400
1,7497200
0,8308100
0,8191300
0,8048500
0,8001600
0,7627100
1,7623000
1,7694000
1,7637100
0,7693600
0,7625000
1,7675800
1,7656400
0,7682600
1,7724700
0,7695900
0,7638900
1,7702400
0,7628700
1,7706800
1,7642800
1,7660000
0,7625500
0,7684100
0,7664200
0,7720800
1,7628000
0,7712300
0,7623900
0,7592900
0,7381100
0,7456400
1,7433500
0,7663000
0,7382300
0,7618500
0,7319300
1,7415100
0,7409300
0,7446400
1,7375300
1,7499600
0,7382100
0,7486200
0,7380800
0,7621200
1,7399400
0,7803600
0,7855400
0,7608200
1,7435000
0,7539700
0,7325200
0,7569600
0,7437600
1,7426800
0,7523300
1,7548300
0,7768100
0,8291700
0,7510000
0,8709800
1,7468800
0,8207100
1,8214600
0,7519900
1,7463100
1,7563100
0,7471300
1,7521800
1,7449800
1,7626100
1,7469500
1,7672200
0,7475200
0,7694100
1,7459100
1,7744100
0,7701000
0,7700100
1,7480600
1,7662200
0,7472300
0,7729800
1,7586000
0,7471200
0,7552500
1,7508900
1,7651900
0,7468900
0,7517500
1,7489000
0,7581800
1,7487100
1,7554700
0,7425300
1,7426500
0,7321000
0,7478600
0,7397700
0,7464000
0,7323700
1,7434000
1,7387100
1,7467800
1,7311400
0,7511800
0,7396000
0,7461000
0,7317600
1,7623200
1,7526200
0,7384100
0,7453700
0,7379100
0,7469000
0,7383800
0,8548000
1,7491300
0,7488400
0,7507400
1,7792200
0,7616300
1,7698400
1,7622400
0,7683800
0,7626500
1,7702100
1,7624100
1,7674100
0,7715600
0,7712400
0,7628300
1,7680200
1,7689400
1,8602200
0,8492100
1,8759500
0,8282000
1,8371000
1,8100600
1,7510900
0,7491700
0,7528900
0,7471100
0,7514400
1,7864900
1,7639800
0,7788700
0,7796600
1,7806400
1,7784100
1,7777300
0,7852300
1,7782500
1,7799000
0,7790300
1,7813000
0,7786700
0,7812000
1,7658900
1,7595100
0,7471300
1,7709800
1,7444700
1,7539400
1,7467800
1,7554200
1,7471400
0,7561400
0,7470100
1,7552700
1,7477700
0,7540200
0,7427900
0,7433800
0,7381600
1,7484400
1,7316100
0,7504700
1,7377700
1,7499900
1,7312400
0,7547900
1,7385100
1,7788200
1,8161800
1,7724900
1,7555300
0,7840900
1,7800300
1,7638600
0,7470900
0,7613600
1,7466300
0,7546000
1,7462000
0,7718500
0,7470300
0,7514500
1,7576300
1,7709200
0,7627900
1,7599400
0,7736600
1,7628600
0,7795700
0,7646600
0,7698700
0,7833700
0,7692300
1,7618700
1,7810300
1,7626300
1,7884900
0,7652700
0,7715700
1,7641200
1,7679800
1,7610300
0,7698700
1,7623800
0,7700100
1,7620500
0,7715200
0,7627100
1,7595800
0,7469200
1,7551200
0,7465700
1,7657600
1,7463300
1,7535900
0,7472000
0,7513200
1,7449100
1,7561600
0,7473200
1,7685700
1,7459200
1,7652900
1,7342600
1,7424400
0,7377900
0,7521000
0,7325400
1,7485800
0,7379200
1,7442400
0,7323600
1,7486500
0,7605300
1,7449100
1,7318900
1,7387400
1,8484800
1,7541800
0,7784600
0,7779300
0,7622300
1,7403000
0,7609500
0,7376900
0,7646300
0,7485900
0,7399000
1,7625700
0,8357300
0,8016100
0,7782300
0,7967100
0,7848900
0,7650100
1,7673200
1,7616800
1,7707700
1,7651100
1,7814200
1,7631000
1,7683600
0,7643900
1,7743300
1,7616000
0,7687000
1,7599500
0,7684700
1,7618400
0,7698500
1,7604200
0,7722400
0,7625400
0,7702300
1,7448500
1,7471500
0,7413800
1,7760500
0,7322900
1,7441200
0,7624300
0,7549400
1,7317400
1,7440700
1,7327600
0,7479900
1,7324300
1,7440600
1,7488600
1,7326600
0,7392900
0,7379700
1,7513400
1,7295300
0,7488800
1,7378000
0,7442600
0,7317600
0,7530700
0,7381000
1,7595700
1,7321500
0,7497000
1,7732000
1,7763100
1,7418500
1,7964800
0,8321000
0,15139200
0,11082000
1,8506100
0,8916000
0,8710700
0,7818500
1,7894000
1,7838400
1,7806300
0,7792900
1,7805400
0,7809700
1,7790400
0,7801100
0,7867000
0,7816900
0,9024600
0,7995000
0,7807400
1,7807300
0,8901600
1,7787600
1,7790800
1,7773600
0,7803500
0,7790600
1,7844500
0,7793000
0,7803600
1,7561600
1,7460300
1,7337500
1,7567300
0,7388100
1,7645300
1,7338100
0,7459000
1,7323800
1,7403700
1,7382000
0,7424300
0,7382900
1,7554300
1,7321600
0,7503300
0,7381900
1,7381200
0,7443900
0,7383000
0,7454900
1,7401200
0,7366300
1,7385800
0,7419100
1,7386700
0,7708400
0,7378800
0,7478000
0,7642300
1,7449000
1,7359300
1,7558000
1,7459500
1,7403100
1,7390300
1,7747400
0,7395600
0,7552100
0,8000800
0,7598200
0,7648400
1,7686000
0,7623500
1,7785900
0,7677500
1,7664000
0,7626400
0,7718200
1,7640900
0,7741800
0,7629100
0,7824300
1,7644500
0,7628100
0,7730500
0,7691800
1,7642300
0,7681600
0,7627600
0,7633000
0,7723500
1,7690400
0,7880600
0,7750300
0,8152900
0,7799100
1,7675000
0,7733500
1,7638000
1,7623300
1,7686700
0,7647500
0,7687900
0,7625200
1,7673600
1,7638500
1,7718300
0,7629100
0,7700200
0,7764400
1,7783300
1,7641600
0,7701400
0,7642100
0,7683700
1,7614500
0,7718300
1,7632000
1,7667700
1,7618500
1,7776100
0,7618800
1,7586600
1,7476200
1,7822000
1,7676200
1,7576200
1,7457900
0,8105100
0,7490900
1,7538000
0,7470900
0,7531300
0,7487700
0,7525900
0,7469400
1,8078200
1,7644100
1,7805300
1,7556800
1,7521500
0,7506800
0,7594800
1,7461800
1,7859500
0,7587200
1,7663300
0,7550200
1,8534800
1,9259200
1,7691600
1,7623900
1,7725700
0,7627300
1,7811400
1,7620800
1,7719200
1,7620600
0,7712300
0,7627300
1,7618800
0,7468000
1,7535800
1,7570400
0,7585400
1,7475100
0,7559000
0,7469300
1,7516200
1,7475100
1,7584300
1,7466100
0,7609000
1,7473100
1,7423800
0,7385500
1,7367000
0,7462300
1,7366800
1,7406800
0,7608900
1,7448300
1,7314600
1,7436800
0,7409300
0,7449800
0,8258700
1,7515500
0,7399900
0,7526600
1,7314100
1,7499000
1,7400900
1,7482200
1,7311700
0,7932100
0,7417800
1,7430300
1,7767400
1,7386100
0,7695800
1,7616000
1,7680300
1,7639100
0,7687100
1,7616600
0,8353700
0,8123100
1,7951000
0,8013100
1,7696200
1,7643600
0,7821700
0,7740000
0,7822300
0,7804200
1,7813300
1,7808100
0,7790600
0,7944800
0,7793600
0,7804900
0,7790100
1,7814300
0,7789900
0,7804900
1,7422300
1,7494200
1,7383400
0,7442500
1,7580800
1,7394000
1,7456700
0,7349700
0,7471200
0,7394400
0,7486800
1,7316300
0,7427800
1,7401800
0,7813400
0,7320500
1,7618000
0,7498700
0,7512200
0,7342500
1,7514700
1,7444600
1,7436600
0,7340600
0,7611300
0,7445900
0,7535700
0,7484600
0,7641600
0,7663900
0,7928500
0,7738700
0,7762400
0,7568900
0,7596400
1,7548400
0,7488700
1,8971900
1,7611300
0,7555600
1,7518100
0,7623400
1,7558800
1,8049500
1,7509700
1,7742800
1,7536300
1,7657500
1,7552300
1,8973400
1,8075700
1,9114900
1,8772600
0,7805000
1,8516900
0,7824200
1,7850600
1,7825800
0,7846900
0,7816800
0,7820500
0,7789400
1,8565900
0,9795200
0,7811600
1,7779600
1,7932800
1,7824400
0,7804600
0,7792200
1,7793300
0,7789800
1,7862000
1,7794500
0,7826900
0,7790900
0,7813900
0,7614800
1,7540600
1,7315800
1,7473400
1,7460200
0,7628800
1,7309100
1,7438700
1,7443100
0,7747400
1,7347100
1,7450000
1,7461000
1,7950100
0,7474600
0,7530700
1,7462300
1,7641100
0,7470600
0,7610900
0,7585400
1,7479800
1,7748700
1,7464400
1,7521100
0,7484400
1,7522200
0,7365800
0,7507400
1,7370900
1,7480900
0,7322600
0,7457500
0,7396800
0,7416300
0,7382800
0,7519300
0,7410900
1,7420500
0,7615500
0,8195300
0,8072200
0,7455300
1,7454000
1,7478900
1,7566000
0,7422500
0,7451200
1,7451700
1,7467400
1,7335500
0,7425300
1,7366500
1,7491400
0,7471200
0,7736300
0,7471000
1,7592000
1,7463600
1,8796800
0,7499600
0,7729100
0,7475200
1,7544400
1,7470600
1,7538400
1,7458000
1,7354600
0,7444500
1,9023800
0,8266900
1,8802900
1,8841400
0,8981700
0,8999700
0,8491700
1,8390700
0,7384200
0,7446100
0,7770600
0,7867100
1,7915000
0,7853900
0,7858100
0,7813800
1,7792200
0,7803900
0,7806300
1,7770300
1,7804600
0,7802800
0,7797200
0,7684800
1,7645000
1,7691400
1,7638100
1,7679400
0,7625800
0,8286900
0,7666700
1,7857900
0,7944500
0,7692800
0,7645100
1,7961200
0,7593800
1,7859500
1,7744300
1,7811300
1,8121600
1,7835100
0,7621000
1,7684800
1,7469200
0,7721700
0,7486600
0,7676900
1,7580900
1,7753300
0,7632100
0,7699300
1,7628900
0,7685300
1,8721900
1,8139100
1,9963000
0,7708300
1,7623000
1,7661800
1,7642000
1,7490000
1,7377500
0,7570900
0,7336000
0,7455100
1,7434300
0,7539400
0,7339000
1,7445900
0,7385000
0,7585600
1,7319900
1,7769800
0,7487300
0,7467100
1,7506800
1,7480600
1,7536400
0,7472900
1,7582900
1,7464600
1,8611200
1,7623100
1,7580200
1,7471500
1,7523400
0,7454000
1,7367900
1,7375600
0,7457400
1,7386400
0,7466600
0,7324200
1,7449800
0,7380600
1,7367000
1,7456300
1,7858700
1,8180100
1,8801000
0,7986500
1,7851900
1,7619100
1,7679600
0,7624400
0,7813700
1,7625200
1,7905700
0,7728600
0,7803500
1,7704900
1,7812200
0,7627600
0,7673800
0,7628100
0,7724700
0,7623500
1,7692000
1,7618500
0,7771700
1,7632100
0,7678800
0,7627100
0,7752600
0,7624500
0,7667300
0,7338900
1,7496600
0,7382700
0,7610200
1,7302300
0,7558500
1,7369400
0,7533500
1,7345900
1,7621700
1,7385900
1,7369900
1,7574600
0,7590000
0,7513800
1,7425000
1,7842500
1,7640500
1,7494600
1,7428200
0,7432600
0,7430600
0,7443600
1,7407000
0,7816700
1,7447700
1,7777700
0,7544300
1,7578500
1,7565800
0,7669900
1,7557900
0,7646200
0,7491000
0,7725000
0,7505500
0,7922500
1,7487500
1,7638800
0,7542400
1,7659300
1,7655400
0,8084600
1,7583900
0,7702100
1,7505800
0,7580600
0,7476800
0,7563000
1,7467100
1,7574100
0,8032800
1,8801600
1,7818300
1,7815700
1,7770000
0,7726000
1,7627300
1,7675000
1,7595900
1,7834000
1,7620200
0,7685300
0,7644200
0,7691800
1,7587700
1,7595000
0,7485500
1,7652100
1,8694700
1,7576100
1,7488800
1,7522100
1,7474000
0,7534000
0,7508600
1,7596900
0,7649400
1,7566500
0,7496600
1,7465300
0,7538700
0,7474700
1,7563000
0,7475400
1,7622900
1,7472200
1,7693900
0,7471600
0,7529700
1,7509500
0,7571100
0,7318500
1,7454200
0,7379000
0,7524300
0,7321800
0,7451400
0,7571500
1,7451700
1,7313800
1,7357800
1,8271700
0,7432300
0,7733900
1,7474500
1,7839900
0,7492600
0,7698200
1,7376800
0,7506400
0,7486500
1,7542700
1,7460200
0,7545400
1,7481400
1,7621500
0,7471400
1,7475700
0,7420400
0,8209200
0,7622800
0,7791400
1,7535400
0,7593400
0,7324600
0,7614100
1,7466700
1,7451800
0,7323000
0,7489700
0,7483700
1,7460900
0,7604200
1,7465500
1,7563600
0,7470800
0,7543700
1,7465100
1,7521400
0,7471100
1,7557900
1,7475600
0,7563400
1,7463400
0,7441500
1,7379000
0,7433700
1,7948800
0,7904500
0,7383400
1,7473300
1,7371600
1,7441600
0,7379800
1,7427100
0,7381400
1,7595000
1,8179600
0,8059000
1,8808000
1,8726500
1,11174200
0,8284400
0,8558000
0,7627500
1,7725800
1,7888900
1,7630800
0,7731800
0,7771900
0,7806500
0,7803700
1,7849100
0,7798100
1,7808100
0,7791500
0,7825200
0,7788300
1,7804400
1,7776000
1,7832500
1,7781100
1,7757600
1,7617800
1,7815900
1,7620200
0,7695400
0,7623000
0,7991600
0,7625600
1,7771900
0,7621400
1,7706800
1,7627200
1,7679000
0,7628200
0,7710700
1,7621100
1,7693200
1,7621300
1,7826600
0,7627700
1,7680100
1,7624800
1,7697800
1,7615000
0,7683700
0,7849300
1,7585900
1,7491900
1,7594100
1,7498800
1,7525100
0,7470100
0,7521800
1,7472900
1,7530100
0,7740100
0,7549300
1,7485300
0,7651500
1,7417100
0,7455600
0,7425200
0,7428700
1,7378100
0,7482600
0,7399300
0,7323500
1,7670900
1,7363800
1,7585200
1,7385600
1,7590400
1,7941500
1,7687000
0,7626700
1,7918500
1,8057800
0,8062500
0,8067100
0,7687300
0,7625500
0,7705300
0,7625600
1,7665900
0,7621500
1,7715400
0,7623600
1,7692900
1,7625500
0,7718900
1,7629400
1,7690100
0,7624000
1,7688500
1,7629000
0,7965600
0,7663900
1,7718000
1,7625300
1,7668600
1,7622800
1,7706300
0,7627200
0,7700100
1,7646000
1,7811900
1,7625900
0,7685800
0,7642500
0,7766900
0,7625200
0,7596500
0,7418400
1,7426200
0,7381100
1,7935000
1,7869900
1,7479100
1,7384400
0,7484500
0,7403100
0,7432800
1,7374200
1,9085700
0,7448400
1,7550900
1,7471300
0,7571200
0,7640300
1,7581500
0,7473500
0,7470700
1,7539500
1,7448000
1,7517400
0,7993200
1,7579600
1,7471800
1,7553200
0,7469200
0,7825200
1,7473600
0,7647100
1,7490000
0,7752800
0,7663600
0,7592400
1,7449000
1,7545900
1,7485000
1,7652100
1,7462100
1,7536300
1,7567700
0,7567700
1,7567500
1,7568700
1,7464800
1,7560600
0,7472300
1,7574500
1,7444000
1,7546300
1,7472100
1,7928200
1,8012100
0,7461800
1,7414100
1,7466100
1,7427000
1,7379100
0,7569200
0,7401500
1,7432700
1,7372000
0,7416200
0,7396100
0,7853600
1,7618200
1,7658700
0,7642400
0,7693900
1,7618700
0,7695800
1,7654800
0,7677900
1,7741700
1,7724100
1,7629400
0,9405800
1,8461900
1,8865500
1,8751300
0,8175800
1,8473600
1,8456800
1,9884900
0,8459500
1,8917200
1,9084000
0,7599300
0,7795100
0,7747200
1,7786700
0,7797500
1,7801700
0,7817400
0,7799800
1,7779900
0,7811200
1,7761400
1,7800600
1,7775700
0,7818500
1,7770000
0,7405400
0,7384700
0,7511500
0,7381000
0,7400700
0,7467600
1,7385900
1,7543200
1,7318000
0,7444400
1,7419500
1,7656600
0,7322100
0,7470600
0,7399100
1,7739000
1,7409000
0,7648700
0,7402000
1,8189200
0,7547700
0,7755100
0,7621600
1,7525500
0,7323900
1,7518800
0,7514700
1,7684100
0,7627400
1,7721100
1,7850600
1,7826400
1,7620900
1,7677100
0,7668500
0,7695100
1,7635000
1,7696700
0,7643200
1,7646300
0,7471500
1,7646300
0,7470000
0,7828600
1,7489700
1,7512700
0,7469800
0,7525000
1,7478200
0,7469800
0,7919300
0,7472400
0,8108600
0,7510500
0,8499700
1,8975300
0,8669900
0,8685100
0,7475800
1,8287800
0,8119300
1,10422500
1,9269900
1,8614400
1,8145300
0,7807500
1,7833800
0,7813500
0,7854600
0,7789000
1,7789400
0,7827200
0,7795600
1,7781400
1,7936700
0,7813200
0,7819000
0,7681800
0,7690000
1,7631900
0,7684700
1,7889500
0,7686800
1,7639900
1,7698600
1,7638200
1,8006700
0,7723600
1,7697800
0,7841100
0,7828300
1,7670800
0,7790700
1,7617600
1,7844000
1,7636600
0,8036000
1,8543800
1,7884100
1,7621500
0,7690800
0,7624700
0,7702800
1,7449700
0,7541600
1,7468300
1,7482800
1,7768200
0,7469500
1,7525700
1,7500100
1,7581800
0,7471100
1,7536800
1,7497200
1,7879400
0,7473000
1,7665500
1,7527900
0,7603600
0,7470000
1,7859300
0,7493900
0,8251800
0,8280700
1,8231900
0,8434100
0,7552700
0,7471700
1,7703500
0,7645900
0,7684700
0,7624900
1,7682000
0,7667100
0,7882800
1,7621300
0,7701400
0,7627100
1,7695900
0,7625300
1,7764400
1,7469600
0,7539900
1,7494100
0,7545200
1,7468200
1,7662700
1,7475600
0,7547800
0,7469900
1,7570200
0,7469600
1,7533400
1,7464800
1,8063700
0,7774700
0,7720600
0,7519400
0,8347300
1,7512000
0,7487400
1,7375000
0,7521700
0,7380000
1,7488100
1,7384500
1,10506400
1,7603700
1,7783700
1,7616400
1,7802100
1,7624200
1,7694500
1,7619800
1,7723600
1,7658400
1,7659600
1,7820300
0,7669300
1,7631200
1,7802800
1,7451400
1,7726400
1,7497600
0,7470100
1,7593200
0,7468900
1,7652000
1,7485700
0,7844600
0,7549800
1,7600800
1,7496400
0,7546800
0,7470500
0,7572600
0,7472000
0,7542200
0,7469100
0,7594100
1,7465800
1,7607300
1,7445800
1,7533100
1,7463700
1,7523200
0,7425600
0,7462100
1,7309800
1,7514600
1,7372900
0,7494200
1,7315100
1,7599900
0,7376800
1,7538900
1,7399200
0,7494800
0,7626100
1,7660000
0,7669200
0,7624800
1,7646300
0,7641900
0,7889000
1,7662600
1,7653100
0,7645100
0,7677100
1,7813400
1,7678100
1,7642700
1,8693700
0,7686800
0,7630500
1,7693100
1,7612600
0,7622900
0,7715500
1,7660800
0,7687400
1,7598300
0,7709100
0,7644200
1,7716800
1,7691000
1,7532000
1,7599400
0,7488100
1,7376100
0,7453400
0,7388600
1,7553300
0,7379600
0,7637500
1,7374100
0,7644500
0,7380500
1,7492700
0,7519900
1,7512400
0,7471700
0,7525000
1,7507300
1,7469600
0,7587200
1,7460600
0,7633800
0,7472800
0,7557600
0,7470600
0,7583300
0,7419700
0,7556000
0,7429900
1,7499700
1,7331300
0,7486400
1,7438900
1,7511700
1,7373200
0,7417600
0,7320500
1,7481100
0,7383400
1,7434100
0,7320100
1,7389700
1,7440800
1,7546800
1,8090200
1,7445600
0,7452200
1,7377200
1,8180200
0,7597100
0,7699900
0,7545000
1,7458700
1,7631400
1,7676300
1,7627800
1,7699400
1,7597100
1,7724500
1,7599700
0,7696000
1,7630600
0,7686600
1,7857800
1,7698900
1,7658000
1,7677200
0,7629400
1,7691100
1,7716400
0,7755000
1,7623100
0,9659100
1,11185000
1,10620100
1,11983400
0,9099600
1,8051800
0,8003000
1,10859700
1,8158600
0,7908400
0,7908900
0,7951600
1,7909500
0,8488800
1,7724300
1,8490300
1,8463100
1,7925500
0,7815900
0,7834200
0,7812400
0,7822800
0,7807600
1,7804100
0,7867500
0,7840400
0,7905200
0,7865100
1,7914000
1,7890000
1,7880400
0,7852000
1,7783300
0,7809600
0,7828200
0,7841600
0,7803100
1,7791500
1,7766800
0,7799800
1,7810600
0,8450300
0,7789100
1,7745000
0,7913800
0,7688800
0,7627100
0,7698200
0,8362100
0,7686000
1,7605900
0,7707000
1,7610400
0,7675400
1,7625000
1,7838700
1,7603000
0,7815800
1,7597500
0,7740100
0,7626800
1,7704300
0,7625000
0,7712000
1,7620400
1,7712600
0,7932700
0,7834100
1,7920900
0,7873500
0,8216000
1,7680400
0,7628000
0,7686300
1,7614600
1,7788600
0,7669700
0,8198700
0,7645400
0,7691400
1,7713300
0,8384600
1,7635600
1,7730300
1,7629800
1,7690500
1,7656600
1,8131400
1,7629200
1,7767000
0,7646500
1,7695200
0,7627000
0,7675100
0,7642700
0,7669400
1,7638000
1,7752500
1,7935900
0,8148500
1,7639200
0,7738200
1,7633700
0,7693800
1,7628100
1,7744600
0,7629100
1,8066200
0,7629100
0,8005300
1,7660700
0,7698200
1,7619500
0,8425300
1,7982600
0,8706300
1,8462600
1,8195300
1,7888800
0,7662600
0,7976200
0,7797200
1,7934200
1,7790600
1,7853100
1,7796000
0,7827400
1,7785700
1,7946300
0,7792000
1,7810600
0,7787700
1,7718000
0,7386800
0,7491000
0,7386800
0,7538500
1,7360300
0,7324900
1,7592000
0,7428700
1,7443100
1,7303400
1,7650100
0,7396200
0,7460400
0,7321500
0,7486100
1,7396500
0,7473700
1,7347600
1,7477800
1,7419700
1,7622100
0,7323400
1,7658700
1,7417500
1,7600600
1,7324600
0,7806900
0,7487100
1,7523700
0,7471000
0,7544800
0,7488600
0,7499600
0,7486400
1,7441400
0,7722600
0,7472400
1,7662800
0,7615100
0,7529400
0,7380600
1,7376300
1,7355700
1,7506500
1,7383800
0,9416700
0,7489000
1,7791800
1,7630100
1,7403500
0,7381700
1,7574400
0,7761600
0,7685700
0,7624300
1,7699300
0,7624400
0,7689000
0,7620300
0,7702500
0,7626600
1,7714000
0,7640700
1,7675800
0,7628300
1,7637300
0,7412800
1,7403900
1,7364900
1,7625500
1,7478900
0,7416500
0,7381900
0,7380500
1,7454700
0,7382600
0,7611200
0,7384500
0,7488500
1,7473600
1,7581200
1,7468700
0,7583500
1,7335500
1,8777100
0,7424500
0,7481500
1,7378500
0,7559900
1,7374500
1,7452300
0,7322100
0,7475300
0,7382000
1,7392400
0,7384400
0,8047000
0,7594300
1,7478400
0,7511300
1,7355900
0,7459800
1,7332100
1,7525400
0,7381000
0,7557100
0,7481200
0,7557500
1,7455500
0,7572700
1,7525600
0,7603700
1,7493200
1,7647500
1,7477100
1,8308900
0,7918100
0,7591700
1,7578100
1,7656000
0,7624000
0,7683800
1,7762300
1,7682100
0,7626600
1,7675700
0,7638200
0,7689300
1,7621300
0,7898600
0,7633600
0,7807200
1,7539500
1,8142500
1,7816300
0,7583400
0,7560100
0,7628300
0,7562500
1,7566300
0,7550300
1,7559700
1,7576400
1,7664600
0,7542500
0,7565100
1,7397300
1,7560000
0,7431900
0,7471300
0,7418400
1,7471900
1,7708700
0,7451200
0,7484000
0,7647000
0,7423200
1,7330000
0,8655500
1,7713100
0,7661200
1,7701000
0,7717600
0,7668100
1,7784100
0,7693100
0,8267400
0,7919100
1,7657200
1,7826400
0,7693400
1,7425500
0,7723700
1,7419600
1,8404700
1,8206800
0,9134400
1,8507800
1,8846600
1,8139800
1,8598000
1,7418900
1,7395600
1,8063100
0,7861100
0,7865200
1,7775200
1,7885500
1,7778800
0,7687700
1,7682800
0,7766100
1,7778800
1,7821700
0,7790600
0,7843900
1,7681200
0,7682800
1,7626500
0,7867400
1,7946800
0,8887700
0,7984100
1,7706200
0,7625900
0,7684400
0,7626200
1,7697000
1,7613200
1,7728600
1,7617800
0,7749500
1,7544600
0,7720700
0,7628800
0,7809200
1,7621700
1,7813100
0,7626500
1,7652900
1,7605500
0,7679200
0,7500000
1,8931100
1,7448400
0,7546300
0,7810100
1,7637800
1,7464300
1,7520200
1,7481600
1,7522100
1,7461500
1,7634000
1,7489100
1,9690700
0,7472400
0,7563200
1,7407300
0,7474500
1,7438400
0,7468800
1,7386000
0,7436200
0,7349900
0,7567300
0,7616600
1,7373500
0,7506600
1,7631300
0,7525500
0,8080900
1,7467600
1,8315500
1,8437900
0,9128100
1,9099100
1,7904300
1,7468700
1,8373800
0,8249200
0,8929500
1,8275600
1,7800200
0,7833900
1,7832000
1,7854800
1,7789200
0,7820900
1,7811200
1,7814300
0,7790000
0,7836500
1,7803100
1,7806100
0,7784600
1,7815700
0,7786700
1,7795000
1,7783100
1,7807000
1,7773100
1,7789700
0,7790700
0,7832300
0,7792200
1,7696300
0,7518900
1,7525800
0,7383000
1,7493900
0,7379600
1,7461200
0,7474000
1,7533200
1,7679200
0,7523900
1,7485900
0,7322400
1,7648500
0,7488200
0,7542000
0,7470100
0,7572500
1,7483000
1,7820000
0,7505800
0,7725900
0,7560900
1,7526400
1,7467100
0,7524300
1,7632100
1,8734600
1,9167000
1,7641400
1,7468200
1,7524400
0,7470500
0,7537900
0,7472700
0,8374000
1,7574100
0,7641900
1,7529700
0,7704300
0,7625700
0,7712300
1,7644100
1,7686300
0,7629500
1,7772500
0,7629400
0,7811300
1,7610800
1,7764500
1,7609800
1,8657500
0,7632600
0,7708400
0,7627400
0,7958900
0,7627300
1,7733800
1,7620000
0,7687000
0,7624400
1,7716100
0,7626300
1,7708400
0,7643800
1,7438100
0,7383700
1,7458100
1,7335500
0,8098600
0,8095900
1,7445400
1,7339700
1,7435400
0,7377300
0,8829100
1,7397700
0,7394600
0,7589500
1,7664600
1,7634800
0,7687300
1,7618200
0,7683600
1,7676600
0,7691300
1,7624200
1,7840600
0,7645500
1,7807500
1,7607000
0,7599000
0,7489100
0,7542600
1,7633500
0,7537500
1,7489800
1,7521600
1,7472200
1,7569400
0,7491100
0,7471300
1,7541000
0,7467800
1,9718600
0,7729700
1,7561700
1,7746500
0,7554600
1,7693600
0,7606300
1,7544600
0,7473000
1,7552500
0,7470500
0,7472100
0,7553800
0,7546600
0,7690600
1,7617600
1,7673300
1,7616200
1,7704500
1,7635400
1,7719100
1,7718300
0,7681200
0,7660500
0,7680100
0,7625700
0,7796100
0,7400000
1,7389600
0,7381100
1,7466200
1,7393400
1,7490100
1,7357500
0,7439400
0,7396600
1,7626000
1,7385000
0,7459900
0,7394400
0,7377800
1,7377800
0,7430900
0,7412700
1,7374500
1,7352700
0,7476300
1,7329700
1,7362500
1,7442300
1,7345700
1,7368200
1,7390800
1,8225200
0,7442100
0,7588700
0,7322700
1,7449400
1,7370300
0,7536100
0,7564900
0,7450500
0,7378200
0,7637000
0,7345300
0,8332400
0,7967500
0,8387300
1,8400000
1,8224000
0,7862200
0,9104000
0,8632100
0,8023500
0,8513200
1,8686300
0,7610400
0,7471300
0,7704600
0,7787200
0,7800800
1,7788800
0,7834700
0,7791200
0,7823800
0,7804800
0,7849200
0,7788100
1,7796600
1,7783400
0,7822600
1,7715000
0,7526300
1,7464900
0,7672100
1,7635700
1,7792300
0,7627400
0,7640600
0,7467000
1,7518500
1,7461100
1,7628600
1,7486000
0,7722100
1,7479700
1,8338400
1,7487700
1,7529600
1,7516100
0,7470000
1,7755000
0,7472000
0,7566500
1,7471300
0,7778200
0,7471900
1,7539200
0,7473000
0,7694100
1,7566400
1,7875900
1,7468400
0,7572100
0,7601000
0,7761100
1,7496200
1,7687900
1,7500700
0,7615700
1,7503100
0,7863600
1,8035400
1,7947700
0,7721800
1,8639500
1,9161700
0,7980200
1,7781300
0,7680000
1,8016200
1,7710400
0,7571300
1,7815200
1,7825300
0,7841600
0,7818100
1,7863500
0,7870000
0,7848400
0,7813200
1,8043300
0,7854300
1,7941200
1,7825800
0,7877500
1,7884100
1,7510300
0,7411400
0,7561100
0,7537800
0,7499000
0,7420600
1,8767900
1,7649200
0,7841800
0,7771800
1,8072100
1,7923200
1,7866700
0,7671000
0,7792700
0,7679500
1,7790800
0,7732400
1,7996700
0,7665700
1,7711800
0,7681400
1,9179900
1,7766900
1,7764000
0,7779500
0,7756100
1,7670500
1,7910700
1,7663900
0,7719200
1,7638900
0,7745200
0,7688600
0,7714400
0,7671600
0,7733900
0,7708400
1,7609300
0,7547600
1,7646200
1,7536800
1,7695200
1,7547000
1,7624400
1,7523900
0,7783800
0,7486200
1,7625300
0,7569900
0,9100000
1,7727300
0,7817400
1,7789400
0,7680200
1,7618200
0,7677800
1,7648000
0,7755100
0,7662300
0,7674900
0,7665900
1,7686100
1,7617900
0,7715700
1,7565400
1,7734400
0,7586900
1,7851700
0,7643200
0,7652000
0,7541800
0,7650900
0,7491700
0,7627900
1,7542900
1,7799300
1,7623200
0,7678200
0,7614500
0,7720000
1,7600500
0,7568600
0,7550800
1,7682600
0,7491200
1,7884700
1,8209300
1,8839000
1,8556700
1,7883700
1,7824500
1,9267700
1,7868200
1,7946800
0,7809300
1,7789100
0,7786800
0,7811100
0,7807900
0,8052200
0,7792100
1,7804100
0,7831800
1,7813300
0,7803900
0,7820700
0,7813100
0,7866500
1,7786100
1,7810700
0,7809400
0,7810500
0,7791200
1,7818300
1,7496400
0,7572900
0,7472700
1,8035100
1,7786000
0,7716800
0,7665100
0,7711700
1,7586200
0,7746700
0,7560500
0,7614700
1,7503300
1,8008300
0,7734700
1,8365400
0,7739500
1,7733900
0,7636400
1,7750200
0,7628500
0,7722000
0,7737100
0,7698400
0,7656800
1,7703800
0,7786800
1,7868600
0,7793600
0,7800100
0,7831800
0,7886300
0,7792200
0,7819100
0,7814800
0,7794000
1,7799400
1,7820500
1,7944000
1,7548300
0,7473900
0,7675300
0,7489500
1,7500900
0,7470200
1,7538300
0,7485000
1,7568600
0,7471400
1,7549200
0,7488600
1,7607800
0,7343400
0,7546000
0,7419600
0,7656300
0,7440000
1,7572100
1,7391500
0,7383200
0,7529100
1,7383200
0,7445700
1,7377300
1,8252700
1,8405300
1,8272100
0,8537600
1,7504400
1,7517300
1,7486800
0,7472800
1,8829900
1,9065000
1,8821700
1,8202600
0,8467700
1,7857700
1,7889500
0,7863600
0,7810900
1,7999200
0,7893100
1,7969300
0,7871700
1,8277400
1,7818400
0,7845000
0,7862800
1,7973800
0,7685900
1,8083500
1,7665200
1,8142700
1,7644000
0,7733700
0,7691400
0,7804700
1,7643600
0,7737300
1,7688400
0,8034400
1,7647200
0,7830100
1,7688000
1,7758800
0,7798800
0,7740500
1,7663900
0,7724700
1,7644900
0,7760600
0,7647300
0,7736600
0,7669300
1,7826200
1,7487900
1,7603800
0,7622700
0,7614200
0,7501200
1,7634300
1,7552600
1,7616700
0,7586700
1,7665700
1,7517400
1,7635200
0,7542600
1,7556500
1,7424200
1,7455100
0,7542200
0,7441700
1,7453200
0,7492800
0,7424700
0,7453800
1,7433300
0,8155900
0,7868700
0,7680300
0,7899900
0,7818800
1,7624900
0,7685600
0,7626000
0,7697000
1,7625400
1,7729200
0,7700200
1,7855000
0,7656000
1,7737600
0,7624700
1,7680800
1,7501300
1,7607400
0,7490400
1,8124900
1,10165000
1,10175400
1,7842700
1,7551400
1,7465300
0,7542600
1,7529400
1,7663500
1,7463400
1,7534900
1,7495200
0,7525000
1,7465200
0,7658700
1,7486300
0,7523800
0,7473800
1,7651600
0,7484000
0,7625500
0,7476900
1,7497900
1,7392400
1,7533200
1,7352000
0,7429200
1,7469700
1,7374300
1,7422600
0,7353900
1,7434700
0,7380800
1,7434300
1,7319900
1,7510100
1,7375500
1,7477100
0,7381100
0,7545500
0,7378800
1,8062700
1,7316400
1,7876100
1,7382400
1,7490600
1,7418500
1,7581200
0,7570400
0,7471900
1,8306600
1,7844200
1,7773900
1,7932400
0,7805800
0,7553000
1,7638100
0,7544200
1,7617500
0,7489600
0,7691500
1,7606200
0,7753500
1,7624900
0,7716600
1,7655400
0,7757000
1,7641800
1,7752700
1,7667500
1,7743300
0,7647300
0,7914800
1,7648000
1,7698100
1,7407500
1,7685000
0,7515100
0,7740800
0,7404100
1,7415400
0,7410100
1,7507800
0,7408000
0,7567700
0,8476200
0,8684400
0,8766900
1,7883500
1,7827800
1,7868800
0,7856300
1,7897800
0,7902600
0,8067500
0,7793200
0,7807300
1,7848200
0,7810400
0,7787400
1,7832600
1,7802100
0,7839200
0,7790000
1,7808900
1,7785100
0,7742300
1,7677500
1,7752300
0,7804000
1,7830900
1,7804600
0,7817800
1,7646500
1,7449200
1,7554800
1,7589600
0,7320600
0,8465400
1,7757800
0,7583700
1,7424300
0,7715500
0,7500400
0,7574000
1,7320900
1,7651300
0,7626000
1,7714700
0,7690800
0,7691900
0,7629800
1,7630500
0,7702300
0,7625500
1,7699200
0,7641800
0,7685400
0,7626500
0,7780400
1,7408000
0,7589600
1,7338900
0,7443500
1,7400200
1,7414500
1,7314800
0,7409400
1,7410200
0,7471700
0,7319800
0,7524900
0,7398400
1,7487200
0,7323200
0,7579100
0,7429200
0,7472400
0,7446400
1,7388700
1,7696100
1,7390700
1,7506400
0,7383600
0,7458300
1,7377600
1,7430400
1,7362800
1,7448900
0,7415000
0,8257100
0,8540600
0,8794300
0,8854500
0,7552000
1,7314600
1,7469400
0,7379200
0,7699000
1,7639700
0,7804300
0,7626800
1,7713400
1,7861200
1,7966200
1,7627100
0,7762000
1,7659400
0,7769100
1,7732800
1,7731100
0,7646900
0,7680600
1,7614800
0,8885400
0,7808800
1,8364600
1,7879000
1,8088200
1,8003700
1,7689300
1,7694500
0,7904000
1,7686800
0,7718300
0,8037300
0,7832100
0,7807300
0,7857700
1,7795900
1,7803000
0,7807400
0,7792200
1,8327000
1,8820900
1,7829700
0,7832600
0,7847700
0,7568000
1,7709700
1,7512300
0,7881000
1,8266400
0,7659200
0,7617500
1,7597900
0,7610400
0,8170100
0,8707600
0,7746600
0,7668100
0,7734900
1,7668200
0,7734900
1,7655400
0,7729300
0,7668900
0,7738600
0,7663000
0,7757900
1,7666900
0,7749000
0,7635400
0,7913300
1,7356200
1,7747900
0,7407900
1,7529800
0,7345500
1,7546800
1,7421400
0,7428300
0,7471100
1,7601000
1,7606000
0,7417000
0,8386700
1,7611600
0,7685500
0,7580300
1,8691600
0,7567900
0,7558400
0,7604100
0,7594900
1,7574800
0,7549100
0,7541200
1,7656300
1,7747400
1,7858200
0,7663800
0,7892800
1,7634800
0,7731300
0,7667700
1,7758400
1,7656200
0,7718700
0,7668100
1,7795800
0,7778900
0,7814400
1,7650400
1,7743100
1,7666900
0,7776200
1,7625200
0,7795200
0,7669900
0,7731700
1,7637100
0,7750200
0,7666000
0,7808100
1,7505300
0,7662300
1,7530600
0,7746600
1,7505200
0,7617700
0,7543200
1,7617600
0,7558700
0,7590600
0,7548000
0,7610000
1,7579700
0,7594400
0,7493900
1,7443000
1,7452200
0,7846800
0,7713600
0,7843400
1,7449900
1,7445700
0,7411900
1,7509000
0,7443300
1,7781700
0,7686000
1,7813900
1,7675900
0,7750900
1,7848400
0,7759300
1,7723900
1,7706000
1,7641800
0,7664700
0,7747500
1,7871600
1,7706100
0,7670100
0,7766300
0,7667500
1,7716200
1,7829900
1,7721200
1,7691900
1,7676200
1,7742700
1,7677900
0,7852600
1,7678800
1,7741700
0,7430300
0,7419500
1,7602300
1,7443900
1,7614600
1,7422500
0,9532900
1,7672000
0,10188400
1,7773300
0,7714900
1,8102000
1,8980500
1,7892100
0,7664100
0,7942300
0,7676600
0,8004800
0,7682800
1,7798800
1,7645100
0,7754000
1,7703500
1,7772400
1,7656400
0,7865200
1,8556300
1,7765300
0,7711100
1,7745000
1,7718400
1,7758400
1,7665200
1,7798100
1,7658400
1,7889100
0,7716200
0,8274000
1,7677400
0,7728300
1,7673200
0,7764600
0,7646400
0,7730900
0,7661200
1,7863100
1,7673300
1,7743300
0,7671200
1,7773800
0,7662600
0,8011000
0,7553900
1,7706900
1,7540500
0,7652800
1,7642300
0,7700400
0,7542800
1,7571700
1,7544000
1,7633100
0,7549300
1,7569900
1,7551400
0,7653000
0,7547700
1,7485600
1,7648400
0,7526400
1,7809300
0,7548400
0,7620500
0,7565500
1,7599000
1,7536200
0,7570000
1,7449100
0,7504000
0,7418300
1,7401900
0,7501300
0,8675200
0,7440600
0,7423700
1,7368200
1,8383800
1,8359600
0,8726600
0,8400700
1,7759500
1,7840200
1,7862500
1,7862800
1,7812700
0,7937700
0,7915600
0,7989700
0,7831900
0,7840400
1,7850900
1,7969800
0,7814300
0,7726600
1,7641000
1,7724700
0,7661400
0,8109200
1,7659600
1,7758700
1,7641900
0,7757100
1,7649900
0,7808100
1,7961300
0,7782700
0,7671700
0,8064700
0,8154300
1,8705100
0,8471900
1,8202500
0,7656300
0,7679000
1,7626700
1,7699600
0,7647900
1,7797000
1,7759600
0,7830700
0,7818800
1,7835900
1,7785100
1,7952000
1,7837500
1,8040000
1,7792100
1,7866300
0,7811000
0,7802900
0,7789300
1,7929400
1,7820300
1,7800800
1,7782900
1,7812500
0,7803600
0,7807100
1,7794500
1,7938100
1,7780100
0,8013000
1,7784200
1,7801900
1,7835600
1,7704600
1,7632800
1,7686100
1,7598600
1,7681000
0,7625800
0,7692100
0,7625700
0,7680400
1,7751600
1,7767200
1,7600600
0,7541900
1,7449300
1,7552800
0,7472000
0,7674200
0,7473500
1,7639300
0,7471900
0,8105300
0,7513600
1,7671400
0,7539300
0,7623300
0,7624600
1,7885400
0,8048700
1,7725700
0,7677000
0,7544700
1,7448600
1,7562300
1,7480500
1,7638800
1,7484800
1,7502100
0,7567600
0,7471200
1,7519900
1,7487600
1,7514300
1,7470300
0,7776500
1,7464500
1,7611800
0,7469400
0,7621000
1,7469300
1,7533400
1,7482100
0,7708900
1,7379000
0,7589100
0,7322500
0,7626800
0,7386200
0,7450500
0,7323400
0,7538100
1,7387900
1,7373700
1,7671600
0,7414300
0,7728800
0,7487000
0,7531900
1,7460600
1,7589900
0,7692500
1,7710000
0,7677900
1,7515200
1,7503500
0,7555200
0,7468400
0,7670800
0,7486500
1,7518200
1,7480900
0,7540400
1,7478500
1,7520200
0,7547400
0,7739800
0,7487100
0,7520600
1,7550800
1,7539400
0,7707100
1,7461600
1,7574600
1,7463800
1,7476100
1,7397300
1,7808800
1,7395400
0,9446300
1,7601000
1,7582100
0,7580600
0,7556300
1,7374300
0,7402500
0,7625900
0,7736500
0,7668700
0,7744300
0,7630800
1,7702900
1,7604800
1,7678200
1,7620600
1,7727800
1,7629300
1,7683500
1,7630200
0,7689700
0,7547600
0,7688200
0,7554200
1,7659600
1,7514300
1,7850200
0,7493300
0,7525700
0,7469600
1,7536800
1,7481800
1,7526400
0,7469200
0,7800700
0,7579300
1,7556600
1,7469900
1,7653400
1,7498400
1,7629800
0,7468800
0,7567700
0,7520000
0,7623500
1,7464100
0,7442400
0,10065600
1,7590100
1,7314800
0,7449500
0,7394700
0,7607000
0,7418900
1,7472700
1,7588000
1,7634600
0,7515700
1,7386100
0,7572300
1,7617700
0,7547600
0,7471600
0,7531400
1,7461300
1,7523800
0,7473200
1,7538600
1,7548100
0,7634100
0,7918900
0,7662500
0,7726600
1,7715500
1,7467500
0,7654900
1,7476200
0,7560800
0,7469800
0,7627600
1,7460400
1,7530800
0,7468800
0,7575500
0,7435300
0,7470300
1,7563900
1,7387700
1,7410700
0,7321500
1,7787600
0,7395600
1,7414000
0,7320200
0,7469600
0,7395400
1,7472500
1,7312700
1,7437300
1,7390700
1,8059300
1,8323600
1,8723500
0,9115900
0,8412600
1,7524800
1,7562400
1,7311000
0,7556700
1,7393800
0,7542300
0,7320800
0,7722300
1,7791300
0,7845700
1,7775500
1,7804000
1,7794500
0,7946200
0,7787500
1,7918700
1,7792000
1,7801800
0,7790000
1,7790800
1,7389100
1,7532400
0,7379900
1,7508100
1,7603100
1,7570600
0,7591800
0,7550000
1,7318000
1,7605500
1,7378200
0,7386200
0,7321900
1,7474000
1,8360900
0,7586100
0,8388400
0,8802400
1,8757800
1,8826000
0,8549500
0,8507700
0,8972600
1,8241400
1,7473100
1,7835500
0,7785600
0,7851800
1,7780600
0,7819500
1,7846400
1,7870900
1,7795800
1,8886400
1,7883700
0,7828100
0,7816500
1,7824500
1,8177500
0,7845300
0,7692000
1,7622800
0,7691700
1,7661700
0,7724600
1,7614000
0,7695600
0,7625300
0,7895500
0,7661000
0,7691400
1,7616200
0,7827000
1,7770600
0,7642000
0,7688100
0,7768000
1,7952400
1,7780200
0,7670600
0,7783900
1,7604200
1,7718100
0,7637700
0,7839000
1,7758800
0,7755600
0,7739800
0,7950800
1,8846300
0,7726400
0,7643700
0,7851400
0,7655800
1,7717800
0,7627200
1,7716100
1,7679500
1,7691100
1,7622500
0,7715900
0,7652800
0,7760500
0,7958100
0,8049700
1,7755400
1,7674100
0,7635200
1,7807500
0,7669300
1,7704500
1,7623400
1,7674400
0,7646800
0,7674400
1,7748400
0,7684800
0,7734700
0,7683800
0,7624900
0,7682600
1,7634800
1,7537600
1,7561600
0,7322600
1,7605100
1,7379600
0,7933200
1,7645200
1,7855800
1,7377500
1,7526100
0,7361600
0,7484000
1,7372100
0,7505300
1,7617000
1,7694700
0,7625800
0,7683700
0,7642800
0,7823100
1,7621100
1,7675200
1,7611800
0,7685000
0,7626500
1,7797900
0,7640600
1,7650800
1,7354700
0,7437300
0,7455000
0,7586600
1,7454000
0,7381400
0,7480900
1,7313700
1,7536300
1,7375600
0,7572100
1,7532700
1,7991800
1,7515400
0,7559200
1,7470800
1,7539100
0,7470200
0,7559400
1,7477600
1,7926200
1,7463600
1,8269100
1,7610600
1,7624300
1,7601500
0,7777600
1,7619100
1,7674800
1,7620900
1,7682900
1,7614400
0,7679800
1,7618000
0,7700600
0,7624900
0,7801800
1,7628100
1,7709700
1,7814700
1,7617500
0,7489500
1,7643800
1,7523200
1,7618600
1,7585400
1,7653900
0,7545900
0,7584700
0,7597100
1,7635400
0,7502900
0,7473700
1,7344300
0,7563100
0,7420300
0,7548900
1,7357600
1,7671700
0,7428300
1,7601400
0,7901000
0,8136700
0,7551900
1,7561900
1,7780500
1,7621500
1,7545800
1,7612900
1,7661300
1,7468500
1,7552500
0,7547300
1,7603000
1,7489500
0,7618800
1,7537700
1,7614600
1,7353200
1,7667200
1,7438500
0,7574000
1,7336800
1,7514300
0,7736000
0,7533800
0,7337600
0,7553200
1,7397400
0,7617200
0,7340600
0,8071600
1,7876100
0,7656100
0,7613400
1,7610900
0,7548500
0,7629000
0,7516500
0,7684500
1,7549900
0,7617900
0,7545400
1,7595700
1,7541000
0,7661300
1,7510200
1,7493800
0,7846400
1,7676400
0,8886400
0,8767800
1,8756700
0,7967000
1,7523700
0,7606900
1,7564200
1,7842000
0,7828000
0,7857400
1,7869100
1,7826900
1,7935100
1,7852600
1,7853900
1,7846100
1,7799400
1,7977600
1,7873000
0,7790000
0,7494600
1,7667800
1,7606300
1,7806300
0,7988600
0,7874500
0,7566700
0,7680100
0,7544600
0,7728500
1,7467800
1,7618300
0,7595800
0,7840100
0,7647200
0,7734700
0,7668800
0,7765300
1,7637300
0,7730300
0,7668200
1,7724800
0,7648800
1,7703300
1,7661000
1,7742600
0,7548000
1,7468500
1,7711800
1,7505400
1,8637600
0,7854700
0,7830800
0,8018400
0,7616300
0,7795800
1,7631500
1,7843100
0,7545600
1,7945000
0,7662100
0,7689100
0,7624800
1,7691000
0,7644100
0,7688500
0,7629400
1,7708400
0,7645300
1,8145600
0,7697800
1,7633800
1,7487800
1,7517800
0,7470500
1,7486500
0,7884300
1,8033000
0,8877400
1,8080500
1,8661100
0,9127800
1,8170900
1,7679000
0,7787300
1,7932200
1,7780300
0,7801600
1,7880500
0,7919800
1,7844900
1,7874600
0,7827700
0,7848100
1,7847300
1,7894400
1,7807000
0,7740200
0,7654500
0,9408800
0,8384300
1,7809500
1,7679200
0,7713300
0,7670100
1,7727300
1,7676500
0,7768800
1,7659100
0,7592500
0,7447400
1,7462100
1,7414000
1,7505400
1,7530000
1,7516100
1,7313700
0,8093500
1,7561100
1,7620400
1,7417200
1,7522400
1,7494300
1,7629500
1,7489600
0,7622400
0,7636600
1,7743200
1,7699400
1,7918500
1,7560700
1,7685400
0,7494600
1,7797900
0,7570800
1,7616900
1,7656200
1,7806300
0,7707200
1,7723400
0,7673900
1,7650500
0,7870600
0,7667200
0,7732900
0,7665400
0,7732000
0,7873900
0,7712700
1,7548400
0,7568000
0,7544700
1,7640400
0,7679900
1,7599900
1,7525100
0,8444200
0,8406300
0,9222100
1,9093600
1,7536900
0,7827900
1,7821100
0,7840300
0,7851200
0,7955500
1,7817400
1,7846100
1,7817000
1,7809800
0,7828900
0,7857400
1,7852000
0,7862100
0,7372900
1,7593100
0,7444100
1,7596400
1,7330300
0,7564600
1,7640500
0,7432600
1,7351100
0,7405900
0,7540000
1,7398000
0,8712700
1,7613100
0,7915400
1,7663500
0,7612200
1,7489800
1,7643200
0,7865900
1,7616600
0,7490500
0,7722200
1,7534500
0,7990000
0,7619300
1,7715600
0,7674500
1,7754000
0,7670600
0,7739200
1,7659400
0,7727100
0,7682400
0,8696200
0,7667000
0,7930900
1,7685400
1,7773800
0,7519600
0,7908700
0,7563200
1,7593200
1,7491600
1,7622300
1,7561400
1,7573500
0,7492800
0,7619000
1,7576900
0,7606600
0,7486400
0,7562000
0,7485100
1,7505500
1,7339300
1,7502800
0,7424900
1,7484300
0,7436100
1,7488100
0,7445700
0,7441300
0,7341700
1,7574300
1,7437800
1,7518400
0,7343600
0,7636000
1,7444800
0,7488100
1,7455600
1,7427200
1,7578800
1,7415200
0,7440200
1,7439600
0,7712900
1,7479700
0,7671900
0,7517500
0,8353800
0,7789800
0,7749000
0,7782600
1,7983900
0,7663300
1,7611700
1,7470900
1,7954200
1,7503200
0,7973900
0,7897900
1,7799600
1,8051800
1,7710800
1,7699600
0,7953800
0,7630300
1,8585400
1,7635800
0,7691000
1,7614700
1,7873600
0,7640200
0,7684700
0,7627000
1,7690000
0,7637900
1,8446100
1,7621600
1,7693200
0,7642800
1,7915300
1,7605100
1,7737900
0,7670500
0,7711400
0,7472100
0,7664000
0,7533800
1,7527900
0,7474700
1,7555800
1,7470800
1,7576100
1,7469000
1,7705100
0,7473700
0,7584500
0,7456300
1,7434200
0,7378600
0,7456300
1,7351000
1,7431900
0,7443200
0,7442700
1,7376500
0,7428400
1,7371500
0,7473000
0,7660100
1,7695500
1,7668100
0,7872200
1,8409900
0,7745400
1,7705900
0,7746700
1,8704000
1,8009400
0,7723800
1,7777900
1,7776100
0,7745500
1,7646200
0,7832100
0,9422100
1,10456700
1,8020500
0,7916900
1,7905500
1,7984100
1,9916800
1,8201700
0,8640100
1,9954600
0,9719400
1,7949900
0,7906200
0,7838100
0,7928700
0,7852200
1,7854100
1,7811600
0,7859300
0,7804000
1,7778500
0,7809100
0,7818600
0,7854200
1,7905500
0,7928300
1,7824000
0,7834800
0,7825600
0,7823600
0,7835000
1,7791000
0,7790700
1,7790100
0,7805900
1,7841700
0,7626300
1,7791000
1,7630000
0,7782700
0,7631900
1,7702400
1,7618900
1,7961500
1,7613600
1,7687800
0,7628900
0,7679000
0,7624400
1,7718500
0,7628100
1,7733000
0,7627900
0,7707000
0,7687400
0,7843900
1,7811900
0,7779400
1,7625700
1,7787100
1,7664500
0,7650400
1,7654700
1,7717800
0,7679000
0,7640800
0,7859300
0,7622700
1,7683700
1,7638700
0,7681200
0,7626200
0,7682300
0,7829100
1,7572900
1,7426200
1,7416700
1,7375900
0,7421400
0,8540900
1,7933500
1,7593900
0,7465800
1,7375700
0,8171900
0,7326200
0,7534500
0,7472300
1,7730200
0,7626400
0,7732700
1,7620800
1,7722600
1,7624100
1,8164800
1,8083500
0,8282000
0,8708200
1,8528100
1,8162900
1,8111700
1,7821700
0,7802600
1,7810400
0,7807800
1,7795500
0,7820400
0,7806700
1,7925400
0,7792700
1,7802500
1,7798500
1,7811600
0,7788300
0,7869800
1,7803800
0,7821500
1,7793600
1,7762500
0,7893700
1,7792300
1,7802800
1,7778200
0,7820400
0,7788900
1,7950900
1,8360400
0,7729300
1,7501000
1,7546800
1,7496900
0,7589300
1,7465600
1,7542700
0,7487800
1,7557500
0,7495500
1,7484000
0,7568000
1,7560800
1,7903200
1,7473300
1,7565000
0,7471200
0,7537000
0,7470600
1,7541800
0,7470100
0,7661000
0,7470300
0,7538000
0,7469500
0,7434000
0,7383800
1,7470200
0,7320000
1,7605900
0,7382000
0,7709900
0,7410800
1,7633900
0,7382600
0,7532900
0,7323700
0,7510800
1,7375600
1,7539300
0,7327200
1,7651400
1,7509100
1,7402500
1,7600900
0,7438500
0,7475700
0,7420000
0,7446700
1,7399800
1,7463200
1,7370700
1,7395400
0,7353900
1,7468000
0,7338100
0,7567200
1,7663300
0,7690200
0,7562200
0,7393800
1,7374100
1,7556300
1,7381600
0,7513800
1,7491900
0,7579300
1,7467700
0,7537900
0,7841500
0,7509700
1,8835200
1,16297600
1,8389700
1,8142600
0,7658900
1,7727500
0,7788600
0,7809100
1,7788900
0,7787300
0,7818200
0,7794100
1,7857800
0,7787000
1,7827600
0,7789600
1,7812300
0,7793800
0,7874000
0,7473500
0,7611900
0,7471500
0,7594000
1,7444900
1,7587700
1,7462000
0,7597900
1,7447600
0,7585500
0,7470100
1,7630100
1,7485300
0,7529800
0,7468800
1,7475700
0,7543200
0,7501000
0,7598400
1,7575400
1,7575800
1,7476000
0,7597700
1,7563600
0,7562200
1,7546300
0,7954300
0,7737800
1,7593400
0,7469000
1,7506800
1,7484800
1,7567100
0,7473100
1,7580000
1,7473900
0,7535000
0,7571000
0,7728800
1,7482200
1,7609000
0,7470500
0,7547200
1,7484000
0,7565900
0,7465000
0,7608600
1,7581800
1,7485000
0,8525300
1,7536400
1,7555900
0,7505300
1,7552700
0,7586400
0,8643500
0,7474200
0,7551800
0,7487100
0,7550100
1,7468400
0,7550600
0,7486200
1,7492900
1,7448100
1,7677100
0,7334700
0,7658200
0,7382000
0,7447000
0,7358500
0,7466800
1,7378300
1,7574600
1,7461400
0,7419800
0,7385000
0,7380600
0,7552000
1,7374600
0,7439800
1,7367000
1,7474300
0,7398700
1,7566600
1,7429200
1,7407600
0,7393300
1,8338800
0,7993500
0,8793800
1,8752500
1,7983100
1,7841200
0,7734600
0,7668500
1,7712700
1,7764700
0,7797600
1,7772900
1,7619700
1,7615800
0,7700200
1,7615700
0,7685000
0,7627000
0,8150800
0,7634700
0,8028500
0,7650500
0,7700500
1,7598200
1,8020500
0,7687200
0,7716300
0,7624500
0,7673100
0,7814500
1,7951900
1,7683200
1,7667500
1,7634000
1,7659900
0,7826600
1,7691500
0,7646200
0,7679200
0,7627000
1,7702100
1,7635500
0,8132800
1,7626900
1,7671200
1,7658600
0,7691500
0,7627100
1,7715700
0,7643100
1,7723100
0,7632700
0,7679000
1,7643800
1,7670600
1,7638200
1,7562400
0,7627100
1,7553600
1,7531600
1,7709700
0,7623100
0,7687000
0,7635100
1,7794500
0,7555000
1,7732600
1,7640900
0,7601900
1,7623700
1,7884700
0,7629800
0,7726200
0,7626700
1,7709800
0,7629500
0,7699200
0,7627100
0,7697200
1,7639300
1,7820600
0,7628300
1,7563400
1,7465300
0,7536900
0,7472500
0,7470500
1,7506400
0,7504900
1,7525100
1,7442200
0,7543300
0,7485300
1,7546600
0,7471100
0,7468700
0,7396200
1,7701200
0,7322500
1,7839700
0,8270700
0,7847700
0,7509500
1,7752500
1,7512200
1,7435800
0,7384800
1,7441800
1,7523300
1,7671600
1,7604300
0,7684200
1,7634100
0,7729300
1,7623300
0,7800600
0,7647200
0,7681600
0,7631700
1,7678000
0,7643100
1,7695300
1,7678100
0,7659000
1,7506900
1,7562600
0,7474200
0,7485600
0,7672900
0,7469600
1,7628400
0,7538200
1,7549900
1,7464200
0,7527800
0,7517400
1,7531900
0,7470400
1,7666500
1,7504300
1,7641100
1,7588200
1,7702400
1,7479900
1,7522500
1,7537300
0,7584100
1,7501800
1,7520800
1,7483400
0,7626700
1,7465800
0,7579600
1,7474800
0,7569400
1,7498200
1,7884900
1,7914500
1,7660100
0,8085200
1,8317300
1,8094700
0,7883400
1,7665400
1,7768100
0,7623400
1,7875000
0,7646300
1,7771200
0,7739800
1,7718200
1,7627500
0,7979600
0,7952600
0,7845400
1,7837400
0,7836600
1,7785100
1,7841600
0,7790600
1,7792200
1,7836900
0,7819200
1,7787000
0,7800200
1,7774600
0,7824000
0,7790700
0,7811600
1,7789100
0,7812400
1,7782000
1,7824700
1,7783500
1,7819600
1,7763400
0,7873800
1,7815200
1,7814100
1,7546800
0,7798300
1,7604700
0,7426400
1,7379200
0,7657900
1,7327700
0,7515500
0,7381600
0,7812800
1,7392400
1,7551600
0,7521600
1,7691700
1,7630500
0,7688900
1,7601200
1,7600300
1,7697800
1,7621000
0,7681600
0,7624700
1,7722600
1,7709200
1,7705100
1,7618900
1,7700100
0,7351800
0,7520100
0,7720600
0,7526300
0,7383900
0,7562400
0,7381400
1,7483200
0,7351800
1,7411300
0,7380400
1,8325000
0,7540900
1,7685800
1,7625200
1,7695600
0,7625800
1,7664600
0,7625500
1,7718900
0,7625800
0,7687400
0,7623800
1,7689000
0,7625000
0,7688000
0,7465600
1,7481100
0,7380700
0,7439100
0,7385800
0,7397600
0,7617400
1,7318200
0,7591500
1,7396800
0,7519700
1,7318100
0,7569300
1,7412100
1,7482200
1,7317000
0,7451100
0,7391600
0,7680500
0,7643600
1,7835500
1,7606800
1,7410200
1,7317100
1,7409300
1,7391600
1,7461300
0,7469900
1,7519700
0,7481800
1,7611400
1,7887500
0,8231300
0,8525700
1,8224700
1,8562000
1,8323100
1,8439600
0,7741800
0,7669500
1,7912900
0,7788900
1,7814300
0,7791200
1,7812100
1,7770600
1,7803100
0,7789900
1,7906500
0,7784800
1,7940700
1,7794400
1,7868700
0,7625400
1,9363700
0,7752900
0,7707100
1,7621700
1,7743300
0,7648000
1,7672500
1,7616900
1,7674000
0,7636800
0,7694300
0,7625400
0,7687500
0,7640500
0,7695800
0,7627600
0,7688700
1,7663500
0,7684900
1,7619400
1,7687700
1,7658900
0,7679900
1,7624200
1,7927400
0,7899800
1,8004200
1,7807100
1,7518100
0,7380400
0,7576800
1,7404100
1,7492900
0,7419700
1,7646400
1,7728700
1,8057700
1,7777400
1,8006600
0,7641100
0,7899100
1,7682500
0,7746700
0,7673700
0,8023300
1,7690500
0,7727100
0,7698600
1,7760400
1,7680600
0,7752200
0,7682300
0,7839500
1,7676800
0,7781800
1,7665900
0,7851800
1,7677200
0,7787000
1,7663600
1,7807700
1,7662900
1,7794500
1,7554700
1,7557000
0,7554000
1,7566700
1,7557900
0,7752900
0,8083900
1,7822600
0,7613900
1,7594100
1,7539700
0,7625100
0,7570400
0,7572000
0,7543700
0,7627000
0,7561900
1,7493900
1,7719300
0,7579000
1,7722800
1,7486300
0,7664600
1,7536300
1,7669500
1,7538800
0,7582300
1,7536800
0,7635800
1,7523100
1,7610900
0,7517000
0,7991400
0,7684400
0,7844600
0,7513600
0,7719300
1,7542300
0,7551300
0,7700500
0,7753000
1,7676900
1,7718000
0,7667600
1,7786900
1,7670000
0,7733200
1,7650700
1,8175700
1,7669600
1,7743000
1,7861000
1,7593100
1,7543300
0,7970600
1,8005200
0,8442300
0,8891900
1,7730800
1,7582600
0,7668300
0,7492000
1,7604100
0,7562200
0,7661400
1,7630200
1,7737500
1,7680100
1,7814800
1,7612600
1,7696000
1,7657700
1,7682300
1,7625200
0,7937500
0,7714500
0,7988100
0,8110600
0,8382900
1,8414000
1,8703200
0,8036600
1,8501100
0,8708400
1,8307000
1,7655400
1,7699900
0,7622700
0,7726600
1,7633600
1,7874400
0,7871100
0,7896900
1,7845800
0,7794500
1,7877700
1,7785600
0,7883200
1,7793000
1,7804300
0,7791300
1,7848400
1,7797300
1,7687200
1,7711300
0,7959100
1,7636700
1,7846200
1,7621000
1,7698500
1,7620900
0,7682300
0,7661200
1,7658900
1,7606400
0,7763500
1,7685500
0,7623700
1,7972800
0,7626300
1,7695500
1,7601300
1,7706600
1,7620700
0,7718800
0,7625400
0,7682800
0,7625600
1,7661400
0,7325100
0,7455800
1,7378100
0,7465200
1,7314900
1,8668500
1,7410200
1,7660300
0,7324800
1,7607300
1,7374800
0,7493400
1,7350300
0,8317600
1,7626200
1,7604200
1,7466800
0,7406100
0,7380900
1,7681700
1,7539300
1,7517600
1,7320900
0,7559000
1,7384900
0,7406500
1,7467000
0,7485900
0,7534400
1,7467200
1,7610000
1,7504800
0,7664900
0,7804500
1,7688300
1,7480400
0,7654500
1,7485500
1,7537800
0,7487900
1,7533600
1,7450200
0,7530100
0,7486900
0,7565300
1,7487300
0,8021600
1,7507500
0,7607000
0,7469300
1,7723700
0,7486100
1,7961900
0,7471400
1,7555800
1,7520300
0,7645400
0,7634200
1,7689000
0,7487500
1,7520400
1,7471400
1,7464800
0,7817600
1,7451100
0,7830800
0,8192100
1,8675400
0,8590600
0,8578300
1,8506600
1,8335500
0,7594600
1,7463400
1,7617200
0,7469600
0,7673400
1,7470900
1,7817700
0,7791600
0,7806100
1,7783600
1,7813300
1,7790000
0,7837300
1,7811500
0,9013600
0,8019900
0,7803300
1,7798000
1,8318700
0,7649000
1,7730000
1,7866500
1,7850800
1,7668800
1,7697200
1,7680200
1,7763000
0,7651400
0,7736200
0,8172600
1,7687500
1,7715500
0,7567100
1,7471100
1,7610900
1,7475600
1,7516500
1,7557100
1,7558500
0,7469900
0,7684100
0,7472500
1,7515200
0,7470200
1,7661900
0,7355300
1,7457100
1,7686600
1,7442800
0,7377500
0,7381800
1,7432700
0,7417000
0,7410100
0,7378900
1,7539400
1,7333800
0,7437100
1,7374100
0,7610700
0,7337200
1,7500200
0,7412200
0,7483800
0,7321900
1,7466000
1,7468200
0,7378100
1,7368800
1,7389500
0,7467400
0,7381100
1,7399000
0,7394500
0,7685700
1,7623800
1,7688800
1,7656500
0,7637500
0,7596400
0,8602300
0,7704400
0,7622300
0,7481700
0,7691600
1,7608600
0,7682000
0,7627300
0,7693700
1,7684600
0,7680500
0,7703600
1,7778600
1,7672300
0,7678600
0,7624100
0,7716800
0,7625000
0,7556000
0,7469200
0,7828000
0,7470900
0,7532700
0,7467600
1,7587600
0,7471600
1,8009600
1,7502300
0,10650000
0,7470800
1,7871500
0,7491100
0,7564600
0,7473800
0,7526600
1,7575800
0,7639600
1,7538100
0,8115200
0,7877500
1,8377900
1,8557600
0,7667700
0,7623800
0,7859700
1,7623500
0,8114900
1,7640700
1,7686500
1,7599100
1,7669500
0,7640500
1,7695000
0,7629100
1,7694700
0,7645400
1,7670000
0,7470400
0,7525400
1,7552300
0,7775000
0,7502100
0,7538500
0,7487900
1,7610100
1,7475700
0,8358100
0,9419600
0,7551400
0,7425600
0,8255300
1,7832200
0,7579600
0,7471600
0,7808900
0,7385300
1,7366800
1,7391400
0,7474400
0,7322000
0,7582200
1,7490000
0,7844400
1,7620300
0,7671900
1,7618700
1,7744100
1,7638000
1,7688700
0,7643700
0,7806100
1,7631500
0,7690800
0,7636200
1,7841000
0,7640800
0,7805600
1,7644800
1,7728000
1,7628100
1,7848500
0,7693600
0,7832100
0,7676400
0,7694100
1,7640700
1,7705100
1,7616100
0,7687400
0,7640400
1,7669200
1,7625400
0,7822600
0,7643900
0,7678500
1,7626600
1,7708300
1,7641800
0,7681900
0,7629200
1,7701800
1,7586200
1,7319100
0,7496600
1,7364200
1,7440400
1,7323700
0,7495700
1,7438300
1,7507400
0,7325700
0,7513100
0,7380300
0,7586200
0,7324000
1,7559200
0,7381600
1,7525600
1,7419700
0,8173000
1,8277700
0,7968500
0,7749700
0,7729900
1,7385100
0,7486400
1,7375400
1,7761600
0,7580000
1,7719200
0,7628300
0,7687400
0,7625200
0,7740300
0,7623000
1,7676800
0,7626000
0,7752900
1,7624500
1,7768900
1,7651000
0,7688400
1,7397100
1,7421400
1,7336200
1,7441100
1,7469200
1,7679500
1,7363500
1,7394100
0,7648400
1,7371300
0,7489300
1,7824500
0,7536300
0,7470300
0,7653500
0,7561300
0,8344700
0,8269200
1,8912600
1,9236800
1,7527800
1,7676200
0,7498000
0,7603600
1,7470200
0,7737300
1,7800100
1,7791100
0,7887100
1,7796400
0,7796800
0,7806300
0,7790400
0,7828200
0,7795600
0,7827300
1,7799400
0,7831800
1,8215400
0,7793300
1,7911900
0,7720400
1,7637800
1,8395300
1,7613800
0,7832300
1,7692200
0,7720300
1,7617400
1,7780800
0,7873600
0,8951400
0,8157300
0,7940500
0,7812700
0,7802500
0,7809000
1,7785600
1,7777300
1,7809800
1,7819700
1,7803000
1,7804000
1,7741200
1,7642900
0,7901500
1,7741500
1,7691000
0,7652600
1,7724400
1,7620300
0,7701300
1,7660600
0,7692100
1,7626200
0,7687800
1,7564100
1,7519600
0,7469200
1,7529100
0,7483600
0,7555900
0,7471200
1,7616400
0,7523000
0,7527600
0,7470700
0,7542200
1,7478300
1,7558700
0,7428300
1,7443900
1,7395700
1,7434500
0,7322600
1,7352500
1,7705400
1,7377800
0,8526400
1,7360700
1,7511300
1,7369000
0,7717700
0,7322500
0,7564100
0,7449200
0,7549600
1,7469600
1,7466100
0,7609100
0,7728600
1,7557700
1,7433600
1,7399300
1,7832000
1,7820100
1,7659200
0,7624800
0,8417800
1,7653000
0,7676700
1,7622500
0,7678300
0,7641900
1,7671900
0,7622900
1,7741600
1,7648000
0,8265500
0,7633000
1,7676000
0,7642100
0,7749100
1,7626700
1,7674300
1,7753100
1,7680200
1,7622300
0,7682200
1,7637600
1,7909200
0,7839200
0,8935900
1,8410400
0,7920400
0,7568600
0,7603300
0,7472500
1,7752100
1,7460300
1,7558200
1,7483900
0,7583600
1,7453100
1,7632900
1,7623200
0,7686000
0,7626000
0,7705200
1,7625500
0,7691900
0,7626800
0,7660700
1,7682800
0,7625800
0,7669100
0,7637100
1,7674700
0,7362100
0,7456200
0,7751300
1,7498400
0,7322200
1,7495600
0,7696200
1,7500900
1,7302400
0,7449700
1,7413300
0,7513400
0,7320000
1,7718000
1,7478400
0,8199300
1,7614200
1,7785800
0,7640800
1,7934500
1,7481800
1,7590500
1,7571400
1,7639800
0,7487200
0,7627500
1,7653000
0,7715900
0,7664400
1,7837900
0,7677700
1,7730100
0,7670800
0,7869400
1,7655800
0,7728100
0,7667600
1,7743000
1,7642700
1,7651900
1,7420900
0,7518700
0,7340100
0,7511200
0,7427300
0,7425800
1,7405200
0,7595400
1,7469000
1,7504000
0,7431000
0,7421100
0,7497600
1,7354700
0,7418000
1,7435100
0,7685200
0,7341500
0,7519900
0,7519600
0,7739300
1,7357100
0,7526000
1,7416000
1,8387300
0,7446100
0,7616000
0,7422800
0,7727400
1,7445000
0,7557100
0,7421900
0,7602800
1,7799700
0,7636000
0,7424700
1,7652800
0,7426700
0,7634300
1,7645300
1,7706600
1,7713900
1,7728300
1,7659500
1,7774600
1,7698700
1,7733700
1,7724200
1,7769500
1,7665900
1,7729700
0,7679500
1,8001100
1,7794800
1,7763000
1,7659300
0,7925300
0,7653400
0,7827200
1,7618400
1,7660800
0,7666000
1,7739900
0,7629100
0,7703100
1,7509500
0,7532900
1,7462200
1,7680800
1,7466200
0,7741000
1,7497800
1,7555000
1,7462600
1,7539800
1,7474300
1,7578800
1,7573200
0,7585000
1,7437200
0,7698500
1,7339300
1,8269400
0,8384800
1,9032300
1,8865800
0,8526100
0,8692900
1,8926700
1,8576300
0,7601000
0,7838800
0,7792500
0,7821800
1,7809200
0,7839500
1,7791600
0,7821500
1,7784000
1,7811000
1,7763000
1,7801300
1,7788000
0,7829200
1,7466000
0,7540400
1,7458300
0,7800800
1,7792200
0,8288800
1,8393600
1,8534600
1,8952700
1,8598400
0,8536600
0,7700900
1,7782200
0,7790500
0,7829200
0,7800900
1,7786300
1,7820700
0,7789300
0,7799300
0,7788200
0,7835200
1,7779100
1,7784800
1,7763400
1,7560400
0,7472300
0,7529500
1,7462800
1,7598100
1,7464300
0,7523100
0,7580800
0,7717700
1,7449500
0,7574500
1,7469700
0,7574800
0,7320200
1,7430500
1,7414800
0,7417400
0,7480200
1,7376500
0,7552900
1,7404000
0,7401800
1,7370400
0,7508800
1,7365300
1,7401100
0,7384000
0,7528700
1,7393000
1,7505400
1,7507100
1,7658000
0,7399800
0,7669800
1,7769200
0,7467300
0,7422200
0,7383800
0,7381400
0,7504800
1,7493200
1,7544400
1,7464300
1,7519400
0,7630700
1,7463000
0,7549400
0,7510300
1,7709600
1,7464900
0,7698800
0,7500200
0,8016300
1,7473400
0,16055900
1,8001800
0,7509800
1,7755800
1,7904500
0,7588000
0,7472700
1,7667700
1,7473500
1,7607400
1,7485200
0,7688600
0,7623500
0,7894200
1,8028300
1,7923800
0,8007200
1,7686200
1,7633700
1,7684500
0,7643300
1,7686300
1,7615600
0,7784500
0,7659800
0,7688200
0,7625800
1,7680600
0,7637200
0,7847300
0,7626300
0,7759900
0,7645500
1,7826800
1,7616700
1,7762500
1,7601300
0,7579900
1,7460400
1,7718400
1,7480900
1,7517800
0,7470100
0,7554100
1,7498300
0,7607600
0,7471400
1,7519500
1,7485100
1,7563200
0,7627700
0,7478600
1,7388000
1,7464100
0,7321600
1,7536700
1,7377400
0,7432900
1,7314200
0,7416200
0,7476500
0,7369900
0,7500000
1,7370500
1,7477400
0,7321800
0,8129400
0,7678800
0,7827000
0,8161900
1,9610800
0,8210600
1,7669300
1,7399400
1,7444700
0,7403700
0,7740900
1,7469300
1,7571800
1,7482500
1,7598400
1,7465100
1,7686000
1,7477600
0,7559500
0,7468900
0,7568700
0,7485400
1,7531800
0,7403100
0,7441700
0,7357600
0,7479400
0,7381500
0,7379900
1,7425100
0,7442400
1,7450200
0,7382300
0,7421000
1,7374800
0,7574500
1,7356300
1,7402100
1,7394200
1,7424700
1,7396600
0,7593300
1,7393400
0,7714700
1,7859700
1,7761500
1,7420700
1,7433600
0,7382800
0,7415100
1,7612900
0,7755800
0,7627900
1,7689700
1,7617900
1,7691000
1,7626000
1,7681600
1,7600000
1,7686700
0,7623700
0,7697700
1,7623800
0,7769500
1,7392300
0,7387100
0,7419900
1,7377600
1,7682600
1,7801600
1,7752300
1,8468800
0,8266300
0,8158600
1,7807100
0,7321900
0,7734300
1,7659700
0,7718300
1,7617900
0,7670700
0,7642900
1,7693000
0,7622700
0,7683300
0,7639700
1,7586800
1,7540900
0,7815800
0,7455700
1,7448700
0,7383700
1,7696700
1,7355200
1,7654300
1,7379700
1,7430600
1,7394500
0,7532500
1,7375800
1,7374500
0,7398700
0,7465900
0,7471500
0,7592300
1,7968400
0,7547800
1,7464800
1,7546100
1,7522800
1,7591800
1,7538100
1,7658300
1,7691400
0,7685800
0,7800100
0,7649700
0,7548900
0,7630100
1,7474500
0,7554500
1,7463100
0,7619400
1,7466700
1,7534600
0,7472800
0,7469900
1,7525500
0,7487400
1,7588900
0,7471600
0,7531400
1,7774900
1,7761500
0,7536300
0,7734800
0,7493700
1,7523500
0,7467900
1,7531200
1,7489500
0,8279300
0,7607700
0,7723800
1,7856600
0,8296800
0,7886400
1,7964600
0,7718100
0,7832900
0,7716200
0,7690800
1,7662300
1,7678200
1,7616400
1,7779400
0,7824600
1,7794900
0,7785600
1,7808100
1,7802600
0,7812200
0,7792700
1,7870700
1,7807200
1,7822100
0,7795900
0,7825800
1,7806500
0,7817000
0,7806500
0,7813500
0,7818300
0,7834500
0,7837200
0,7908800
1,7847200
1,7961700
1,7815500
0,7825100
1,7819500
1,7834900
1,7814100
1,7801200
0,7824000
0,7981500
1,7844700
1,7819400
1,7821800
1,7865100
1,7941600
1,7807900
0,7792000
0,7779600
1,7658200
0,7683500
0,7625200
1,8439500
0,8208800
1,7887400
1,7606100
0,7824200
1,7642200
1,7713900
0,7627000
0,7700500
0,7628700
1,7701500
0,7633600
0,8437200
1,7631200
1,7689700
1,8370300
0,7892300
1,7931100
0,8925800
0,8518000
1,8098200
1,8610400
1,7782300
1,7825600
1,7779200
1,7821100
0,7792700
0,7866900
0,7788200
1,7832400
0,7788600
1,7878200
0,7836200
1,7867800
1,7524800
1,7440800
1,7691400
1,7969500
1,7378800
0,7502100
1,7424300
1,7425700
1,7569900
0,8687100
1,7420500
0,7577800
1,7470100
0,7994000
1,7662300
0,7836800
0,7649900
1,7770500
0,7663100
1,8188800
0,7688300
0,7719200
1,7639900
0,7730200
1,7669900
0,7841700
1,7672000
1,7740500
0,7685500
0,8183800
1,7662900
1,7892700
0,7692100
1,7736700
0,7649500
0,7842400
1,7699400
1,7737900
0,7651500
1,7726600
1,7699800
1,7721300
1,7665400
1,7862200
1,7697700
1,7723500
0,7667700
1,7838900
0,7666200
0,7833700
0,7629800
1,7713000
1,7629100
1,7678900
1,7620200
0,7696800
0,7626000
0,7686400
0,7623500
1,7730700
0,7625400
1,7668800
1,7619600
0,7881800
0,7626900
1,7480000
0,7379000
1,7459500
1,7318900
1,7503200
0,7574500
1,7408300
0,7848500
0,7746000
1,7876500
0,7701300
0,7446900
1,7305300
0,7665200
0,7660300
1,7683300
0,7626200
0,7905100
1,7636400
1,7695300
0,7626800
1,7689200
1,7634300
1,7690000
1,7617000
1,7812500
1,7931700
1,7432000
0,7413800
0,7409300
0,7400000
0,7440500
0,7448600
1,7789300
0,7422100
0,7631000
0,7386300
0,7384000
0,7419200
1,7546000
0,7470200
1,7522200
1,7463300
0,7575000
0,7591900
1,7473700
0,7560000
1,7459500
0,7634000
0,7470000
1,7555300
1,7463400
1,8155400
1,7581200
0,7632100
0,7508600
0,7539900
1,7517600
0,7630100
1,7517400
0,7536100
1,7472100
1,7619100
0,7471400
1,7530600
0,7487800
1,7568800
1,7380200
1,7394100
0,7678600
0,7444900
0,7383600
0,7381800
0,7450600
0,7386100
1,7505800
0,7381600
0,7441800
0,7397300
0,7740400
1,7391000
1,7688400
0,7392200
0,7506800
0,7379300
1,7376700
0,7397700
1,7416900
0,7382800
1,7513700
0,7397500
0,7440100
0,7382000
0,7471600
0,7558300
0,7469900
1,7771600
1,7461700
1,7524600
0,7468700
0,7536800
1,7460900
0,7535800
0,7468100
1,7538300
1,7461200
0,7484400
1,7371100
1,7469700
0,7323000
1,7488800
0,7384000
0,7460500
1,7343700
1,7570400
1,7378600
1,7534800
1,7325400
1,7512400
0,7382500
1,7299900
1,7442700
0,7400000
1,8476200
0,7546600
1,7555500
1,7499200
0,7689300
0,7381600
0,8298800
0,8783400
1,8752900
1,8686800
1,7761800
1,7912200
1,7751800
1,7770100
0,7653200
1,7710400
0,7743600
0,7924100
0,7766700
0,7887200
1,7632100
0,7682600
0,7762000
1,7770000
1,7804400
0,7797200
1,7818400
1,7926800
1,7761000
1,7784900
0,7788900
0,7807800
0,7789700
1,7945900
0,7788800
0,8001300
1,7468400
0,7579500
0,7472700
0,15352900
1,7895900
0,7471100
1,7461800
0,7640300
1,7498100
0,7577900
0,7472000
0,7886300
1,7626100
1,7672800
1,7622400
1,7683300
1,7617800
0,7692500
1,7621500
0,7684600
1,7639800
0,8305600
1,7669700
1,7826300
1,7929400
1,7971400
0,7989100
1,7703600
1,7621400
0,7685200
1,7602100
0,7939300
1,7627800
1,8177200
1,8290700
1,8278600
1,8930700
0,7880400
1,7848100
1,7894100
0,7827100
0,7790600
0,7834800
1,7883800
1,7795300
1,7765300
0,7821500
1,7781700
0,7816000
0,7832400
1,7893400
0,7803800
1,7791000
1,7781300
0,7832400
1,7786800
0,7926300
0,7790500
0,7827500
0,7789300
1,7812400
0,7789800
0,7806900
0,7470000
0,7708100
1,7483200
1,7812500
1,7484500
0,7623800
1,7488600
0,7677200
1,7457700
0,7525500
1,7510000
0,7532000
1,7451200
0,7587100
1,7477700
1,7520500
0,7473800
0,7554900
0,7488200
1,7504800
1,7452100
0,7502800
1,7669900
0,7471000
1,7624100
0,7456700
0,7428600
1,7388200
0,7474500
0,7382400
1,7450800
1,7373800
0,7431300
0,7477300
1,7494300
1,7376900
1,8304600
0,7534200
1,7967400
1,7617000
1,7675700
1,7598400
1,7700000
0,7628200
0,7740200
0,7626700
0,7905000
1,7733000
0,7764100
0,7626500
1,7859100
0,7649800
1,9155900
0,7673800
1,7736900
0,7662800
1,7778100
1,7744500
0,7755400
1,7658400
1,7739300
1,7668400
1,7823300
0,7668600
0,7875800
0,7718300
1,7423600
1,7482300
1,7472600
0,7441700
0,7443000
0,7652200
1,7636500
1,7372700
1,7573000
0,7429100
0,7560000
0,7372100
0,7648000
0,7550200
1,7613700
1,7583900
1,7612500
0,7549500
0,7815100
0,7566900
0,7648200
0,7515400
1,7615500
0,7550600
1,7582000
1,7409200
0,7486500
0,7461500
0,7345400
0,7500200
1,7450400
0,7567600
0,7342400
1,7471400
1,7417600
1,7527900
1,7313200
1,7773300
1,7423800
1,8578200
0,7634800
1,7837000
0,7461800
0,7509200
0,7336400
0,7534900
1,7402500
1,7530900
0,7341600
1,7544800
1,7436200
1,7626000
1,7795600
1,7770900
0,7672500
0,7783700
1,7642500
0,7730900
0,7667300
0,7753800
0,7665600
1,7713200
1,7656400
0,7742900
0,7628800
0,7579700
1,7427500
0,7502500
0,7612500
1,7557500
1,7434200
0,7582700
0,7425200
0,7508600
1,7333100
0,7528700
1,7398600
0,7335200
0,7874000
0,7564700
0,7781200
1,7544200
0,7716800
1,7553900
0,7683000
1,7540000
0,7617900
1,7646400
0,7606100
1,7593100
1,7568900
0,7450000
1,7605500
0,7427300
0,7414600
1,7457500
0,7510600
1,7408000
0,7431000
0,7474300
1,7509000
1,7403900
0,7429200
0,7428300
0,7468700
1,7418000
1,7445000
1,7395900
1,7518400
1,7650200
1,7912500
0,7825100
1,7703500
1,7921300
0,7671700
1,7427800
1,7543200
1,7491600
0,7757700
0,7652900
1,7780600
1,7654200
0,7740200
0,7654200
0,7957300
0,7910200
0,8126600
0,7955600
0,7878100
0,7705300
1,7953100
1,7624300
0,7699100
0,7628800
0,7706100
1,7627700
1,8443400
1,7752800
0,7837500
0,7626300
1,7917600
1,7643300
1,8064000
0,7631900
1,7703700
1,7668600
1,7759500
1,7760700
1,7731300
0,7697800
1,7741600
0,7666900
0,7734200
0,7697800
0,7775000
0,7651100
1,7803400
0,7567400
0,7543600
1,8439600
0,8249600
1,8672100
0,8061700
0,7551200
1,7551000
0,7586000
0,7626900
0,7545400
0,7584400
1,7724000
1,7806900
1,7658100
0,7861100
1,7642200
1,7664500
1,7728500
0,7763700
1,7644400
0,7667300
0,7960500
0,7677200
0,7739000
1,7779300
0,7743400
1,7690800
1,7757700
1,7633900
1,7747700
1,7682200
0,7804500
0,7648800
0,7868900
0,7697200
0,7736000
0,7670700
1,7600300
0,7570400
1,7671900
0,7540900
0,7729900
1,7547000
1,7772200
1,7549900
0,7594400
1,7541200
0,7601000
1,7560700
0,7590300
0,7549400
0,7589900
1,7535700
0,7612900
0,7510500
1,7597100
0,7542700
1,7647400
1,7517800
0,7615000
1,7561000
0,7773800
0,7493200
0,7632100
1,7418500
0,7514800
0,7447000
0,7494200
0,7421300
0,7446500
1,7406900
1,7552000
1,7512700
0,7444400
1,7453900
0,7428900
1,7453700
1,7434600
1,7512200
0,7548100
0,7756800
1,7601000
1,7484200
1,7436300
0,8855200
1,8307000
0,7969800
1,7655300
1,7676700
0,7720000
1,7953200
0,7681900
0,7707800
1,7682300
1,7837700
1,7618700
1,7683700
1,7617500
1,7681500
1,7622500
1,10025300
0,8098600
0,7814000
1,7682000
1,7621800
0,7628300
1,7713500
0,7627600
0,7703500
1,7714100
1,7707900
0,7627200
0,7731400
0,7628500
1,7671400
1,7534600
0,8127900
1,8045900
0,7615200
0,7471600
0,7573800
0,7500900
0,7529300
0,7469800
0,7765900
1,7460700
1,7555800
1,7483700
1,8328900
1,8066000
1,8645800
1,9488200
0,7513900
1,7698300
0,7562200
1,7499200
0,7562400
0,7471000
0,7534500
0,7486800
1,7557300
0,7768300
0,7805700
1,7881700
0,7827400
1,7775700
1,7814000
1,7829800
1,7800900
1,7778100
1,7937900
0,7806200
0,7837300
1,7766700
0,7637900
1,7381300
0,7507100
0,7413000
1,9315900
0,7831100
1,8112200
0,7648800
0,7811900
1,7785900
0,13008800
0,10960800
1,10819400
0,10735700
1,9871400
0,8309700
0,7778200
0,7972800
1,7840700
0,7710100
1,7693800
1,7778500
1,7670600
0,7785400
0,7695100
1,7736000
0,7626700
0,7680400
1,7622100
1,7673400
0,7626900
1,7650400
1,7627000
0,7699400
1,7617800
1,7691900
1,7656700
1,7542500
0,7476100
1,7464100
0,7627100
1,7501200
1,7541400
0,7470800
1,7556600
1,7502300
0,7554500
1,7473400
1,7635500
0,7445700
1,7536600
0,7318800
1,7437000
1,7386600
0,7728100
0,7552800
1,7618100
0,7794500
0,7884300
0,7661600
0,7555400
0,7402000
0,7620300
1,7464900
0,7675800
1,7486900
1,7575800
1,7441000
1,7496300
0,7502800
0,7857000
0,7903400
0,7693500
1,7501000
0,7542000
0,7469300
1,7778000
0,7488400
0,7512200
0,7618000
1,7442700
1,7532500
1,7552200
1,7769200
1,7485900
1,7622900
0,7498400
0,7550900
1,7462900
1,8432600
1,7930700
1,8841100
1,8597200
0,8774500
1,8426700
1,8296100
1,8048400
1,7486100
0,7542500
0,7564300
1,7500300
1,7658800
1,7776400
0,7826900
1,7802500
1,7803900
1,7781100
0,7825800
0,7791200
1,7841100
0,7803600
1,7805500
1,7803100
1,7795800
1,7786100
0,7877700
1,7782900
0,7994500
1,7789600
0,7829000
1,7758700
0,7804200
1,7780900
0,7865700
1,7795500
0,7786500
0,7804900
1,7685700
0,7383500
0,7632200
0,7386800
1,7963100
1,7693000
1,7688200
1,7643200
1,7400200
1,7376500
1,7442400
0,7394600
0,8555200
0,7680200
0,7771000
1,7624900
1,7682000
1,7764900
1,7696400
1,7634700
0,7684100
1,7637700
1,7966800
0,8139300
1,8044100
1,7787900
1,8120100
0,8226200
0,8288200
0,8008600
1,8151000
1,7813900
0,7727800
0,7667400
1,7765700
1,7637100
0,7859300
0,7666100
0,7810900
0,7829800
1,7826300
1,7808100
1,7874400
0,7829400
1,7856900
1,7805500
0,7871400
0,7854800
0,7843900
1,7811300
1,7854400
0,7598900
1,7484500
0,7342400
0,7464300
1,7374500
0,7656400
0,7319000
1,7705500
0,7619700
1,7695600
0,7462200
0,7591100
0,7382700
0,7541900
0,7487100
1,7575900
0,7534800
1,7544700
1,7506300
0,7593900
0,7471800
1,7547100
1,7514300
0,7531000
1,7469600
0,7470700
0,7671100
1,7624700
1,7579900
0,7381000
1,8312700
0,7530800
0,7709800
0,7445200
1,7729100
0,7321500
1,7499300
1,7395000
1,7533300
0,7322000
1,7719400
1,7779600
1,8536200
0,7631400
0,7948600
1,7645900
1,7755100
0,7630100
1,7668300
1,7625300
1,7693200
0,7627700
1,7700600
1,7629400
1,7695500
1,7594300
1,8064100
1,7608600
1,7750800
0,7626200
0,7688400
1,7622000
0,7757600
0,7625100
0,7682600
1,7618900
0,8397900
1,8175400
1,8840900
1,8659900
0,8444200
1,8664100
1,9271100
0,8633800
1,7428200
0,7493300
0,7451200
1,7471200
1,7716300
0,7919800
0,7856100
1,7850600
1,7805000
0,7915300
1,7871200
1,7852100
1,7802200
1,7824900
1,7855600
0,7839900
1,7787400
1,7689500
0,7534900
0,7644300
0,7497700
1,7747600
0,7566200
1,7751500
0,8144100
0,7605100
1,7550000
0,7741800
0,7551500
0,7511200
1,7701600
0,7729300
0,7665700
1,7751000
0,7648300
1,7736500
0,7666900
1,7787000
0,7651600
0,7762200
0,7680100
1,7689200
0,7843300
0,7419900
0,7513600
1,7420000
0,7462300
0,7419700
0,7495100
1,7435300
0,7533700
0,7520700
0,7485000
1,7444400
1,7487700
0,7427200
1,7500500
1,7417900
0,7442800
1,7411800
1,7521200
0,7500200
0,7416900
0,7422500
0,7796100
1,8070800
0,7600100
0,7406300
0,7507700
0,7486100
0,7625400
1,7490900
0,7539800
0,7764400
0,7545300
1,7609600
1,7551100
1,7718000
0,7581300
1,7592600
1,7543200
1,7830900
0,7551800
0,7750900
0,7470100
0,7723000
1,7489400
0,7667300
1,7462300
0,7537400
0,7689400
0,8017300
0,7534400
0,8194000
1,7567300
1,7697500
0,7624400
0,7713300
1,7613600
0,7758900
0,7560600
1,8260600
0,7628100
0,7851700
1,7646700
1,7676200
0,7624900
1,7690700
1,7632200
0,7682300
0,7625500
1,7693800
0,7640300
0,7681900
0,7624500
1,7810700
0,7643300
1,7677600
0,7634900
1,7836100
1,7930400
0,8580700
0,8498400
1,8037600
1,8999200
1,7845200
0,7629500
1,7717000
0,7625800
0,7682100
0,7624700
0,7903800
0,7630000
1,7928500
1,7741700
1,7818200
1,7784500
1,8722600
1,8426500
0,7984500
0,7792200
1,7825300
1,7842200
0,7803100
1,7795100
0,7793700
1,7826600
1,7650600
0,7636200
0,7709000
1,7644500
1,7852200
1,7610300
1,7730500
0,7650100
1,7755200
1,7602000
1,7763200
1,7653300
1,7687800
0,7490700
0,8009900
1,7762200
0,7616300
0,7507300
1,7540600
1,7480400
1,8102600
1,7456400
1,7602100
0,7486500
0,7546000
1,7468200
1,7674400
1,7613300
0,7667400
1,7615600
1,7680500
0,7640000
1,7659400
0,7626800
0,7697100
0,7644000
0,7692000
1,7616900
0,7747100
1,7404900
0,7506000
0,7379500
0,7387700
0,7505800
0,7520000
0,7382200
1,7290800
1,7676100
0,7542800
0,7697500
1,7444100
1,7573100
0,7465800
0,7540900
0,7491400
0,7848900
0,7469700
1,7633300
0,7485200
0,7545800
0,7470500
0,7633900
1,7500900
1,7518200
1,7464400
0,7585900
0,7765900
1,7497900
0,7470900
1,7517800
1,7476900
1,7505800
0,7467400
1,7785900
1,7476300
1,7551400
1,7461800
1,7532300
1,7488500
0,7501700
1,7471000
1,7601100
0,7399200
0,7581900
0,7681600
0,8277300
1,9182300
1,7658800
1,7405700
1,7478600
0,7399400
0,7516700
0,7616300
1,7689300
0,7641200
1,7743400
0,7625400
0,7682500
0,7645300
0,7680400
1,7616300
0,8178200
1,9831100
1,7720000
1,7549300
0,7402000
1,7393800
1,7563700
1,7702700
0,7655700
0,7321700
0,7456700
0,7377800
1,7514800
0,7320600
0,7436800
0,7380200
1,7424100
1,7435200
0,7555500
0,7454300
0,7336300
1,7429300
0,7380400
0,7459900
1,7310600
0,7715900
1,7538100
1,7878400
0,7342400
0,7471000
0,7412300
1,7466500
1,7336600
0,7844200
0,7384500
1,7723300
1,7555300
1,7375900
1,7498800
0,7383000
0,7506700
1,7375600
0,7580400
0,7413100
0,7578400
1,7465100
1,7547700
1,7530300
1,7580000
1,7462300
0,7550600
1,7476300
0,7992400
1,7774500
1,7671200
1,7503700
1,7622500
0,7472000
0,7589200
0,7467500
0,7532400
1,7463200
1,7610100
1,7487400
1,7527000
0,7514000
0,7659200
1,7471700
1,7551600
1,7476400
0,7385700
1,7478000
0,7394700
1,7399300
0,7741700
1,7435100
0,7390800
1,7558100
0,7523400
1,7543300
1,7908400
0,7478900
1,7413700
1,7747500
0,7640400
0,7773900
1,7750200
1,7822800
1,7663100
0,7742200
0,7639000
1,7666900
0,7641300
1,7810900
1,7651500
0,7707800
0,7674400
0,7853800
0,7687700
0,7730200
0,7654200
0,7709800
0,7651100
0,7743900
1,8518500
1,8989400
1,7643500
0,7758200
1,7647200
1,7676400
1,7632600
1,7865700
0,7630500
0,7682000
1,7642500
1,8174700
0,7628800
1,7735200
0,7624900
1,7685900
0,7627900
0,7771100
1,7614300
0,7725600
0,7628600
0,7680300
0,7625300
1,7993000
0,7897500
0,8216000
1,8570800
1,8005600
1,8010600
1,8722100
1,7680200
1,7803200
1,7773100
1,7808000
0,7883700
0,7822500
0,7812400
1,7841400
1,7812800
1,7819300
1,7781500
0,7945500
0,7817200
0,7745200
1,7819500
1,7640200
1,7799700
0,7647200
1,7620200
0,7695100
1,7757800
0,8055600
1,7784500
1,8166100
1,8045600
0,7732300
0,7805000
0,7863800
1,7830400
1,7833700
1,7881300
0,7858300
0,7838200
1,7956100
0,7807600
1,7865600
0,7852900
0,7830700
0,7849300
1,7719300
1,7715400
1,7658800
0,7740100
0,7649600
0,7736200
0,7665000
1,7754700
1,7744900
1,7734700
0,7668700
0,7888000
1,7662500
1,7653400
0,7427500
0,7440300
1,8570600
1,7748500
1,7396800
1,7559100
1,7497600
1,7377600
0,7497900
1,7437900
1,7505900
1,7345700
0,7916500
0,7705700
0,7939500
0,7650000
0,7784100
1,7669800
1,7772000
1,7650300
1,7913400
0,7769500
1,7796400
1,7668500
0,7722800
0,7668800
1,7730800
1,7684000
1,7736100
0,7652200
1,7718100
1,7643400
0,7803400
1,7640500
1,7734200
1,7658800
0,7934000
0,7868000
0,7878600
0,7830200
1,7779200
0,7666600
0,8155900
1,7640000
0,7791300
1,7899600
0,7729000
0,7652000
0,7730900
1,7680100
1,7739200
0,7489200
0,7718900
0,7549000
0,7681700
0,7507000
1,7627900
0,7559300
1,7669500
0,7533500
0,7640300
1,7523000
0,7714700
0,7561300
0,7451400
0,7425800
1,7499200
0,7364700
1,7603100
0,7467900
0,7686300
0,7540200
0,8052700
0,8647400
1,7644300
1,7599700
0,7529100
0,7516100
0,7557400
1,7488400
1,7536900
0,7633200
0,7530300
1,7486100
0,7471500
0,7552600
1,7462100
0,7554700
1,7460700
1,7524800
0,7406500
1,7780700
1,7341200
1,7631600
1,7410300
1,7514200
0,7410400
1,7372700
1,7487700
0,7563700
1,7340400
0,8973300
0,7568000
0,7607600
0,7621400
1,7598800
0,7631600
0,7667500
1,7733800
0,7630500
1,7481300
0,8040100
0,7546900
1,7580100
0,7513400
0,8040600
0,7541200
0,7838700
1,7466000
1,7647500
0,7549400
1,7616400
1,7463400
0,7786700
0,7544400
0,7739100
1,7568100
0,7629600
1,7524200
0,7596700
1,7340300
0,7458700
0,7410200
0,7617300
1,7436600
0,7498300
1,7403500
0,7426800
0,7444900
0,7495600
0,7539600
0,7404800
1,8718100
1,7682100
0,7713500
0,7724400
0,7686800
1,7759400
0,7673600
1,7846200
1,7683600
1,7850600
0,7781100
0,7832600
0,7691400
0,7736300
0,7646900
0,7741600
0,7686800
1,7728500
1,7663800
1,7740200
0,7688200
0,7665800
0,7736600
0,7764400
1,8222300
1,7726800
0,7644700
0,7490400
0,7606400
1,7439400
1,7564900
0,7360700
1,7636400
1,7428200
0,7804700
1,7352700
1,7563800
1,7442500
1,7909300
1,7577700
0,7812000
0,7674100
1,7724900
0,7712300
0,7725400
1,7657100
0,7729400
1,7662900
1,7743800
0,7626500
1,7666800
0,7647800
1,7681900
1,7366900
0,7526300
1,7393100
0,7534300
1,7334300
0,7466000
0,7396900
0,7378300
1,7359300
0,7454500
0,7392400
0,7511100
0,7382100
0,7540000
1,7410700
1,7410900
0,8426100
1,8238900
0,8583700
0,8519900
0,8850400
1,9159400
1,8268800
0,9628700
1,8982800
0,7806500
0,7826000
1,7792500
0,7799300
0,7809900
1,7775900
1,7876000
0,7814200
0,7807100
1,7788500
0,7789200
0,7865900
1,7779900
0,7616500
1,7459600
1,7549400
1,7463700
1,7543600
0,7680600
0,7699800
1,7459600
1,7511900
1,7455200
1,7501300
0,7750400
1,7462700
1,7456400
0,7395500
1,9072500
1,8217100
1,8938200
0,8788400
0,9047000
0,8563000
0,8699100
1,7878300
1,7295900
0,7463500
1,7569800
0,7804900
1,7785600
1,7786300
0,7805000
1,7798100
1,7782600
1,7793800
1,7800500
1,7811000
1,7808000
1,7816900
1,7782500
0,7775100
0,7470200
1,7632200
0,7473200
0,7518500
0,7507200
1,8074100
1,7656400
1,7804400
1,7559700
1,7757300
0,7585900
0,7554300
0,7555200
0,7690600
0,7622600
1,7675700
1,7602600
1,7689900
1,7619300
1,7770200
1,7610800
0,7705900
1,7598200
1,7732600
0,7628800
1,7629800
1,7485000
1,7635300
1,7379000
1,7397200
0,7539300
0,7321600
0,7571500
0,7630400
1,9747000
1,8557900
0,8715200
0,8464400
0,8151500
0,7883000
0,7917800
1,7828200
0,7830800
0,7838800
1,7853500
1,7856100
1,7808000
1,7898800
0,7799000
1,7821400
1,7794000
1,7778700
1,7734700
0,7737100
1,7683200
1,7760600
1,7626600
1,7723300
1,7670800
0,7756500
1,7645100
1,7753400
0,7665400
0,7914900
0,7490900
1,7624900
0,7550500
1,7655500
0,7657600
1,7559700
0,7628000
0,7569800
1,8900700
1,7716000
1,7904900
0,7810800
1,7590100
0,7719000
1,7703300
1,7839800
1,7708100
0,7734600
1,7642200
0,7782500
1,7661200
1,7725800
0,7682000
0,7766300
0,7752400
0,7723200
0,7561100
0,7453200
0,7770700
0,7580900
1,8030600
1,7520900
0,7692300
0,7765900
1,8797500
1,7417500
0,7411500
0,7413200
1,7554200
1,7532500
0,7669400
1,7547200
1,7806100
0,7550100
0,7697500
1,7502900
1,7568100
1,7467600
0,7693700
0,7472900
0,7597000
0,7471000
0,7397400
1,7380400
1,7402600
0,7381300
0,7383200
0,7379500
1,7449100
1,7381400
0,7319200
0,7512600
1,7389300
1,7491300
0,7319600
1,7429000
0,7396500
0,7378800
1,7394300
1,7653600
0,7511000
1,7353600
0,7382200
1,7579700
0,7550200
1,7642700
1,7521900
1,7444900
1,7425300
0,7900400
0,7847900
0,7942000
1,7693000
0,7549500
1,7471600
0,7677100
0,7494200
1,7568700
0,7506000
1,7615300
1,7620200
0,7562100
1,7623900
1,7895900
0,7709400
1,7617600
1,7691900
0,7624900
1,7686200
0,7742800
1,7694000
1,7618500
1,7709500
1,7602800
0,8066600
1,7541600
1,7716000
0,8069300
0,7614900
1,7513000
1,7547700
1,7481300
1,7510900
1,7480800
0,7671700
0,7470200
0,7658200
0,7488200
0,7548500
0,7575500
0,7585900
1,7571600
0,7754100
1,7488400
1,7522300
1,7480000
0,7525200
0,7472700
0,7542700
0,7484700
1,7593500
0,7470900
1,7525900
0,7508500
1,7507900
1,7669500
1,7527500
0,7487600
1,7593600
0,7468700
1,7530900
1,7478100
1,7467100
0,7627800
0,7415700
1,8677400
1,8831600
1,8779900
1,8957000
0,7622600
0,7612800
1,7564900
0,7487200
0,7459700
0,7806300
0,8063400
1,8029800
0,7683800
1,7685100
0,7625900
0,7692600
0,7811900
0,7818200
0,7624700
1,7695700
0,7627800
1,7803900
1,7617300
1,7683600
1,7639000
1,7731300
0,7629400
1,7787100
0,7625600
1,7701000
1,7623400
1,7722700
1,7619200
1,7710300
1,7600200
0,7728800
0,7631400
0,7736900
1,7468000
0,7539000
0,7470800
1,7482000
0,7648400
0,7486300
1,7531400
1,7466500
1,7511400
0,7523700
0,7730900
0,8112200
0,8572000
1,7836100
1,7991600
1,7921800
1,7777500
1,7681400
1,7692400
0,7626800
1,7805900
0,7760800
0,7796000
0,7659900
1,7816100
0,7657500
1,7801500
0,7785700
1,7847700
0,7795000
1,7815300
0,7797700
1,7831600
0,7793100
0,7852300
0,7841900
0,7809100
0,7806000
0,7844700
1,7800500
1,7836400
1,7789400
0,7817400
0,7847700
1,7792400
1,7818300
0,7829900
0,7875700
1,7815200
1,7808200
1,7810900
1,7821700
1,7668900
0,7731800
0,7767900
1,7659600
1,7765200
1,7748300
1,7689000
0,7662200
1,8091300
1,7654500
0,7706300
0,7624200
1,7746000
0,7626400
1,7713300
1,7620900
0,7817800
1,7662500
1,7697100
0,7685000
0,7625100
0,7709000
0,7950800
0,8235100
0,8432600
0,8127900
0,7839100
0,7811900
1,7787700
0,7840200
1,7805500
1,7796400
0,7788800
1,7826800
0,7789100
1,7779600
0,7788300
0,7836400
0,7784900
0,8012100
0,7962100
1,7869100
0,7833600
1,7841400
1,7844600
1,7830600
0,7828000
0,7837800
0,7828200
1,7871900
0,7732000
0,7751400
0,7535100
1,7651600
1,7619300
1,7928200
1,7535000
0,7627700
1,7534400
0,7644600
1,7526100
0,7545600
1,7609400
0,7542100
1,7716600
1,7479000
0,7605300
0,7542100
1,7640800
1,7486200
1,7821600
1,7540400
1,7747000
1,7538000
0,7637400
1,7538600
0,7704300
0,7514400
0,7477300
0,7427600
0,7545800
1,7337900
0,7515200
0,7425800
0,7519600
0,7339400
0,7730000
1,7462000
0,7794000
1,7343300
1,7499000
0,7425600
0,7541800
0,7342400
1,7756400
0,7369300
0,7557200
0,7349400
1,7434000
0,7592200
1,7715400
1,7624100
1,7424200
1,7647300
0,7568800
0,7570400
0,7552000
1,7844800
1,7637300
1,7512200
1,7465600
1,7516600
1,7483900
0,7628300
1,7504900
0,7563700
0,7475400
1,7701700
0,7636300
0,7513000
1,7388300
0,8045800
1,7868300
1,7613500
1,7541600
1,7896700
0,7319700
0,7482900
1,7404400
0,14730500
1,7695100
0,7645500
0,7726100
1,7620000
1,7688100
1,7636800
1,7612300
1,7732400
1,7631100
0,10035600
0,7735700
1,7629400
1,7731800
0,7633600
1,7693100
1,7617100
0,7829700
1,7624700
0,7688800
1,7613700
1,7691500
0,7625200
0,7698600
0,7625200
1,7748600
0,7384300
1,7383900
1,7375000
0,7392600
1,8058400
1,7469500
0,7666900
1,7370400
0,7451100
1,7300600
0,7459200
0,7398100
1,7657400
0,7467400
1,7837600
1,7621900
1,7823700
0,7494000
1,7985800
1,8082100
0,8609800
1,8487300
0,7589000
0,7580200
0,7732900
1,7551500
1,7746200
0,7653900
1,7722500
1,7656100
0,7873100
0,7670600
0,7739800
0,7670500
0,7909400
0,7658500
1,7725300
0,7664400
0,7788100
0,7758600
0,7776900
1,7657700
0,7733900
1,7652400
1,7721200
1,7660200
1,7759200
1,7657600
1,7837300
0,7674100
0,7764700
0,7617200
1,7467200
0,7340400
0,7548500
1,7421000
1,7731700
1,7339600
1,7548600
0,7504700
1,7405100
1,7489300
1,7477700
0,7581000
0,7340500
1,7499100
1,7435000
1,7710500
1,7334100
1,7546500
0,7442700
0,7577800
0,7408500
1,7470000
1,7517500
1,7605700
0,7539900
0,7536600
1,7675700
0,7714000
1,7645300
1,7872700
1,7699400
1,7811800
0,7721900
0,7876800
0,7868900
0,7928500
0,8100600
1,7904600
1,7679900
1,7713600
0,7910400
1,7774900
1,7649600
0,7733800
1,7657500
0,7758600
0,7666200
0,7848000
0,7666800
0,7748700
0,7664100
0,8584400
0,7815700
1,7860500
0,7836200
1,7836800
0,7830100
0,7860600
0,7828300
1,7825800
0,7849100
1,7827300
1,7828000
0,7865100
0,7891700
1,7466600
1,7413700
1,7498600
1,7443100
0,7465300
0,7473700
1,7624500
1,7435900
1,7506700
0,7404900
0,7506400
1,7453800
1,7518800
0,7584600
1,7535300
1,7441800
1,7481000
0,7381500
0,8051400
0,7445200
0,7773000
1,7341800
1,7994500
1,8588700
1,8545300
0,8913800
0,8218600
1,7910700
1,7883600
0,7889500
1,7872900
0,7815700
0,7914300
0,7691800
1,7822000
1,7781900
0,7805700
0,7789800
1,7788100
0,7786300
0,7802800
1,7783600
1,7816200
1,8492800
0,7880000
1,7788500
0,7816800
0,7787800
1,7793800
0,7809400
1,7791000
0,7600800
1,7538600
1,7500000
1,7818500
1,8110900
0,7622200
0,7635200
1,7510200
1,7461300
0,7798100
1,7528100
0,7555100
0,7471300
0,7759600
0,7643400
0,7687500
1,7596700
0,7737300
0,7644700
1,7654200
0,7623900
1,7671800
1,7649900
1,7654300
1,7621800
1,7780000
0,7509900
1,7385900
0,7321800
0,7440000
1,7394100
1,7700200
0,7320900
1,7523300
0,7390100
1,7586400
0,7521400
0,7552800
1,7685600
0,7410300
0,7765200
0,7467800
0,7625100
1,7459100
1,7545400
0,7467100
1,7560700
1,7464100
0,7850700
1,7502400
1,7711700
1,7463800
0,7525200
0,7497100
1,7967400
1,7462500
1,7796200
0,7471600
0,7742800
0,7534800
1,7520100
1,7741000
1,7657900
0,7470000
1,7525400
0,7548100
0,7668000
1,7602000
0,8071000
0,7641600
1,7663700
1,7616200
1,8077900
0,7688400
0,7684000
1,7637100
1,7682500
0,7642500
1,7677600
1,7510000
1,7520900
1,7489700
1,7693100
1,7505800
0,7660400
1,7489700
1,7514300
0,7473100
0,7576300
1,7482600
0,7799100
1,7466000
0,7583900
0,7398700
0,7381600
0,7376100
1,7371800
0,7737400
0,7321700
1,7471900
1,7380500
1,7455700
1,7316400
0,7561000
0,7378100
1,7499600
1,7321900
0,7684100
1,7537300
0,7498600
1,7316100
0,7410500
0,7381700
1,7743800
1,7314200
1,8292500
1,8177700
1,8930500
0,8393700
1,7727000
1,7600200
0,7707300
0,7624300
1,7679300
0,7718100
1,7731600
1,7627000
1,7688200
0,7640500
1,7675500
1,7605000
0,7743700
0,7639700
1,7751100
0,7691100
1,7713100
1,7692300
1,7718700
0,7664600
1,8142400
0,7645700
0,8052500
1,7767600
0,7823500
0,7736400
0,7688300
1,7619000
0,7680900
1,7669200
1,7713800
0,7625100
0,7681700
1,7644300
0,7684100
0,7627400
0,7696100
1,7659200
1,7643600
1,7376800
0,7378600
0,7392500
0,7467000
0,7526200
0,7411600
1,7455200
0,7381400
1,7808700
1,7406500
1,7663500
0,7821900
0,7534100
0,7639100
1,7734000
0,7627000
1,7761600
1,7633500
1,7810600
0,7641500
1,7823600
1,7653600
0,7769500
0,7627900
1,9150700
0,7599300
1,7448100
0,7694300
0,7555800
0,7406700
1,7642700
0,7689600
0,7937700
1,7436500
0,7907900
0,7394700
1,7473000
1,7663800
1,7702100
0,7636600
0,7701000
0,7753100
0,7936500
1,7960200
1,7953100
1,7737800
1,7816100
0,7685700
1,7682700
0,7651600
1,7682300
1,7618900
0,7992400
1,7793300
0,7765300
1,7715000
0,7960900
1,7660000
0,8375300
0,7628700
1,7868600
1,7618300
0,7704300
1,7623100
0,7767800
1,7628300
1,7677800
1,7637900
0,7696300
1,7785500
1,7674900
1,7627900
0,7827500
0,7628200
1,7695700
1,7625200
0,7702700
0,7539500
0,7452700
0,7324000
0,7640600
1,7372800
1,7383600
0,7357700
0,7575000
0,7382200
0,7405400
0,7323200
1,7584400
1,8382400
0,7549500
1,7316200
1,7738700
1,7978700
1,8007700
1,7338600
0,7821700
1,7360700
1,7372400
0,7956800
0,7844800
0,7380100
0,7378700
0,7420100
1,7520300
0,7542700
0,7469900
1,7539100
0,7470700
0,7587500
0,7564800
1,7538900
0,7472500
0,7546000
0,7471300
1,7564600
0,7471400
1,7551400
0,7546900
0,7633200
0,7532600
0,7797300
1,7611400
0,8297200
1,7797700
0,7565800
1,7441500
1,7677000
1,7313700
1,7652300
1,7602400
1,7766200
0,7667700
0,7714600
1,7670700
0,7731500
1,7658700
1,7748800
0,7669700
0,7940400
0,7669100
0,7852200
0,7756900
0,7832700
0,7553500
1,7682100
1,7486000
0,7671700
0,7540300
0,7548200
1,7544200
1,7553100
0,7608800
0,7586800
1,7652400
0,7554700
1,7538000
1,7418800
0,7912300
0,7437800
1,7543200
0,7544900
1,7551700
0,7455900
1,7591300
0,7793200
0,7508400
1,7335700
0,7595200
1,7465300
1,7905900
1,7643500
0,8135600
0,7664500
0,7729800
0,7652600
1,7717500
1,7688000
1,7953000
0,7647200
1,7852000
1,7650700
0,7748300
1,7423100
1,7447300
0,7437300
1,7525300
0,7422100
0,7545200
1,7346100
0,7656600
0,7386300
0,7689200
0,8274700
0,7721800
1,7523600
1,8055700
0,7944500
1,9057400
0,8888700
0,8825600
1,8506900
0,7547100
0,7470900
1,7500600
1,7481300
1,7543400
0,7473600
1,7762400
1,7806700
1,8306000
0,7792100
0,7803600
1,7806700
0,7930500
1,7774400
0,7802100
1,7781000
0,7816100
0,7787600
0,7947500
1,7384300
1,8294400
0,8482500
1,8598100
0,8586600
0,7695900
0,7353000
1,7470000
1,7384100
0,7468800
0,7383200
0,7464900
0,7390700
1,7673900
1,7642200
1,7726300
1,7612100
1,7714200
0,7629400
1,7804200
1,7598600
0,7811500
0,7627000
1,7688300
0,7623600
1,7693900
1,7425500
0,7567000
1,7372900
0,7476200
0,7320800
1,7387400
1,7440500
0,7437400
1,7540300
1,7392700
0,7571600
0,7321200
1,7641100
0,7397100
1,8481400
1,7513600
0,7665300
0,7623600
0,7446200
1,7375600
0,7545400
1,7389200
0,7656900
1,7371600
1,7535000
1,7599000
0,7553000
1,7641300
1,7698600
0,7627100
1,7686000
0,7626700
1,7698300
1,7599000
1,7730800
0,7624000
1,7703900
1,7622100
1,7680800
0,7541700
1,7437800
1,7640100
0,7531600
1,7375100
1,7480900
0,7324100
0,7381600
0,7539600
0,7780900
1,7623700
0,7381300
0,7483400
1,7389700
0,7607700
1,7463000
1,7549900
1,7479500
0,7674200
1,7459400
1,7491000
1,7473300
1,7509600
0,7469500
1,7535200
0,7485900
0,7550300
1,7419000
1,7385500
1,7406500
1,7406600
1,7375500
1,7437400
0,7447700
0,7947100
1,8137300
1,7531600
1,8705200
1,8626500
1,8937900
1,7990200
1,8007400
1,7771900
0,7672200
1,8271500
1,7670500
0,7810400
0,7623500
0,7692600
0,7621200
0,7718400
0,7627200
0,7733000
1,7799400
1,7917600
1,7837100
0,7897400
0,7836500
0,7816500
0,7829600
0,7862600
0,7826800
1,7880800
1,7825100
0,7993100
1,7782900
1,7743100
1,7659300
1,7757800
1,7648800
1,7982400
1,7779600
1,7741800
0,7674200
0,7719900
0,7682200
0,7731900
1,7678100
0,7742900
1,7608100
0,7613900
1,7541000
0,7627200
0,7573400
0,7584400
0,7553500
1,7609500
0,7568900
0,7564100
1,7554000
1,7608700
0,7546600
1,7396400
1,7404100
0,7403700
0,7576000
0,7449700
0,7698400
0,7427400
1,7601300
1,7410400
1,7423100
1,7483600
1,7590900
1,7435200
1,7674600
1,7503300
0,7627300
1,7537200
0,7572500
0,7555500
0,7641200
1,7549700
0,7856000
0,8073800
0,7922600
0,7582200
0,7796600
0,7697000
1,7771300
1,7653300
0,7737600
0,7653700
0,7780100
0,7755500
1,7754100
0,7657100
1,7723700
0,7678200
1,7732700
1,7667200
0,7472600
0,7428600
0,7724000
0,7447600
0,7449800
1,7427500
1,7917200
0,7462100
1,7616500
0,7703400
0,7542100
1,7453600
0,7413900
1,7624600
1,7729000
1,7658400
1,8102500
0,7672400
1,7740600
0,7676800
1,7636100
1,7714400
1,7660100
0,7752100
1,7642100
1,7713800
0,7477000
0,7673300
0,7404200
1,7446800
0,7426700
0,7505700
0,7492400
1,7533500
1,7426200
1,7489400
1,7403700
0,7501300
0,7419200
1,7580400
1,7408000
0,7425800
0,7428700
1,7535700
0,7562300
1,7484700
1,7401600
0,7598500
1,7534100
1,7780500
1,7640500
1,8109700
1,7970300
1,8334000
0,7919300
0,8679300
0,8573400
0,8457200
1,8454800
0,8210400
0,8639000
0,7632100
0,7712100
0,7627000
0,7685500
0,7787600
1,7877600
0,7793600
0,7785900
1,7787000
0,7926900
0,7812400
1,7824500
1,7804900
1,7821600
1,7789100
1,7866200
1,7805500
0,7683900
0,7627100
0,7693200
0,7641100
0,7711700
1,7627000
0,7752400
0,7640500
1,7690300
1,7600500
1,7695300
0,7644000
1,7698200
0,7353100
1,7375800
0,7509800
1,7379700
0,7444500
0,7382600
1,7572500
0,7415700
0,7392800
1,7353900
1,7810300
0,7471000
1,7424900
1,7382900
1,7547500
0,7383800
0,7439300
0,7477200
1,7559200
0,7385000
1,7565900
1,7385300
1,7384100
0,7763000
0,7581000
1,7435800
1,7791400
0,7652800
1,7493500
1,8004000
1,7579100
1,7652300
0,7511500
0,7606500
1,7474200
0,7544600
0,7472400
1,7561200
0,7562900
0,7826500
1,7686000
1,7763400
1,7816400
1,7732900
1,7681800
1,7738100
0,7674300
0,7855400
0,7790300
0,7788700
0,7647800
0,7842300
0,7641100
1,7633400
1,7484200
1,7643000
0,7562100
1,7771600
1,7484700
0,7671600
1,7531600
0,7600000
1,7487500
1,7647200
0,7549900
0,7675300
0,7344000
0,7758300
1,8326300
0,7537800
0,7421400
1,7475700
0,7429200
0,7593500
0,7427400
0,7891300
0,7915200
1,7565700
0,7428900
1,7567200
1,7432700
1,7489200
1,7413200
1,7475400
0,7728600
1,7444200
1,7499100
1,7363900
1,7497000
1,7426500
0,7491700
0,7343400
1,7620600
1,7510600
1,7616100
1,7600200
0,7817700
0,7567800
0,9291300
1,8100700
1,8520000
1,8557200
1,8397600
1,7848600
0,7798200
0,7940600
1,7803900
0,8261900
1,7854700
1,7837000
0,7815400
1,7862900
1,7856800
0,8426000
0,8226600
1,7849300
0,7830000
1,8276800
1,7649400
1,7883000
1,7616600
0,7595900
1,7573100
0,7810100
1,7449400
0,7478500
0,7426100
0,7481300
1,7439800
0,7496300
0,7585000
1,7742900
1,7673400
0,7879400
1,7663000
0,7801400
1,7669800
0,7722100
0,7672800
0,7691500
0,7725100
0,7651400
0,7717700
0,7533300
0,7551600
1,7435900
0,7422300
1,7409700
0,7620200
0,7472900
0,7507600
1,7462300
1,7494900
1,7502300
1,7834200
1,7504000
0,7702000
0,7545000
0,7574600
0,7569800
1,7655600
1,7490100
0,7637100
0,7566400
1,7723500
0,7561700
1,7946800
0,7773300
0,7759900
1,7616800
1,7748200
0,7697100
1,7885300
0,7667400
0,7752600
0,7646300
1,7726400
0,7673300
0,7913400
0,7653600
1,7778800
0,7665900
1,7823700
1,7610300
1,7671900
1,7530300
0,7564600
0,8803200
1,7664000
0,7548300
1,7617100
1,7552600
1,7552500
0,7508200
1,7603300
1,7607500
0,7341800
1,7555100
1,7414100
0,8495500
0,7509600
1,7689600
1,7420400
1,7490700
0,7416200
0,7395700
0,7437400
0,7582800
0,7427100
0,7705000
0,7576100
1,7662100
1,7542700
1,7579400
1,7927900
0,7647400
0,7547700
1,7579900
0,7552700
0,7597200
0,7544500
1,7617700
1,7538900
0,7658700
1,7739300
0,7933300
1,7507600
1,7733900
1,7641600
1,7644700
1,7507800
0,7706900
0,7541600
1,7738500
1,7472900
1,7533900
0,8222700
0,7751200
0,7589500
0,7627300
0,7555400
0,7776300
0,7758300
0,7496600
0,7833900
1,7521400
0,8445700
0,8230300
1,7944300
0,8489700
1,7673200
0,7766700
1,7692800
1,7730900
1,7656900
1,7745700
0,7693900
0,7718300
0,7664200
1,7731400
0,7706400
1,7807100
0,7670100
1,7750000
0,7683700
1,7666600
0,7719500
1,7660000
0,7750700
0,7673000
1,7718000
1,7660800
0,7759800
0,7639500
1,7418700
0,7422700
1,7571300
0,7405600
0,7613000
1,7419300
1,7551300
0,7424200
1,7407000
0,7566200
0,7595700
1,7664900
0,8308600
1,7643100
0,8002200
1,7655500
1,7720300
0,7645100
0,7861500
1,7660700
0,7732400
1,7682100
1,7737900
1,7669900
1,7712600
1,7683000
1,7474800
0,7425600
0,7786300
1,7477500
1,8031400
0,7788700
1,7654100
0,7556800
0,7401000
0,7775400
0,7624700
0,7448400
1,7568300
0,7613000
1,7722600
0,7691500
1,7705800
0,7649200
0,7726800
1,7679600
0,7851900
0,7648100
0,7869000
1,7699400
0,7838200
0,7663200
1,7594900
1,7434500
0,7639100
0,7424400
0,7413400
1,7468700
0,7499900
0,7575400
1,7393200
0,7475000
1,7409500
0,7424500
0,7427800
0,7739800
0,7426400
0,7558700
0,7337800
0,7538900
1,7428800
1,8709000
1,8530900
1,9004800
1,9156800
0,8558600
0,9041000
1,7571300
1,8033700
0,7812200
1,7939800
1,7827000
1,7849400
1,7831800
0,7855000
0,7830700
1,7878200
1,7860200
0,7851600
0,7810400
1,7631800
0,7570600
0,7586300
0,7342800
0,7613900
1,7406600
1,8048300
1,7355600
0,8246100
0,7752900
1,7610600
0,7404500
0,7926400
0,7597300
0,7712700
1,7650900
0,8036200
0,7980200
1,7849300
1,7993000
0,7933200
1,7750800
1,7736300
0,7674000
1,7769300
1,7643600
1,7796000
1,7839100
0,7870200
0,7809000
0,7843000
1,7821500
0,7848100
1,7799200
1,7830600
0,7833700
1,7864000
0,7835100
0,7856800
0,7543600
0,7772600
1,7522400
0,7577400
0,7623800
1,7625400
1,7541300
0,7598900
1,7487400
0,7821800
0,7552100
1,7729700
0,7479500
1,7980200
1,7624300
1,7692200
1,7639800
0,7674800
1,7614200
0,7683900
1,7633800
0,7686800
0,7626900
1,7679900
0,7641500
1,7684700
1,7436000
1,7377200
0,8000000
0,7382500
1,7501000
0,7381500
0,7555400
1,7467400
0,7401500
1,7635000
0,7584700
0,7319500
0,7514200
1,7595100
1,8005900
1,7661000
0,7786400
1,7619700
0,8102800
1,7620700
1,7673400
0,7624000
1,7672300
1,7621400
0,7709500
0,7627500
0,7702700
0,7624900
1,7711500
1,7625700
1,7696700
1,7621700
0,7687300
1,7619300
0,7701200
0,7624400
1,7730600
0,7627200
1,7796800
1,7516400
1,7516100
0,7323200
0,7634400
0,7382100
0,7453300
1,8297900
1,7477900
1,7371600
0,7398800
0,7316000
0,7474400
0,7384100
0,7464300
1,7316400
1,7402300
1,7499200
0,7658500
0,7743300
0,7400300
1,7442100
0,7381200
0,7420200
0,7399100
0,7453000
0,7383500
0,7397500
1,7509700
1,7584300
1,7463100
0,7548200
1,7475400
1,7508600
0,7683000
1,7530600
0,7504900
0,7541700
1,7482200
1,7519000
1,7499700
0,7428700
1,7511500
1,7319400
1,8690100
1,8689300
1,8941300
0,9320000
0,8414100
1,8737200
1,8349700
1,8801100
0,8654900
1,8698100
0,7833800
0,7815400
0,7838300
1,7759100
1,7824700
1,7805500
0,7827100
1,7779600
1,7962600
0,7789600
1,7796000
0,7805300
1,7776700
0,7625200
1,7704100
1,7643200
0,7764900
0,7626300
0,7713900
1,7646200
1,7684900
1,7621900
0,7874900
1,7800500
0,7708800
0,7853100
1,7547700
1,7484000
0,7544000
0,7523200
0,7472500
0,7541900
1,7487200
1,7531000
1,7450800
0,7565600
1,7509700
0,7525200
0,7504100
0,7553100
0,7467400
0,7829700
1,7455800
1,7652000
1,7460800
0,7680000
1,7476100
1,7825300
1,7528600
0,7542800
0,7468700
1,7588500
1,7459900
0,7612300
1,7467300
1,7568200
0,7469600
0,7693400
0,7479200
1,7781100
0,7952900
0,7797900
1,7501900
0,7573500
0,7549100
0,7468200
1,7679400
1,7482400
0,7526800
1,7461700
0,7686200
0,7488300
1,7508200
1,7466700
0,7966900
1,7479400
1,7612500
1,7470900
1,7520700
1,7376100
1,8285500
1,7555800
0,7522700
0,7691300
1,7438300
1,7377900
1,7696100
1,7389000
0,7426500
1,7353500
1,7378100
0,7519600
1,7517300
0,7475000
1,7708900
0,7474700
1,7464100
1,8657900
1,8825600
1,8817200
0,8921100
0,8093500
1,8767300
0,8472900
1,8008400
1,7852300
0,7836600
1,7826600
0,7844600
0,7958000
0,7841700
1,7818800
1,7979000
1,7847400
0,7864800
0,7806300
0,7855500
1,7700200
1,7724500
0,7666100
0,7710300
1,7671300
1,8200400
1,7677100
1,7749000
1,7652700
1,7744400
0,7685400
1,7877700
1,7657400
1,7793700
0,7627200
1,7715800
1,7618900
1,7655000
0,7624900
1,7701000
0,7626000
0,7687600
1,7673500
1,8062300
1,7905700
0,8113300
0,7713900
0,7792900
1,7673400
1,7680900
0,7626300
0,7902400
1,7620600
1,7813400
1,7751000
1,7773600
0,7735300
0,7690100
1,7702100
0,7738600
0,7626200
1,8014300
1,7630400
1,7687200
1,7626000
0,7728900
0,7637800
1,7677500
1,7620900
0,7775100
0,7643300
1,7666600
1,7614300
1,7894000
0,7662700
0,7682800
1,7619000
1,7671900
0,7639100
1,7656400
1,7726300
1,7668600
1,7712100
1,7733700
1,7496400
1,7660900
0,7569400
0,7663900
0,7490700
1,9153800
0,7551700
0,7667400
1,7535300
1,7535700
1,7545600
1,7702200
1,7544500
0,7404200
1,7445500
1,7416400
1,8580000
1,7616100
1,7527700
1,7904800
1,7385300
1,7409600
0,7328200
0,7380400
1,7555000
1,7380400
0,7749300
1,7473100
1,7736400
1,7481200
0,7582100
0,7681100
0,7659300
1,7486000
1,7532500
0,7469700
0,7547700
0,7512900
0,7530600
0,7468600
1,7527300
0,7487000
0,7636600
0,7471700
0,7562800
1,7481500
0,7573900
1,7462200
1,7690900
1,7589500
1,7541000
1,7460600
1,7500900
0,7501100
1,7388800
0,7384600
0,7442500
0,7418000
0,7379800
0,7648600
1,7466500
1,7389100
1,7371300
0,7476900
0,7352100
0,7468800
0,7327500
1,7465300
1,7380500
0,7735800
1,7323000
1,7524300
0,7381900
0,8033600
1,8191200
1,9908700
1,8910400
1,7550200
1,7461500
0,7693700
0,7627000
1,7811400
0,7629300
0,7690600
0,7644000
1,8045500
1,7661800
0,7679600
1,7624300
0,7668300
0,7626100
0,7811200
0,7490500
1,7542500
0,7473100
1,7530600
0,7519300
0,7686700
1,7463300
1,7539700
1,7501500
1,7611600
1,7583700
1,7564500
1,7500400
0,7744800
1,7450600
1,7553700
0,7485500
1,7673600
0,7477200
0,7560400
1,7502600
1,7542300
0,7467800
0,7531300
0,7519700
0,7466900
0,7617700
1,7483900
1,7626900
1,7639600
0,7532200
0,7470500
1,7552800
1,7475300
0,7532300
1,7795000
1,7757400
1,7471400
1,7566100
0,7471300
0,7546700
1,7445200
0,7561500
0,7513100
0,7742000
1,7748000
0,7937000
0,7542600
0,7552500
1,7476900
1,7677100
0,7473300
1,7540600
0,7470300
1,7543800
0,7471500
0,7561400
0,7471200
1,7525700
0,7761700
1,7481400
0,7527800
1,7467100
1,8163900
0,7619100
1,7620600
1,7531700
1,7555600
1,7478300
0,7535900
0,7469300
0,8690400
1,7496700
0,7619400
1,7467400
0,7564600
0,7511400
1,7497300
0,7603700
0,7547900
0,7471800
1,7528900
0,7618700
1,7523700
0,7486400
0,7527700
1,7470200
0,7537000
0,7468700
0,7592200
0,7468300
1,7543300
1,7393800
0,7472900
0,7378800
0,7406200
1,7411500
0,7456200
0,7385300
0,7745300
0,7460200
1,7382500
1,7438300
1,7294200
0,7493500
0,7383200
1,7508900
1,7314100
1,7456300
1,7401900
1,7482500
1,7322100
1,7495300
0,7404500
0,7412000
1,7864400
1,7529500
0,8693600
0,7810800
1,7613100
1,7983500
1,8766300
1,7567600
0,7495600
1,7528100
0,7468600
1,7539800
0,7387600
0,7402700
1,7488000
1,7492600
1,7597800
1,7484300
0,8058700
1,7567400
1,7622800
1,7649300
1,7558200
0,7469100
1,7563200
1,7465000
0,7662800
0,7648700
1,7760200
0,7475900
1,7779100
0,7627700
1,7805600
1,7619000
1,7694200
0,7674800
0,7886700
0,7752600
1,7893100
1,7986300
0,7797500
0,7667700
0,7704000
1,7778700
0,7859900
1,7808300
1,7799700
1,7829500
0,7813000
1,7768500
0,7932200
0,7806300
1,7838100
0,7791900
1,7805700
0,7787100
1,7675600
1,7621500
0,7693100
0,7643400
0,7789800
0,7627800
0,8180300
1,7663100
1,7676600
0,7630100
0,7692500
0,7658600
1,7630900
1,7373200
1,7426200
1,7388600
0,7477000
1,7310500
0,7534700
0,7366500
1,7462400
1,7459000
1,7560300
1,7482200
0,7379100
0,7673700
1,7314600
1,7612500
1,7379000
0,7380100
1,7388000
1,8236700
0,7853400
1,7921100
1,7440700
0,7736700
1,7362700
1,8230100
1,8490900
0,8493400
1,9080600
0,7808100
0,8177300
0,7692000
0,7686600
0,7631700
1,7639500
0,8180700
1,7674600
1,7774500
1,7828300
1,7885100
0,7822700
1,7814800
0,8983700
1,7894400
0,7880700
1,8686200
1,11000300
1,9731900
1,8085000
1,7826600
1,7810200
1,7830900
0,7828300
1,7852100
0,7817900
1,7848300
0,7813600
1,7821200
0,7817300
0,7835800
0,7836900
0,7922800
1,7834700
1,7841600
1,7997700
0,8096600
1,8429200
0,8323700
0,7676700
0,7729700
0,7660900
1,7716500
1,7663000
1,7691900
0,7669300
0,7748000
1,7690800
0,7838300
0,7830000
0,7878300
1,7819600
1,7885600
1,7819400
0,8151300
0,7846900
0,7887500
0,7860900
0,7830500
1,8348300
0,7878200
0,7860600
0,7851600
0,7832100
1,7893700
0,7843900
0,7856800
1,7811400
1,7829600
1,7843800
1,7868200
1,7844200
1,7858700
0,7545700
1,7493700
0,7409100
1,7686000
0,7987800
0,7913900
1,7410000
0,7462600
0,7410700
0,7514900
0,8761000
0,7522600
1,7330800
0,7816300
1,7824200
0,7873000
1,7810600
0,7912400
1,7831600
1,7927100
0,7842700
0,7811500
1,7845700
0,7852300
1,7846500
0,7836400
1,7741500
0,7674700
1,7748000
1,7670600
1,7703300
1,7724500
1,7740700
1,7660800
0,7664400
0,7716700
0,7663900
0,8161100
1,7659000
0,7817500
1,7425600
1,7514300
1,7419000
0,7422800
1,7450500
1,7856000
1,7451800
1,8437500
0,7432800
1,7599500
1,7446700
0,7759500
1,7745700
0,7748800
1,7720400
1,7828000
1,7641600
0,8013200
0,7684600
1,7751500
0,7649600
0,7760400
0,7690100
0,7755500
1,7662800
0,7732300
1,7656800
1,7692700
0,7666400
0,7717500
1,7682200
1,7692900
1,7637000
0,7958400
0,7672100
1,7755100
1,7670900
0,7822300
1,7357200
0,7508700
1,7418800
1,7502900
1,7356700
0,7511600
1,7645000
0,7466600
1,7422100
0,7488700
0,7401800
0,7423100
0,7828200
1,7483200
0,7702700
0,7586900
0,8223200
1,7422400
1,7512000
1,7441600
0,7636200
1,7402500
1,7474100
1,7508800
1,7409800
1,7426200
0,7629700
1,7561700
1,7667100
1,7545800
1,7649100
0,7593200
0,7583000
0,7554300
0,7645200
1,7561100
0,7572000
0,7634300
0,7850100
1,7544400
0,7945600
1,7312900
0,7721000
1,8442500
1,7591200
0,7440100
0,7647800
0,7465000
1,7523900
1,7333300
0,7425600
1,7651900
1,7441100
1,7716400
0,7665900
1,7726000
0,7949300
1,7852500
0,7716700
0,7687900
0,7830000
0,7663000
1,7861000
0,7689400
0,7730000
1,7655700
1,7732000
0,7646100
0,7858100
1,7826000
1,8008700
1,8064300
1,8171300
0,7726900
1,7763600
1,7617300
1,7692200
0,7797300
0,7830300
0,7794600
0,7822400
1,7786600
1,7959200
0,7817700
1,7826200
1,7790000
0,7843400
1,7776100
0,7816500
0,7828200
0,7824800
1,7779400
1,7917700
0,7831700
1,7792800
0,7786400
1,7777300
1,7797500
1,7783300
1,7783900
0,8460400
1,7818700
0,7823000
0,7790600
0,7694000
1,7483000
0,7534900
1,7583500
1,7503900
0,7487100
0,7819200
1,7452600
0,7816400
0,7893300
0,8476400
0,8250400
0,8759600
1,7829000
0,7850700
0,7863500
1,7836000
0,7826100
0,7812200
1,7802800
0,7823300
0,7791500
0,7784300
0,7789100
0,7822000
1,7779400
1,7790000
0,7800900
0,7810500
0,7883800
1,7811100
1,7843000
1,7783600
1,7791700
1,7796900
1,7794500
0,7947500
1,7775500
1,8001600
0,7502000
1,7800500
0,7323800
0,9014900
0,8462400
0,8744700
0,8036000
1,7339400
0,7475800
1,7374100
1,7453800
0,7415400
0,7705200
1,7620700
0,7680500
0,7661900
0,7828500
1,8717200
0,7732000
0,7648400
1,7679300
1,7620000
1,7824600
1,7634300
0,7877800
0,7547000
0,7564000
1,7576700
1,7653900
1,7469200
0,7536400
1,7478500
1,7469800
0,7531300
1,7482500
0,7564900
1,7462400
0,8524700
0,7713000
1,7526500
1,7564900
1,7909000
1,7485400
1,7548700
1,7466900
1,7538900
1,7462800
1,7608500
0,7613200
1,7520400
0,7472300
0,7556400
0,7466400
1,7504700
1,7472200
0,7747300
0,7470500
1,7644500
1,7628600
1,7603600
1,7461800
0,7583000
1,7443100
0,7570300
1,7473900
0,7542200
1,7452000
1,7553500
1,7552600
0,7613100
0,7503900
1,7745300
0,7503400
0,7524100
0,7472900
1,7545900
1,7461400
1,7903400
0,7323900
0,7626500
1,7483500
0,7506000
0,7326700
1,7390800
0,7843000
0,7382600
1,7393900
0,7379800
0,7464500
1,7383800
0,7567100
1,7512600
1,7568200
0,7470000
1,7536700
0,7680000
0,7512300
1,7468000
0,7559500
0,7502100
0,7547300
0,7468900
1,7553800
1,7442800
0,7523700
0,7381200
0,8074500
1,8107100
0,7574100
0,7473700
1,7586000
1,7320500
1,7664000
0,7415900
0,7402600
1,7334800
1,7357600
0,7524400
0,7469400
0,7600500
1,7467800
0,7711200
0,7483900
0,7554900
1,7443800
1,7640600
1,7560700
1,7566000
0,7471100
1,7520600
0,7484600
0,7656400
1,7695600
0,7831300
0,7699700
0,7796500
1,7702400
0,7893200
1,7620800
1,7417000
1,7315100
0,7462400
1,7369800
1,7384100
1,7546200
1,7524600
1,7575800
0,7536100
1,7546400
0,7469200
1,7607800
1,7474100
0,8559000
1,7487600
0,7615000
1,7486700
0,7642500
0,7391400
1,7665100
1,7378500
0,7409700
1,7383700
1,7883800
1,7435400
0,7431200
1,7369000
0,7481700
1,7537600
0,7569900
1,7626600
1,7559400
0,7473000
0,7514700
0,7471300
1,7973200
0,7474100
1,8411300
0,8203400
1,7880200
0,7614200
0,8170400
0,7547400
1,7609000
0,7553300
1,7711400
0,7645500
0,7695100
1,7620000
0,7717800
1,7677400
0,7694800
1,7638000
0,9438200
0,7652700
0,7767400
1,7647000
1,7702900
1,7551300
0,7620100
1,7484000
0,7643200
0,7562000
0,7878900
0,7904000
1,7606100
1,7565500
1,7652600
0,7742000
0,8397900
1,8167400
0,8134800
1,7918300
1,7905700
1,7702800
0,7824400
1,7847500
1,7882600
1,7661100
0,7734100
1,7684500
1,7857100
1,7671700
1,7721200
1,7780800
1,7869600
0,7923300
1,7921800
1,7645300
0,7753700
1,7683900
1,7732800
0,7647200
1,7872700
1,7666400
0,7734300
0,7684000
0,8794300
0,8123700
0,7740400
1,7699100
0,7869200
1,7668300
0,7919700
0,7791300
1,7913500
0,7790600
0,8020100
0,7775900
1,7728500
0,7656600
1,7782900
0,7685400
0,7739000
1,7722700
0,7753400
0,7709700
1,7710600
0,7666400
1,7736800
0,7666800
0,7930800
0,7658600
0,7769400
0,7643800
0,7723900
1,7657700
1,7749400
0,7647200
1,8763500
0,8057800
0,8005400
0,7957900
1,7708200
0,7671100
0,7757200
0,7678000
1,7720400
1,7726900
1,7727800
0,7737900
1,7660800
0,7648800
0,7899200
0,7881600
1,7725500
1,7744600
1,8047500
1,7723900
0,7799500
0,7693400
1,7705900
0,7670600
0,7738200
0,7689100
0,7800100
1,7649600
1,7730900
0,7691500
1,7738400
0,7554900
1,7742600
0,8088600
1,7877300
1,7465900
1,7635700
1,7571900
0,8229000
1,7534700
1,8039300
1,7662100
1,7661900
1,7547600
1,7999400
1,7739600
1,7720000
1,7742700
1,7726600
0,7673300
0,7710200
1,7661300
1,7890500
1,7642800
1,7904700
0,7672400
0,7768700
1,7651500
1,7778700
1,7669700
1,7776100
0,7668000
0,7713400
1,7666900
0,7757100
1,7660600
0,7727100
0,7666500
0,7748400
0,7640400
0,7585000
0,7360100
1,7535200
0,7427800
1,7455500
0,7423400
1,7796600
1,7357900
1,7383500
0,7380700
1,7476700
0,7381500
1,7356500
1,7484200
0,7528500
1,7473000
0,7516500
0,8421400
1,8346100
1,8871100
1,8284000
1,7420500
1,7387100
0,7382900
1,7678600
0,7425700
1,8407000
0,7788800
0,8577900
0,9463700
1,7803700
1,7785900
0,7942100
0,7831300
1,8574200
0,7806800
0,7832700
1,7789200
0,7868600
0,7754700
1,7867300
0,7738700
0,7719500
1,7636700
0,7732300
1,7642100
0,7797800
0,7897100
1,7782900
0,7674000
0,7696600
0,7690100
1,7851800
1,7665700
1,8374900
0,7640100
1,7702900
1,7604400
0,7772700
1,7656000
1,8030300
0,7630800
0,7688700
1,7642300
0,7916600
0,7622000
0,7760300
0,7646800
1,7672800
0,7633900
1,7675000
1,7629300
1,7835900
1,7627000
1,7799100
1,7642600
1,7808700
1,7616700
0,7783800
1,7625100
1,7701700
0,7624900
0,7695900
0,7647600
1,7678100
1,7616000
1,7807700
1,7638300
0,7684300
0,7626200
0,7451300
0,7367300
1,7522000
1,7349900
1,7872200
0,7454500
1,7601400
0,7340800
0,7488600
0,7446000
1,7942100
0,7446700
1,7431800
1,7560500
0,7713000
0,7634400
0,7680900
0,7651000
1,7720800
0,7626600
1,7689500
0,7643900
0,9661000
1,7712100
0,7759400
0,7721100
1,7780100
0,7627700
1,7732400
1,7623100
0,7687400
0,7624000
0,7699900
1,7617500
0,7682400
1,7632200
0,7697000
0,7626400
1,7679800
0,7429900
1,7468500
1,7363100
1,7388400
0,7383300
0,7607700
1,7372800
0,7556400
1,7492000
1,7386900
0,8370900
1,7704800
1,7429800
0,7506500
0,7531600
1,7465600
1,7660000
0,7641700
0,7677500
1,7463200
0,8930200
0,7873600
0,8556500
1,8509600
1,8850300
0,8578000
1,7824900
0,7811400
0,7832500
0,7799700
0,7788000
1,7779400
1,7797400
0,7809500
1,8447700
0,7837500
0,7791800
0,7805600
1,7711700
0,7580700
0,8064500
0,7539700
0,7471200
1,7539400
1,7535000
0,7608400
0,7469400
0,7586100
1,7465200
1,7522900
1,7503900
1,7809200
0,7969100
1,7831700
1,7501300
0,7582800
0,7575200
0,7679000
1,7573300
1,7825100
1,7590800
0,7629000
0,7471700
0,7703200
1,8390900
0,8056000
1,7892500
1,7866800
1,7631900
1,7759100
0,7630900
0,7708100
1,7626600
0,7686400
1,7651200
0,7817400
1,7615800
0,7806400
1,7790400
0,7697000
0,7630100
1,7665300
0,7640800
0,7683600
0,7627100
1,7681500
0,7642100
1,7764100
0,7628700
0,7680000
1,7600900
0,7323700
0,7454600
1,7403100
0,7824500
0,7323200
0,7556600
0,7380400
0,7648600
0,7382100
1,7809900
0,7872900
0,7537600
1,7879300
1,7688200
0,7625900
1,7677600
1,7626900
0,7694700
0,7625100
1,7678900
0,7623600
0,7756900
1,7630400
1,7734100
0,7626400
0,7697900
1,7347900
0,8883100
1,7376600
1,8707400
0,7566200
0,7652900
0,7660500
0,7778400
1,7397000
1,7396600
1,7341300
0,7610800
1,7387700
0,7691300
1,7642700
1,7670000
0,7643300
0,7685600
0,7623800
0,7802300
0,7688300
1,7734400
0,7626000
0,7783500
1,7658500
1,7690600
0,7351300
1,7426000
1,7395300
1,7568700
0,7629600
1,7470800
1,7376200
0,7454700
1,7343400
0,7564700
0,7457500
1,7311400
0,7425500
0,7380800
1,7497400
1,7313200
0,7825600
1,7380700
1,7970900
0,8720600
1,8681100
1,8477300
0,8740500
1,8795200
0,7383800
1,7520300
0,7787900
1,7801700
1,7782800
1,7862400
0,7789500
0,7802600
1,7784000
1,7787700
0,7789400
0,7803100
1,7782600
0,7839800
0,7859500
0,7422300
1,7401300
0,7540100
1,7423600
1,7555900
1,7482700
1,7656800
1,8190300
1,7766900
1,7392600
0,7447200
0,7622600
1,7417900
0,7850900
0,7693500
1,7734800
0,7670900
0,7718700
0,7690500
0,7732200
0,7665400
0,7751900
1,7644800
1,7949600
1,7674400
1,7931100
1,7481500
1,7820500
1,7538400
1,7647900
1,7501000
0,7602200
0,7537500
1,7613200
0,7487900
0,7675300
0,7636900
0,7888500
0,7537900
0,7716500
1,7461800
0,7426900
0,7548200
0,7668300
0,7695100
0,8035900
0,7420900
1,7426100
1,7539500
0,7775800
0,7535500
1,7321000
0,7776400
0,7692200
1,7717800
1,7645000
0,7737200
1,7689700
0,7755400
1,7661200
0,8703400
1,7629500
0,8476400
0,7626400
1,7723100
1,7622300
1,7660400
0,7630100
0,7771800
1,7627500
0,7723800
1,7634200
0,7734600
1,7640100
1,7649000
0,7625400
0,9400500
0,7676200
0,7701600
0,7631200
1,7702600
1,7624300
1,7685300
0,7629200
1,7942700
1,7623300
1,7683800
0,7624600
0,7688000
0,7623000
0,7673800
1,7479500
0,7554300
0,7469700
0,7530900
1,7591500
0,7593400
0,7470600
1,7521900
1,7483800
1,7606300
1,7466400
0,7572500
1,7478100
0,7464700
0,7381300
1,7591700
0,7337700
1,7452700
1,7382600
0,7380500
0,7834100
1,7383400
0,7872300
1,7436500
1,7501400
0,7382400
0,7555000
0,7471600
0,7538600
1,7472800
0,7617100
0,8035000
0,8759200
0,8545900
1,8643200
1,8143600
0,8548600
1,8218100
0,7508800
1,7778400
0,7811100
0,7949900
0,7816100
1,7822100
0,7813900
1,7818600
0,7794200
0,7828600
1,7758600
1,7792400
1,7805800
0,7807900
0,7628200
0,7801400
0,7713900
1,8089100
1,7800700
0,8155200
1,8087700
1,7695400
0,7624900
1,7682600
1,7709600
0,7799300
1,7787400
1,8154000
1,7802200
0,7798100
0,7785900
0,7797200
1,7793900
1,7772500
0,7788800
0,7804000
0,7803700
1,7810500
0,7790200
0,7546700
1,7391600
0,7450200
1,7312800
1,7799100
0,7399800
1,7685100
1,7341900
0,7468000
1,8434600
1,8342700
1,7712100
1,7517400
1,7805700
1,7681700
1,7617600
1,7658900
1,7636200
0,7666200
1,7796800
1,7699700
0,7749800
0,7676700
0,7750900
0,7937600
1,7628100
1,7675900
0,7628300
1,7621000
0,7770600
1,7617700
1,7650400
0,7664600
0,7698900
0,7626400
0,7692800
0,7641400
1,7689200
1,7621900
1,7674400
0,7399400
1,7506700
1,7307100
1,7441700
1,7392500
1,8367300
0,7730400
0,7609200
1,7504200
1,7453100
1,7326900
0,7553500
1,7701600
0,7692600
0,7625800
0,7704700
0,7807200
0,7673900
0,7625900
1,7726400
0,7654300
1,7693300
0,7627500
0,7670800
1,7648800
1,7650000
0,7469200
0,7610500
1,7478700
0,7604800
1,7464900
0,7522800
1,7485100
0,7514100
1,7555800
1,7768600
1,7498700
0,7642300
1,7470600
1,7543300
1,7523100
0,7472300
0,7562300
0,7470300
0,7589600
1,7568600
1,7646700
0,7486400
1,7522100
1,7442100
1,7647200
0,7482800
1,7806600
1,7392900
1,7469000
1,7340000
0,7458600
0,7382400
1,8506800
1,8050400
0,7809200
0,7855100
1,7874500
0,7762900
1,7532500
1,7596900
1,7661700
0,7642900
0,7684800
1,7624400
1,7670200
0,7641700
1,7676900
1,7619400
0,7736000
0,7728000
0,7987700
0,7763100
0,7694800
0,7688600
0,7689300
0,7629400
0,7674500
1,7614100
1,7695200
1,7618500
1,7683300
0,7641900
1,7679900
1,7640100
0,7692700
0,7560200
1,7542900
0,7470600
0,7485000
0,7775600
1,7443200
1,7541000
1,7478600
0,7558600
1,7462200
1,7976400
1,7541200
0,7671900
0,7474200
1,7536600
1,7481600
1,7546500
0,7469900
0,7538500
1,7481500
1,7615900
0,7473400
1,7579300
1,7503500
1,8316400
1,7482300
0,7660100
1,7390900
1,7412800
1,7372600
0,7499100
0,7364600
0,7604900
1,7377600
1,7448900
1,7579200
1,7302200
0,7450000
1,7381200
0,7528800
0,7483000
1,7520100
1,7459700
1,7560300
0,7470100
0,7547000
1,7541300
0,7817500
1,7466900
0,9644500
1,8128800
0,7489900
1,7445300
0,7739500
0,7382400
0,8654700
0,7416900
0,8021500
1,7376600
0,7700300
1,7351200
1,9847700
1,8456700
1,8729200
0,8624500
0,7733200
0,8034900
1,7785600
1,7784000
1,7785800
1,7797900
1,7781400
1,7787000
0,7787600
1,7835100
0,7793300
0,7943900
1,7819600
0,7821700
0,7795400
0,8042200
0,7662500
1,7560900
0,7509200
0,7644900
0,7547400
1,7783300
1,7916200
0,8027200
0,7881800
1,7973700
0,7920500
0,8974900
0,9623300
1,9577900
0,8841600
1,7857400
1,7825300
0,7615000
0,7817800
0,7687700
1,7672000
1,7743700
1,7841500
1,8208600
1,8171800
0,8550000
1,8307500
1,8452200
0,8302800
0,8116700
1,8082200
1,8832900
0,8042200
0,8201300
1,8275700
1,7845100
0,7790400
0,7823600
1,7796500
1,7886600
0,7796600
0,7820100
0,7788900
1,7802900
0,7812300
1,7838900
0,7779300
1,7687900
1,7628500
0,7691100
0,7675000
1,7906100
0,7626800
0,7641500
0,7682700
1,7630900
0,7698800
0,7786800
1,7681600
1,7607800
1,7562000
1,7467600
0,7532800
0,7469900
1,7638900
0,7473000
0,7523600
0,7468300
0,7683900
0,7473100
0,7537300
0,7471300
0,7565200
0,7360800
0,7993500
1,7994600
1,7554300
1,7314800
1,7533900
1,7667500
0,7635200
1,7321800
0,7609800
0,7420000
0,7398800
1,7380500
0,7382800
1,7508500
0,7392700
1,7411900
1,7394400
0,7457800
1,7413900
1,7806300
0,7411000
1,7434700
1,7395400
0,7397500
1,7372800
0,7652100
0,7334300
1,7453800
1,7411600
0,7506200
1,7606800
1,7368800
1,7719200
0,7350600
0,7542500
1,7381700
1,8525700
0,7646500
0,8047800
0,7640800
1,7697100
0,7623600
1,7864100
0,7713000
0,7679500
1,7604000
1,7713300
0,7623800
0,7781900
0,7629700
1,7699400
0,7628800
1,7373200
1,7378400
0,7471900
1,7324000
0,7590400
0,7412900
0,7511200
1,7395300
1,7422700
0,7381200
1,7460500
0,7380500
0,7403400
1,7463900
0,7484000
1,7349000
1,7430500
0,7379800
0,7546000
1,7565200
1,7318700
0,7600400
0,7403100
1,7836100
0,7507500
1,8061600
0,7620700
0,7574600
0,7468700
0,7569200
0,7517600
1,7729100
1,7463900
1,7537700
0,7511800
1,7548400
0,7471400
1,7521600
0,7741500
0,7839800
1,7548900
1,7704100
0,7491600
0,7665100
0,7469400
1,7539500
1,7492300
0,7567100
1,7468300
0,7544100
1,7476200
1,7484800
1,7760500
0,7959700
1,7609600
0,7539900
0,7557500
0,7854600
0,7652800
1,7563600
0,7608500
1,7468300
1,7973800
1,7677200
0,7580000
0,7493100
1,7811200
1,7635200
1,7678200
0,7643000
0,7826500
0,7628400
0,7688700
0,7642100
0,7674600
0,7624800
0,7690700
1,7611600
0,8074400
1,7500200
0,7657300
0,7514600
0,7610900
1,7465400
1,8548600
1,7507000
0,7615400
0,7468400
0,7647500
0,7486500
1,7524300
0,7469800
0,7596200
1,7390300
1,7432300
1,7315600
1,7562900
1,7398500
1,7412100
1,7646400
0,7387500
1,7449500
1,7376800
1,7598100
0,7380400
0,7530200
1,7469500
0,7530100
1,7486400
0,7541800
1,7595800
0,7562000
1,7463000
0,7552500
1,7465300
1,7509900
0,7469800
0,7706700
0,7480600
0,7414000
0,7381600
0,7524400
0,7472300
1,8003600
0,8066700
1,7719700
0,7822300
1,8125100
1,8127800
1,8361000
0,8282800
1,8411400
0,7944400
0,7825700
1,7793600
0,7817900
0,7813300
0,7819500
1,7776700
1,7796800
1,7792900
1,7803600
1,7777200
0,7826200
1,7791600
1,7801700
0,7687300
0,7888000
1,7819700
1,7801900
0,7788900
0,7810900
1,7787200
0,7807100
1,7774300
1,7880900
1,7789200
1,7783300
1,7416800
1,7475700
0,7321800
0,7926300
1,7534800
0,7741800
1,7323300
1,7497000
1,7381900
0,7433700
1,7414000
1,8052800
1,8992000
0,8821600
0,8105700
0,7774700
0,7630200
1,7713100
0,7628100
0,7681100
0,7641900
1,7811800
1,7629300
0,7681900
1,7673800
1,7986200
0,7857800
1,8933100
1,7889300
1,7970200
1,7770000
0,7684700
0,7675700
1,8111500
1,7623900
1,8040600
0,7877400
1,8163000
0,7790300
0,7825800
0,7791000
1,7793600
0,7786100
1,8454400
1,7792200
1,7802600
0,7787500
0,7817200
0,7788300
1,7815700
1,7607400
1,7555200
1,7466000
1,7500100
0,7471500
0,7558100
1,7590400
1,7551500
1,7525100
0,7674800
0,7472500
1,7552000
0,7468900
1,7785100
1,7475000
0,7527100
0,7572800
1,7638900
1,7465600
0,7603700
0,7475300
0,7966700
0,7472000
1,7532900
0,7471400
1,7564600
1,7470100
0,7533600
1,7476000
1,7556600
1,7469000
0,7643600
1,7507400
0,7488300
0,7594200
0,7470700
0,7551100
0,7488400
0,7533700
0,7470000
0,7719100
0,7409200
0,7460600
1,7313400
0,7587200
0,7426200
0,7521600
0,7323400
0,7761000
0,7829400
0,7513000
0,7383900
0,7801800
1,8018400
0,7708600
0,7629500
0,7677300
1,7639300
0,7869800
1,7617300
0,7788200
1,7618500
1,7814800
0,7628900
1,7689000
1,7617500
1,7625100
0,7512900
1,7584400
0,7472800
0,7532900
0,7470700
1,7546900
0,7475100
0,7470200
1,7527700
1,7480400
0,7534500
1,7484400
0,7660800
1,7559400
1,7676700
1,7741400
0,7700800
1,7778700
0,7737500
0,7629700
1,7485100
1,7407500
1,7459100
0,7383700
0,7576200
0,7376100
0,7720000
0,7772800
0,7537100
0,7489200
0,7579600
0,7468900
0,7693900
0,7489200
0,7530200
1,7463800
1,7539200
0,7491900
1,7521700
0,7505900
0,7578300
1,7481200
0,7531500
1,7723600
0,7527300
1,7506200
1,7520600
1,7467200
0,7474100
1,7596800
0,7828500
0,7557200
1,7525500
0,7671000
0,7681200
0,8458100
1,7585000
1,7570200
1,7502700
0,7548400
0,7512100
1,7714000
0,7886100
1,7761500
1,7549800
0,8104700
0,7624900
0,7685200
0,7640700
1,7682900
1,7625400
0,7687500
1,7641700
0,7876100
0,7627800
1,7821900
1,7636900
0,7758000
1,7528600
1,7616300
0,7489700
0,7523500
0,7471000
1,7547400
1,7467400
0,7772000
1,7524700
1,7555800
1,7528400
1,7537200
1,7443900
0,7488000
0,7396800
0,7450400
1,7376100
0,7474700
1,7674900
0,7414000
0,7597700
1,7405400
0,7401300
0,7380600
0,7460900
0,7378800
1,7576500
1,7580400
0,7625700
0,7472800
1,7556000
1,7460900
0,7527800
0,7470300
1,7730000
1,7624900
0,8158300
1,7460900
0,7585300
0,7470300
0,7720400
0,7624700
1,7702800
1,7622300
0,7693100
1,7622500
1,7841400
1,7672000
0,7682100
0,7623000
1,7738000
0,7626500
1,7694800
1,7496000
1,7588100
0,7468700
1,7559300
1,7465000
0,7580300
1,7468600
0,7713500
0,7475800
0,7577500
1,7466600
0,7527600
1,7471700
1,7648800
0,7722400
1,7724100
0,7477700
0,7592300
0,7570000
0,7407700
0,7323300
0,7401700
0,7508600
0,7381300
0,7770800
1,7757800
0,7573900
0,7821000
0,7884300
0,7629200
0,7926800
1,7968200
1,8055600
1,7972700
0,7628500
0,7751100
1,7644500
0,7623800
0,7698900
1,7710600
0,7818000
1,7796400
1,7792600
1,7788700
1,7989900
1,7803800
1,7788200
0,7785200
0,7965400
0,7825500
1,7896000
0,7786400
1,7809200
0,7624000
0,7692600
0,7646400
1,7710900
1,7615500
1,7700000
0,7641900
0,7688800
1,7760400
1,8627100
0,8183100
0,8348500
1,8389300
1,7828000
0,7870800
0,7814400
0,7816900
0,7794100
0,7875800
1,7788300
1,7804200
0,7819800
0,8037400
1,7791000
1,7881000
1,7646900
0,7727300
1,7881300
0,7724900
1,7648100
0,7683000
1,7661100
0,7909100
1,7654200
1,7711100
0,7633900
0,7953400
0,7673300
0,7713800
0,7626300
0,7671700
0,7639600
0,7820600
0,7625200
0,7747300
1,7644900
0,7692600
0,7627800
0,7678300
1,7636500
1,7551000
1,8603300
0,8744200
1,8782200
0,9339500
1,7468100
1,7550600
1,7485300
0,7553200
1,7656700
1,7557300
0,7472800
0,7531100
1,7741900
0,7817800
0,7789800
0,7940100
0,7790100
1,7821100
1,7788400
1,7818500
0,7807100
0,7803600
0,7788700
1,7824800
0,7890900
0,8359400
0,7953100
1,7644500
1,7504600
1,7602000
1,7372200
0,7437100
1,7398000
1,7437300
0,7326100
0,7470800
1,7374400
0,7641600
1,8649500
0,7620200
0,7492300
1,7702700
1,7508000
1,7706200
1,7506900
1,7560300
0,7474200
0,7470700
0,7696600
0,7544900
0,7711200
0,7906900
0,7495600
0,7542600
1,7630200
0,7472300
0,7611900
0,7510000
0,7682700
1,7466000
1,7534000
0,7468100
1,7553600
1,7465000
0,7549800
1,7488300
0,7540700
0,7471500
1,7577500
1,7727900
1,7574100
0,7535400
1,7562100
0,7474500
1,7670600
1,7677600
0,7645600
0,7468800
0,7540800
0,7471900
1,7686900
1,7441800
1,7723300
0,7485400
0,7537700
0,7469700
1,7638900
1,7464700
1,7679300
1,7458500
0,7501800
0,8749100
0,7527500
0,7469500
1,7781000
1,7900900
1,7749900
0,7506800
0,7513400
1,7539100
0,7472000
1,7556500
1,7561200
0,7612000
0,7474100
0,7565900
1,7443900
0,7648300
0,7469900
0,7632600
1,7538200
0,7860900
0,7473500
1,7546200
1,7470200
1,7558800
1,7462000
0,7540600
0,7503000
0,7545700
1,7468100
0,7650300
1,7702500
1,7702200
0,7475500
1,7545700
1,7476300
0,7549800
0,7473800
0,7589600
0,7473900
1,7534700
0,7471200
1,7459300
1,7787300
0,7492400
0,7542800
1,7461300
0,7541300
1,7479400
0,7823400
1,7470100
1,7522000
0,7462800
0,9134800
0,10801000
0,10258200
0,11354700
0,9441500
1,7850700
1,7944000
1,7672500
1,8414100
1,8010700
0,7792400
0,7636800
0,7763800
1,7632400
1,8210800
1,8431700
0,8499500
0,7987200
0,8044700
0,8017500
0,9313900
0,8175500
1,10920000
0,8854000
0,8108200
0,7960300
1,8026900
1,10391700
1,10814000
1,8366600
0,7886600
0,7886900
0,8165500
0,7936400
1,7802600
0,8359900
1,7832000
0,7827000
0,7799600
0,7787800
1,7793300
0,7795900
1,7818600
0,7803800
0,7820400
1,7816200
1,7798100
1,7805900
1,7811100
1,7815900
1,7810700
0,7785300
0,7860500
0,7815200
1,7818200
0,7789400
0,7817000
0,7805800
1,7810800
0,7799800
1,7579700
1,7479400
0,7549500
1,7469300
0,7535000
0,7505100
0,7544300
0,7468400
1,7527800
1,7482600
1,7577700
0,7565200
0,7549600
1,7391000
1,7424500
0,7386000
0,7321000
0,7459000
0,7379600
1,7550700
1,7306900
0,7573200
0,7381300
1,7973400
1,7587800
1,7513400
1,7379700
0,8416900
0,7624900
0,7696000
0,7471900
0,8557100
1,8128100
0,8746200
0,9040600
0,9376300
0,8640600
1,8557500
1,8583700
0,7870800
0,7801300
1,7780400
0,7799100
1,7795000
0,8926700
0,7791500
0,7810600
1,7827000
0,7899500
1,7788700
1,7839700
0,7595800
1,7540100
1,7467400
0,7574800
1,7485900
0,7947000
0,7475000
1,7568600
0,7472300
0,7530900
1,7678900
1,7536200
1,7470600
0,7932100
0,8332000
0,8468100
0,8524700
0,8870700
1,8748300
0,8051100
0,7384100
0,7578200
0,7321800
0,7588900
1,7416600
1,7674300
0,7789600
0,7946100
0,7784800
0,7810100
1,7787800
1,7800700
1,7758100
0,7800800
0,7824600
0,7810900
1,7783000
0,7800000
0,7698800
0,7470600
1,7404800
0,7425900
0,7395700
0,8325100
0,8088300
1,8061000
0,7848700
0,7755600
0,7383900
1,7533000
0,7403600
1,7737000
1,7712000
1,7683700
1,7741800
1,7661300
1,7617600
0,7706500
0,7628600
1,7672900
1,7623500
1,7706300
0,7628000
1,7660000
0,7579400
0,7757400
0,7353000
0,7598900
1,7449100
0,7601700
0,7417300
0,7628100
1,7366300
0,7791600
0,7517300
1,7447800
0,7710000
1,7551700
1,7618500
1,7670500
0,7627600
0,7639500
0,7739300
0,7692400
1,7618000
0,7686600
1,7601900
1,7708200
1,7672900
1,7724600
1,7502000
0,7353300
0,8283000
1,7369400
1,7430300
0,7320400
1,7439500
1,7577700
0,7457500
0,7319400
1,7457700
0,7416100
0,7615600
0,7319800
0,7557600
1,7385600
1,7472400
0,7380800
1,7785100
0,7396400
1,7399200
1,7353800
0,8074200
0,8151800
1,7570100
0,7428800
1,7521000
0,7511300
0,7679300
0,7626700
1,7662200
0,7641800
1,7601100
0,7778800
1,7600600
1,7714700
1,7622000
1,7664900
0,7627700
0,7739300
1,7534100
1,7451500
1,7312200
0,7617700
0,7382300
0,7422000
1,7377300
0,8481500
0,7390100
0,7438900
0,7321900
0,7744100
0,7384200
0,7469400
0,7320600
1,7471800
0,7380700
0,7452500
0,7321800
0,7710600
0,7555100
0,7378600
0,7480800
1,7337500
1,7472400
0,7321200
1,7654300
1,7369600
0,7441100
1,7394300
0,7570300
1,7428000
1,7445100
0,7323400
0,7468200
1,7387300
1,7415500
0,7321900
1,7437000
0,7413300
0,7417300
0,7324400
1,7416700
1,7534900
0,7379100
0,7505000
1,7375000
0,7930800
0,7508900
0,7787200
0,7819900
1,7967700
1,7719100
1,8583900
0,7795300
0,7737100
1,7674400
1,7744700
1,7619700
0,7721600
0,7625900
0,8023200
0,7785500
1,7668800
1,7617500
1,7677600
0,7641300
1,7965900
0,7982300
0,8079200
0,7984600
0,7803200
1,7666600
0,7679500
1,7639600
0,7676500
1,7618000
0,7723300
1,7760800
1,7674600
0,7628300
1,7683300
1,7648900
1,7679000
1,7605500
1,7696400
0,7636900
1,7738700
0,7626600
1,7692200
0,7625100
1,7809300
1,7643500
1,7874200
0,7322700
0,7504200
0,7382600
0,7379500
1,7380900
1,7663300
0,7471200
1,7594000
0,7319400
1,7556200
0,7380200
0,7450700
0,7461800
1,7526100
1,7461800
1,7585000
0,7471900
0,8138600
0,7599800
0,7558300
0,7645700
1,7552700
1,7463000
1,7533800
1,7443900
0,7567500
0,7533900
0,7484900
1,8125500
0,7581200
1,7542600
1,8318600
1,7494600
0,7473700
0,7535200
1,7491700
0,7525400
1,7467800
0,7568000
1,7458000
1,7634200
1,8039500
0,8615500
0,8251700
1,8408200
0,7894300
0,8114100
0,8058200
0,7715100
0,7773300
1,7564600
1,7786800
0,7790900
0,7807000
0,7803400
1,7816800
1,7777400
0,7811400
1,7797300
1,8156800
1,8830300
1,7816500
1,7796700
0,7727000
1,7444600
0,7566900
1,7479500
0,7545800
0,7466600
1,7532500
0,7484600
1,7497500
0,7467200
1,7552700
1,7475500
1,7513600
0,7472100
1,7373000
0,7442100
0,7475000
0,7506200
0,7559500
0,7517600
0,7444500
1,7601600
0,7572000
0,7850800
1,7408100
0,7721200
0,7507400
1,7665300
1,7741600
1,7755500
0,7572200
1,7573500
0,7468600
0,8038600
1,7746400
0,7589500
0,7500300
0,7513700
0,7485100
1,7551000
0,7578700
1,7680000
1,7632600
0,7692800
0,7628300
1,7886700
1,7639000
1,7668200
1,7616600
1,7619500
0,7822500
0,7760500
1,9123600
1,7690400
0,7519000
0,7695700
1,7520600
0,7469800
1,7622800
1,7495100
1,7578600
1,7477400
0,7535400
1,7450600
1,7559700
1,7470800
1,7591300
1,7360200
0,14776600
0,7397700
0,7460900
0,7383600
0,7584000
1,7415600
0,7460900
0,7321600
1,7407500
1,7392400
0,7644500
1,7340900
0,7485500
0,7401100
0,7503000
1,7321600
0,7631800
0,7395700
0,7450800
0,8274000
1,7375600
1,7929500
1,7395600
0,7554000
1,7491700
1,7628500
0,7471600
0,7531700
1,7487400
0,7764000
1,7640500
0,7561900
0,7472000
1,7536400
1,7469700
1,8058200
0,7626700
1,7866700
0,7507800
0,7836700
1,7504500
1,7541300
1,7465200
0,8586000
0,8055200
1,8895100
1,9064900
0,7974000
0,7526600
0,7592300
1,7785400
1,7792800
1,7824500
0,7787400
1,7808700
1,7762400
0,7958900
1,7786500
1,7768500
1,7776200
0,7801700
1,7766800
0,7816000
1,7394600
0,7841600
1,7371900
0,7440000
0,7382300
1,7311700
0,7604000
0,7380600
1,7485800
1,7324500
0,7654200
1,7386900
0,7477700
0,7319300
1,7572500
1,7433300
0,7627600
1,7417800
0,7456400
1,7573300
0,7486300
0,7629800
1,7839700
1,7441800
0,7429800
0,7323600
0,7765700
0,7682600
1,7505300
0,7907000
1,7453900
1,7652600
0,7490100
1,7577800
0,7471700
1,7559200
1,7504100
1,7588400
0,7470000
0,7543200
0,7519000
1,8287200
1,7578700
0,8325800
1,8629800
0,8281200
0,8462000
0,7859600
0,7499100
0,7547700
0,7630800
1,7611100
0,7730500
0,7812100
1,7780600
0,7823500
1,7789700
0,7809300
0,7788200
1,7852500
0,7790000
0,9234700
0,7799900
1,7794100
0,7836900
1,7322300
1,7385700
1,7476300
0,7381200
0,7391700
1,7383700
0,7595600
1,7383500
0,7391100
1,7362600
0,7445900
1,7358500
1,7396800
0,7379300
1,7546700
1,7601300
0,7423300
1,7376000
0,7483800
1,7334100
0,7725500
1,7657600
0,7650500
0,7385400
0,7394300
0,7382300
0,7500400
1,7476800
1,7460000
0,7515900
1,7503000
0,7543100
1,7584100
0,7728700
1,7484800
1,7601100
0,7468500
0,7523500
0,7482500
1,7537200
0,7319900
1,7413800
1,7395100
0,7430300
0,7322200
1,7984300
0,8065300
0,7818300
1,7497500
1,8028800
0,7774700
0,7569200
0,7450100
1,7664500
1,7660100
0,7679300
0,7627900
0,7785300
1,7618200
1,7665600
1,7609700
1,7703700
1,7620000
0,7687000
0,7633500
0,7944700
1,8876500
0,8563300
0,8687000
0,8067700
0,8687700
1,8095500
1,7613600
1,7957500
0,7541000
1,7605700
1,7485200
1,7959300
0,7642300
0,7822600
0,7837800
1,7863000
1,7907100
0,7916400
1,7876400
0,7844100
0,7853000
0,7889600
0,7909800
0,7876400
0,7930300
1,7832500
1,7874900
0,7912800
1,7789400
0,7795500
1,7721100
0,7742900
0,7704400
0,7714200
0,7682400
0,7708400
0,7664800
0,7748500
1,7661800
1,7744000
1,7663100
1,7763400
1,7655100
0,7881200
0,7668400
0,7799300
1,7642400
1,8051900
1,7663600
0,7913400
1,7625900
1,7681300
1,7636600
1,7693000
1,7617800
0,7692400
0,7626100
1,7714400
1,7619700
1,7673200
1,7618200
0,7739700
0,7626500
0,7692600
0,7348900
0,7508600
1,7358000
1,9401600
0,7459000
1,7632100
0,7477900
1,7459300
1,7356000
0,7478100
1,7380200
0,7379800
0,7451900
1,7359700
0,7639600
1,7385400
0,7414800
0,7382000
1,7539800
1,7372600
0,7443900
0,7733600
0,7580500
1,7377300
0,7686700
1,7392700
1,7525100
1,7475400
1,7527000
1,7500900
0,7534300
0,7469800
0,7595100
1,7560600
1,7524100
0,7469100
0,7543700
0,7488400
1,7631000
0,7466100
1,7495200
1,7509500
0,7382400
1,7563800
0,7333600
0,7430400
0,7352800
1,7650700
1,7299800
1,7475100
0,7549700
0,8596200
1,7355800
0,8600000
1,7709000
0,7504400
0,7580700
1,7487300
0,7609800
1,8533100
1,8796100
0,8498400
0,8779900
0,9007400
1,8266800
1,7688800
1,7811400
0,7814000
1,7830700
1,7780200
1,7830600
1,7801900
1,7796600
0,7790100
1,7763000
0,7825700
1,7786100
0,7789300
0,7488200
0,7393400
1,7597900
0,7350700
1,7598500
0,7618700
0,7610200
1,7600300
0,7557400
0,7394700
1,7548500
1,7655700
0,7789400
1,7695000
0,7874800
1,7525400
1,8349000
1,7503800
0,7543700
1,7457300
0,7559300
1,7487500
1,7547000
0,7468900
0,7485800
0,7539500
0,7469800
0,7677600
1,7509200
1,7714300
0,7467700
0,7528900
1,7769500
0,7526600
1,7468000
0,7750400
0,7487000
1,7733900
1,8623000
1,8072900
0,8036900
0,7693100
1,7628300
0,8021800
0,7695900
1,7769600
0,7660200
1,7797400
1,7638500
0,7739200
0,7645100
0,7783400
0,7680600
0,7730700
1,7668800
1,7708100
1,7686400
1,7730900
0,7663500
0,7733000
0,7669000
1,7723500
1,7677100
1,7746200
1,7653700
0,7623100
0,7407100
0,7742400
0,7342700
0,7609400
0,7422300
1,7452300
0,7344200
1,7420100
0,8288300
0,7472500
0,7666000
1,7397200
1,7558600
0,7580700
0,7805900
0,7546800
1,7747900
1,7557400
0,7846200
0,7557400
1,7594000
0,7570800
1,7539100
0,7547000
0,7627700
1,7548600
0,7525100
1,7396800
1,7539300
0,7447300
1,7514800
0,7342100
1,7499100
1,7438900
1,7412300
0,7408600
0,7930700
0,7463300
1,7446000
0,7423700
1,7642800
1,8143300
0,7411700
1,7325300
0,7406900
0,7652900
1,7405400
0,8290400
1,7564400
0,7517700
0,7532000
0,7452700
1,7676100
1,7743300
0,7670100
1,7701100
1,7668400
1,7740000
0,7671500
0,7737200
1,7649500
0,7773400
1,7661500
0,7793800
0,7648900
0,7532400
0,7406700
1,7494400
1,7416500
1,7673600
1,7410400
0,7730700
1,7961300
1,8592500
0,8806100
1,8675600
1,8335800
1,8434000
0,7787400
1,7777300
1,10207600
0,7925600
1,7722300
0,7653400
0,7819300
0,7624800
1,7729400
1,7637400
0,7689800
1,7624600
0,7683200
1,8014300
1,7685800
0,7628900
0,7682400
1,7635000
0,7975700
1,7630400
1,7702200
1,7642300
1,7767500
0,7627800
1,7814500
1,7672000
0,7685000
1,7618500
0,7679800
1,7613000
0,7720800
0,7707000
0,7743900
1,7667600
0,7731100
1,7638800
1,7902400
1,7763800
0,7815600
1,7583800
0,7679000
1,7489600
1,7558500
1,7976300
1,7586100
0,7617300
0,7490100
0,7814600
0,7559500
0,8600200
1,7966200
1,7841500
0,7685400
1,7859800
1,7644700
0,7714300
1,7666200
0,7995700
0,7672800
0,7970200
1,7671500
1,7763200
0,7673200
1,7821100
1,7590500
1,7586200
1,7536000
0,7675200
0,7494800
0,7622900
1,7767000
0,7641200
1,7485500
1,7620100
1,7539100
1,7618900
0,7496100
0,7534500
0,7424300
0,7495400
1,7352900
0,7505500
0,7506000
0,7426100
0,7428900
0,7424700
0,7682100
0,7576700
1,8647000
1,7968100
0,8109400
0,7781200
1,7666900
1,7844800
1,7776800
0,7799300
0,7670800
0,7971000
0,7670300
1,7798100
1,7716600
0,7753300
1,7665700
1,7804700
1,7667700
1,8325100
1,7848800
0,7707800
1,7657500
1,7724800
0,7690600
1,7742000
1,7659900
1,7725200
0,7710000
1,7703500
1,7662900
0,7735700
1,7674000
1,7750300
0,7654700
0,7750800
1,7683900
1,7727800
0,7646500
0,7752000
1,7697300
0,7772000
1,7662600
0,7830400
1,7523100
0,7824800
1,8312100
1,7538800
0,7599600
1,7600800
0,7552400
1,7590100
1,7532800
0,7604800
1,7574400
0,7510300
0,7565900
0,7552600
0,7799500
0,7513300
1,7548100
0,7553700
1,7994900
1,7486400
0,7543700
1,7460300
0,7538800
0,7485900
1,7747300
1,7485700
1,7553100
0,7506800
0,8202000
1,8287900
0,8370200
1,8393800
0,7470000
1,7464500
0,7570300
1,7483400
1,7535400
0,7567500
0,7820100
1,7653200
0,7691100
1,7620900
0,7706900
1,7641800
1,7849200
0,7664900
0,7717100
0,7665400
1,7643400
1,7640400
1,7695500
0,7521500
1,7523400
1,7460400
0,8007700
1,7476100
1,7529100
1,7461100
0,7560900
0,7659000
1,7604500
1,7448700
0,7581100
1,7447700
1,7693000
0,7645700
1,7609000
1,7346100
1,7477700
0,7383500
1,7496600
0,7561700
0,7560800
1,7551900
1,7484500
0,7321300
1,7443300
1,7423500
1,7646500
0,7473000
0,7552500
0,7472700
1,7517000
1,7446600
0,7574300
1,7463000
0,7554300
1,7465400
0,7468200
1,8232600
0,8320000
1,7840000
0,7845200
0,7900400
0,7839000
1,7789600
0,7966200
1,7819800
0,8192200
1,7810100
1,7824400
0,7810600
1,7880900
1,7823400
1,7862800
0,7841900
1,7841500
1,7834100
1,7819800
1,7865600
1,7880100
0,7837500
0,7849000
1,7827200
1,7912700
0,7812200
0,7828800
0,7562900
1,7795900
0,7527300
0,7635600
1,7563900
0,7796700
1,7458600
0,7601300
0,7560600
0,7715200
0,7488900
1,7563800
1,7644500
1,7536200
1,7721600
1,7693500
1,7682400
0,7545200
0,7620300
1,7477300
0,7577600
1,7522300
1,7634300
1,7482300
0,7630100
0,7543000
0,7616000
0,7498400
1,7751400
0,7835900
0,8455800
1,8702500
0,8460300
0,8051300
0,8554600
1,8503600
1,7620000
1,7754800
1,7905100
1,7855900
1,7884900
0,7849700
1,7868400
1,7820700
1,7962300
1,7850300
1,7850800
0,7921900
1,7869500
1,7858400
0,7833600
1,7702200
1,7637500
0,7743500
1,7703400
1,8086800
1,7628600
1,7771800
0,7687200
1,7730900
1,7665800
1,7702800
0,7687000
1,8075000
1,8136400
1,7637200
1,7455100
0,7493400
1,7409500
0,7460000
0,7430100
1,7635300
0,7824800
0,7398200
0,7527100
0,7423600
0,7667700
1,7640900
1,7788200
0,7664500
0,7739500
0,7684500
1,7878100
1,8085600
1,7875100
1,7748800
1,7637100
0,7730500
1,7672700
0,7746800
0,7673800
1,7754600
0,7668800
1,8026500
0,8753300
1,7874200
0,7651700
0,7773300
1,7665900
0,7764700
0,7825500
0,7754600
0,7522700
0,7577500
1,7338500
1,7461600
0,7354800
0,7448600
1,7327900
0,7494700
1,7438300
1,7536800
1,7319200
0,7447500
0,7467300
1,7423400
1,7550100
1,7399000
0,8119600
0,7384500
1,7402500
1,7376100
1,7496200
1,7500600
1,7555400
0,7412400
0,7497500
0,7380700
1,7562400
0,7573400
0,7570900
1,7465200
0,7622200
1,7550600
0,8088700
0,7619800
1,7701900
0,7505300
0,7606600
1,7479200
0,7717800
1,7463400
1,7785500
0,7500000
1,8075300
1,8077800
1,7619600
1,7580500
0,7637800
1,7585400
0,7557000
0,7472900
0,7631800
0,7469700
1,7535400
0,7470700
0,7486500
1,7524600
1,7475100
1,7576300
0,7485300
1,7979600
1,7443400
0,7577800
1,7513200
1,7692900
1,7460900
1,7544000
1,7740100
1,7678600
0,7629800
0,7682300
1,7660700
1,7694800
1,7613400
0,7898000
1,7947300
1,7837500
0,8014900
0,7714500
1,7621500
1,7688800
0,7627300
0,7705900
1,7615600
1,7660500
1,7618100
0,7717900
1,7624100
0,7685500
1,7617900
0,7687000
0,7626400
1,7663300
1,7547400
1,7505600
0,7322200
0,7601100
0,7381100
1,7435600
1,7219200
0,7404400
0,7381500
1,8003500
1,8192300
1,7870500
0,7473400
0,7598300
0,7625600
1,7768800
1,7600100
0,7708600
0,7626700
0,7820000
0,7815400
1,7696800
1,7625100
0,7818000
1,7628100
0,7685500
1,7592100
0,7408900
1,7378500
0,7456900
0,7381300
1,7313200
0,7598100
1,7409400
0,7448800
1,7309500
1,7520300
0,7411100
1,7893400
0,7323500
1,8835200
0,7399200
1,7456400
1,7314200
1,7500200
1,7394100
1,7457800
1,7324700
0,7601300
1,7406000
0,8146000
0,8208500
1,8434400
1,8322100
0,7977600
0,7883200
0,7830100
0,7785600
0,7790300
0,7785200
1,7837500
1,7777900
0,7842400
0,7851900
1,7928500
1,7800900
0,7853700
1,7808800
1,7881400
0,7826100
0,7874000
1,7817600
1,7826300
0,7828600
1,7857800
0,7845300
0,7844900
1,7829000
1,8164000
0,7727200
0,7618900
1,7684900
1,7782100
0,7586500
1,7600600
0,7487300
1,7740500
1,7565400
1,7575000
0,7544800
1,7624400
0,7622200
0,7764500
0,7642900
0,7740500
1,7660100
1,7707000
1,7710300
1,7822900
1,7680800
1,7805000
0,7665300
0,7951200
1,7689000
1,7840600
0,7670600
1,7722400
0,7709900
1,7748200
1,7685600
1,7870200
1,7657000
0,7858900
1,7682400
0,7758800
1,7628600
0,7701500
1,7669000
1,8283300
1,8676200
1,8010900
0,8413000
0,10717600
1,8241600
0,7538000
0,7493000
1,7525300
1,7467700
1,7594400
1,7524500
1,7683300
0,7625300
1,7759200
0,7645800
1,7673600
1,7593300
1,7878800
0,7719200
0,8307300
1,7888800
0,7684700
0,7648500
1,7672200
1,7619800
1,7673900
1,7632700
1,8143200
1,7616400
1,7730600
0,7759300
0,7686700
1,7630600
0,7698400
1,7604200
0,7687500
0,7626000
1,7746500
0,7626400
0,7685800
1,7625000
0,7700200
1,7621600
0,7682400
0,7625600
1,7717000
1,7624000
0,7691000
1,7758800
1,7645100
0,7378600
0,7374000
1,7384500
1,7531800
1,7306700
1,7708300
1,7380300
1,7372300
1,7430000
1,7373400
1,8661800
1,7585500
1,7532400
0,7616500
0,8765100
0,7797300
0,7630300
0,7700700
0,7675200
0,7697900
0,7722000
0,7685600
0,7629400
1,7633700
0,7696100
1,7627400
0,7526400
1,7410700
0,7444900
0,7473200
0,7549400
1,7388800
1,7712000
1,7397200
0,7382200
1,7389300
1,7453200
1,7372100
0,7517100
1,7538700
1,7448200
1,7386400
1,7742300
1,7603000
0,7529300
0,7625200
1,8140900
0,8251900
1,7993500
1,7734200
0,7887000
1,7735200
0,7816600
0,7632500
1,7676800
1,7625100
0,7694600
0,7626300
1,7919400
1,7617300
1,7696900
1,7625400
1,7693000
0,7629300
1,7711300
0,7710800
0,7555900
0,7472200
1,7516800
0,7474900
1,7499200
0,7534900
1,7443700
0,7521200
1,7508200
1,7504600
1,7485600
0,8137300
1,8211200
1,8352800
1,8613400
1,7892000
0,7489900
1,7520800
1,7519100
0,8192100
1,7465400
1,8216000
0,7471900
1,7682400
0,7472900
0,7937200
0,7784800
0,7838900
1,7777100
1,7842000
0,7785700
1,7920200
1,7760700
0,7787500
1,7783700
1,7784600
1,7782100
0,7806000
0,7522800
1,7465600
0,7385700
1,7524800
1,7315500
0,7692100
0,7381600
0,7753700
0,7318500
1,7591800
1,7372100
0,8114800
0,7764700
1,8012800
0,7628800
0,7765700
1,7659000
0,7813500
1,7628600
0,7718100
0,7641600
1,7677900
1,7624300
1,7777600
0,7782300
0,7826700
0,7514000
0,7564400
1,7466500
0,7571700
0,7474800
1,7607600
1,7607300
1,7485900
1,7543200
1,7460100
0,7543300
1,7468500
1,10225300
1,7530100
0,7410000
0,7384900
0,8594600
1,7316200
0,7463100
0,7380300
0,7578600
0,7321600
1,7488600
0,7410000
0,7459500
0,7322500
1,7694300
1,7490400
0,7461700
1,7317600
0,7711300
0,7540900
1,7458900
1,7314800
0,7483700
0,7381800
1,7381300
0,7364300
1,7396100
1,7621700
0,7689100
0,7521200
0,7602700
1,7639700
1,7363400
1,7530100
0,7456200
1,7455900
1,7383200
0,7374100
0,7416800
0,7401800
1,7313000
1,7567000
1,7500500
1,7702200
0,7858200
0,7875300
0,7600000
0,7898300
1,7536600
0,7559500
0,7490900
1,7584400
0,7472700
0,7578600
0,7845500
1,7737400
1,7622300
0,8072500
0,8084800
1,7676800
0,7630500
1,7689100
1,7625000
0,7686600
1,7621200
0,7643900
1,7768600
1,7613400
1,7688800
1,7618700
1,7701100
1,7628600
1,7668400
0,7639900
1,8429800
0,7627400
0,7786900
1,7654000
1,7819200
1,7641200
1,7526700
0,7398100
0,7539100
0,7323800
1,7448500
0,7396900
0,7428600
1,7313000
1,8065100
0,8145400
0,8530900
1,8923500
1,8868400
0,8119500
1,7728500
0,7691300
0,7652100
1,7680500
1,7623700
1,7712600
0,7838800
1,7808000
0,7625300
0,7624100
1,7690400
1,7597500
1,7696100
0,7625600
0,8138300
1,7627700
1,7782500
1,7613900
0,7902100
1,7693200
1,7673600
1,7649300
0,7681700
0,7725900
0,7687200
1,7649800
0,7686800
1,7618300
1,8236000
1,8397600
0,8309600
0,8324100
0,7625500
1,7676900
0,7624600
1,7650600
1,7639500
0,7773800
0,7791200
1,7818900
1,7784700
1,7954100
1,7779800
0,7793000
1,7779100
1,8942300
1,11217600
1,11145400
0,11405500
0,10166500
1,8018400
0,8199000
1,7759100
0,7849000
0,7614900
0,8207800
0,7583100
0,7716900
1,8621600
1,7887500
0,8462300
0,10505300
1,7872400
1,8228300
0,7904600
1,7861200
1,7875700
1,7712700
0,7677000
0,7711900
1,7658400
0,7686000
1,7639800
1,7717900
1,7658100
0,7712400
0,7690800
0,7725800
0,7648100
0,7743300
1,7923700
0,7714000
0,7630700
0,7817800
0,7655900
1,7687700
0,7793700
1,7931600
1,7766000
1,7672500
0,7724700
0,7809600
1,7721500
0,7826700
0,7809500
0,7687500
1,7674000
0,7747700
1,7625600
0,7795200
0,7806400
0,7810300
0,7787700
1,7806800
1,7803200
0,7844700
0,7808900
0,7798700
0,7832700
0,8131300
1,7780900
1,7816600
0,7662400
1,7662800
0,7624300
1,7693200
1,7632100
0,7794800
1,7597100
0,7699400
0,7626300
0,8011000
1,7616000
0,7882600
0,7629300
1,7560900
1,7478600
1,7675000
0,7493500
0,7591800
0,7547700
1,7786200
0,7661500
1,7660500
0,7548100
1,7682900
1,7541400
1,7556500
0,7545600
0,7624100
1,7547700
0,7788600
0,8443100
1,7663100
0,7555200
0,7661900
1,7487000
0,7648100
1,7532700
1,7608500
1,7648400
1,7759800
0,7743900
0,7744500
1,7671400
1,7772500
1,7672900
0,7854000
0,7673400
0,7728300
1,7674700
1,7691900
1,8133500
0,7720300
0,7669200
1,8200600
0,8296700
0,7822600
1,7616500
1,7686600
0,7646600
1,7857000
1,8170100
0,8709800
0,7632300
1,7692300
1,7619200
1,7620700
0,7473600
1,7607300
0,7474000
1,7597600
1,7492000
1,7904600
0,8043400
0,7708100
1,7461500
1,7515700
0,7468100
0,8367900
1,8521700
1,7684100
1,7737900
1,7890700
1,7618500
1,7681700
1,7598800
1,7833600
1,7618600
1,7695000
0,7627700
0,7733100
0,7602500
0,7533200
0,7470500
1,7650400
1,7468000
1,7733200
1,7684000
0,7896900
0,7475000
1,7611600
0,7541300
0,7486700
1,7546900
1,7497300
0,7687100
1,7501400
0,7536900
1,7461100
0,8314500
1,7602900
1,7580200
0,7506800
1,7540400
1,7450600
1,7517800
0,7470100
0,8174100
0,7644800
0,7698500
1,7626000
1,7694400
1,7600400
1,7684700
0,7623100
1,9015700
1,7617500
0,8641800
0,7703800
1,7727900
1,7659900
0,7756800
1,7644500
1,7871800
1,7669300
0,7763000
0,7647500
1,7738300
1,7659400
1,7892200
1,7650400
1,7798700
0,7663900
1,7790100
1,7470600
1,7534800
0,7471300
1,7541200
0,7488200
1,7647800
0,7474300
1,7915900
1,7484400
1,7603900
1,7463500
0,7754200
1,7488600
0,7382800
1,7374200
0,7573800
1,7372500
1,7325500
0,8316500
1,8205100
0,9056400
1,8624200
0,9250200
0,8547100
0,8802900
0,7901100
1,7639000
0,7747300
0,7625800
1,7676800
1,7616600
0,7723300
1,7605300
0,8745400
0,7805500
1,7838100
0,7765100
1,8219900
1,7666500
1,7792300
0,7661400
1,8556200
0,9290800
0,9122800
0,9489900
1,7685100
0,7714900
0,7625200
1,7699100
1,7638200
1,7778300
0,7791000
1,7818900
1,7842900
1,7783200
0,7786400
0,7798200
1,7795900
1,7804700
0,7789800
0,7800100
1,7776400
0,7824700
1,7357000
0,7836200
0,7406800
0,7946200
1,7588900
1,7555100
1,7412400
0,7457700
0,7324500
1,7561100
1,7672800
1,7764600
1,7706400
1,7713700
1,7672200
1,7712100
0,7627700
0,7725400
0,7645600
1,7683300
0,7839300
1,7691700
1,7639300
1,7823900
0,7629200
0,7694500
0,7675400
0,7469700
1,7540000
0,7488700
0,7566800
1,7464100
1,7617400
0,7487200
1,7561600
0,7472500
0,7733300
1,7499100
1,7552800
0,7406800
1,7658100
1,8259100
0,7569500
1,7470800
1,7561300
0,7616000
1,7398700
1,7376400
1,7974600
0,8404800
1,8913500
0,8588800
1,7702700
1,7663800
1,7684000
0,7626000
1,7743900
1,7679700
1,7679700
1,7619200
1,7700700
1,7808100
0,7693600
0,7624000
1,7741800
1,7515100
0,7560800
1,7466600
1,7532100
1,7465600
1,7533100
0,7471600
0,7693600
1,7499600
0,7626000
0,7471200
1,7654500
0,7471000
0,7540300
0,7467200
1,7437800
0,7383800
1,7443700
0,7382000
0,7470700
1,7362600
0,7380500
0,7445100
0,7319200
0,7405200
0,7380900
0,7618300
0,7547200
1,7528600
0,7383400
1,7437600
1,7297400
1,7589300
0,7885000
0,7456700
1,7351100
1,7468600
0,7381100
1,7644500
0,7323800
1,7603400
1,7464300
1,7539600
0,7509000
0,8035100
0,7885100
0,7667900
1,7535700
1,7590900
0,7471600
1,7534500
0,7474100
1,7585600
0,7575200
1,7620000
0,7722500
0,7627300
0,7692700
1,7619900
0,7707800
1,7623200
0,7681300
0,7625400
0,7689900
0,7625000
0,7686200
1,7481900
0,7589700
0,7318300
0,7619200
1,7631600
0,7530900
0,7318000
1,7752500
0,7385100
0,7440100
1,7374700
0,7475300
1,7644200
1,7997600
1,8400200
0,7689200
1,7629800
0,7735200
1,7608300
0,8364900
0,8670200
0,7698100
0,7628000
0,7680800
0,7643100
1,7679000
1,7871100
1,7703100
0,7488300
0,7721500
0,7606200
0,7581000
1,7530800
1,7658300
0,7472100
0,7528400
1,7522900
0,7525400
0,7472400
0,7471100
0,7600400
1,7459300
1,7649100
1,7459300
1,7621700
1,7468800
0,7564700
0,7467700
1,15383000
0,7688600
0,7499700
1,7728500
0,7628700
0,7685200
1,7625200
1,7703500
0,7625100
1,7674000
1,7639400
0,7829700
1,7614900
0,7826800
0,7629000
1,7666100
1,7602500
0,7639600
1,7396200
1,7465700
0,7381100
0,7368300
0,7383000
1,7601600
1,7789100
0,7324000
1,7640600
1,7370800
0,7539100
0,7321100
1,7738100
0,7509300
0,7543200
1,7484500
1,7498400
0,7487200
0,7651700
1,7487100
1,7551900
1,7473400
1,7679800
0,7473400
1,7583700
0,7459400
0,7587300
0,7323600
0,7503000
1,7377400
1,7445800
1,7336100
0,7380400
0,7470900
0,7414200
1,7497400
1,7387300
0,7466400
0,7503500
0,9097900
0,8646200
1,8977600
0,8877300
0,9321600
1,8294100
0,8530200
0,8406200
0,7322500
0,7487100
0,7380000
0,8560900
1,7714400
1,7677100
0,7628200
1,7688000
0,7644900
0,7688200
1,7619200
1,7674200
1,7854000
0,7689400
1,7624700
0,7685400
0,7642600
1,7681900
0,7765700
0,7828600
0,7645500
1,7815600
0,7628800
0,7752000
1,7638800
0,7694000
1,7624300
1,7712500
0,7665300
1,7778200
0,7470900
0,7643000
0,7492100
1,7539800
0,7472200
1,7522100
0,7646300
1,7676300
1,7486200
1,7551000
1,7474900
1,7542000
1,7465500
1,7702400
1,7493500
0,7558300
0,7470200
1,7466300
1,7560500
0,7470200
0,7514800
0,7469700
0,7629900
1,7485600
0,7525800
0,7471200
0,7665800
0,7382800
0,7473600
1,7312500
1,7609100
0,7382200
1,7534500
0,7535200
0,7451500
0,7380000
1,7504200
1,7315300
0,7667100
0,7381700
0,8035700
1,8267900
0,9208600
0,9162300
1,7685200
1,7481700
1,7387000
1,7377100
0,7926300
1,7455600
0,7464500
1,7311900
0,7693300
1,7777600
1,7937300
1,7783500
1,7792400
1,7779300
1,7809700
1,7787100
1,7797800
0,7823600
0,7928300
0,7785300
0,7798700
1,7477400
0,7718700
1,7517500
0,7386600
1,7399800
1,7461500
0,7430200
0,7413900
0,7394900
1,7518200
0,7379900
1,7452300
1,7639000
1,7558000
1,7468200
0,7471200
0,7632500
1,7475700
0,7535000
1,7457800
0,7646100
1,7463800
0,8298900
1,8499500
0,8886700
0,8899400
0,7691200
1,7850700
1,7801600
0,7899000
0,7789500
1,7817200
1,7787200
0,7802800
0,7799700
0,7819000
0,7786400
0,7802100
1,7799300
1,7599700
1,7386200
1,7589000
0,7575800
0,7791100
1,7644200
0,7684900
0,8364600
1,8456600
1,8090300
0,7825900
0,7625000
1,7616300
1,7620100
1,7740900
1,7735400
0,7863900
1,7726200
1,7721000
1,7666000
0,7729000
1,7643700
1,7956900
0,7649100
0,7704500
0,7649700
0,7712900
1,7675300
0,7768300
0,7672200
0,7695800
1,7693000
1,7691100
0,7917700
1,7710600
0,7673100
1,7707200
0,7626400
1,7712900
1,7854600
1,7676800
0,7625800
0,7642100
1,7913500
1,7748200
1,7646700
0,7727400
0,7627400
1,7683200
0,7627500
0,7711200
0,7623900
0,7471400
1,7567700
1,7505800
0,7554400
1,7451600
1,7537800
1,7511700
1,7524900
0,7470000
0,7543600
1,7477100
1,12018100
0,7426300
1,7661600
1,7338200
1,7635300
1,7670700
0,7635200
1,7317200
1,7632000
1,7388700
0,7505000
0,8294000
1,8048300
1,7719900
1,7706900
1,7623500
0,7696600
0,7626600
1,7677800
1,7620800
0,7768800
0,7625500
1,7822600
1,7622000
1,7781200
0,7628400
0,8038800
0,7585600
1,7603900
0,7474700
0,7577400
1,7489800
0,7511800
1,7493600
0,7486900
1,7519500
0,7470600
1,7522400
0,7488600
1,7568500
1,7793700
1,7694800
1,7395500
0,7539900
1,7380700
0,7402400
1,7397100
0,7460800
0,7379800
0,7375100
0,7416300
0,7454800
1,7378700
1,7420200
1,7377300
1,7435200
0,7371300
0,7338000
1,7516600
0,7385700
0,7419500
1,7392100
0,8276800
1,7387800
0,7612000
0,7323000
0,7579700
0,7436200
0,7549400
0,7472000
1,8082100
1,8044200
0,8369300
0,8090700
0,8349200
0,8331800
1,8457800
0,8852100
1,9354100
0,8659100
1,7902700
0,7840100
1,7970100
0,7824500
0,7868100
1,7805600
1,7787100
0,7805400
0,7805900
0,7798200
1,7772300
1,7817200
1,7821300
0,7814000
1,7806200
1,7837500
1,7796800
0,7845200
1,7779700
1,7839100
0,7790000
0,7963100
0,7791500
0,7855600
0,7792800
0,8448800
1,7634100
1,7856100
1,7620600
0,7691300
0,7641800
1,7731000
1,7628000
0,7708800
1,7627900
0,7833100
0,7625800
1,7707900
1,7602300
1,7733400
1,7620900
1,7678800
1,7618600
1,7720700
0,7624700
0,7723400
1,7626200
1,7735000
1,7627000
1,7680100
1,7607200
1,7521600
0,7382900
1,7443700
1,7314300
1,7469500
0,7351700
1,8151900
0,8195500
0,8563500
1,8838300
1,7761800
0,7408500
0,7639800
0,7795100
0,7797300
0,7802500
0,7855900
1,7780500
1,7808600
0,7809300
1,7861700
1,7784500
0,7804800
0,7826500
0,7797400
0,7785800
1,8040200
1,7464900
1,7577600
1,7464000
1,7601800
0,7471100
1,7539700
1,7468700
1,7569300
1,7482700
1,7546900
1,7465900
0,7861400
1,7469100
1,7656500
0,7472600
0,7564100
1,7449700
1,7527800
1,7476600
1,7591500
1,7555600
1,7530700
0,7474400
1,7545700
0,7472000
1,7490000
1,7597600
1,7331900
1,7390600
0,7472900
0,7626500
0,7358200
0,7425100
0,7413500
0,8777800
0,8226700
0,9081000
0,9589700
1,7812400
1,7835000
0,7787900
0,7819200
0,7788000
1,7815500
1,7784800
1,7828600
0,7812800
0,7939500
1,7761700
0,7933700
0,7793100
1,7682000
0,7820600
0,7812600
1,7638900
0,7781000
0,7626300
0,7668000
0,7658400
1,7711000
0,7852600
1,7848700
0,7646100
0,7687800
0,7627000
0,7774600
0,7638300
0,7697000
0,7637500
1,7723300
1,7634000
0,7870000
1,7623300
0,7734500
1,7612000
1,7721000
1,7623600
1,7815700
0,7676300
1,7736900
0,7627900
1,7739000
0,7628300
1,7703300
0,7627100
0,7734900
0,8256700
0,7674200
0,7624300
1,7725900
0,7631000
1,7692300
1,7616800
1,7638000
0,7760700
0,7624000
0,7669200
1,7717400
1,7693200
0,7713900
0,10354500
0,8070800
0,7446400
1,7431400
0,7415800
0,7485000
1,7373700
1,7581200
0,7401400
1,7535900
0,7353400
1,7381800
1,7852600
0,7320300
1,7633500
0,7478100
0,7705600
0,7626900
0,7677300
1,7613200
0,7700300
1,7630400
0,7803000
1,7754500
0,7705100
1,7644900
1,7678100
0,7625200
1,8018200
0,7579900
0,7731700
1,7503400
0,7616100
0,7470900
1,7578700
1,7470600
0,7585500
0,7472100
1,7541400
1,7460400
0,7592000
1,7617900
1,7595800
0,7470200
1,7542000
1,7466400
0,7681100
0,7469700
0,7545000
1,7463100
0,7529500
0,7467500
1,7865200
1,7510800
1,7568800
1,7446900
1,7528600
0,7470300
1,7467300
1,7740000
1,7470100
0,7525000
0,7472900
0,7539300
0,7484200
1,7522400
1,7461100
0,7592500
0,7427100
1,7523300
1,7321900
1,7493400
0,7394300
0,7656300
0,7353300
1,7777300
0,7422500
1,7465100
1,7310400
1,7479300
1,7367100
0,7416800
1,7319000
1,7739600
0,7401200
1,7684700
0,7527700
0,7381300
1,7669600
0,7412200
1,7410800
0,7382500
0,7517500
0,7382500
1,7381500
0,7504800
0,7684600
1,7458700
0,8218700
1,7767400
1,7681100
1,7612800
0,8043600
1,8614700
1,8685300
0,8597400
0,8623400
1,8564600
1,7873500
0,7816600
0,7797800
0,7836500
1,7780200
0,7801500
0,7786500
1,7948100
1,7786300
1,8241100
1,8177200
0,7813900
1,7688500
1,7677000
1,7893700
1,7683200
0,7625100
1,7680300
0,7683700
0,7809600
1,7599900
0,7667200
0,7639500
0,7671000
0,7625100
0,7684300
0,7636800
1,7688000
0,7626400
1,7670500
0,7660200
0,7675500
1,7621800
1,8306000
0,9894000
1,7849400
0,7968300
1,7839800
0,8060200
0,7737700
0,7626300
0,7829600
1,7603900
1,7800000
0,7629100
0,7913600
0,7626800
1,7659700
1,7598500
0,7728300
1,7613900
0,7710600
1,7623100
0,7723700
0,7626700
0,7717600
1,7619100
0,7699600
0,7624600
0,8179300
0,7663900
0,7857300
1,7642100
0,8507900
1,7642800
1,7807300
1,7631500
0,7678200
1,7637400
0,7733400
1,7622500
0,7688200
1,7665000
1,7659900
1,7616600
0,7746800
1,7574500
0,7443000
0,7321100
0,7460100
1,7447000
1,7411600
0,7383600
0,7437100
0,7399500
1,7467600
0,7414100
0,7382900
0,7472900
0,7320900
1,7761400
0,7380600
1,7566600
1,7311100
0,7566400
0,7624600
0,7571900
1,7313100
1,7463900
1,7370700
0,7492500
1,7335000
1,7775600
0,7465000
0,7560800
0,7679900
1,7686900
0,7473400
0,7600200
0,7469200
1,7577300
1,7465700
0,7551800
0,7472700
1,7514300
0,7472400
1,7606800
0,7327800
1,7455400
0,7854600
0,7402200
1,7668900
1,7364800
0,7664800
1,7789500
1,7440800
1,7370900
1,7634600
1,7396800
1,8580100
1,7655700
0,7874400
1,7611300
1,7680500
1,7601700
1,7695300
0,7640800
0,7688900
1,7630700
1,7684700
0,7662300
1,7687400
1,7628400
0,7744600
1,7487000
0,7651500
1,7476100
1,7670100
0,7518500
0,7565800
0,7470300
1,7523200
1,7497900
0,7530700
1,7460900
0,9884400
0,7321500
0,7545500
1,7358100
1,7492800
1,7315500
1,7430900
0,7380300
1,7623800
1,7312400
1,7408200
0,7714400
0,7462200
0,7321100
0,7433500
0,7519400
1,7498400
1,7511800
0,7380700
1,7509800
1,7328000
1,7526900
1,7622500
0,7442500
1,7360700
1,7404900
0,7378900
0,8808100
1,7412200
0,7512900
0,7382600
1,7487000
0,7397000
0,7515500
0,7380200
0,7516100
0,7396800
0,7397900
0,7378600
1,7451300
0,7689400
1,7555600
0,7469200
0,7795800
1,7819000
1,7819300
1,7538800
1,7513000
1,7483900
1,7532600
1,7482400
1,7463300
1,7694200
0,7470000
0,8352200
0,8593600
0,8753900
0,9132100
1,7467600
1,7562900
1,7448100
0,7545300
0,7470100
0,7589600
0,7473800
1,7469500
1,7628700
0,7819500
0,7800100
1,7804200
1,7786700
0,7842300
1,7765000
1,7790900
0,7789200
1,7809900
1,7791200
0,7798400
1,7773500
0,7775600
1,7509700
0,7697500
0,7914000
1,7993000
0,8107800
0,7655700
1,7543400
0,7708600
1,7556900
1,7512700
1,7677900
1,7574200
0,7694300
1,7666900
1,7762100
0,7653900
1,8828700
1,7926400
1,7987500
1,9927000
1,10993600
1,11021100
0,8803400
0,8060700
0,7920900
1,8527800
1,7655800
0,7889800
1,7642000
0,7883600
1,7627200
0,7685000
1,7904900
1,7866500
1,7602500
1,7669400
0,7643600
0,7731600
1,7634500
1,7703800
1,7830300
0,7915600
0,7975700
0,8388400
0,7701400
1,7797500
1,7712400
1,7671400
1,7650000
0,7740300
0,7786100
0,7806100
0,7825300
1,7860900
0,7787000
0,7810000
1,7780100
0,7932400
0,7785500
1,7842200
0,7792700
1,7785000
1,7633700
1,7535500
1,7458100
0,8260300
1,8557700
0,8455400
0,8218300
1,7505900
0,7635600
1,7520900
0,7595600
1,7501100
1,7493100
0,7734400
1,7664900
1,7799400
1,7680800
1,7745100
0,7669300
0,7770800
0,7683100
1,7726600
1,7663500
1,8912700
0,7681200
1,7821000
0,7417200
0,7629800
1,7446100
0,7413100
0,7412100
0,7491900
1,7651500
1,7398700
0,7422500
1,7551300
0,7443800
1,8336700
0,7552300
1,7646600
1,7556000
1,7688700
0,7493100
0,7759100
0,7570500
0,7640000
0,7490800
1,7756500
1,7564300
0,7604700
0,7488600
0,7621700
1,7576600
1,7566600
1,7482500
1,7865600
1,7724800
0,7740100
0,7605100
0,7552100
1,7530700
0,7632800
0,7475700
0,7528800
0,7493200
0,7507500
0,7381000
1,7577900
1,7594900
1,7627200
1,7678100
1,7316100
1,7525900
0,7383100
1,7458400
1,7337400
1,7490100
0,7382400
1,7428400
1,7461900
0,7558500
0,7468800
0,7533300
1,7460000
1,7666800
0,7555100
0,7919900
0,7624200
0,8019000
0,7887200
1,7644700
1,7487500
0,7670500
0,7749100
1,8097500
1,7667300
0,7696900
1,7624400
1,7662600
0,7643700
1,7698900
0,7628600
0,7686500
1,7660300
1,7665800
1,7357700
0,7517400
0,8380600
1,7562100
0,7386200
1,7548100
1,7489900
1,7380200
1,7424800
1,7374100
1,7438400
0,7374000
1,7920200
1,7704300
0,9057800
1,7625400
0,7677600
0,7622000
1,7713700
0,7626400
1,7677300
1,7604500
1,7692400
0,7837400
1,7801000
1,7639000
0,7567000
1,7465700
1,7604700
1,7477100
0,7521500
0,7472300
0,7660900
0,7501500
0,7689600
1,7471800
0,7537300
1,7483400
0,7543700
0,7407200
1,7454700
0,7336100
1,7457200
0,7380100
0,7575000
1,7311700
0,7565700
0,7380400
1,7465000
1,7364200
0,7482800
0,7404400
0,7742700
1,7318100
1,7376500
0,7467100
0,7380600
1,7384400
1,7384400
0,7469800
1,7374100
1,7406300
1,7394700
0,7451800
0,7382500
1,7512300
0,7428800
0,7388900
0,7381600
1,7412200
0,7609100
1,8135900
1,8060700
1,7453800
0,7496900
1,7467100
0,7384800
1,7401400
0,7419500
0,7386000
0,8983900
1,8801000
1,8678800
0,8787700
1,8830800
0,7634500
0,7471500
1,7527800
1,7469300
0,7544300
0,7471100
0,7531500
0,7769900
1,7843500
1,7786900
0,7799100
1,7779900
0,7846600
1,7782900
0,7812100
0,7801300
0,7815800
1,7794900
0,7805300
1,7783800
1,7817300
0,7470300
0,7616800
1,7501000
0,7585500
1,7485000
0,7555100
1,7917300
0,8801400
0,9012100
0,9017100
0,7914100
1,7935500
0,7814400
1,7899800
1,7811700
0,7810700
0,7843100
0,7806300
0,7811300
0,7818600
1,7842500
0,7839300
0,7821100
1,7784500
0,7732800
0,7644100
0,7709900
1,7667900
0,7688300
1,7641000
0,7715200
1,7602500
0,7623300
1,8005000
1,7722500
1,7615400
1,7698800
0,7626200
0,7675400
1,7639200
0,7677100
1,7648400
1,7678100
0,7630400
1,7770300
0,7625200
0,7676800
1,7838100
0,7632900
0,8798000
1,7791800
0,7890900
0,7814000
0,8110300
1,7780700
1,7686800
1,8205900
1,8700700
1,8364900
1,8162400
0,7687700
0,7626600
0,7801600
1,7813800
1,7815700
0,7788700
1,7787600
1,7795300
1,8515400
1,7793800
0,7807400
1,7805100
1,7780500
1,7763000
1,7793800
0,7717600
1,7538700
0,7467100
1,7545000
1,7504900
1,7676600
1,7463900
0,7646300
0,7474100
0,7601500
1,7461300
1,7505200
1,7477600
0,7524500
0,7382800
1,7320700
0,8806200
0,7385600
0,7718900
1,7387600
1,7381100
1,7359300
1,7434400
0,7321100
0,7495500
1,7379300
0,8357900
1,7659700
1,7629200
0,7508900
0,7913500
1,7535300
0,7685200
0,7542200
1,7524800
0,7489100
0,7623800
0,7469300
0,7536600
1,7484900
1,7536600
0,7470500
1,7783000
1,7604000
1,7545700
1,7591600
1,7711000
1,7521100
1,7556900
0,7473300
1,7521400
0,7487800
0,7527100
1,7581200
1,7660800
1,7622100
1,7682900
0,7623700
0,7809700
0,7644200
1,7797400
1,7702500
0,7717600
1,7621500
0,7685200
1,7619500
1,7648000
0,7638500
0,7915500
0,7470900
0,7535000
1,7487300
1,7554500
0,7471800
1,7515500
0,7485500
0,7469400
1,7574900
1,7558000
1,7569700
1,7465400
0,7556100
1,7468900
1,9713100
1,10293300
0,9943700
0,8072400
0,7611000
1,7660600
1,7444100
1,7573400
1,7537700
0,7668000
0,7658000
0,8499500
0,7623300
1,7885900
0,7681300
0,7678800
1,7627200
0,7686600
0,7640500
1,7919900
1,7641900
0,7821100
1,7632500
0,7686400
1,7611900
0,7679400
1,7625500
0,7688800
0,7621400
1,7667400
1,7800700
1,7689000
1,7620300
1,7726400
1,7531900
0,7462900
1,7315000
0,7457700
0,7393900
1,7542800
0,7375300
1,7514800
1,7395500
1,7766100
1,7333900
1,7503500
0,7398000
1,7495400
0,7634000
1,7459200
1,7542400
1,7441600
1,9657400
0,10187500
1,9419100
1,8057900
1,7809800
1,8104400
1,7558900
1,7554600
1,7604400
1,7672700
1,7606200
0,7687300
0,7625000
0,7732000
0,7624700
1,7681000
1,7617800
1,7706200
0,7626000
1,7777000
0,7640500
1,8466300
1,7764200
1,7446400
0,7358000
0,7554100
0,7540300
0,7747500
1,7531000
1,7674900
1,8216700
1,7886200
0,7564600
1,7422000
0,7626100
1,7790700
1,7720400
0,7695600
1,7726700
1,7782600
0,7648300
1,7727200
1,7639800
0,7738700
1,7660200
1,7676900
1,7625900
0,7705100
1,7482200
0,7542800
1,7463700
1,7458200
0,7710700
1,7487700
1,7614100
0,7858500
0,7600900
1,7476800
1,7791000
0,8045800
0,7729500
0,7627000
1,7836200
1,7620000
1,7731800
0,7625400
0,7698100
0,7641000
1,7679300
1,7618100
0,7689000
0,7642400
0,7803100
1,7510400
0,7688500
0,7563400
1,7562500
1,7466700
1,7572500
1,7522600
0,7539100
1,7469600
0,7572800
1,7585900
1,7660200
0,7469900
1,7537100
0,7489100
0,7535200
0,7470700
1,7596600
1,7482800
1,7536500
1,7435600
0,7492300
1,7489100
0,7545500
0,7715400
0,7665200
1,7952200
0,7700500
0,7663400
0,7521500
0,7487100
1,7483600
0,7519300
1,7459100
0,7564900
1,7562300
0,7545200
0,7467700
0,8401000
0,8470400
0,8001400
0,8366300
0,7655500
0,7778400
1,7643900
1,7691800
1,7674700
1,7682400
0,7636400
0,8274500
1,7943400
0,7871000
0,8154100
1,7839800
1,7823500
0,7809500
0,7788400
1,7832200
0,7808000
1,7810000
1,7791300
1,7873700
1,7787500
0,7814100
0,7850500
1,7765100
1,7615400
0,7911700
0,7628700
1,8104300
0,8067900
0,8621900
1,8538000
0,7854800
0,7626200
0,7679200
0,7671400
1,7707600
0,7788500
0,9525100
0,8852600
0,7911000
0,7795100
1,7823700
0,7788800
1,7801500
1,7782500
1,7958300
0,7791500
0,7796600
1,7514800
1,7666600
0,7524900
0,8299500
0,7529000
1,7716800
1,7622600
1,7454600
0,7378000
0,7672400
1,7467600
0,7433600
1,7378600
0,7589300
0,7627600
1,7847700
0,7627000
0,7699300
0,7625800
0,7688600
1,7642000
0,7887000
0,7627600
1,7671100
1,7632900
1,7766900
1,7609000
0,7552800
0,7736000
1,7621000
1,7441100
0,7768300
1,7500100
0,7581500
1,7464900
0,7729800
0,7597700
0,7720500
0,7475200
1,7572800
1,7493400
0,7555300
0,7501900
1,7463100
0,7557800
0,7472800
0,7592800
1,7460800
1,8142700
0,7472600
1,7580200
1,7466100
0,7709900
0,7325400
0,7462800
0,7382500
0,8982600
1,7297700
1,7435900
1,7388100
0,7445500
1,7310400
0,7441300
0,7770200
0,7533500
1,7319700
1,7448800
1,7386900
1,7465800
0,7322300
0,7580400
0,7380600
1,8625200
1,7749800
1,7616600
1,7594600
1,7449300
1,7376800
0,7483000
1,7571700
0,7795400
0,7628100
1,7684800
0,7626000
1,7745800
1,7634300
0,7692900
0,7628600
0,7794800
0,7629100
1,7760500
1,7615300
1,7795600
1,7320500
1,7402400
1,7391400
0,7420700
1,7462000
1,7302000
0,7435900
0,7395800
1,7515100
0,7445900
0,7471100
1,7376500
0,7478900
0,7318400
1,7434000
1,7388800
1,7428200
1,7310000
0,7551700
0,7391100
1,7680900
0,7321100
1,7471500
1,7386600
0,7425300
0,7321600
0,7454600
0,7415700
1,7374700
0,7431200
0,7380600
1,7564800
0,7413700
0,7645500
1,7621400
1,7710100
0,7591500
0,7610600
1,7574300
1,7726700
0,7530900
1,7657900
0,7505900
1,7764100
0,7486400
1,9058700
0,7589200
1,7571900
0,7369900
0,8135400
1,7752600
1,7745300
1,7642600
0,7675900
0,7645000
1,7766600
0,7630100
0,7797700
0,7648000
0,7681800
0,7826000
1,7901500
1,7646400
1,7803600
0,7635100
1,7719200
1,7551300
1,7811700
0,7473400
1,7539500
0,7512000
0,7549300
1,7484600
1,7616200
0,7487000
0,7555000
0,7471800
1,7670900
1,7473500
1,7626900
1,7480400
1,7556800
1,7485400
0,7542600
0,7474600
0,7662400
0,7519400
0,7470900
1,7612400
1,7464200
0,7547100
0,7478000
0,7597000
0,7381100
1,7615600
1,7382900
1,7373000
1,7384500
0,7452700
1,7385300
0,7425600
1,7375800
1,7562800
0,7658100
0,7579600
1,7514500
0,7540500
1,7484700
1,7554300
0,7469200
1,7576000
1,7486700
1,7533400
0,7467800
1,7792300
0,7467900
1,7462000
1,7524100
1,7464800
1,8588700
0,7558500
1,8736300
0,8801300
1,8423000
0,8431800
0,7391300
0,7551400
1,7376400
0,7489400
1,7396200
0,7485300
0,7756600
1,7627700
1,7689100
1,7629100
0,7677200
0,7626900
0,7699900
0,7623700
0,7677700
1,7615200
1,7718000
1,7630600
1,7818500
0,7422000
0,7889400
0,7380200
1,8000000
1,8112300
0,9151500
0,8593400
1,9317500
0,8057300
0,8574200
1,8269200
0,7381700
0,7651300
1,7778100
0,7934600
0,7791500
0,7831200
0,7790100
0,8068900
0,7822600
1,8145100
0,8387500
1,8529600
1,7818100
1,7820000
0,7790000
0,7798000
0,7797100
0,7797400
1,7785000
0,7856000
0,7820400
0,7805700
0,7791000
0,7802000
0,7802800
1,7796000
0,7789900
0,7682000
1,7668400
1,7697100
1,7597700
1,8096500
1,7670100
1,7749900
0,7626200
1,7952800
0,7628600
0,7753300
1,7626800
1,7719700
1,7630200
1,7730000
1,7728800
1,7711500
0,7627000
1,7738400
0,7626600
1,7676500
0,7627000
0,7680400
1,7616900
1,7735300
1,7578900
0,7414000
1,7345700
0,7442000
1,7378400
0,7415700
1,7388600
1,7555900
1,7374700
0,7408800
1,7379400
0,7452700
0,7379900
1,7632700
1,7375100
1,7536900
0,7388300
1,11448000
0,10767900
0,7457000
0,7411200
0,7488500
0,7397200
1,7682100
1,7634200
1,7463400
1,7441500
0,7538100
1,7521100
0,7534800
1,7479800
0,7545300
0,7469400
0,7523200
0,7484500
1,7693700
1,7489500
0,7541900
1,7506700
0,7641900
1,7326900
1,7595100
0,7429400
0,7769200
1,7331000
0,7576900
0,7644500
0,7450100
0,7326500
0,7382900
0,8546700
1,7611400
1,7702400
0,7719500
0,7713800
0,7626300
0,7793100
1,7681300
0,7676200
0,7626200
0,7679300
1,7628700
0,7700900
0,7625500
1,7686600
0,7640800
0,7573500
0,7473500
0,7560600
1,7463800
1,7537800
0,7469500
1,8690900
0,7541100
1,7519700
1,7488700
1,7534200
0,7487800
0,7522400
1,7394900
1,7474300
0,7416600
0,7443400
1,7384900
0,7582900
1,7384400
0,7759800
0,7390300
1,7458400
1,7334800
1,7374500
0,7667600
0,7388400
0,7487000
0,7324900
1,7801800
0,7386000
0,7720600
0,7640500
1,7623800
0,7412300
1,7843300
0,7903300
0,7490400
1,7380500
1,7615900
1,7628600
1,7673000
1,7629100
0,7701900
1,7606200
1,7678100
1,7630800
1,7690400
0,7827200
0,7701700
1,7621600
0,7736500
0,7637000
1,7970700
1,7813300
0,8262800
0,7813100
0,7900900
1,7595100
1,7881700
0,7684400
0,7894300
0,7787300
1,7510700
0,7380900
0,7535500
0,7647500
0,7689000
1,7595500
0,7816200
0,7641500
1,7693000
1,7612700
0,7765300
1,7616900
0,7705700
1,7620600
0,7684500
0,7615500
0,7389300
1,7375500
0,7508900
1,7418000
0,7408500
0,7385400
0,7383900
1,7447700
1,7299800
1,7471900
0,7381400
1,7949600
1,7320000
0,7454700
0,7534200
1,7476000
1,7315700
0,7459700
1,7396300
0,7459400
1,7314500
0,7458300
1,7674900
1,7436200
0,7333200
1,7407500
1,7454500
0,7399500
1,7399600
1,7360500
1,7495500
1,7485100
0,7407800
0,7379300
0,8227200
1,8532900
1,8923500
1,8593500
1,7360800
1,7695400
0,7756700
0,7626800
1,7694700
0,7667500
0,7885600
0,7719500
1,7624400
0,7706200
0,7624000
1,7619300
0,7685100
0,7653300
0,7764500
0,7628200
0,7706300
1,7614500
0,7685200
1,7618300
0,7705700
1,7642400
0,7685300
1,7640900
0,7705900
0,7626300
1,7658200
1,7528500
1,7464100
0,7355800
0,7499900
0,7377500
0,7506600
0,7668500
0,7590000
1,7360800
0,7510300
0,7318800
1,7666300
1,7358600
1,7663300
0,8132200
1,8529600
0,8889500
1,8503700
1,8564300
0,8460300
0,7902700
1,7465400
0,7468400
1,7577600
0,7488800
0,7588400
0,7648600
1,7797400
0,7803400
1,7778800
0,7786800
1,7801400
0,7804400
0,7837700
0,7870700
0,7813400
0,7811600
0,7808600
0,7787000
1,7691100
0,7642800
1,7898500
0,7632400
1,7781900
1,7660600
0,7700800
1,7615100
1,7931800
1,7683800
1,7676200
1,7622000
0,7758000
0,7646000
1,7791600
0,7624200
0,7716300
1,7619400
0,7679100
0,7623900
1,7692300
0,7627500
0,7679500
0,7626900
1,7695300
0,7627200
1,7623100
0,7386900
0,7501000
0,7325200
1,7510000
1,7379500
1,10631800
0,7385300
1,7406900
0,7384500
1,7478000
1,7593400
0,7537400
0,7383200
1,7626200
1,7331900
1,7429900
1,7381900
1,7452900
1,7377100
1,7692900
0,7387100
1,7716000
0,7416200
1,7310100
1,7438700
1,7392500
0,7456700
1,7317300
0,7572400
1,7402000
0,7508800
0,7322400
0,7468800
1,7395200
0,7638500
1,7358600
1,7555400
1,7415500
0,7484200
1,7608500
1,7528900
1,7397700
1,7403600
1,7393400
0,7382600
1,7515900
1,7394700
0,7396700
0,7409600
1,7472000
1,7313200
0,8461700
1,7579700
1,7713600
1,7633600
1,7764000
1,7617000
1,7683400
1,7628100
1,7690800
1,7642800
1,8221400
0,8142000
1,8192300
0,8595100
1,7780900
1,7810300
1,7786100
1,7800000
1,7804500
1,7806900
1,7779000
0,7806800
1,7791000
0,7814500
0,7840000
1,7992400
1,7806000
1,7639100
0,7699600
1,7741400
0,7429200
0,7952500
1,7384600
0,7576100
1,7705600
1,7318500
0,7441800
1,7461300
1,7638500
0,7340600
0,7771300
0,7693400
1,7763500
1,7661400
1,7713600
1,7689300
0,7734000
0,7665600
1,7957300
1,7656200
1,7710300
1,7664500
1,7726900
1,7612700
1,7642500
1,7780800
1,7703400
1,7493700
1,7996400
1,7539300
1,7764200
0,7489700
0,7633600
1,7537800
1,7651500
1,7508000
0,7603900
1,7520100
1,8019500
1,7923200
1,7637000
1,7562200
1,7748400
1,7543200
0,7553700
1,7531400
0,7603600
1,7547400
1,7588000
0,7678000
1,7773800
1,7775600
1,7856100
1,7640700
0,7773200
0,7672100
0,8080300
0,7725000
0,7762900
0,7666000
0,8121100
1,7659400
0,7712000
1,7524100
0,7614500
0,7563800
1,7490500
0,7659200
0,7542500
1,7801200
1,7487900
0,8069400
1,7529800
0,7651500
0,7496000
0,7493000
1,7425000
1,7630300
1,7323100
0,7503900
1,7418900
0,7570600
1,7349900
1,7475800
0,7427500
0,7627100
0,7336500
1,8076600
0,8759000
0,8492800
0,8720900
1,7789700
0,7647300
0,7971000
1,7660700
0,7740700
1,7644300
0,7729800
1,7665800
0,7726900
1,7657800
0,7876900
1,7820000
1,7925500
1,7837800
0,7812700
0,7831800
1,7877100
1,7809500
0,7833400
0,7831500
0,7835300
0,7844700
1,7826500
0,7670200
0,7739400
1,7692900
1,7773700
1,7716300
0,7699400
1,7687800
1,7739300
0,7664300
1,7810600
1,7677800
1,7725700
1,7615800
0,7436000
0,7523900
1,7805700
1,7433400
0,7803700
1,7337600
0,7658300
1,7701800
0,8181800
1,7338600
1,7434200
0,7408000
1,7580100
1,7642400
1,7689100
1,7662700
1,7799600
1,7655800
0,7745700
0,7669200
0,7757000
1,8122700
1,8011900
1,7749600
1,7957200
1,7895700
1,8007100
1,7816800
0,8038500
1,7684700
0,7830100
1,7638100
1,7763500
1,7648000
0,7739200
0,7689300
0,7855700
0,7666200
1,7743300
0,7688200
0,7712400
1,7675200
0,8051300
1,7652200
1,7693000
1,7689900
0,7690700
1,7638000
0,8805100
0,7806900
0,7817700
0,7790900
0,7725600
0,7622900
0,7808100
1,7654100
0,7811100
1,7602600
0,8072300
1,7661900
1,7671300
1,7614500
0,7905900
1,7675900
0,7578300
1,7467000
0,7564200
0,7472900
0,7541700
1,7457800
1,7512900
1,7462000
1,7520000
0,7633200
1,7566200
0,7472400
1,7656700
0,7524600
0,7598800
0,7321900
0,7488100
0,7382900
1,7554100
0,7325400
0,7501200
1,7377700
0,7455300
1,7342900
0,7464100
1,7383400
0,7457300
1,7545700
1,7464900
0,7444600
1,7443800
0,7555500
0,7383900
1,7587200
0,7418300
1,7515300
0,7383800
0,7511300
1,7329500
1,7603800
1,7470000
1,7667700
1,7481800
0,7548900
1,7486200
0,7525600
0,7486800
0,7707300
0,7519000
0,7758200
0,7570300
1,7569800
0,7548100
0,7718100
1,7448600
1,8099300
0,7968500
0,7864200
0,7583500
1,7463500
1,7582100
0,7609200
0,7446600
0,8159700
0,8464900
1,10238800
0,7955400
0,7884700
1,7877200
1,8367200
0,7838600
1,7811200
1,7825800
1,7964900
1,7764600
1,7798900
0,7788500
1,7828600
0,7815000
0,7791400
1,7767000
0,7977700
1,7789000
1,7783100
1,7796300
1,7799700
1,7822000
1,7855000
0,7829400
1,7786200
1,7819100
1,7866800
1,7611600
0,7542300
0,7669100
0,7787200
1,7685200
1,7563600
0,7667700
1,7577600
0,7547700
0,7577100
1,7550000
0,7694700
0,7564700
1,7619400
0,7550600
1,7607200
1,7565800
1,7533200
0,7541800
1,7618500
1,7548900
0,7655800
1,7463900
0,7577600
0,7564000
0,7629500
0,7345200
1,7565000
0,7439800
0,7663200
1,7332300
1,8191800
1,7539800
0,7758600
0,7463700
0,7617600
0,7448400
0,7774100
1,7334900
1,7757300
0,7699800
1,7725100
1,7639800
1,7736900
0,7682100
1,7747600
1,7666800
0,7708200
0,7888500
0,7735300
0,7667200
1,7741600
0,7550500
0,7623300
1,7530600
1,7626400
0,7490500
0,7612400
0,7542300
0,7684700
0,7488000
1,7614700
0,7548100
1,7580600
1,7481300
0,7689600
0,7762100
1,7645200
0,8954800
0,9265100
1,8663900
1,8046200
1,7394400
0,7553700
0,7341200
0,7578500
1,7417000
0,7765000
0,7655100
0,7802000
1,7645200
0,7723300
0,7686400
1,7721800
1,7712900
1,7873000
1,7649100
1,7692200
1,7629000
0,7681400
1,7642900
1,7528600
0,7503900
0,7692600
0,7488800
1,7597200
0,7467900
1,7585000
1,7535900
1,7726200
0,7802500
0,7894200
1,7603300
1,7693800
0,7634600
1,7744000
1,7655200
1,7789200
0,7758700
1,7713500
1,7713500
0,7686200
0,7626600
1,7693600
1,7640600
1,7683700
1,7621800
0,7595700
1,7504100
0,7469600
1,7525400
0,7465100
0,7587900
1,7484000
1,7529800
1,7461400
1,7887800
0,7471600
0,7804100
1,7475100
0,7559700
0,7470400
1,7575300
1,7495100
1,7805700
1,7447200
1,7562800
0,7488900
0,7598500
1,7467600
1,7540300
1,7480900
1,7561400
1,7409400
0,7517100
0,7319400
1,7514000
1,7358500
0,7451700
1,8140300
0,8743100
1,8842500
1,8879900
1,9275300
1,8943200
0,8775100
0,7818500
1,7806200
0,7793300
1,7787500
1,7806800
0,7807500
1,7779100
1,7797200
1,7857900
1,7798800
1,7801800
1,7965300
0,7762200
1,7672800
1,7643100
0,7683300
1,7637700
1,7848500
1,8860200
0,7752500
1,7625400
0,8325600
0,7631400
0,7695400
1,7624800
1,7619800
0,7469400
1,7561400
1,7466300
0,7528600
0,7471600
0,7484700
0,7533300
1,7484700
1,7558800
1,7499200
1,7833600
0,7471900
1,7477000
1,7791600
0,7410600
1,7371600
0,7512100
0,7399600
0,7485100
0,7384700
0,7621800
0,7433900
0,7467900
0,7383600
0,7442200
0,7328600
0,7540600
0,7467900
1,7511200
1,7477200
0,7471600
0,7606200
0,7504300
0,7569400
0,7470500
0,7661100
1,7445200
1,7552500
1,7463700
1,7424100
1,7370700
1,7467600
1,7316000
1,7563300
1,7380200
1,7632900
1,7333700
1,7636700
1,7373700
0,7498000
0,7421300
1,7774300
0,7385200
1,7479900
1,7295000
0,7947600
1,7903200
0,8415400
1,7612200
1,7773700
0,7437500
1,7452300
0,7386300
1,7402600
0,7383500
1,7578700
0,7629300
0,7816600
1,7625300
0,7645900
1,7681400
1,7623900
0,7685500
0,7643800
0,7919900
0,7626900
1,7685600
0,7664000
0,7663800
0,7469200
0,7543200
1,7479200
0,7704200
0,7729700
1,7628700
1,7482600
0,7626100
1,7594700
0,7681200
0,7520700
0,7777700
0,7559500
1,7668300
1,7581600
0,7524200
0,7503700
1,7549300
1,7542400
1,7654100
1,7462700
1,7665900
0,7471600
1,7536900
0,7472000
0,7540400
0,7472400
0,7534000
0,7472500
1,7584500
0,7482800
0,7528000
0,7470500
1,7628400
0,7492400
0,7672000
1,7463500
1,7544600
0,7720800
1,7532500
1,7539400
0,7508600
0,7524100
0,7470600
1,7501800
0,7486600
0,8366200
1,7564000
1,7876200
0,7600000
0,7541600
0,7469800
0,7634000
0,7644200
0,7853000
1,7629200
1,7675500
1,7640100
1,7660300
1,7613800
1,7680300
1,7637800
1,7685700
0,7627700
0,7819200
0,7541000
1,7714400
0,7319500
0,7441800
1,7371900
1,7509700
1,7308800
0,7941600
1,8454200
1,8951600
0,8803900
1,7813100
0,7320700
0,7669000
1,7619600
0,7723800
0,7625400
0,7690500
0,7625000
0,7705700
1,7641700
1,8276300
0,7630300
0,7694200
0,7628700
0,7632800
0,7414300
0,8637700
1,8270500
0,9216800
0,8886200
1,7701800
0,7385300
0,7466000
0,7496500
0,7368400
0,7378200
1,7559700
1,7465700
1,7777700
1,7773100
1,7801900
1,7799400
1,7802600
0,8360100
1,7952300
1,7810700
0,7809800
1,7791200
0,7790900
0,7821000
1,7782500
0,7719200
1,7640500
0,7718800
1,7621800
1,7692600
0,7627800
0,7720500
1,7596900
0,7916500
0,7626500
0,7704300
0,7629500
1,7662800
1,7469400
1,7524200
0,7473400
0,7509000
0,7919900
0,7503700
0,7571500
0,7468400
1,8311400
0,7472300
0,7639400
0,7469900
1,7599400
0,7626100
0,7702600
0,7626000
0,7710300
1,7604700
0,7703900
0,7625500
0,7725200
0,7624500
0,7683600
0,7625100
1,7711700
0,7626000
1,7557000
1,7381800
0,7627100
0,7381400
0,7418400
0,7382300
1,7434600
1,7296100
0,7826300
0,7378400
1,7555200
1,7326800
1,7863000
0,7491800
1,7798200
0,7703200
0,8157800
0,8635300
0,8514500
1,8576500
1,8537700
1,8294900
1,7592700
0,7471600
1,7515100
0,7543700
0,7801900
0,7792400
1,7840500
1,7791700
0,7799900
0,7788400
0,7785400
0,7822900
1,7812900
1,7779600
1,9231400
0,7813800
1,7738900
1,7752100
1,7685700
1,7619200
0,7686400
0,7625000
1,7703000
0,7625300
0,7776400
1,7630500
0,7857600
0,7626500
1,7722700
0,7565800
0,7644100
1,7444000
0,7540900
1,7472200
0,7562800
0,7538400
1,7546900
0,7501300
1,7879500
1,7476100
1,7604100
1,7461900
0,7527400
1,7373600
0,7472700
1,7445700
1,7452300
1,7458900
0,7492400
1,7771100
0,7403600
0,7504000
1,7376200
1,7455300
0,7418100
0,7396900
1,7370600
0,8272800
0,8427000
1,8426100
1,8385700
0,8479700
1,8669700
1,8326400
1,8751300
1,8894900
0,7892300
0,7323900
1,7886400
1,7796800
0,7805200
0,7787500
0,7804700
1,7810000
1,8027400
1,7810400
0,7797200
1,7829900
1,7791700
0,7787000
0,7816000
0,7647500
1,7665800
1,7623900
0,7712300
1,7706500
1,7691600
1,7633800
1,7687500
0,7624600
1,7750400
1,7645000
0,7791800
1,7647200
0,7638000
0,7470700
1,7563100
1,7444600
1,7542700
0,7502600
0,7646600
0,7563300
0,7526400
1,7464800
1,7541400
0,7469500
1,7527900
0,7380600
1,7481500
1,7375400
1,7375900
0,7378600
0,7461000
1,7316000
0,7440100
1,7355100
1,7385100
0,7383700
0,7381300
0,7879200
1,7413800
1,7856900
0,7323000
1,7434900
1,7391600
1,7447400
0,7325300
1,7403900
1,7412100
1,7526500
1,7562800
1,7436400
0,7399600
1,7482000
0,7385000
1,7448200
0,7395500
1,7363100
1,7370700
1,7438900
1,7385800
1,7316200
0,7455400
0,7381400
0,8466500
1,7479400
0,7585000
1,7552900
1,7736300
0,7473000
1,7593800
0,7469600
1,7548700
1,7462600
1,7641000
0,7471700
1,7611100
1,7450700
0,7948700
1,7954100
0,8424900
0,8118400
0,7677600
0,7625700
1,7688300
1,7672500
0,7685400
1,7604200
1,7707700
1,7619800
0,7679400
1,7634300
1,7677000
1,7618100
1,7691800
1,7656200
1,7672500
0,7626100
0,7676300
1,7633300
1,8028000
1,7620000
0,7685300
1,7636500
0,7680900
0,7629200
1,7616900
1,7489800
1,8023100
1,7863900
1,9104500
0,9276200
1,8873100
1,8922000
1,8606600
0,7550600
1,7470500
0,7477400
1,7683200
0,7785400
1,7806600
0,7803200
1,7806200
1,7795600
1,7790100
1,7826000
0,7806700
0,7808300
1,7809300
1,7833800
1,7835700
1,8070300
0,8032100
1,7693000
1,7521200
0,7470400
1,7722200
1,7462000
0,7505800
1,7362900
1,7516200
0,7485400
1,7620000
0,7470200
1,7730300
0,7646400
1,7797900
0,7623200
0,7683800
0,7664200
0,7756800
1,7622700
0,7686500
1,7637700
0,7680000
1,7631900
1,7639500
1,7577000
1,8101000
1,8495000
0,9078600
1,8202200
0,7386400
0,7384800
0,7412800
0,7399500
0,7605400
0,7383100
0,8733400
0,7662100
1,7802900
1,7597400
1,7693400
0,7691500
0,7627500
1,7634100
1,7797400
0,7687300
0,7629200
0,7692300
0,7936000
1,7653100
0,7628400
1,7484200
1,7556800
0,7321800
1,7401700
1,7346400
0,7459900
0,7317300
0,7455000
1,7385700
1,7669300
0,7381800
1,8245400
1,7774800
0,8655200
1,8479100
0,8675100
0,8882900
0,8293400
0,8357800
0,7843300
1,7668500
1,7500300
0,7622900
1,7464500
1,7661800
0,7473400
0,7782100
0,7789400
1,7861900
0,9199700
0,7801900
1,7810900
1,7819800
0,7834300
1,7795200
1,7801500
0,7788900
1,7778200
1,7751200
0,7488400
1,7548500
0,7471000
0,7514900
0,7551700
0,7572400
1,7557700
1,7562900
0,7489900
0,7535000
0,7475100
0,7467900
0,7676300
0,7342100
1,7434500
0,7381300
1,7554000
1,7415700
0,7929400
1,7371900
1,7582000
0,7437200
1,7651700
1,7376400
0,7457000
1,7314300
0,7632900
1,7614400
1,7710300
1,7619400
1,7662200
1,7716500
0,7680600
0,7628200
0,7685400
0,7833800
1,7676000
1,7602200
0,7683900
0,7466900
0,7640100
1,7395400
1,7374700
1,7408400
1,7695900
1,7327800
1,7372900
0,7458500
0,7397400
0,8340200
0,7507300
0,8178400
1,7642600
0,7799100
1,7628600
0,7712000
0,7636800
1,7685600
1,7629800
0,7776100
1,7650900
0,7733700
0,7639500
0,7693600
0,7676500
0,7689800
1,7625500
0,7688800
0,7648700
1,7655700
0,7627600
0,7685200
0,7628300
0,7698100
1,7626400
0,7723700
1,7622800
1,7838800
1,7536500
0,7638700
0,7381000
0,7455400
0,7379200
0,7484400
1,7320700
1,7429300
0,7380600
1,7447800
0,7488100
0,7590200
1,7376200
0,7474100
0,7321700
1,7460500
0,7382200
1,7336200
0,7462800
0,7377900
1,7463600
0,7320200
0,7473300
0,7380000
0,7614700
0,7322700
1,7432900
0,7382200
0,7537100
0,7584000
0,7544800
1,7447100
1,7487400
0,7321400
0,7461700
0,7354800
0,7440100
1,7327500
0,7618000
0,7383600
0,7419600
1,8278500
0,7587100
0,8791100
1,8330800
1,8501000
0,8466700
1,7408600
1,7442000
1,7404200
0,7488600
1,7307100
0,7483200
0,7489700
1,7673700
0,7627000
1,7675300
0,7638000
0,7724800
1,7623400
1,7683100
1,7665500
1,7683400
1,7659200
1,7639700
0,7729300
1,7580100
0,7362700
0,7379600
0,7444900
0,7473500
0,7618700
0,7570500
1,7485700
0,7418000
0,7676200
1,7375800
0,7562700
0,7384900
0,7392400
0,7382400
0,7550800
1,7374100
0,7393400
1,7270500
0,7456300
0,7435300
0,7528200
1,7589900
0,7588600
1,7520400
1,7314300
1,7467900
1,7403000
0,7466600
1,7312800
0,7603300
0,7502100
0,7818400
1,7443200
0,7439100
1,7397900
0,7477900
0,7323500
0,7476600
0,7428500
1,7638400
1,7466100
1,7536400
0,7487300
1,7799500
0,7993600
1,7816400
0,7557200
0,7590600
0,7468300
1,7542600
0,7488100
1,7447200
1,7545300
1,7485600
0,7695000
1,7461300
1,7519500
0,7469000
0,7556700
1,7463000
0,7521300
1,7459800
1,8539100
1,7487500
1,9058100
0,7767500
0,7445600
0,7541800
1,7562200
0,7438900
0,7444100
1,7417600
0,7490400
1,7362800
1,7526500
1,7400200
1,7798100
1,7435500
0,7441000
1,7425100
1,7581900
0,7442200
0,7340600
1,7563700
0,7428500
1,7511600
1,7326400
0,7603600
1,7410100
1,7561700
1,7417200
0,7495100
1,7436400
1,7495200
0,7594500
0,7570400
1,7538200
1,7574900
1,7333200
0,7488800
1,7421700
1,7407500
0,7418600
0,7500000
1,7414000
1,7586900
1,7543400
1,7699200
1,7566000
1,7742600
1,7543000
1,7637200
0,7678200
0,8284400
1,8984700
0,8227400
0,8707400
0,7833900
1,7910700
1,7844700
0,7802900
1,8021100
1,7836000
1,7896800
0,7848300
0,7974400
1,7889100
0,8390100
1,8290400
1,7851800
0,7814400
1,7878800
1,7804600
0,7812700
0,7819900
0,7858800
0,7892300
1,7831600
1,7800900
0,8167400
1,7818600
1,7845500
1,7813500
0,7932600
1,7822500
1,7866900
0,7792100
1,7851200
0,7817500
1,7832600
1,7823300
1,7866800
0,7792500
0,7925800
1,7796200
1,7810200
0,7768900
1,7682400
1,7617900
1,7691900
0,7626200
0,8210800
0,7631300
1,7676700
0,7624700
1,7721700
0,7643400
1,7791200
1,7615100
1,7781300
1,7501300
1,7540600
0,7472000
1,7637800
1,7478800
1,7558900
0,7503600
1,7548200
1,7476900
0,7679900
0,7473700
1,8368200
1,7662500
1,7862900
0,7507200
1,7560200
1,7477700
1,7536400
0,7468000
1,7551900
1,7519300
0,7546600
0,7471000
0,7592000
1,7516200
0,7865900
0,7472200
0,7563900
0,7589900
0,7553900
0,7469800
1,7825300
0,7489900
0,7659000
1,7463800
1,7545000
0,7808200
0,7598100
1,7477300
1,7695500
0,7645700
1,7636000
0,7733700
0,7685400
1,7653800
0,7627900
1,7684900
1,7616000
1,7832700
1,7618500
0,7682900
0,7626000
1,7505900
0,7520500
0,7711400
1,7296000
0,7681900
1,7379400
1,7447000
1,7534400
0,7571500
0,7380400
0,7474800
0,7321400
0,7517800
1,7370800
1,7549400
1,7548600
1,7555400
1,7384500
1,7393800
0,7455800
0,7489600
0,9695700
0,8690200
1,8771000
1,8198100
1,7313600
1,7659600
1,7661000
0,8047900
0,7714600
1,7713700
1,7678300
0,7692600
0,7705700
0,7805800
1,7765000
1,7740600
0,7646700
1,7681300
1,7680700
0,8210700
0,7664400
1,7692200
1,8271500
1,7837500
0,7631700
1,7693400
1,7746800
0,7679000
1,7620400
1,7700800
0,7625400
1,7606600
0,7575700
0,7563600
0,7472500
0,7594900
0,7469200
0,7616900
0,7506300
0,7471500
1,7944900
0,7495500
1,7690500
1,7467900
0,7541300
0,7490200
1,7548000
0,7469200
0,7585400
0,7743300
1,7539700
0,7466200
1,7559800
1,7482900
1,7536500
1,7459900
0,7537500
0,7465300
1,7444100
0,7319700
0,7505400
0,7679000
1,7671500
0,7728500
0,7835500
1,7887200
1,7773900
0,7403400
0,8857200
1,8528900
0,8221900
0,7626300
1,7713600
1,7772200
0,7970500
0,7987800
1,8213800
1,7912500
1,7880200
0,7630900
0,7806400
0,7626400
1,8830300
1,7788200
0,7821000
0,7787200
0,7806800
0,7805100
1,7820800
1,7784600
1,7830400
1,7803500
0,7830500
0,7788500
0,7798300
1,7765900
0,7754800
1,7452200
0,7597200
1,7502700
0,8415900
0,7470200
0,7574700
0,7489700
1,7544200
0,7472600
0,7540200
1,8249000
1,7818700
1,7640600
1,7970800
1,7640100
1,7665000
0,7625900
1,7704400
0,7642100
1,7695100
0,7628700
0,7689200
0,7662700
1,7693200
0,7610500
1,8530200
0,7576900
0,7516600
1,7394800
1,7885400
1,7321100
1,7780900
1,7383600
0,7503300
0,7324400
0,7553700
1,7569200
1,7789600
0,7837500
0,7844100
0,7788700
1,7810600
1,7785700
0,7797500
1,7785100
0,7863300
1,7767200
0,7967500
0,7974100
0,7913400
1,7840800
0,8458500
0,7679200
0,8005800
1,7970100
1,7787300
0,8054400
0,8252000
0,8357400
1,8442800
1,8205400
1,9107000
1,8653800
1,7832600
0,7824600
0,7802100
1,7794300
1,7787600
0,7825600
1,7782900
0,7792500
0,7828900
0,7913000
0,7793800
1,7785000
0,7775000
1,7680100
1,7625200
0,7749100
1,7641000
0,8016800
1,7621600
0,7687600
0,7664500
1,7686800
1,7626600
0,7686900
1,7753600
0,7668700
0,7383700
1,7393900
0,7398900
1,7377400
1,7480300
0,7320600
1,7763800
0,7384500
0,7526900
0,7323400
0,7469600
1,7395100
0,7749300
1,7382000
0,7513400
0,7650800
1,7568800
0,7467500
0,7479300
0,7382800
1,7466200
1,7321300
1,7542800
0,7379900
0,7381000
0,7782200
0,7674700
0,8021400
1,7652700
0,7505100
0,7642500
1,7470200
0,7571600
0,7469800
0,7555300
1,7448300
1,7613900
1,7533900
0,7508800
1,7638300
1,7601600
0,7691500
1,7626700
0,7936500
0,7627800
1,7693500
1,7625500
0,7696000
1,7617100
1,7665900
1,7641400
0,7693200
1,7516900
0,7467500
1,7316900
0,7735700
0,7472500
0,7616000
0,9114300
0,7536300
0,7382100
1,7452900
1,7316900
0,7486100
1,7374600
0,7584600
1,7617500
0,7689900
1,7624400
1,7701500
0,7626500
0,7697300
1,7619600
0,7707000
1,7631000
1,7665700
1,7621600
1,7902600
1,7702300
0,8333200
1,8704600
0,7780800
1,7465800
1,7631900
1,7459800
1,7621700
1,7459900
0,7547700
0,7524500
0,7556700
0,7468700
0,7573300
0,7638500
0,7683400
1,7628300
0,7952000
0,7773600
1,7958500
1,7701700
0,7732200
0,7791200
1,7664800
0,7626100
0,7684700
0,7661600
0,7675500
0,7627000
1,7755200
1,7648500
1,7673600
0,7625300
0,7684100
1,7657600
0,7689100
0,7791500
0,8600600
0,8125500
1,7620400
1,7486700
0,7549000
1,7464100
1,7857900
0,7528800
1,7729400
0,7470500
0,7532000
0,7472500
1,7594300
0,7470600
0,7589000
0,7472400
1,7538400
0,7469400
0,7527200
0,7504300
0,7485100
1,7652000
0,7543400
0,7744700
1,7583500
0,7644000
0,7513900
1,7598400
0,7521600
1,8295600
1,7579400
1,7526700
0,7494800
0,7927000
1,7610500
1,7575200
0,7508700
1,7533200
0,7466500
1,7601300
0,7486000
1,7854100
0,7470700
0,8303700
0,7495800
0,7531300
1,7473900
1,7535000
0,7487700
1,7654200
1,7470400
1,7907000
1,8878400
1,7799900
1,7671000
0,7839900
0,7666800
1,7684700
0,7629400
0,7740000
1,7634500
0,7686200
0,7628000
0,7763100
1,7622400
1,7825400
0,7691000
0,7770100
0,7493900
1,7727700
1,7544500
0,7953800
0,7472700
1,7595100
0,7472200
0,7621900
1,7456900
0,7533600
1,7504000
0,7488800
0,10079000
1,10275800
1,7963200
0,8100400
1,7946300
0,8283600
1,7948500
1,8063900
1,7927300
1,8131900
1,7944000
0,7942200
1,8025800
1,7693200
1,7647900
1,7699300
1,7646100
1,7671400
0,7691300
1,7691600
0,7643300
0,7721300
0,7626300
1,7679400
0,7626100
1,8000000
1,7680800
0,7764100
1,7602400
1,7704600
0,7721400
0,7778500
0,7629200
0,8351800
1,7706000
0,7809000
1,7625600
0,7940000
1,7621900
1,8058600
1,7576100
0,7577200
0,7500700
0,7663500
1,7475300
0,7564700
1,7460700
1,7610600
1,7623000
0,7882100
0,8046300
0,8720600
1,7809000
1,7818300
1,7821500
0,7819300
1,7836400
1,7791300
0,7809600
0,7788200
1,7858400
0,7789800
1,7792000
1,7781300
0,7803900
0,7790900
1,7656100
0,7626800
1,7801200
1,7731300
0,7625800
1,7740000
0,7648000
1,7816900
1,7624400
0,7821900
0,7645300
1,7678400
1,7620600
0,7690800
0,7641800
0,8691600
1,7631800
0,7714400
0,7628600
0,7698800
0,7627000
1,7682800
0,7624300
1,7932700
0,7630000
0,7743200
1,7555300
0,7650700
0,7625500
1,7692800
0,7625700
1,7800200
0,7625500
1,7669200
0,7701700
0,7662000
0,7626500
0,7692900
1,7384700
1,7641600
0,7385100
0,8429000
1,7548400
1,7585800
1,7453500
0,7488900
1,7424200
1,7413800
0,7323000
1,7385500
1,7577600
1,7460100
0,7552600
0,7486800
1,7844200
0,7467900
0,7550900
1,7698400
1,7520100
1,7461600
0,7615300
0,7485300
1,7542000
0,7469500
0,7554200
1,7477800
1,7540000
1,7548600
1,7565200
0,7485300
0,7608600
0,7537000
0,7581200
0,7486300
0,7633100
1,7528700
0,7672300
1,7593700
0,7633200
1,7464700
0,8084500
0,8088700
0,8560800
0,8558100
0,7734200
1,7473800
1,8059900
0,7817000
1,8315400
0,7998500
0,8125400
0,7886800
0,7824200
1,7780200
1,8086500
1,7854100
0,9027000
0,7868100
1,8044100
0,7882000
1,8000700
1,7893800
1,8029400
0,8304000
1,11223600
1,7812000
1,7841000
1,7875500
0,7815900
0,7845900
1,7837500
0,7910700
1,7819800
1,7856200
1,7881000
1,7903000
1,7872600
1,7867700
0,7890200
1,7959600
0,7835100
0,7853600
0,7963600
1,7834500
1,7804400
0,8040600
1,7825000
0,7733600
0,7666800
1,7726900
0,7660600
0,9118000
0,7672200
1,7772500
0,7665400
0,7798100
0,7654200
0,7798300
0,7672800
0,7822600
1,7341400
1,7539200
0,7404600
0,7615700
1,7333400
0,7444100
0,7424000
0,7827300
1,7539400
0,7456500
0,7411000
1,7625600
1,7899400
1,7650500
0,7548300
0,9424000
0,7564200
1,7587800
1,7562300
0,7864200
1,7586100
1,7553000
1,7547000
1,7750700
0,7580700
0,7576700
0,7519600
1,7763800
1,7557600
1,7704200
1,7471400
0,7620200
0,7568000
1,7603900
1,7499200
0,7616700
1,7519000
0,7830300
0,7984000
1,8329600
0,8359500
0,7622800
0,7760900
0,7654000
0,7565800
0,7607700
1,7541200
1,7558000
0,7569000
0,7685700
1,7556200
0,7736700
1,7543000
1,7636500
0,7547800
0,7583100
1,7464200
1,7517100
1,7597100
1,7683500
0,7775300
1,7552000
0,7776800
0,7589600
0,7575700
1,7530100
0,7625500
0,7567300
0,7681500
0,7588100
0,7617700
0,7560700
1,7544100
0,7562400
1,7579100
0,7606700
1,7621700
0,7549400
1,7552500
0,7445100
0,7408500
1,7424800
0,7503600
0,8243500
0,7586800
0,7429200
1,7543600
1,7659300
1,7481400
1,7359100
0,7485800
0,7526900
0,7729600
0,7649400
1,7907300
1,7674700
0,7803300
1,7644700
0,7791200
0,7720700
0,7943100
1,7884800
0,7722100
0,7696100
1,7723000
1,7641100
0,7746300
1,7847100
0,7712300
0,7668700
0,7944700
1,7671700
1,7770700
1,7663300
1,7765400
1,7643400
0,7866600
0,7672500
1,7737700
1,7638300
1,7723000
1,7654900
1,7797200
0,7665400
1,7801500
0,7996000
0,7898700
1,8445300
0,7862500
1,7916900
1,7945000
1,7844700
1,7847000
1,7846100
0,7842900
0,7836100
0,7980700
0,7854200
0,7850700
1,7831100
0,7849200
0,7850800
1,8561600
0,7650500
0,7858500
1,7686300
1,7730100
0,7647500
1,7721800
1,7696100
0,7733300
1,7679500
0,7745600
0,7749500
1,7749600
1,7667800
1,7475500
1,7419000
0,7503000
0,7408900
0,7434500
0,7443800
0,7518900
0,7428900
1,7334900
1,7513800
1,7396700
1,7553100
1,7340700
0,7496600
0,7410600
0,7485100
1,7336300
0,7707500
0,7427600
0,7787500
0,8080800
1,7705300
0,7468900
1,7634400
1,7401300
1,7871700
1,7593900
0,7944500
0,7681500
0,7824200
0,7699300
0,7732500
0,7685800
1,7709800
0,7665900
1,7801900
1,7700000
0,7736600
0,7649200
0,7723500
0,7559600
1,7599500
0,7492500
0,7704900
0,7566400
1,7647600
0,7489500
1,8051800
1,7883500
0,8938900
1,8595000
1,7670900
0,7692500
1,7719400
1,7661200
0,7739000
1,7649500
0,7920500
1,7785400
0,7748400
1,7647800
0,7819600
0,7669000
1,7916100
0,8062000
0,8601100
0,9322300
1,9129600
1,9315800
0,7632700
1,7710500
1,7624400
0,7735600
1,7633700
0,7846700
1,7619900
1,7736100
0,7750000
1,7847700
0,7790300
1,8348400
0,7795000
1,7881900
1,7767500
0,7815000
0,7795000
1,7851700
1,7777100
0,8325600
0,7845100
1,7895400
0,7956700
0,7816300
0,7804900
1,7791100
0,7786800
0,7814500
0,7806400
0,7809800
0,7787500
0,7878900
0,7831500
1,7720000
1,7376100
1,7592500
1,7412700
1,7669100
1,7372700
0,7390700
0,7397900
1,7494600
0,7324500
1,7467500
1,7395300
1,7546900
1,7649800
1,7583100
0,7487800
0,7537000
0,7471600
0,7866700
0,7386900
0,7492300
0,7471100
1,7518000
0,7506900
0,7920300
1,7617400
0,7549300
1,7410200
1,7586100
0,7393100
0,7400500
1,7377200
1,7467900
1,10270100
0,7674100
1,7318700
1,7462400
0,7380100
0,7432100
0,7388300
1,7528200
1,7468100
0,7504800
1,7510400
1,7662800
1,7747300
1,7503500
1,7528500
1,7469700
0,7558600
1,7484400
1,7524300
1,7854000
1,8142100
0,7649000
1,8017600
1,7644700
1,7777900
0,7743800
1,7662200
1,7623500
0,7679500
1,7642600
1,7695400
1,7603900
1,7678000
0,7607500
0,7907200
0,7515900
0,7668500
0,7499000
0,7577300
0,7468000
0,7677100
0,7488900
1,7562800
0,7510900
0,7663000
1,7479800
1,7555200
1,7467500
0,7589100
0,7820100
0,7532500
1,7574100
1,7589400
1,7717300
0,7482800
1,7650900
0,7535200
0,7642800
0,7470100
0,7533400
0,7472900
0,7674100
1,7472700
0,7526500
1,7453900
0,7563700
0,7467000
0,7526200
1,7489600
0,7700300
0,7757600
0,7589600
0,7494600
1,7562400
0,7385600
0,7468900
0,7322800
0,7664600
1,7690400
1,7904900
0,7363800
0,7526400
0,7381500
1,7479600
1,7332100
1,7579800
1,8588300
1,7878800
0,7653300
1,7657500
0,7627100
1,7758900
0,7971400
1,7798800
0,7722700
0,7952200
0,7648300
0,7696500
0,7634400
1,7691300
0,7639500
0,7699800
0,7633300
0,7697800
0,7653200
0,7705400
0,7631500
0,7675000
0,7647000
1,7935500
1,10092400
1,7881200
1,7477500
0,7704300
0,8020800
1,8500700
0,8477700
0,8323600
0,8538000
0,8446400
1,8199400
1,7469400
1,7669300
1,8117500
0,7729700
0,7789500
0,7835400
0,7793000
0,7792800
0,7788600
1,7849100
1,7783500
1,7822600
1,7803000
1,7815300
0,7791300
1,7777400
0,7662700
0,7688500
0,7628500
1,7656000
1,7711300
1,7845100
0,7630300
0,7673900
0,7640600
1,7744000
0,7629400
1,7690600
0,7640200
0,7384500
0,7631000
1,7373100
0,7588500
0,7380700
1,7443700
0,7381100
0,8914200
1,7334300
0,8313500
1,7475200
1,7661900
0,7410400
0,7876600
0,7790300
0,7824600
1,7769600
0,7785900
0,7787300
0,7846200
1,7781200
0,8467100
1,7783400
1,7831500
1,7799100
0,7823900
1,7934100
0,8080800
1,7841600
0,7631400
1,7666100
1,7829800
1,7782300
1,7658900
0,7666700
1,7769800
1,7604400
1,7690400
0,7643000
0,7682600
0,7626000
1,7668400
1,7629400
1,7665000
1,7640600
0,7679900
0,7641800
0,7684900
1,7613000
0,7822600
1,7644600
0,7706400
0,7571200
1,7435200
1,7491400
0,7530500
0,7382400
0,7722600
1,7416900
0,7520900
0,7323000
0,7471400
0,7456000
1,8108600
1,7343200
0,7649300
0,7487800
0,7565700
0,7473800
0,7534600
1,7479000
0,7470500
0,7589600
0,7470000
1,7563000
1,7463600
0,7526800
0,7469300
1,8291200
0,7594000
0,7557900
0,7606300
1,7674200
0,7473200
1,7519900
1,7445400
0,7564100
1,7463800
0,7531200
1,7460800
0,7607200
0,7791500
1,7617000
0,7552900
1,7541100
0,7470200
0,12687800
0,7488800
1,7686900
1,7466700
1,7542800
0,7597000
0,8140200
0,7474900
0,7579600
0,7510700
1,8959900
0,7504200
1,7581600
0,7488500
0,7557400
1,7484700
1,7532000
1,7489600
0,7532900
1,7461700
1,7555800
1,7362100
1,7443200
0,7385500
1,7387700
1,8556300
0,7516900
0,7385100
0,7391000
1,7375100
0,7450400
1,7370900
0,7404300
1,7507600
1,7373400
0,7567700
1,7401800
0,7526900
0,7380600
0,7522900
1,7319600
0,7456600
0,7408200
0,7483200
1,7326200
1,7487500
0,7380100
0,7513900
0,7319700
1,7634800
1,7389400
0,7727300
0,8440900
0,7603500
1,7484400
0,7563800
0,7353900
0,7484300
0,7472700
0,7379700
1,7522500
0,7514800
0,7613500
1,7395700
0,8168900
1,8672700
0,8626800
0,8434600
1,7606100
0,7590500
0,8340900
1,7874000
0,7901200
1,7710800
0,7798600
1,7799500
1,7795500
1,7801000
1,7799500
1,7860700
0,7810500
1,7849800
1,7824000
0,7985700
0,7908200
1,7851800
1,7772100
1,7726800
0,7674000
0,7728800
0,7677300
0,7972200
1,8080800
1,7696700
0,7668000
1,7773100
0,7664200
0,7780900
0,7690700
1,7665600
0,7627800
0,7673800
0,7623900
0,7643400
1,7750600
1,7641400
1,7691400
0,7641100
1,7666900
1,7595300
1,7697400
1,7642400
0,7542500
1,7359200
1,7460400
1,7377900
0,7477300
1,7378800
1,7459900
0,7419400
1,8495900
0,7504800
1,7612100
1,7411800
0,7743200
0,7860800
0,7719700
1,7618500
0,7678700
1,7614100
1,7705500
1,7628800
0,7838100
1,7617400
0,7692300
0,7625100
1,7772400
1,7599500
1,7623700
0,7417700
0,7698900
1,7426100
1,7918200
0,7444900
0,7454100
0,7380700
1,7442800
1,7380400
0,7514000
1,8510100
0,8361400
0,8841900
1,7778200
0,8136000
1,7778100
1,7792100
1,7706300
1,7647100
0,7715200
0,7623100
1,7675700
0,7645200
0,7684200
1,7597100
0,7799900
1,7654200
0,7684700
0,7624400
1,8038200
1,7662300
0,7690100
1,7599100
0,7792000
0,7644600
0,7690000
1,7601100
1,7679000
0,7640300
1,7691100
0,7635600
1,7774900
1,7638400
1,7686900
1,7621300
1,7697100
1,7606800
1,7689400
0,7628400
0,7718000
0,7753700
1,7686300
0,7545400
1,7521700
1,8527800
0,8208300
1,8602300
1,8436200
0,7481600
0,7592300
1,7660900
0,7554100
1,7464000
0,7906600
0,7823100
1,7813600
1,7781200
0,7797900
0,7789100
0,7844600
0,7789900
1,7785300
1,7779500
0,7840700
0,7793100
0,7806000
0,7807200
1,7701200
0,7479400
0,7533100
0,7491600
1,7590900
0,7652800
0,7733600
0,7578700
1,7460600
1,7534000
0,7472300
0,7580600
1,7450700
1,7742700
1,7463900
0,7546100
0,7473200
0,7612100
1,7470400
0,7608400
0,7506000
1,7564900
0,7469100
0,7548200
1,7487600
0,7542100
0,7420700
1,7580200
1,7327400
1,7571100
1,7534100
1,7769200
1,7670200
1,7883100
1,7387800
0,7553200
1,7297000
1,7690600
0,7381900
1,7647100
1,7523500
0,7472200
0,7741800
0,7983800
1,7621100
1,7506300
1,8767500
1,7481000
1,7540700
0,7468700
0,7656600
0,7487400
0,7568200
1,7628300
0,7804900
0,7658600
1,7684700
0,7627400
0,7686400
1,7626800
0,7689300
1,7619900
0,7813800
1,7643600
1,7703300
0,7593800
0,7539200
0,7416300
0,7418000
0,7378800
1,7692000
0,7416000
0,7458800
1,7373200
0,8605600
0,7585600
1,7446600
0,7379200
0,7876600
0,7478200
1,7521100
0,7499400
1,7538600
1,7468000
0,7533900
0,7468800
1,7634600
0,7509200
1,7538000
1,7447700
0,7570300
1,7465700
0,7387800
1,7473300
0,7395000
1,7618500
1,7374800
0,7707300
0,7414300
1,7657100
1,7380800
1,7464900
1,7384600
1,7592400
1,7388100
1,7491300
1,7391200
1,7386500
1,7462700
0,7458600
1,7392100
0,9081900
1,7714900
1,7575300
1,7450700
0,8765700
0,7327700
1,7436100
0,7513600
0,7809000
1,7619500
0,7856700
0,7933200
1,8440000
0,8289000
0,9085500
1,8521900
0,7812800
0,7627400
1,7904600
1,7671000
1,7833100
0,7803100
0,7810900
1,7773700
0,7787600
1,7777500
0,7822700
1,7775100
1,7813100
1,7787000
0,7853100
0,7788800
0,7822700
1,7463300
1,7514200
0,7469400
1,7527900
0,7468800
1,7536800
0,7496900
1,7553900
0,7473100
1,7554700
0,7473200
0,7834300
0,7471700
0,7452300
0,7383600
1,7618000
0,7320000
0,7735500
0,7601900
1,7747600
0,7323200
0,7459700
1,7383900
0,7531100
0,7323900
0,7449100
1,7587600
1,7528900
1,7471200
0,7562500
0,7473700
0,7610300
1,7466400
1,7567100
0,7470300
1,7631200
1,7475500
0,7676500
1,8110800
1,7686700
0,7699600
0,7671300
1,7793900
0,7623200
0,7716900
0,7627200
1,7720800
1,7627600
0,7715500
1,7619600
0,7867900
1,7599700
0,7716000
1,7434300
1,7450200
1,7385100
0,7476200
1,7598000
1,7693500
1,7618300
1,7518600
0,7537800
0,9168600
1,8191200
0,7497300
1,7439600
1,7520700
1,7470900
1,7526600
1,7461800
0,7555000
1,7470300
1,7648500
0,7875400
1,8483400
1,8343000
0,8663800
1,8606300
0,7993600
0,7739500
0,7680500
1,7618500
1,7712300
0,7670400
1,7715000
1,7624100
1,7710600
0,7642900
0,7705100
0,7724300
0,7688100
0,7569600
0,8064000
1,7532300
0,7522300
1,7482800
0,7523800
0,7777400
0,8351300
1,8201100
1,8433300
0,8116600
0,7609200
0,7468400
1,7774800
0,7784400
0,7988600
1,7793000
1,7799400
0,7790500
1,7816700
0,7787100
0,7790200
0,7788500
1,8531400
0,7822900
0,7802200
0,7815900
1,7637100
1,7727000
0,7634100
0,7696000
0,7631300
1,7774700
0,7628400
0,7659300
0,7682300
1,7627200
1,7686900
1,7649300
0,7466400
0,7382900
0,7471000
0,7395000
0,7379000
1,7373900
0,7499600
0,7399100
0,7595600
0,7381400
0,7508300
1,7327400
1,7519500
0,7488700
1,7745500
0,7706000
1,8303300
0,7725200
0,7513300
0,8788600
0,7750400
1,7649700
0,8100500
1,7884500
1,7947200
0,7682000
1,7919500
0,7726100
1,7684300
0,7626400
0,7703900
1,7615100
1,8452900
0,7628200
1,7722800
0,7731400
1,7685000
1,7709000
1,7698200
1,7471100
0,7555700
1,7462900
0,7633100
1,7463400
1,7928100
0,7859500
0,7758000
1,7480700
0,7756000
1,7440700
1,7582600
1,7466000
1,7673300
1,7631200
1,7688200
0,7630200
1,7728200
0,7628900
0,7969700
1,7717100
0,7726000
1,7605600
0,7701300
1,7628700
0,7684700
1,7427600
1,7429700
1,7438400
0,7322800
0,7495200
0,7395400
1,7584000
1,7314900
1,7688000
0,7398200
1,7486200
1,7294500
1,7526000
1,7380500
1,7476100
0,7324900
0,7492100
0,7395000
1,7641400
1,7408400
0,7756800
1,7394800
0,7434700
0,7327100
0,7383000
1,7716100
0,7379900
1,7425400
1,7404400
1,7452600
1,7374200
1,7366600
1,7519200
1,7646600
1,7414200
1,7378100
0,7519000
1,7599000
1,7366500
0,7458300
0,7385800
0,7443800
1,7551700
0,7350900
0,7544300
1,7416200
0,7370700
0,7382300
1,7476200
0,7598100
1,8621800
0,7860200
1,7734000
1,7596100
1,7737200
1,7595800
0,7677000
1,7639400
1,7720200
1,7862500
1,7731600
0,7650100
1,7654400
1,7616600
0,7699300
1,7624300
0,7793400
1,7627700
0,7703500
0,7625500
0,7695400
1,7682100
1,7726100
1,7635400
1,7644800
1,7614500
0,7688100
1,7627400
1,7902200
1,7782500
0,7713800
0,7474100
1,7567200
1,7454600
1,7555900
1,7466600
1,7555400
1,7553900
1,7678200
1,7530500
1,7518200
1,7467600
1,7647000
0,7581400
1,7733700
0,7471900
0,7546300
0,7469800
0,7533100
1,7460500
0,7549600
0,7471600
0,7471800
1,7492800
1,7595100
1,7542800
0,7469000
0,7679100
1,7481700
1,7534400
1,7469700
1,7545600
0,7485900
1,7573700
1,7981400
1,7520000
0,7506300
1,7513000
1,7992300
0,7964900
1,7530800
0,7605700
0,7471100
1,7557200
1,7690600
0,7609800
1,7844000
0,7624500
0,7491500
1,7483100
0,7532800
0,7468700
1,7547600
0,7469600
1,7503800
0,7500100
0,7571200
0,7496800
0,7546600
1,7473400
0,7670300
1,7508700
0,7559300
1,7461700
0,7669900
0,7430400
1,7500700
1,7316500
1,7744900
1,7487700
1,7593200
1,7319900
0,7543300
0,7378500
0,7322100
1,7627400
1,7381800
1,8312600
0,7406300
0,7659900
1,7503000
0,7944000
1,7994600
0,8871700
1,8448500
0,8723600
0,8540800
1,8495300
0,10455100
1,8949100
1,8258500
1,7824100
1,7782500
1,7815500
1,7802800
0,7794700
0,7798900
0,7802800
0,7807000
1,7778900
0,7987000
0,7867600
0,7835100
1,7783400
1,7632300
0,7683800
1,7626400
0,7742800
0,7750600
0,7830300
0,7645800
1,7662100
1,7620000
0,7725500
0,7629200
1,7665700
0,7629800
0,7707800
0,7630200
1,7670900
0,7629800
1,7637200
1,7683900
0,7725400
0,7687100
1,7646100
0,7687800
1,7619300
1,7678300
1,7507100
0,7604100
0,7318900
0,7638200
1,7358000
1,7448400
1,7333300
1,7546700
0,7398100
0,7587200
1,7321500
0,7475600
0,7400500
1,7464400
1,7582400
0,7619900
1,7445700
1,7504000
1,7456600
0,7381900
0,7616400
0,7386300
0,8783900
0,7418000
1,7393100
1,7699400
1,7397900
0,7522100
0,7549700
0,7469000
1,7497000
1,7465300
0,7582600
0,7470700
1,7519000
1,7465200
1,7544000
1,7486100
1,7549100
0,7467800
1,7487000
0,7383000
1,7535900
0,7353700
1,7467300
0,7546400
0,7541600
1,7378200
0,8050900
0,7859700
0,7570300
1,7392100
1,7573000
0,7484100
0,7674900
1,7616600
1,7707900
0,7629800
0,7676800
1,7631300
1,7745400
1,7651400
0,7819400
0,7734600
1,7735400
0,7664400
0,7713000
1,7553200
0,7490400
0,7698400
0,7542900
1,7668400
1,7487600
0,7842300
1,7527900
1,7675200
1,7471100
0,7749100
1,7559800
1,8148800
0,7523000
0,7498700
0,7425000
1,7510700
1,7622400
1,7735200
1,7761400
0,7562500
0,7397900
0,7776300
0,7423200
0,8089600
1,8112700
0,8997800
0,7832800
0,8235700
1,8427200
0,8847600
0,9595300
1,8197200
1,8055200
0,7781100
0,8103700
0,7836100
0,7769300
1,7828900
1,8032000
0,7841900
1,7847000
1,7851400
1,7850900
0,7931100
1,7908600
0,7867800
0,7858900
0,7818700
0,8029300
1,7939200
1,7763800
0,7773200
0,7719700
0,7726100
0,7765700
0,7651100
1,7840600
0,7719200
0,7700200
1,7651000
1,7974900
1,7644900
0,7726000
1,7628900
0,7702900
1,7638600
1,7667400
0,7624500
1,7763200
0,7630600
1,7708300
0,7632400
1,7711000
1,7631100
0,7633500
1,7947000
1,7743600
1,7572700
0,7511400
1,7607600
0,7489900
1,8299900
0,7590200
1,7516500
0,7494200
1,7574900
1,7465300
0,7619400
1,7494300
0,7536400
0,7471400
1,7566200
1,7474100
1,7741100
1,7465600
0,7557400
0,7516800
1,7527200
1,7477400
1,7533000
1,7494600
0,7659900
0,7321200
0,7606500
0,7397400
0,7664800
1,7301700
0,7829100
0,7607500
0,7720000
0,7327000
1,7463900
0,7400800
0,7383100
1,7413200
1,7508400
1,7655500
0,7471700
0,8416500
0,7674600
1,7789100
0,7567800
0,7545200
1,7480800
1,7600200
0,7470100
0,7564500
1,7476100
1,7539200
1,7461800
0,7529500
1,7460600
1,7595500
0,7514200
0,7564100
0,7474600
1,7623500
0,7506100
0,7645600
1,7457400
0,7735400
1,7433800
1,7450600
0,7322100
0,7478800
0,7381000
1,7407600
1,7499000
0,7673300
0,7466000
0,7378600
1,7549000
1,7629400
0,7480200
0,7398000
0,7577000
0,7485000
0,8161400
0,8107700
0,8389100
1,8713900
0,8322000
1,8224000
1,8489000
0,8611000
0,9464000
0,8533500
1,7918700
0,7890700
1,7810000
0,7860000
1,7808300
0,7819000
0,7887100
1,7811500
1,7781200
1,7808500
1,7793600
0,7822600
0,7789800
0,7825000
1,7780200
1,7821400
1,7785700
1,7803400
1,7839700
1,7850000
1,7791200
0,7973500
0,7878800
1,7824000
0,7834100
1,7782700
1,7789900
0,7677600
1,7662500
0,7805700
1,7693500
1,7735300
0,7649600
1,7710100
1,7675700
1,7743400
1,7653300
0,7734900
0,7650900
1,7886700
0,7416900
1,7417300
1,7446800
1,7497700
1,7426000
1,7692700
0,7447000
1,8422400
1,7404900
1,7433200
1,7619300
0,7564500
1,7556600
0,7823400
1,7564100
0,7575900
0,7552700
0,7581500
0,7583800
0,7633700
1,7540600
1,7574500
0,7548800
0,7630400
0,7538200
1,7533700
1,7329000
0,7510700
1,7516000
0,7749200
0,7688300
1,7725200
0,7417000
0,7489700
0,7340900
1,7508900
1,7417100
1,7421800
0,7487700
1,7597800
0,7577800
0,7587400
1,7490200
1,7549400
1,7619500
0,7561400
1,7761800
0,7587000
1,8144100
1,7673500
0,7607800
0,7605000
0,8232800
1,7569500
1,7580800
0,7498900
0,7730900
1,7556600
1,7716100
0,7491200
1,7578500
0,7548300
1,7652900
1,7491000
0,7604400
0,7567700
1,7608800
1,7493100
0,7604300
1,7561800
1,7809400
0,7596900
0,7610100
1,7578900
1,7988300
1,7638700
1,7569900
0,7685700
0,7731500
1,7663000
1,7704800
1,7712600
0,8018100
1,7660200
1,7734800
1,7658300
1,7723200
0,7666500
1,7960700
0,7648000
0,7677700
0,7541100
0,7629000
0,7490700
0,7612100
0,7549200
0,7636500
1,7632200
1,7634900
1,7557900
0,7713600
1,7472700
1,7512300
1,7627600
0,7567800
1,7568300
1,7656700
1,7595300
0,7529200
0,7605400
0,7627300
1,7774500
1,7484300
0,7615400
0,7470100
0,7529000
0,7451600
1,7796900
1,8354500
1,7856600
0,7614100
1,8014300
1,7345000
1,7437000
1,7410700
0,7446400
0,7320700
0,7459100
0,7398000
0,7490600
1,7796300
0,7771400
0,7652700
1,7685600
0,7631200
1,7690800
0,7639400
0,7692900
0,7631100
1,7681300
0,7641700
1,7848900
0,7629600
0,7680800
1,7676800
0,7689600
1,7626200
1,7681400
0,7627800
1,7672300
1,7607700
1,7695000
0,7626100
0,7683300
0,7627600
0,7738900
0,7322000
1,7384200
0,7458200
0,7393000
1,7374300
0,7615900
1,7535400
1,7408300
0,7422400
1,7398200
0,7534600
0,7414400
1,7406900
1,7359200
0,7566700
1,7385000
1,7387700
1,7383700
0,7391100
1,7419800
0,7382900
1,7377900
0,7552700
1,7389000
1,7492400
1,7401000
1,7386000
0,7525600
0,7383000
0,7518900
1,7379300
1,8616400
1,7604800
1,7490900
1,7438300
1,7500700
0,7319500
0,7766700
1,7374400
1,7908900
1,7627700
0,7692100
1,7627600
0,7715600
0,7626500
0,7703700
1,7710100
0,7825900
1,7618100
1,7677600
1,7660900
1,7758200
0,7909500
1,7669300
1,7622100
1,7734500
1,7618000
0,7698400
0,7628400
1,7877600
1,7991000
1,8102900
1,7994500
1,7693900
0,7846700
0,7832800
0,7647800
1,7683300
0,7634900
0,7682700
0,7647300
0,7694100
1,7794200
0,7808400
0,7648900
0,7694300
0,7624100
0,7731200
0,7650100
0,7714700
1,7446200
0,7682100
1,7500800
0,7551800
0,7470000
1,7663400
0,7969800
1,8294600
1,8370900
1,8810700
1,8665000
1,8051500
0,7681000
1,7752000
0,7625200
1,7683300
1,7618500
0,7705700
0,7627300
0,7681900
0,7625400
0,7926000
1,7650300
0,8062700
1,7621600
0,8431000
1,7678100
1,7872400
1,7621500
1,7724700
1,7624700
1,7674000
0,7625900
1,8939600
0,7624000
0,7685000
1,7678300
1,7697900
1,7616300
0,8322100
1,7649900
0,7691000
0,7626200
1,7675500
0,7664600
1,7692300
0,7626200
1,7721400
1,7654100
0,7686000
0,7349100
1,7448300
0,7395100
0,7451300
0,7351000
1,7718100
0,7397700
1,7372500
0,7382100
0,7439700
0,7396100
0,7574100
0,7379300
1,7457700
1,7405000
1,7795200
1,7687200
1,7545600
0,7368800
0,7320000
1,7439200
0,7384500
1,7446500
0,7413100
1,7473800
0,7383300
0,7473100
1,7313300
1,7416200
1,7376800
1,7582000
0,7491800
0,7506700
0,7590100
0,7473400
1,7319200
0,7475900
1,7378600
0,7576900
1,7397100
0,7755500
0,8034700
1,7765400
1,7435700
0,7506500
1,7375200
1,7547900
0,7518100
0,7456300
1,7375700
0,7778700
0,7342600
0,7383400
0,8675400
1,7930000
1,7829900
1,8013300
0,7804200
1,7851100
0,7790500
1,7811200
0,7789100
0,7839900
0,7790100
1,8539800
0,7814000
0,7818200
1,7783600
1,7782700
1,7808400
1,7804300
0,7787300
0,7838500
0,7810200
1,7821700
0,7784900
1,7788800
1,7789800
0,7794800
1,7474900
1,7537500
0,7492500
0,7514700
0,7470800
1,7541400
0,7478200
1,7500000
1,7564800
0,7470800
0,7699600
0,7470100
0,7627000
0,7356700
1,7534800
0,7381700
1,7375700
1,7376900
1,7478000
0,7382200
1,7443900
0,7381800
1,7415900
0,7377700
0,7412300
1,7353800
0,7471100
0,7711900
0,7492000
0,7597900
1,8344800
0,7662100
1,7702400
0,7489300
1,7532100
1,7418700
0,7414300
0,7427200
1,7643400
0,7620900
0,7714500
1,7669400
1,7764800
0,7668400
1,7794600
1,7635800
0,7769200
1,7674100
0,7722400
0,7671000
1,7845500
1,7662600
1,7911200
0,7445100
1,7416100
1,7422400
1,7441700
0,7488000
1,7618000
1,7723000
0,7422700
1,7457800
1,7417300
1,7413400
0,7413500
1,7696200
1,7469600
1,7742100
0,7548600
0,7698300
1,7492500
1,7622500
0,7549300
1,7679800
0,7495500
0,7632500
0,7528500
1,7593900
0,7489400
0,7542800
1,7419900
1,7639200
1,7338100
0,7560700
1,7453400
0,7516600
1,7336200
0,7499700
1,7422700
1,7507700
0,7342100
1,7418900
0,7592000
1,7438600
0,7497100
0,7428700
1,7663100
1,7601200
1,7466100
0,7647600
1,8650900
0,7480900
0,7559800
0,7597200
1,7561000
0,7523900
1,7746600
0,7649800
0,7715100
0,7682800
0,7731900
1,7654600
1,7734000
0,7689900
0,8016400
0,7656200
1,8033300
0,8348100
0,8058700
1,8242700
1,7771400
0,7645600
0,7813900
1,7741700
0,7916100
0,8300800
0,7727900
1,7661800
0,7757400
1,7664300
0,10234300
1,7886500
0,7897100
1,7899200
0,7875200
0,7914800
0,7972500
0,7869900
1,7833300
0,8370000
0,9660000
0,9433000
1,9725400
0,9460900
1,9227900
0,7814800
0,7863000
1,7826100
0,7860700
1,7833900
0,7844500
1,7814600
0,7866600
1,7802100
0,7823700
1,7654600
0,7771200
1,7566700
1,7773300
0,8369400
1,8512900
1,8820500
1,8694000
1,8760400
1,8335700
1,16840800
0,7663800
1,7828400
0,7805700
0,7787300
1,7788500
0,7806900
0,7802400
0,7785200
1,7793400
0,7804000
0,7795700
0,7804000
1,7840100
1,7593600
1,7692700
0,8941800
1,8248400
1,8344300
1,9466400
0,8167300
0,7746600
1,8663900
1,9388500
0,8379400
1,8606900
0,8046200
1,7797500
0,8186500
1,7828000
1,7802900
0,7827100
0,7969900
1,7809000
1,7848400
0,7830600
0,7857000
1,7904200
0,7824700
0,7814400
0,7796400
0,7789000
0,7799900
0,7799600
0,8021000
0,7797500
0,7804100
0,7796700
0,7809300
1,7801800
0,7790100
0,7817500
0,7629100
1,7681300
0,7625900
0,7792100
1,7624200
1,7690200
1,7790300
0,7908800
0,7629100
0,7695300
1,7742600
0,7728000
1,7590100
0,7646200
0,7474200
0,7629600
1,7964900
1,7641400
1,7651900
1,7479800
1,7620100
0,7471000
0,7611300
0,7470400
0,8212100
0,8260100
0,8125000
1,8235400
1,8311000
0,8800200
0,8927500
0,8861200
1,7787300
0,7707700
0,7624900
1,7692200
1,7598200
1,7739300
0,7787900
1,7828000
0,7789500
1,7825700
0,7797600
0,7812200
1,7796600
0,7826100
0,7787500
1,7799500
0,7786900
0,7820800
1,7668600
0,7590200
1,7319700
1,7922900
1,7429400
0,7471200
0,7322500
0,7542000
0,7379000
0,7392900
1,7388600
1,7741600
1,8623300
0,7617200
0,7469300
0,7899200
1,7467200
1,7605500
0,7497900
0,7607600
0,8095800
0,7661000
1,7501600
0,7551000
0,7471500
1,7554000
1,7609500
0,7631200
0,7471000
1,7550000
1,7554600
0,7471000
0,7540200
1,7460700
0,8258200
1,7604800
0,7532500
1,7492900
0,7550600
0,7464700
0,7558900
1,7441400
0,7623800
1,7441400
1,7690400
0,7470700
0,8195100
0,7477300
0,7643800
1,7466400
0,7558200
1,7451600
0,7536400
1,7458700
0,7603200
0,7470500
0,7566500
1,7460800
1,7536600
1,7472900
1,7523200
0,7472300
1,7575400
0,7506700
1,7543700
0,7472300
1,7547600
0,7382000
0,7521100
1,7377500
1,7459800
0,7459200
1,7453300
0,7383500
1,7534500
1,7393200
1,7379900
0,7455400
0,7395300
1,7379600
0,7411200
0,7456500
1,7384400
1,7440400
0,7375600
1,7581900
1,7378900
0,7705900
0,7593200
1,7500900
0,7513100
0,7572400
0,7380100
1,7591200
0,7640600
1,7687700
0,7626600
0,7732700
1,7646600
0,7685000
0,7625200
1,7795500
1,7633200
0,7941200
0,7741800
1,7935100
0,7652800
0,7958800
1,7765800
1,8133600
1,7903200
1,7809100
1,7625200
0,7964000
1,7625700
0,7687000
1,7626400
0,7709400
1,7621400
1,7757200
0,7789100
0,7821600
1,7787900
0,7794100
0,7789200
1,7803100
0,7789500
0,7802000
0,7789900
0,7818800
1,7786200
0,7817000
0,7413900
1,7515800
1,7377900
1,8406400
0,7325000
0,7520500
0,7378500
0,7546000
1,8355400
1,7528400
0,7384000
1,7515700
1,7320000
0,7492200
0,7779200
0,7434700
0,7325800
1,7397800
0,7478200
1,7372000
1,7383100
1,7375600
0,7512100
1,7369600
0,7378800
1,7408000
0,9426500
0,7469500
0,7549400
0,7481900
0,7540600
0,7471000
0,7629800
1,7467800
1,7614600
1,7577900
1,7756100
1,7483200
0,7717500
1,8046300
0,8771400
1,8731000
0,8838700
1,8128800
0,8160600
1,8271900
0,7473100
1,7620000
1,7510000
1,7536800
0,7473800
1,7468100
1,7858700
0,7787700
0,7930500
0,7802800
0,7795300
0,7788200
0,7819600
1,7791900
0,10323000
0,8227200
0,7819000
1,8399900
0,7760900
0,7686300
0,7640900
0,7713600
1,7632100
1,7699500
0,7678300
0,7739100
1,7641700
0,7889400
1,7644900
1,7791700
1,7629600
0,8036000
0,7652600
0,7687700
1,7618600
1,7673900
0,7647100
0,7834300
0,7747700
0,7792200
1,7645600
0,7694200
0,7682100
1,7677900
0,7643300
0,7685700
0,7626600
0,7753100
0,7666100
1,7777400
0,7629700
0,7686400
1,7649400
1,7690600
1,7637900
1,7658300
1,7848100
1,8134000
0,7386600
1,7450900
0,7384300
0,7728400
1,8046800
0,7710300
0,7587000
0,7974800
1,7372200
1,7451200
1,7312300
0,7429200
0,7592000
0,7661000
0,7809100
0,7687500
1,7517200
0,7542000
1,7675800
1,7597000
0,7859900
0,7655700
0,7691100
1,7622300
0,7687100
0,7560100
0,7436000
0,7316900
1,7495700
0,7640700
0,7584300
1,7313300
0,7494800
1,7405800
1,7404300
0,7380800
0,7521600
1,7393700
0,7428600
0,7384600
0,7647200
1,7573900
1,7334400
1,7825900
0,9276600
0,7795400
0,7797900
1,7694000
1,7847200
0,7871000
1,7792900
0,7821100
1,7700000
1,7632600
0,7631700
0,7683900
0,7717600
0,7631400
1,7618000
1,7657100
1,7637000
0,7680700
1,7599500
0,7683300
1,7646200
0,7562700
1,7467200
0,7581000
0,7494800
1,7510400
1,7460300
0,7978000
1,7492300
0,8220700
0,7582500
0,7595300
1,7535000
1,7534800
1,7620400
1,7687400
0,7664200
1,7680800
1,7630000
0,7690400
1,7638400
1,7837100
1,7617300
0,7675300
0,7644200
1,7654100
1,7623900
0,7442600
1,7383800
1,7545000
0,7325300
1,7609300
1,7537500
1,7865800
1,7879300
1,7536200
0,7394600
0,7472900
0,7323000
1,7374000
0,7647400
0,7469100
1,7532900
0,7466700
0,8523000
0,7470100
0,7583000
1,7575400
1,7978300
1,7461800
1,7545100
0,7695700
1,7534800
0,7637800
0,7811200
0,7803700
0,7800000
0,7789000
0,7960900
0,7838600
0,7844500
0,7847000
0,7859700
1,7828100
1,7799800
1,7839600
1,7807000
0,7808700
0,7841900
0,7801700
0,7791900
1,8038700
0,7877000
1,7805400
0,7820700
1,7860100
0,7791900
1,7810400
1,7805000
0,7747100
0,7816300
0,7743900
0,7694600
0,7645500
0,7705500
0,7794200
1,7712800
1,7750300
0,7750100
1,7661000
0,7765100
1,7656200
1,7686800
0,7666600
0,7749900
1,7656300
0,7720200
0,7666400
0,7854400
1,7637900
1,7749900
1,7640000
1,7793300
0,7664300
1,8825800
1,7362200
1,7759600
1,7402500
1,7495500
0,7361000
1,7559400
1,7604400
0,7552700
1,7334000
1,7636100
0,7466500
1,7502500
0,7362800
0,9505000
0,7551200
1,7598100
0,7565200
1,7548100
1,7523900
0,7616200
1,7596800
1,7584400
0,7541700
0,7690400
0,7537200
0,7643000
0,7369700
0,7594900
1,7443900
0,7491400
0,7425400
1,7498800
0,7640800
0,7523500
1,7343400
0,7520300
0,7445000
0,7427400
0,7428800
0,7529200
0,7448800
0,7801600
1,7344900
1,7421100
1,8370300
0,7673200
0,7400100
1,7645100
1,8848800
1,8358200
1,9301500
0,8589600
1,7957200
0,7892300
1,7739900
0,7760700
0,7643400
1,7850400
1,7658600
0,7770800
0,7672000
0,7708300
1,7660000
1,7724100
0,7666600
0,7736900
0,7669300
0,8002600
0,7667000
1,7736200
0,7756100
0,7753100
0,7764400
1,7995500
1,7673200
1,8145000
1,7667400
1,7723400
0,7687700
0,7714900
0,7671300
1,7751700
1,7694200
0,8463500
0,7644500
1,7711400
0,7697900
0,8003300
0,7665700
1,7956400
1,7666900
1,7710800
0,7667700
0,7710700
1,7663300
0,7737000
0,7665000
1,7747100
0,7915300
1,7799200
0,7668600
1,7717500
1,7705200
1,7651700
1,7505000
1,8091600
1,7982200
1,7600700
1,7533200
0,7656800
0,7658300
1,8260000
0,7633600
0,7963700
1,7480100
1,7649900
1,7549600
0,7702100
1,7634000
1,7669900
1,7616100
0,7700900
1,7619400
0,7686400
1,7625400
1,7707600
1,7617000
0,7734200
1,7597000
0,7552900
1,7491300
1,7708600
1,7376100
0,7460300
1,7376000
0,7376500
1,7375400
0,7396400
0,7564300
1,7729700
0,7477500
0,7397900
0,7518700
1,7641200
1,7520300
1,7502800
0,7545900
1,7559800
1,7522900
0,7487100
1,7624200
1,7474500
1,7692000
0,7484900
1,7564500
0,7471300
0,7498700
0,7398300
0,7456900
1,7336300
0,7489500
1,7423900
1,7936800
0,7324600
0,7381300
1,7566000
0,7381600
1,7515100
1,7411800
0,7686300
0,7471400
0,7606000
0,7470200
0,7556400
0,7469100
1,7541700
0,7472700
1,7533900
0,7471000
0,7726400
1,7470300
0,8400900
1,7647100
0,7643400
0,7506700
1,7554600
0,7466300
1,7576300
0,7468300
0,7582500
0,7472400
1,7617900
0,7470800
1,7557700
0,7471100
1,7610800
1,7415000
1,7452200
0,7352400
0,7505300
1,7330600
0,7394300
1,7446400
1,7569600
1,7879000
1,7417100
1,7755300
0,7626700
0,7421900
1,7524800
1,7641100
1,7461400
1,7536700
0,7472200
0,7521800
0,7470700
1,7556600
0,7489000
1,7578400
0,7471300
1,7575100
1,7793300
1,7703200
1,7377800
0,7979100
1,8285100
1,9099600
1,8739000
1,8141200
1,7732500
1,8315300
0,8278700
0,9074200
0,8240400
1,8518100
0,7997900
1,7782600
1,7809600
0,7788400
1,7814200
1,7794500
0,7804500
1,7783500
1,7802200
1,7759400
0,8173500
1,8534900
1,7711800
1,7624000
1,7913400
1,7703500
1,7646800
0,7625800
1,7692400
1,7648300
1,7674800
1,7637000
1,7678200
0,7639200
0,7682100
0,7513100
1,7814900
1,7477400
0,7547100
0,7474500
0,7529900
1,7478900
1,7517900
1,7449900
0,7471000
1,7759900
0,7475400
1,7651800
0,7648800
1,11869800
1,7622000
0,7470000
1,7563200
0,7471700
1,7526200
1,7444100
1,7553200
0,7472100
1,7601400
1,7468300
0,7560300
1,7492600
0,7525500
1,7450100
0,7636600
1,7620700
0,7545000
1,7925700
1,7597700
0,8625200
1,7580500
1,7464800
0,7598900
0,7472000
0,7472400
0,7547600
1,7483800
0,7610300
0,7470400
0,7515700
0,7480900
1,9018500
1,7467800
0,7535700
0,7528500
0,7680500
0,7474300
0,7482800
0,7398300
1,7518600
1,7312300
1,7576000
1,7405100
0,8678300
1,8003300
1,7593900
1,7562300
1,7448000
1,7373200
1,7407100
0,7496400
0,7623400
1,7467600
0,7537300
0,7484800
1,7543400
1,7809500
1,8331200
1,8809800
0,8666500
0,8758800
0,8412600
1,8365900
0,7792900
0,7822600
0,7831700
0,7801000
0,7789000
0,7809900
0,7802900
0,7799700
1,7789700
0,7816900
1,7774800
0,7860200
1,7894800
0,7553000
1,7464300
0,7550700
0,7471800
1,7701800
0,7749300
0,7574900
1,7688400
0,7574800
1,7473400
0,7644000
0,7957300
0,7651600
0,7474600
1,7472100
0,7530000
0,7485300
0,7636300
0,7471900
1,7549400
1,7514700
0,7737800
1,7484300
0,7603200
1,7480900
1,7580800
0,7472800
1,7534100
0,7611300
1,7583800
1,7501300
1,7708900
0,7907800
0,7691600
1,7552900
0,7971600
0,7701800
1,7588500
0,7508100
0,7684300
0,7820200
0,7685800
1,7614500
1,7681700
1,7644000
0,7681400
0,7628400
1,7827600
1,7624800
0,7755200
0,7634000
1,7733700
0,7810400
0,7587600
0,7594500
0,7631100
0,7555900
0,7558800
0,7470700
0,7685800
0,7471600
0,7701600
0,7470000
1,7693800
1,7458500
0,7553100
1,7462100
0,7488400
1,7498300
0,7467800
1,7532500
1,7652000
1,7779700
0,7470900
1,7524900
0,7508400
0,7527100
0,7469700
0,7488700
1,7390800
1,7453200
0,7384100
0,7451000
0,7393600
0,7417000
0,7379300
0,7545700
1,7431900
0,7566600
0,7447700
0,7544100
0,7396800
0,7431000
1,7364900
1,7372300
0,8922600
0,7549800
0,7385000
0,7583900
1,7414700
1,7299600
1,7446700
1,7371000
1,7607300
0,7321000
1,7416900
0,7471600
1,8528400
0,7485100
1,7540700
1,7475400
0,7458800
1,7312800
0,7948900
0,7412900
0,7534700
0,7495800
1,7810300
0,7574900
0,7725700
0,7628700
1,7815300
1,7641100
0,7700600
0,7625700
1,7736300
1,7606200
1,7708000
1,7618700
1,7678100
0,7807400
0,7552800
0,7380400
1,7493300
0,7381200
1,8324400
0,7690100
0,7459900
0,7381500
0,7638100
0,7382200
1,7428900
1,7328700
1,7412800
0,7924700
1,7778500
1,7833700
1,7822300
1,7827100
0,7807500
0,7880900
0,7789800
1,7769500
0,7788000
1,7834800
1,7780100
1,7795700
1,7719000
1,7773300
1,7623200
0,7691000
1,7628900
1,7700900
0,7627500
0,7707700
1,7620000
1,7727400
0,7630600
0,7827800
1,7620400
1,7689100
1,7378400
1,7723700
1,7374100
1,7416400
0,7379000
0,8484000
1,7702800
0,7672600
1,7450000
0,7514300
0,7319300
1,7490500
1,7501800
1,7990000
0,7626400
0,8270900
0,7627400
1,7751900
1,7658700
0,7682900
1,7613800
0,7685500
0,7641500
1,7690600
1,7644500
0,7706900
0,7485600
1,7528400
0,7500100
1,7538000
1,7488300
0,7588000
0,7617500
0,7529500
1,7502500
0,7543200
1,7468200
1,7463000
0,7564700
0,7318500
1,7486900
0,7446800
0,7573000
1,7312400
1,7442600
1,7378900
1,7452100
0,7321000
1,7438400
1,7405600
0,7492700
1,7316300
0,7578000
0,7412000
0,7737500
0,7322100
0,8003400
0,9869600
0,7448600
0,7381700
0,7590100
0,7432700
0,7511200
1,7861400
0,7689900
0,7948900
0,7791800
1,7632900
0,7696600
1,7632700
1,7732600
1,7608600
0,7726200
0,7767200
1,7712100
0,7667100
1,7874400
0,7657300
1,8014800
1,7695600
0,7812100
1,7717300
0,7715300
0,7672300
0,7719100
0,7656500
0,8262800
0,8206200
0,8525800
0,8527200
0,8645500
0,7822600
1,7798700
1,7780700
0,7928400
1,7809700
1,7836500
1,7819000
0,7832100
0,7805100
1,7848400
1,7786600
1,7814100
0,7788100
1,7828300
1,7784100
0,7810700
1,7804900
0,7809400
1,7763700
1,7796900
1,7761800
0,7831600
1,7776000
1,7799900
0,7789400
0,7644500
0,7469400
1,7845300
0,7496200
1,7559400
0,7471100
0,7548800
1,7472400
1,7564300
1,7469300
1,7536500
1,7447600
0,7576300
0,7415900
1,7448800
0,7622700
0,7485100
1,7385200
1,7372400
1,7373300
1,7389300
1,7656600
0,7382500
1,7404900
0,7396600
1,7442900
1,7374900
1,8744900
0,7805800
1,7963400
1,7502800
0,7457600
0,7351600
0,7764900
0,7382400
0,7461200
0,7323400
0,7594100
0,7382200
0,7519500
1,7587700
0,7680500
0,7626000
0,7709900
0,7627000
0,7692000
0,7760100
1,7720000
0,7626200
1,7692500
1,7619600
1,7891700
0,7723500
0,7452800
1,7377000
1,7745200
1,7378800
0,7383500
0,7383700
0,7397500
1,7438600
0,7380700
0,7662200
1,7392300
1,7509100
0,7377200
0,7434900
0,7397200
1,7476600
1,7379200
1,7443100
0,7600100
1,7549400
1,7382200
0,7452900
1,7425300
1,7381100
1,7376500
1,7452700
0,7399800
0,7405000
1,7549700
0,7377500
0,7489900
0,7323300
0,7485100
0,7380300
0,7605500
1,7622600
1,7643100
1,7350100
1,7656300
1,7314700
0,7582300
0,7472300
0,7761600
0,7471900
0,8122900
1,7735500
1,7623000
0,7603600
0,7528900
1,7472900
0,7623500
0,7538100
0,7581700
0,7861300
0,7709500
1,7617800
0,7686400
1,7616600
1,7722900
0,7627400
0,7811300
1,7764200
1,7733000
1,7615800
0,7689700
1,7617100
0,7575300
0,7381500
0,7507800
1,7374100
0,7463100
0,7382500
0,7317200
0,9126200
0,8670100
0,8779700
0,8736900
1,7512500
1,8168100
0,7700500
0,7686700
0,7650200
0,7734400
1,7618500
0,7683300
1,7647100
0,7710000
1,7620100
0,8164500
0,7679500
1,7659300
0,7627700
0,7734800
1,7653600
1,7971800
0,7629800
1,7693100
0,7646700
0,7715300
0,7631100
0,7702300
0,7625600
1,7701700
1,7620100
0,7702000
0,7481900
1,7597500
0,7603300
1,8069600
1,7797600
0,7853600
1,7410500
1,7892100
0,7837900
0,7603500
0,7453000
0,7850200
1,7391000
0,7978300
1,7850900
0,7795300
0,7709800
0,7690900
1,7659200
1,7776500
0,7658200
1,7682600
1,7619100
1,7699400
1,7615800
0,7803700
0,7626600
1,7694600
0,7627200
1,7684200
1,7630800
1,7706000
0,7627200
0,7684000
1,7638300
0,7702700
1,7617900
0,7676200
1,7639400
1,7377000
0,7381200
1,7591900
1,7795200
0,7690100
0,7511300
1,7594900
1,7573300
0,7323800
1,7457100
0,7378500
1,7795300
1,7317000
0,7791200
1,7499900
0,7546000
1,7469100
1,7533700
0,7469300
1,7535900
0,7471400
1,7663500
1,7536600
1,7556000
1,7469300
0,7712300
0,7415200
1,7861900
1,7315800
1,8086500
1,9535800
0,8669900
1,7385900
1,7454300
0,7321900
0,7643400
0,7384100
1,8444000
0,7705300
0,8002900
1,7791400
1,7872100
1,7810400
0,7807100
1,7781200
1,7839500
0,7824700
0,7875900
0,7823600
1,7798900
1,7830700
1,7824900
1,7943100
0,8993600
1,8499600
1,8790700
0,8923300
1,7651800
1,7687200
1,7622900
1,7940000
1,7683100
0,7914200
0,7858800
0,7810600
1,7823000
1,7874900
0,7832800
0,7841600
1,7837900
1,7776300
1,7779600
0,7800000
1,7801100
1,7799100
1,7779700
0,7812000
0,7784600
1,7810400
1,7779800
1,7823500
0,7793800
0,7802900
0,7788300
1,7885600
1,7784300
0,7897600
0,7790500
0,7959500
0,7785900
1,7787800
0,7624900
0,7787100
1,7622700
1,7846600
1,7639200
0,7705300
1,7621000
0,7683000
0,7624600
0,7692000
0,7625200
1,8161300
0,7494400
1,8031800
1,7791200
0,7893000
0,7529500
1,7736000
1,7867500
0,7661200
1,7564400
1,7560900
0,7542200
0,7742900
0,7553100
0,7683000
0,7626100
1,7685100
0,7643500
1,7677200
0,7628600
1,7614800
0,7697800
1,7605100
1,7657000
0,7624000
0,7698000
1,7600500
0,7513000
1,7377800
0,7490700
1,7360200
1,7694200
1,7376300
1,7448300
1,7494800
1,7533500
0,7381800
0,7512600
1,7373100
1,7400300
0,7503400
1,7465000
1,7368900
0,7426300
1,7378400
0,7462100
0,7377500
0,7521200
1,7388800
0,7900400
0,7379900
0,7318400
1,7661600
0,7452100
1,7548800
1,7466900
0,7616700
0,7504400
0,7590600
1,7462700
0,7606900
0,7523200
1,7685200
0,7472300
1,7555400
1,7502900
1,7970000
0,7473700
0,7594100
1,7485600
1,7724300
0,7508800
1,7847300
1,7731300
0,7742900
1,7794100
0,7543500
1,7497900
0,7550200
0,7469300
0,7528000
1,7501400
0,7471000
0,7565900
0,7468200
1,7723500
0,7470600
1,7609600
1,7466300
0,7630400
0,7469800
0,8226000
0,8289900
1,7954800
1,7955200
1,7700100
1,7643600
0,7692700
1,7621800
0,7744200
0,7665900
1,8322900
0,7637700
0,7695000
0,7635700
1,7670500
0,7624800
1,7697500
0,7795400
1,7828800
1,7626800
0,7683200
0,7648900
1,7731400
1,7621500
0,7681600
0,7640300
0,7814600
0,7627600
0,7702400
1,7482700
0,7568800
0,7472500
1,11107600
1,7567500
0,7514300
1,7596500
1,7511500
0,7544500
0,7714200
1,7763100
1,7630100
0,7472400
1,7527300
0,7471000
0,7544900
0,7470700
1,7582800
0,7635300
1,7555400
0,7592300
1,8021600
1,7601000
1,7669600
1,7495800
0,7559800
1,7459000
1,7558800
0,7470000
1,7526800
0,7470800
0,7559400
1,7468300
0,7528200
1,7497600
1,7580700
0,7472400
1,7545700
0,7365200
0,7464300
0,7382200
1,7380600
1,7501000
0,7393000
1,7877300
0,7320100
0,7452500
0,7411900
1,7397500
0,7320900
1,7687300
1,7391800
0,7471800
1,7410600
0,7457400
0,7395700
1,7514900
1,7335100
0,7481100
1,7422100
0,7807600
1,7315600
0,7474900
0,7781000
1,7432700
1,7465000
1,7522900
1,7480100
1,7462700
1,7584000
1,7476400
1,7656100
1,7465400
0,7559400
0,7472100
0,7598300
0,7470900
0,7540500
1,7782600
0,7537600
0,7467500
0,7544100
0,7469300
0,7561300
0,7470500
0,7542400
0,7508800
0,7793700
1,7462400
0,7637300
0,7468600
1,7635700
0,7383900
0,7790200
0,8154100
1,7576300
1,7494800
0,7623600
0,7801000
1,7542500
0,7413400
1,7453800
1,7318600
1,7610500
1,7479500
0,7718600
1,7629700
0,7705800
0,7626700
1,7650600
0,7626400
1,7825100
0,7703400
0,7692800
1,7653900
1,7686100
1,7623500
0,7832500
1,7799900
0,7321700
1,7857500
1,7407700
1,8293600
0,8226800
1,9197000
1,8834900
0,9222100
0,8706300
1,8830000
0,7874800
0,7819500
1,7794400
0,7786100
0,7837900
0,7835800
1,7789600
0,7814800
1,7806300
0,7789700
1,7818700
0,7804700
1,7839600
1,7731100
1,7465100
0,7488500
1,7587200
1,7479900
0,7591600
0,7473700
1,7781500
1,7444800
1,7535400
0,7474100
0,7591300
1,7461200
1,7624300
1,7478600
1,7567300
0,7507300
0,7593100
0,7482900
0,7683900
0,7770400
0,7705100
1,7613300
0,7581100
1,7617000
0,7655800
0,7490300
0,7541600
0,7472300
1,7489200
1,7683600
1,7502600
0,7536700
1,7554100
1,7600000
0,7473700
1,7520000
1,7513700
0,7577300
1,7465100
1,7448600
0,7588000
0,7721400
1,7550400
0,7872000
0,7916000
1,8008900
1,7956500
0,8044100
0,7755500
1,7797500
1,7706600
0,7660200
0,7711500
1,7816400
0,7656100
0,7724100
1,7669500
0,7937400
0,7685300
0,10047300
0,10898300
1,9547700
0,11023300
0,9217900
0,9194100
0,9529300
0,9424300
0,9708500
1,9055000
1,7759400
0,7837600
0,7881600
1,7713500
0,7717100
1,7699400
1,7838500
0,7826700
1,7901700
1,7784900
0,7795900
1,7787300
0,7822000
0,7790400
0,9256600
1,7765300
1,7819000
1,7784600
1,7871500
1,7599200
0,7907300
0,8070700
1,7979300
1,8074300
0,8122300
0,7635800
0,7679400
0,7662600
0,7733900
0,7624600
0,7681800
0,7705800
0,7843500
1,7784500
1,7851900
0,7809500
1,7937000
0,7946100
1,7819500
0,7957400
1,7779900
1,7778500
0,7805600
1,7785700
0,7718900
1,7708000
0,7715600
0,7627000
1,7689100
1,7619100
0,8476500
1,7678400
0,7625000
0,7699700
0,7641700
0,7795400
1,7640900
1,7425800
1,7474500
1,7468700
1,7398900
0,7379100
0,7494400
1,7324000
0,7640300
1,7437500
1,7531100
0,7352800
0,7437700
0,7384100
1,7492900
0,7318700
0,7532400
0,7378300
1,7593400
1,7321600
1,7459900
0,7381100
0,7556900
1,7528100
0,7381000
1,7484100
1,7452300
0,7374800
0,7379700
1,7609900
1,8391900
1,7640900
1,7561400
0,7943400
0,7710000
0,7676700
1,7561300
1,7707200
1,7439000
1,7449100
0,7320100
0,7566300
0,7514200
0,7528500
0,7471300
1,7529300
1,7575400
1,7802200
0,7474100
0,7659400
0,7783000
1,7599700
1,7527100
0,7723400
1,7468000
0,7546600
1,7474200
1,7503400
1,7536900
1,7559000
0,7623900
0,7471600
0,7775700
0,7474900
0,8312200
1,8150500
0,8083600
0,8995100
0,7905200
1,8582000
0,7688800
0,8081400
0,8101600
0,8854800
1,7715200
0,7872300
0,7625100
0,7724100
1,7635400
1,7709000
0,7789900
1,7949400
0,7788100
0,7826800
1,7832100
1,7785200
1,7783900
0,8188600
1,7802900
0,7809500
1,7807400
1,7858400
0,7770300
1,7738500
1,7616600
0,7717700
1,7617000
0,9395800
0,7662800
0,7677400
0,7668100
0,7683500
0,7624800
1,7708900
1,7642500
1,7686800
0,7628000
0,7701400
1,7766500
0,7684600
0,7625300
1,7692500
1,7601100
0,7722000
1,7620600
0,7816900
0,7627500
1,7705900
1,7478800
1,8933700
1,9064700
0,7547500
1,7378000
0,7430400
1,7385200
1,7420500
0,7602400
0,7772100
0,7786700
0,7895200
0,7693600
1,7876200
0,7781800
1,8575800
1,8400800
0,9169700
1,8322500
0,8315800
1,8137100
1,7487000
1,7558600
1,7450400
1,7823200
1,7585800
0,7943600
1,7788900
1,7825000
0,7788700
0,7911100
1,7783100
0,7804700
1,7818700
1,7807000
0,7804300
1,7799800
1,7779200
1,7841900
0,7489100
0,7533900
0,7470100
0,7527300
1,7497500
0,7540100
0,7475400
1,7768600
0,7951900
1,7700300
1,7520400
0,7597100
1,7549000
1,7542600
1,7515100
0,7532600
1,7488700
1,7531300
1,7461300
0,7518400
1,7493400
1,7583800
0,7952700
0,7473500
1,7576800
0,7697400
1,7559700
1,7474800
1,7757500
1,7466000
1,7725800
0,7471400
1,7570200
1,7482400
0,7628800
1,7484600
0,7882600
0,7568500
1,7580100
0,7831400
0,7901700
1,7642800
1,7692200
0,7627600
1,7672600
1,7629500
1,7690500
1,7619600
1,7967900
1,7621900
0,7927100
0,8084300
1,8879600
0,8107800
1,7689600
1,7760900
1,8065100
0,8120000
0,8679200
1,8475200
0,8425300
1,8215000
1,7644900
1,7674700
0,7762800
1,7796900
0,7832200
0,7797800
0,7787800
1,7828800
0,7816800
0,7818600
1,7844900
0,7800100
0,7810900
1,8299200
0,7802900
1,7800000
1,7802900
1,7806700
0,7789800
1,7903200
0,7791500
0,7798200
1,7792000
1,7948700
0,7789400
0,7795600
0,7788800
0,7807200
0,7577500
0,7748800
1,7534200
1,7740800
0,7474000
1,7589100
1,7485500
0,8051700
1,7529100
0,7591000
1,7476900
1,7594600
0,7502800
0,7550700
1,7467200
1,7580300
1,7504100
1,7549600
0,7470800
0,7715300
1,7728900
0,7530100
1,7450600
0,7574900
1,7482000
0,7592400
1,7466300
1,7486000
1,7974200
0,7471000
1,7509700
0,7487400
1,7501700
0,7467400
1,7542000
0,7484200
1,7548200
0,7506000
0,7530700
1,7386800
0,7465000
0,7321000
0,7518100
1,7388700
1,7608600
0,7321500
0,7464600
1,7614800
1,7459500
1,7318000
0,7454700
1,7389800
1,7355200
1,7419200
1,7414100
0,8148900
0,7517500
0,7740200
1,7409500
0,7460600
0,7380000
0,7575700
1,7752500
0,7458800
0,7376000
1,7652100
0,7608800
1,7733400
0,7624100
1,7681500
1,7628900
1,7694700
1,7616300
0,7666500
0,7625800
1,7687600
1,7606000
1,7776000
0,7650100
1,7789000
0,7410100
0,7450700
0,7335700
0,7499800
1,7382100
0,7425000
1,8533600
1,8335700
0,7578000
1,7388600
0,7418900
1,7724400
0,7634300
0,8171400
0,8527900
0,7690200
0,7625200
1,7699900
1,7617600
0,7698500
0,7623500
0,7725000
1,7646600
0,7683500
1,7625600
0,7796300
0,7641800
0,7679700
0,7625900
1,7690300
1,7638000
1,7670000
1,7619100
0,7674500
0,7661200
0,7686700
1,7617600
0,7840600
0,7416000
0,7477200
1,7631100
0,7753100
0,7336900
1,7375700
1,8809000
1,7763600
0,7473800
1,7417700
1,8877800
0,7578200
1,7331000
1,7657300
1,7766300
1,7646700
0,7697500
0,7623100
1,7675100
1,7652500
0,7685800
0,7626300
0,7822800
0,7656600
0,7869200
1,7802200
0,8076800
0,7731800
0,7544600
1,7507000
1,7573500
0,7492300
1,7542900
1,7677100
0,7672100
1,7546500
0,7555200
0,7472000
0,7599800
1,7480900
0,7557700
0,7468200
1,7536000
1,7433100
0,7515000
1,7480200
0,7545400
0,7471800
0,7588300
0,8190600
0,8444400
1,8496600
0,7918800
0,8091600
0,7793100
0,7636800
1,7716500
0,7627600
1,7713700
0,7622800
1,7821300
1,7623500
1,7695600
1,7620500
0,7972700
1,7633500
1,7901600
0,7642600
1,9087100
0,7656900
1,7692700
1,7617800
0,7705000
0,7645700
1,7895100
0,7626100
1,7847700
0,7778700
1,7846200
0,7628300
0,7674700
0,7641200
1,7679900
0,7623200
0,7675900
0,7642200
0,7843800
1,7617000
0,7729100
1,7639500
1,7651100
1,7865200
1,7747500
1,7484500
1,7577600
0,7468900
1,7541200
1,7484500
1,7639000
0,7472200
0,7865200
0,7508600
1,7534700
0,7471700
0,7548700
1,7483700
0,7797400
1,7580600
0,7677900
0,7567700
0,7620200
0,7585000
0,7498800
0,7669700
0,7547000
1,7609600
1,7507400
0,7754900
1,7536800
1,7633000
0,7501100
1,7654500
0,7544100
0,7608700
1,7521200
0,7571100
0,7544500
1,8005700
1,7989400
0,8438100
1,8151400
1,7802400
1,7714800
0,7922500
0,7648600
1,7750600
0,7699000
1,7744000
0,7653000
1,7730600
1,7689500
1,8005900
1,7659700
0,8014800
0,8434200
0,7711600
0,7708600
0,7825600
0,7661800
1,7738300
1,7665800
1,8145300
0,7648100
1,8317700
0,7677100
0,7871500
0,7673900
1,7733000
1,7690800
0,7765100
1,7642300
0,7753500
1,7676700
0,7912100
0,7675000
1,7746000
1,7637000
1,7753500
1,7586200
1,7492100
0,7338500
0,7599400
0,7586600
1,7539300
1,7342900
0,7556300
0,7409700
0,7506900
0,7344300
0,7526100
0,7461700
0,7654600
0,7342400
1,7618400
0,7589500
0,7462700
0,7526700
0,7768700
0,7654900
1,7585400
0,7346000
0,7522100
0,7426800
0,7456400
1,7353200
1,7675900
0,7552500
0,7585400
0,7567300
1,7531700
1,7672400
0,7548100
0,7556400
1,7570700
1,8193600
1,7683300
0,7626100
0,7497100
0,7935700
0,7715600
0,7900700
0,7655300
0,7737500
1,7726400
1,7918900
1,7651800
1,7733400
1,7668500
0,7865700
1,7656900
0,7719300
0,7869600
0,8397000
0,7669000
0,7720500
1,7668300
1,7752000
1,7665100
0,8336300
0,8538200
0,8279200
0,8923500
1,7691000
1,7998500
1,7825000
1,7836600
1,7824600
1,8008800
1,7820300
1,7856200
0,7836100
0,7881600
1,7815700
1,7842500
0,7832700
1,8099600
0,7576900
1,7500200
0,7441300
1,7376300
1,7460600
0,7493100
0,7493700
0,7404200
1,7507800
1,7389000
1,7367400
1,7448100
0,7508600
1,7379000
0,7472400
1,7396200
0,7509400
0,7690300
1,7461400
0,7410400
0,7484300
1,7402200
0,7718200
1,7404700
1,7630600
0,7427200
1,7435400
1,7608100
1,7832700
0,7549100
0,7565500
0,7580900
0,7800800
0,7547000
0,7507300
1,7610700
1,7467500
0,8169500
1,7705900
0,7715700
1,7745900
1,7726700
1,7649300
1,7709900
0,7653300
0,7729900
0,7655000
1,7739500
1,7843500
1,7706000
0,7638200
0,7750900
0,7654700
0,7687600
1,7646800
1,7718400
0,7631400
0,7811700
1,7628700
1,7677600
1,7620900
0,7722400
1,7634300
1,7916300
0,7710400
1,7724100
1,7550100
0,7575400
1,7504700
0,7616500
0,7522300
0,7580200
1,7494100
1,7585500
0,7510600
1,7596600
0,7472200
1,7546600
0,7470700
1,7478100
1,7382400
1,7398400
1,7424400
0,7384400
0,8415300
0,8097300
0,9059800
0,8647800
0,9024900
1,8489100
0,8893200
0,7795500
0,7813200
1,7796300
1,7781900
0,7801300
0,7804500
0,7909800
0,7790600
0,7833900
1,7802700
0,7808900
1,7778800
0,7830800
1,7675800
0,8023200
1,8027000
0,7784800
1,7525700
1,7704800
1,7463400
0,7622700
1,7493200
0,7682000
0,7614500
0,7530700
1,7480300
1,7660600
1,7618800
1,7690600
0,7644200
1,7677400
1,7626700
0,7697200
0,7625700
0,7692400
1,7624400
0,7713500
0,7630100
0,7727500
0,7541000
1,7479600
0,7320200
1,7431700
0,7382500
0,7337500
1,7454800
0,7384200
0,7601200
0,7393700
1,7389500
1,7459800
1,7447900
1,7329100
0,7579500
0,7382900
1,8387300
0,8685000
0,8580700
1,8744900
1,7859700
1,7406100
1,7511700
0,7323100
1,7578700
0,7397100
1,7514500
1,7785100
1,7813400
1,7801200
1,7792700
0,7785900
1,7796600
0,7802500
0,7797000
0,7788500
0,7851800
0,7787700
0,7833400
1,7682000
1,7634600
1,7551900
0,7805200
1,7788500
0,10508400
1,8267800
1,7415500
0,7962700
1,7433500
1,7456700
0,7321500
0,7379900
1,7752800
0,7623800
1,7787800
0,7844000
1,7698500
1,7625400
1,7659300
0,7625600
0,7696900
1,7628400
1,7672200
0,7638500
1,7682300
0,7551700
0,7530700
1,7457100
0,7568200
1,7465700
0,7554600
1,7462800
0,7698800
1,7555700
1,7541400
0,7486100
0,7525300
0,7470300
1,7535100
1,7390100
1,7407800
1,7444000
1,7529700
1,7379400
0,7379600
1,7372400
0,7516600
0,7350100
0,7738700
1,7519600
1,7461800
1,7406400
0,7572900
1,7509700
0,7470100
1,7731400
0,7471100
0,7526700
1,7440500
1,7548900
1,7460600
0,9049400
0,8457900
0,11459000
1,8290000
1,7832400
0,7830000
1,7838100
1,7824600
0,7814300
0,7831100
1,7779400
1,7895400
1,7802600
1,7881600
0,7795100
0,7811800
0,7789100
0,7826400
1,7789500
1,7831600
1,7777000
0,7860600
1,7826300
0,7806200
1,7790400
1,7833700
0,7819400
1,7889300
0,7851300
1,7865200
1,7816800
0,7809900
0,7833200
0,7806200
0,7789600
1,7888000
0,7858400
0,7863600
1,7809400
1,7859900
1,7831300
1,7828200
1,7834200
0,7828600
0,7849700
1,7929500
0,7830700
0,8003800
0,7842700
1,7880600
1,7805900
1,7910900
1,7806300
0,7837300
1,7768200
1,7880200
1,7659100
0,7812600
0,7667700
0,7756500
0,7668800
0,7713000
0,7667100
1,7854700
1,7680500
0,7742900
0,7668200
0,7880800
0,7427400
1,7451000
1,7435100
1,7551100
1,7430000
0,8639400
1,7344800
0,8121700
1,7460700
1,7738600
1,7376900
0,8441600
0,7623900
1,7721700
1,7668900
0,7733200
1,7634200
0,7711700
1,7682200
0,7720200
0,7673500
1,7747000
1,7673900
1,7745600
1,7660300
1,7590300
0,7464600
0,7502600
0,7347000
0,7489600
0,7509400
1,7540700
0,7426000
0,7606300
1,7424700
0,7413900
0,7420100
0,7486800
0,7423200
1,7338100
1,7426800
1,7494900
0,7666000
0,7339700
0,7507400
1,7405200
0,7503300
0,7378000
0,7762100
1,7534900
0,7584800
1,7331700
0,7750300
0,7546900
0,7593600
0,7494500
0,7620800
1,7548000
0,7741400
0,7578600
0,7578300
0,7544500
1,7657200
0,7541300
0,7576200
1,7420400
1,7956600
1,8255700
1,8223100
0,9061200
0,8667400
0,8689500
1,8285500
1,8398000
1,7619600
0,7427300
0,7593300
1,7585900
0,7863600
0,7811100
0,7869900
0,7834200
1,7980200
0,7826600
0,7829600
0,7849700
1,7845100
1,7827500
1,7814700
1,7866900
0,7776800
0,7663600
1,7767200
0,7649200
0,7713900
0,7667000
0,7752800
1,7639800
0,9310700
1,7678000
1,7797100
0,7722900
1,7772100
0,7779400
1,7683800
0,7675500
1,7833800
1,7824500
1,7692200
1,7753700
0,7993100
0,7992900
1,8160000
1,7839600
1,7669300
0,7763400
0,7643900
1,7723900
1,7738400
0,7682300
0,7723900
1,7641100
0,7734500
1,7670400
1,7834300
1,7638700
0,8129000
1,7695700
0,7765400
0,7491100
0,7662400
0,7569400
0,7731900
1,7492400
1,7634300
1,7645400
0,7622100
1,7909300
1,7752600
1,7605400
0,7623600
0,7546200
1,7583200
1,7564700
1,7599200
1,7548400
1,7632400
1,7551800
1,8249000
0,7749600
1,7629700
1,7572900
1,9253200
1,8508200
1,7884200
1,7707100
1,7724100
1,7676300
1,7948200
1,7701200
0,7746900
0,7709800
1,7728100
0,7723800
1,7742000
1,7631900
0,7745500
1,7693700
1,7857600
1,7653200
0,7778800
0,7716400
0,7732400
1,7671700
1,7736000
0,7706600
0,7752000
1,7820100
1,7833100
0,7666900
0,7713600
1,8354800
1,7724400
0,7646200
0,7724200
0,7675500
0,7860300
1,7651700
1,7775600
0,7694200
0,7754700
1,7655600
1,7710000
1,7513000
0,7893900
0,7423400
1,7559800
1,7424700
1,7657800
0,7386500
1,7423000
0,7418900
0,7552000
1,7550800
1,7415700
0,7400700
0,7587400
0,7470200
0,7822800
1,7478700
0,7532100
0,7468400
0,7549700
0,7486000
0,7609500
0,7471000
1,7475200
0,8539100
1,7845600
0,7609000
1,7673400
0,7630400
0,7683100
1,7635700
1,7653200
0,7630000
0,7771900
1,7615200
0,7692000
1,7683000
0,7628800
0,7800600
1,7606400
0,7466500
0,7383500
0,7650100
0,7569500
0,7445800
0,7383800
0,7439100
1,7390700
0,7561900
1,7377200
1,7426900
1,7395400
0,7609000
1,7510700
0,8136600
0,7518100
0,7719200
0,7474000
0,7600400
1,7485200
1,7522800
0,7474100
0,7518500
1,7489700
1,7474300
0,7450700
1,7355300
0,7529200
1,7314100
1,7463900
1,7375500
0,7520000
0,7322200
1,7688500
0,7382100
0,7956200
1,7476500
0,8048700
0,7381900
0,7503600
1,7462300
1,7519700
1,7493000
0,7746000
1,7466500
1,7578300
1,7466600
0,7584500
0,7475000
1,7468300
1,7595100
0,7490700
1,7697200
1,7325500
0,8559600
0,7542500
1,7586500
0,7528700
1,7628800
0,7416300
0,7636300
0,7322000
1,7704100
0,7857200
1,8049100
1,7733800
0,7697200
0,7645100
0,7704600
0,7627700
0,7673300
1,7710200
1,7668300
1,7619900
1,7676800
0,7658800
0,8003600
0,7629800
0,7721000
0,7601200
0,7546600
0,7383500
1,7495400
1,7327400
1,7821600
1,7372500
0,7447200
1,7312900
1,7857900
0,7814900
1,7476500
1,7566700
1,7506500
1,7740700
0,7570800
1,7466200
0,7644100
0,7572700
1,7529800
1,7700000
0,7468800
0,7768500
1,7759800
0,7565800
0,7470000
0,8300800
1,7834800
1,7836200
1,7845500
0,7790700
1,7817200
0,7788700
0,7807700
1,7807400
1,7842500
0,7794400
1,7955300
1,7822300
1,7810800
0,7825600
1,7823800
0,7843200
1,7918000
1,7790600
1,7806500
0,7813400
0,7797200
1,7779800
1,7798900
0,7804000
1,7819000
1,7619400
1,7661900
0,7643100
0,8106700
1,7636300
0,7685400
0,7648600
0,7738500
0,7628400
1,8016400
1,8442100
1,7896900
1,7737400
1,8050100
0,8263800
0,7697400
0,7630900
1,7764500
1,7614300
0,7811300
0,7626000
1,7713300
1,7680700
1,7727700
1,7663400
0,7750500
1,7638400
1,7703100
0,7668900
1,7756800
0,7665600
0,7852400
1,7647000
1,7701700
0,8217200
1,7744400
1,7647700
0,7767300
1,7519600
0,7404100
1,7522000
1,7416100
0,7883200
1,7416900
1,7465300
1,7420300
1,7659900
0,7437300
0,7596500
0,7430100
1,7510000
0,7540000
1,7593600
0,7536300
0,7603200
0,7543000
0,7607500
0,7549300
0,7748300
1,7515800
1,8217900
1,7619200
0,7609500
0,7586400
1,7887100
0,7492300
0,7606700
1,7564200
1,7691600
1,7480900
0,7717700
0,7535600
0,7634600
0,7499900
0,7793000
0,7755900
0,7642100
0,7543500
0,7766900
1,7485700
1,7686300
0,7550300
1,7568000
0,7539200
0,7648200
0,7549400
1,7618200
0,7562100
1,7564600
0,7790100
1,7471600
0,7800700
0,7780600
1,7661500
1,7504900
1,8629200
0,7628400
0,7621900
1,7518800
0,7657400
0,7617600
1,7836500
1,7545800
1,7627200
1,7695200
0,7734500
1,7661800
0,7957500
1,7642600
1,7754600
1,7666100
0,7774700
0,7648500
1,7705800
0,7674000
1,7814300
1,7640800
1,7632700
0,7548400
0,7641400
1,7518700
0,7600000
0,7544000
1,7598300
0,7544200
0,7611500
0,7546700
1,7623700
1,7538100
1,8297700
0,7656300
0,7776400
0,7583200
0,7725700
0,7731600
0,7655400
0,7545600
1,7576700
0,7547000
1,7613200
0,7549600
0,7645400
0,7497600
0,7661700
0,7482300
0,7615800
1,7469300
1,7543200
1,7465800
0,7630200
1,7542000
0,7528800
1,7465400
0,7471000
0,7563900
0,7485000
0,7471200
0,7380700
1,7447900
1,7402500
0,7504400
0,7412200
1,7493000
1,7409400
0,7522500
1,7990800
0,7867500
1,7723200
1,7783100
1,7424300
1,7569300
1,7463800
0,7720100
1,7549700
1,7559000
0,7470900
1,7551400
1,7464000
0,7583700
1,7485600
0,7531800
0,7470600
0,7579100
1,7384800
1,7472800
1,7394900
0,7393400
0,7694400
1,7370700
0,7452300
0,7385400
1,7430900
0,7380100
0,7448700
0,7324500
0,7445700
1,7399000
1,7467600
1,7316600
0,8529600
1,7590100
0,7503800
0,7427800
1,7426200
0,7412400
0,7601900
0,7482300
1,7799700
0,7383300
1,7545100
1,7780700
0,7797600
0,7632800
1,7723500
0,7678100
1,7596700
0,7630500
0,7685100
1,7643000
1,8200600
1,8498900
1,7682200
0,7592400
0,8029900
0,7470400
1,7664600
0,7488500
0,7691000
1,7473900
0,7537200
0,7497500
0,7467300
0,7626400
0,7635100
0,7672200
0,7524100
1,7687400
0,7624300
0,7690800
0,7627000
1,7659200
0,7626600
0,7711000
0,7625600
0,7812200
0,7967100
1,7806400
1,8048000
0,7879500
1,7931700
0,7903200
1,8061400
0,8263800
1,9134200
0,8291300
1,8439700
0,7635600
0,7764200
1,7615900
0,7690500
0,7648200
0,7792000
1,7776800
1,7816300
0,7802600
1,8496200
1,8241600
0,7862600
0,7814800
0,7836400
0,7873600
1,7814900
0,7825500
0,8096900
1,7781900
1,7796200
0,7836800
1,7821300
0,7809700
1,7836600
0,7816400
1,7779000
1,7801900
0,7833100
0,7788000
1,7810600
1,7791600
0,7954600
1,7783300
1,7770900
0,7789300
1,7802200
0,7786900
0,7835200
0,7865600
0,7866100
0,7829600
0,7841000
1,7834100
0,7688900
1,7412600
1,7752700
1,7335800
1,7503100
0,7423200
1,7459800
1,7328600
1,7502300
1,7439500
0,7489700
0,7340900
1,7484200
1,7540300
0,7446400
1,7412700
1,7398700
0,7630300
0,7489400
1,7512400
0,7617500
1,7607500
1,7322600
0,7431300
0,7399400
1,7468600
0,7381100
0,7421000
1,7479300
0,7445600
1,7394900
0,7449000
0,7396300
1,7394000
1,7322300
1,7668900
1,7387600
1,7536900
1,8873600
0,7711300
1,7616200
1,7953100
1,7659800
0,7744900
0,7671000
0,7738500
0,7670100
1,7738900
0,7649700
1,7832900
0,7673600
1,7741700
0,7653900
1,7650400
1,7780100
1,7652000
0,7492000
1,7539800
1,7723100
0,7560800
1,7579500
0,7528100
0,7650000
0,7569500
1,7767600
0,7535400
1,7655400
1,7574800
0,7633500
1,7487600
1,7686800
0,7557300
1,7626400
1,7525300
0,7638400
1,7538900
1,7919800
0,7495000
0,7617900
0,7558700
0,7610700
1,7484200
0,7613600
1,7559000
1,7607300
0,7536200
0,7479100
1,7615200
1,7512800
1,7627900
1,7480200
0,7688100
0,7509000
0,7401800
1,7401300
0,7681700
1,7621800
1,7610400
0,7340700
0,7641600
0,7428500
1,7502900
0,7341700
1,7473400
0,7424900
0,7491500
1,7361100
0,8017200
1,7679000
1,8493000
0,7594600
0,7684900
1,7540600
0,7436300
1,7333100
0,7494700
1,7359600
1,7655500
1,7295700
0,7761900
0,7627000
0,7699100
0,7640500
0,7689700
0,7627000
1,7750900
0,7640300
0,7815200
1,7785100
0,7722300
0,7672100
0,7708000
1,7585300
0,7582800
1,7540500
0,7712300
0,7539400
1,7555300
0,7494100
0,7673300
0,7474500
0,7542800
0,7570300
0,7651000
0,7504800
1,7510600
0,7700700
1,7478800
1,7558400
0,7517200
0,7542800
1,7482800
1,7695900
0,7525600
1,7616500
1,7460600
1,7539500
1,7481200
0,7815100
0,7427400
0,7465900
1,7466700
1,7488300
0,7410600
1,8021600
1,7724600
0,8408200
1,7431000
1,7777700
1,8203700
1,7568900
0,7535700
1,7720600
0,7812400
0,7739800
0,7666100
0,7708900
0,7709000
1,7851800
0,7842300
0,7754400
1,7687800
0,7744600
0,7679000
1,7817100
0,7813400
0,7733500
0,7677600
1,7760800
0,7694300
1,7698700
1,7666800
1,7729800
1,7653300
1,7732600
0,7792200
1,7825200
1,7707500
1,7858600
0,7648000
0,7785000
1,7711800
0,7747300
1,7672700
0,7742800
1,7664200
1,7740800
0,7665500
1,7757900
1,7685200
1,7717700
1,7536900
1,7586400
1,7493500
0,7543500
0,7631800
0,7560200
1,7535000
0,7540900
1,7595500
0,7557600
1,7814000
1,7539500
0,7598300
0,7461800
0,7755500
1,7543700
1,7623500
1,7601900
1,7490800
0,7578700
0,7587500
0,7402300
0,7415900
0,7385100
1,7445700
0,7429800
0,7571000
0,7467300
0,7878800
0,7499900
1,7542400
1,7443100
1,7721400
1,7492100
1,7818700
1,8163400
0,8921600
0,8795100
0,10026200
0,7803700
0,7849200
0,7808400
0,7820900
1,7813300
0,7834800
1,7769700
1,7829800
0,7804300
1,7795100
0,7861700
1,7899100
1,7705300
0,7646400
1,7687400
1,7619600
0,7683900
0,7657700
0,7813900
1,7852700
1,7650700
1,7639100
0,7707600
0,7624700
1,7688600
1,7531500
0,7469800
1,7679000
0,7471100
1,7677600
0,7468400
0,7687300
0,7493500
0,7609200
1,7463500
0,7577000
1,7502800
0,7532100
1,7458200
0,7581600
1,7478800
0,7525000
1,7495700
1,7530500
1,7478100
1,7565000
1,7550100
1,7503300
0,7484900
0,7766400
0,7472900
1,7608900
0,7396600
1,7561900
0,7385200
0,7481600
0,7360800
0,7468600
0,7381500
0,7625900
1,7332300
1,7402500
1,7470400
1,7391900
1,7525300
1,7404900
0,9503400
0,7618200
0,7689700
0,7613800
0,7389300
1,7527400
1,7869400
0,7323500
1,7509100
1,7373700
1,7823900
0,7381400
0,7730700
0,7626000
1,7702700
1,7618400
1,8132600
0,7971400
0,8579000
1,8498000
0,7933100
0,7654400
0,7807200
1,7718800
0,7745200
0,7804900
0,7932600
0,7788100
0,7927200
0,7803000
1,7803100
1,7788300
1,7790700
1,7795200
1,7767200
1,7781500
1,7793800
1,7604600
1,7456500
1,7313400
0,7447000
0,7396800
0,7783800
1,7312800
0,7494500
0,7398400
0,7750000
1,7316400
0,7468600
1,7378300
1,7641200
0,7626300
1,7675200
0,7727000
0,8278500
0,8146200
0,7690100
1,7652400
0,7681800
1,7616700
1,7755700
1,7622000
1,7762900
1,7577200
1,7510600
1,7375200
0,7679000
1,7375900
0,7409900
0,8251800
0,7818600
0,7538700
0,7463900
1,7689400
0,7381600
0,7476900
1,7371700
0,7553000
0,7472700
0,7552500
0,7508100
1,7524300
1,7495900
0,7670900
0,7486400
1,7537600
1,7470900
0,7675400
1,7503900
1,7669600
0,7466000
1,7428600
0,7394400
1,7402500
1,7466600
1,7464400
0,7392400
0,7321900
0,7439300
1,7350400
1,7534800
1,7403500
0,7442700
1,7388600
1,7446900
1,7377900
1,7426200
0,7380300
1,8100100
1,7483700
0,7466900
1,7398500
1,7451700
0,7325900
1,7627100
1,7579100
1,7511200
0,7477800
0,7550000
1,7605500
0,7554800
0,7470100
1,7506300
1,7573800
0,7642300
1,7563700
1,7469300
0,7692000
0,7500300
0,7660300
1,7492000
0,7754200
1,7490300
0,7558100
1,7469700
0,7526200
0,7486600
1,7536300
0,7472800
1,8225900
0,7617500
1,7916200
1,7654500
0,7688700
1,7664200
1,7707500
1,7622300
1,7687300
0,7643800
0,7685900
1,7633300
0,7810700
1,7636000
0,7687700
0,7628700
0,7686300
0,7478700
0,7548400
0,7503500
1,7406000
0,7398300
1,7440100
0,7324200
1,7378800
0,7700500
1,7376900
1,7746300
0,7382000
1,7465300
0,7378000
1,7589700
0,7380600
1,7394100
1,7370100
0,7628800
1,7365100
0,7500900
0,7379900
0,7400800
0,7381600
0,7643600
1,7351900
0,7410700
0,7506100
1,7526900
1,7586100
0,7527800
1,7444700
0,7487600
1,7587700
0,7472900
0,7570400
0,7508000
1,7641200
0,7470800
0,7572200
1,7426000
1,15147000
0,8654500
0,8640900
0,8701400
0,7414700
0,7470400
0,7320400
0,7642800
1,7413800
1,7526800
0,7377900
1,7874800
1,7617000
0,7936600
0,7728300
1,7683000
0,7634800
1,7811600
0,7637700
0,7647400
1,7587500
1,8025100
1,7882300
1,7918200
0,7776600
0,7820300
0,7638300
1,7688400
1,7618700
1,7692900
0,7627400
0,7685300
1,7601900
1,7742100
1,7637600
1,7711800
1,7622600
1,7695600
0,7627000
1,7918000
1,7617900
0,7727500
1,7671700
1,7749000
1,7688800
1,7720000
1,7655200
0,7771700
0,7951800
0,7717700
0,7670700
0,7731100
0,7776200
0,7712700
0,7673200
1,7716200
1,7706600
1,7733600
1,7679100
1,7849900
1,7680900
0,7795000
1,7656700
1,7640400
0,7762900
0,7673700
1,7512100
0,7677800
0,7565000
0,7607700
0,7494300
0,7614600
0,7562900
0,7626300
1,7689900
0,7598400
0,7583400
1,7722900
1,7541100
0,7680000
1,8205800
1,7735100
1,7581300
0,7639500
0,7550600
0,7601000
0,7537800
0,7636600
1,7541100
1,7905500
1,7790000
1,8144800
0,8004200
1,8054300
1,7728400
1,8146100
1,8256000
0,8191400
0,8015900
0,8610000
0,8870200
1,8474700
1,7834600
0,7836900
1,7811000
1,7846900
0,7848500
0,7884800
1,7805700
0,7855300
1,7860700
1,7867300
1,7795200
1,7849100
0,7511700
1,7498800
1,7337300
1,7545700
0,7394100
1,7447400
1,7336000
1,7829800
1,7462100
1,7437500
0,7382100
0,7392700
0,7396400
0,7431400
0,7322400
1,7380600
1,7487000
1,7373300
1,7754500
0,7381400
1,7734200
1,7349900
0,7500800
0,7587300
1,7398700
1,7374800
0,7469800
1,7497500
0,7563200
0,7468700
0,7555700
0,7470500
0,7585800
0,7469900
1,8390600
1,7738300
0,7602500
1,7482800
1,7531100
1,7443300
1,7600700
0,7469300
0,7560900
1,7450700
0,7545800
0,7471900
0,7468900
1,7514100
0,7588300
1,7527900
0,7471100
1,7596800
1,7510100
0,7558000
1,7341700
1,7394300
1,7399200
1,7433200
1,7463100
0,7399200
0,7396700
0,7598000
1,7415400
0,7415700
1,7651600
1,7674500
0,7370300
0,7524600
1,7486400
0,7788400
0,7471900
0,7535700
0,7503000
0,7544500
1,7463600
1,7553900
0,7983100
1,7531400
1,7687200
1,7468800
1,7743300
0,7873700
0,7752700
1,7653700
1,7696700
0,7631400
0,7685400
0,7648000
1,7732900
1,7625100
1,7716600
0,7760500
1,7725900
0,7625800
1,7660600
0,7665100
0,7691400
1,7617800
0,7727000
1,7639300
0,7786500
0,7624500
0,7712700
0,7642900
1,8082200
1,7993500
1,8165300
0,7749300
1,7721100
0,7665400
1,7729100
1,7686400
1,7737900
0,7663900
1,7751200
0,7658600
1,7719600
0,7669700
0,7810500
1,7649200
0,7720600
0,7756500
0,7748000
1,7823600
0,7863500
0,7669500
1,7741100
0,7651700
0,7728500
0,7668700
1,7762200
1,7655500
0,7571400
0,7551900
0,7801600
0,7543700
1,7575800
1,7550900
1,7648600
1,7547400
0,7615400
0,7509100
1,7608700
1,7535300
1,7710200
0,7552300
0,7630400
1,7501500
1,8917900
0,7490400
0,8206100
1,7877800
1,8620900
0,8601600
1,8088500
0,7497800
1,7624300
0,7649100
1,7729700
0,7650900
0,7746400
1,7683900
0,8182200
1,8162400
0,7698300
0,7639700
0,7704400
1,7632500
0,7683400
0,7636400
0,7666900
0,7470800
1,8052500
0,7705200
0,7635800
0,7574800
1,7598200
0,7633400
1,7746800
0,7472000
0,7565000
1,7462500
0,7571400
0,7472300
1,7733600
1,7445200
0,7593200
0,7734400
1,8280000
0,8559300
1,8479700
1,8465900
1,7726100
1,7830400
1,7790200
1,7466100
1,7717500
0,7787700
0,7807100
1,7785100
0,7838400
1,7776400
0,7924800
0,7808800
1,7801400
1,7786700
0,7818800
1,7801900
0,7815200
0,7575500
1,7719300
1,7498900
0,7599400
0,7468900
1,7573900
1,7486300
0,7665700
0,7471500
1,7664600
1,7473000
0,7763100
0,7530500
1,7582700
0,7503900
0,7688000
1,7454400
1,7516500
1,7484000
1,7574800
0,7539500
0,7573200
1,7474700
1,7571700
1,7468200
1,7643000
1,7501800
1,7489200
1,7593500
0,7470100
1,7612500
1,7467000
1,7625400
1,7461700
0,8210700
0,7574400
0,7572200
1,7481300
0,7585700
0,7471400
1,7810500
0,7471300
0,7657300
0,7469700
0,8508000
0,7540300
0,7546800
1,7472800
1,7659000
0,7472000
1,7552400
1,7514900
1,7538400
0,7471000
0,7540700
1,7536300
0,7809200
0,7473700
0,7567600
1,7448800
1,7540100
0,7470600
1,8207000
1,7869400
1,7578400
1,7483200
1,7477700
0,7383400
0,7434100
1,7339200
1,7442700
1,7364500
1,7393300
1,7636200
1,7378300
0,7584600
0,7755600
1,7602600
0,7382000
1,7576100
0,7380500
1,7425800
1,7470700
0,7641900
0,7378900
0,7469300
1,7378100
0,7452900
1,7397200
0,7490000
0,7383100
1,7427600
1,7375200
1,7490300
0,7377700
1,7457500
0,7388400
1,7666900
0,7383700
1,7434700
1,7393400
1,7411100
0,7413200
1,7375600
1,7824100
0,8253100
0,7717700
1,7617600
1,7682300
0,7644300
1,7679400
1,7631800
0,7677900
0,7642100
0,7685800
1,7604800
0,7688400
0,7848900
0,7727400
0,7505300
1,7547000
0,7657800
1,7540000
1,7451000
0,7650400
0,7504700
0,7622700
0,7468900
1,7542200
0,7484300
0,7545800
1,7440300
0,7451300
0,7486600
0,7777200
0,7384200
1,7510300
0,7394800
1,7488700
0,7380500
0,7517500
0,7430200
0,7319300
0,7564300
1,7642800
0,7656200
1,7614100
0,7728800
1,7617600
0,7724500
0,7621400
1,7671000
1,7594400
1,7707100
0,7624000
0,8205900
0,8392300
1,8398300
0,8255700
1,7797300
0,7821700
0,7788000
1,7796600
1,7807600
0,7817600
1,7780200
1,7926700
1,7793100
1,7810000
0,7787600
0,7796000
0,7606100
0,7705800
0,7828000
1,7951300
1,7523900
0,7871000
1,7500300
0,7812300
0,7472700
1,7741700
0,7472400
0,7570300
0,7472100
0,7656300
0,7627300
1,7663100
1,7747100
1,7637700
1,7703900
1,7622900
1,7692000
1,7655200
1,7675700
1,7621500
1,7729900
0,7624700
1,7606800
0,7415300
1,7430900
0,7381400
1,7602300
0,7663400
0,13926700
0,7380700
0,8855000
1,7628300
0,8455100
1,8615700
0,8041900
0,8006300
0,7675900
0,7624000
0,7683000
0,7662600
1,7685400
1,7623900
0,7708700
1,7645200
0,7733200
0,7627400
1,7697400
1,7630100
0,7696600
0,7623400
0,7687000
1,7637500
1,7962200
1,7615900
0,7711200
1,7620800
1,7713900
1,7622100
0,7841700
1,7597000
0,7504700
0,7379400
1,7471900
1,7314200
1,7464900
0,7460600
0,8646800
1,7515200
0,7626300
1,7442300
0,7446500
1,7690300
1,7474700
1,7514600
0,7755600
1,7615300
0,7730500
1,7622200
1,7721000
0,7630400
0,7684100
1,7619400
0,7694800
0,7622400
1,7925500
0,7714900
0,8851800
0,7899800
1,7848300
0,8014800
0,7803800
1,7680500
1,8004900
1,8025900
1,8878600
0,8132100
1,8221700
0,8686900
0,7718000
0,7831100
0,7830700
0,7863000
0,7883100
0,7817600
1,7797800
0,7821200
0,7786800
1,7806100
0,7810400
1,7990600
1,7762800
0,7787700
0,7645700
1,7735600
0,7627300
0,7679400
0,7643200
0,7687700
0,7626100
0,7679300
0,7662100
0,7680700
0,7625400
0,7687000
1,7552600
1,7580700
0,7381900
0,7512900
1,7422000
1,7774200
0,7572000
1,7477100
0,7400400
1,7892400
0,8461300
0,7626200
0,7477000
0,7625700
0,7627600
1,7746700
1,7779200
1,7655400
1,7624600
1,7709200
0,7667700
1,7800900
0,7629900
0,7689300
1,7634400
1,7722400
1,7604300
0,7561300
1,7466500
1,7535400
0,7474500
1,7478000
0,7620300
1,7561100
0,7528600
1,7476000
0,7576600
1,7648200
1,7572100
0,7506100
0,7430900
1,7383800
1,7651800
0,7336800
1,7536800
0,7380600
0,7502200
0,7397000
0,7476500
0,7599200
0,7853600
0,7958800
0,7690800
0,7533800
1,7527900
1,7578400
0,7546100
0,7499100
0,7551000
1,7488500
1,7544200
0,7469900
1,7772100
1,7621200
1,7506600
1,7460400
0,7480400
0,7422800
0,7321900
1,7446000
1,7361100
1,7666700
1,7299900
1,7530900
1,7353000
1,7474700
0,7319800
1,7457300
0,7719900
1,8533100
1,7667700
1,7711100
1,7718500
0,7856400
0,7624800
1,7681600
0,7624200
0,7715400
1,7617800
1,7684800
1,7638500
0,7696600
0,7609700
1,7557800
1,7495600
0,8032500
1,7464600
0,7669200
0,7470200
0,7778400
0,7471700
1,7529100
1,7461900
1,7627300
1,7692100
0,7633700
0,7628100
1,7851800
0,7627000
1,7681400
1,7622500
0,7687800
1,7604500
1,7716800
0,7639200
0,7732900
0,7623800
0,7685200
1,7626900
1,7375500
1,7513700
1,7378900
0,7409200
0,7382500
1,8398000
0,8681000
1,8606300
0,8764300
1,8450900
0,8725800
0,8916000
1,7941100
0,7819800
1,8082000
1,7873700
0,7814400
1,7793800
1,7828000
1,7773400
0,7810400
0,7789700
0,7808800
0,7784500
1,7783100
0,7789900
1,7908300
0,7789800
0,7826800
1,7819800
1,7796400
1,7782400
1,7817200
0,7806400
1,7786100
0,7786700
1,7792700
0,7776400
1,8617100
0,7472300
0,7537100
0,7492300
0,7552900
0,7471600
0,7819500
1,7481900
1,8323800
1,7469900
0,7785800
0,7506100
1,7522600
0,7470800
0,8067600
1,8326000
1,8399200
0,8326900
0,7569500
1,7471600
1,7658200
1,7443200
1,7576000
1,7536200
1,7658200
1,7495200
0,7712300
1,7599300
1,7704700
0,7626100
0,7718900
0,7626600
0,7680500
0,7623400
1,7718800
0,7624800
0,7877100
0,7626600
1,7648300
1,7337500
1,7475800
1,7412600
1,7509800
0,7320600
1,7583900
0,7379400
0,7822500
0,7355200
1,7451100
0,7382400
0,7672100
0,7574500
0,7526000
0,7618100
1,7494500
0,7702600
1,7464600
0,7530300
0,7484600
1,8172900
1,7610700
0,7613500
1,7546100
0,7549300
1,7468100
0,7679600
1,7646600
0,8100700
0,7627500
1,7700400
1,7633800
1,7701200
0,7627100
1,7677600
1,7650000
0,7687000
1,7808500
0,7697800
0,7538800
0,7589700
1,7493500
1,7547700
0,7488700
0,8599200
0,7723500
0,7722500
1,7872300
1,8552900
0,8283400
1,8709800
1,8403400
1,7782200
0,7678400
0,7724000
0,7626900
1,7664900
0,7625300
1,7685900
0,7625000
1,7958300
1,7624900
1,7710900
1,7619700
1,7698400
1,7615200
1,8072800
0,7704400
0,7697700
0,7850500
1,7657500
1,7625000
0,7697700
1,7658100
0,7691000
1,7616600
0,7683800
1,7634900
0,7685400
1,7618900
1,7833100
1,7653800
0,7710900
0,7630400
0,7678800
1,7664000
0,7689200
0,7623600
1,7671000
1,7538000
0,8261400
1,7667100
1,7752700
1,7646600
1,7668700
1,7621200
0,8389300
1,7622800
0,7685800
0,7626200
1,7719000
1,7730400
1,7681900
1,7576300
1,7536900
0,7470200
1,7548400
1,7450700
1,7537800
1,7463600
1,7542800
1,7487700
0,7592000
0,7469500
1,7560700
0,7552000
1,7620600
0,8017900
0,7794800
1,7706200
0,7855500
1,7928800
0,7730700
0,7475800
1,7557100
0,7380600
0,7320600
0,7472100
1,7389600
0,7488400
0,7537000
0,7758300
0,7485100
1,7524600
0,7472200
0,7554200
1,7510500
0,7564400
1,7503300
0,7560100
0,7491000
0,7768000
1,7577000
1,7521200
0,7509200
1,7518700
0,7568600
0,7527200
1,7466500
1,7786700
0,7603700
1,7539600
0,7493900
1,7753600
0,7581200
1,7592600
1,7495800
0,7603100
1,7590200
0,8777600
1,7750200
1,7558000
0,7510400
0,7531800
1,7494200
0,7589000
0,7470200
0,7641600
1,7919200
1,7619200
1,7616900
1,7808200
0,7626800
1,7699700
0,7627000
0,7734400
0,7625400
1,7799100
1,8630800
1,7721200
1,7619800
1,7731400
0,7459600
0,7588300
0,7398200
0,7383000
1,7425600
1,7391800
1,7506500
1,7387500
1,7449100
1,7372300
1,7495500
1,7373300
1,7446600
1,7397100
0,7536600
0,7380700
1,7491100
1,7414700
1,7379600
0,7598900
1,7424400
0,7398100
1,7401600
1,7375700
1,7436800
1,7406100
1,7381300
1,7374500
0,7381500
0,7470500
0,7627000
1,7555900
0,7385500
1,7588400
0,7320500
1,7432300
0,7379300
0,7493400
0,7323200
0,7459200
1,7388200
0,8080800
1,7325900
1,7628700
0,7515500
1,7528700
1,7319400
1,8132700
0,8091900
0,9168900
0,7385800
1,7862900
1,7381200
0,7554400
1,7525300
1,7621000
1,7605700
1,7743600
1,7602300
0,7806500
1,7673500
0,8064400
1,8091200
1,7845100
1,7619800
0,7809000
0,7623900
1,7783100
1,7617400
0,7729800
0,7628900
0,7814000
1,7660200
1,7721400
0,7624700
0,7684400
0,7644400
0,7741500
0,7626800
1,7920300
1,7609000
1,7692200
0,7872000
0,7915500
1,8431100
0,8117900
1,7612000
1,7800300
1,7642900
1,8017400
1,7713200
0,7855400
0,7712100
1,7682500
1,7669100
1,7796100
0,7670400
0,8091800
1,8688200
1,7968600
1,7951500
1,7970900
0,7983900
1,9156500
0,9469100
1,7894100
0,7963200
1,10263100
1,7652000
0,7737600
1,8008500
1,7772700
0,7646400
0,7696400
0,8577200
0,10028800
1,7672200
0,7807800
0,7879700
0,7800600
1,7812400
0,7809200
0,7808300
0,7802100
1,7854100
0,7811900
1,7811000
1,7805200
1,7822300
1,7667700
0,8135200
1,8292900
0,10084200
0,8577200
0,7829100
0,7503900
0,7605400
0,7528200
0,7522200
0,7561400
1,7560400
0,7470200
0,7814700
1,7782400
0,7813000
0,7786400
0,7806200
0,7841900
0,7832200
1,7796000
0,7840700
1,7833800
0,7850400
0,7793600
0,7800500
1,7812100
1,7786200
0,7816600
1,7768300
0,7813200
0,7792300
1,7798100
0,7791600
1,7810200
0,7801500
0,7859800
1,8485400
0,7737000
0,7475600
0,7550000
0,7472400
0,7734700
1,7976600
0,7540900
1,7533400
1,7508400
1,7568100
0,7495700
0,7720700
1,7559000
0,7766800
1,7470000
0,8507500
0,7657600
0,7604400
0,7576300
1,7565300
0,7554200
1,7743900
0,7547300
1,7830500
1,7487200
1,7666900
0,7600500
1,7747200
1,7666000
0,7732600
1,7661400
1,7830300
1,7670700
0,7749300
1,7670200
0,7756500
0,7644000
0,7842000
0,7666000
1,7666900
1,7428300
0,7404700
1,7402300
0,7505800
0,7424600
0,7710500
0,7520400
0,7533600
0,7497100
1,7476800
0,7447200
1,7566600
0,7583500
1,7546400
1,7544100
1,7683000
0,7669700
1,8113900
1,7827500
1,7672000
1,7549500
1,7583200
0,7540500
1,7705600
1,7539600
1,7573500
0,7589100
0,7649500
0,7798400
0,7551100
1,7552000
0,7564700
1,7672700
0,7492900
0,7664700
0,7595500
1,7614000
0,7592600
0,7876100
1,7544800
1,7737600
0,7537300
0,7578000
1,7539900
1,8096600
1,8082800
1,7801400
0,7504400
0,7649400
0,7466600
0,7557300
1,7449100
1,7687200
1,7598200
1,7732600
1,7604800
1,7851200
1,7606900
0,7708400
0,7626200
0,7727900
0,7624500
0,7756200
0,7813200
1,7731500
0,7627800
0,7713600
1,7550900
0,7916000
0,8045000
0,8103500
0,7949000
1,7750300
0,7623900
0,7710100
0,7625900
1,7696600
0,7640200
0,7949200
1,7758900
1,7821500
0,7828700
0,7802400
1,7792100
1,7802400
0,7802100
0,7934300
1,7851700
0,7800900
1,7792400
1,7726300
1,7315400
1,7383000
1,7383900
0,7438300
0,7321400
0,8505600
0,7409500
0,7987100
0,7322300
1,9197200
1,7560300
0,7737300
0,7381900
0,7473900
0,7358300
0,7610000
1,7397300
1,7396700
0,7504400
0,7473700
0,7381200
0,8291800
1,7683100
1,8171200
0,8538000
0,8631000
0,8042600
1,7687800
0,7635900
0,7692600
1,7626600
1,7687200
1,7631500
1,7696800
1,7622400
1,7680100
1,7617500
1,7787100
0,7627400
0,7702000
1,7626600
1,7670500
1,7615800
1,7789000
0,7627400
0,7699300
0,7626700
1,7853900
1,7639600
1,7666600
1,7730900
1,7793600
1,7353100
0,7434700
0,7342300
1,7825000
0,7387800
1,7468500
0,7362200
1,7467000
0,7354000
1,7595200
1,7378900
0,7506100
0,7359500
0,7531000
0,7637500
1,7737900
0,7354900
0,7433400
0,7537600
0,7544100
0,7454700
1,7543100
1,7518100
1,7506200
0,7605800
0,7639800
1,7707900
0,7669700
1,7760200
0,7650600
1,7723600
0,7668100
0,7749100
0,7648300
1,7748300
1,7671000
0,7752600
1,7661700
0,7725600
0,7494800
1,7808400
0,8127200
1,9165600
0,7586900
1,8206700
0,7389800
0,7994800
1,7330300
1,8645400
1,8473000
0,8220300
1,8437400
1,7852800
1,7896500
1,7889600
1,7887500
1,7854400
1,7927300
1,7848500
1,7896200
1,7827800
1,7850500
1,7806100
1,7879700
0,7836100
0,7849400
0,7829200
0,7802800
1,7837700
1,7799400
0,7808300
0,7798700
1,7784400
0,7832500
1,7811700
1,7796800
0,7790000
1,8015000
1,9006000
1,8618800
0,8969000
0,9012100
1,8603600
0,9037100
1,8468800
1,7452600
0,7491700
1,7600300
0,7672800
0,7755800
1,7927300
1,7785400
1,7806600
1,7793200
1,7781400
0,7790200
1,7883100
1,7818100
0,7801300
1,7762400
0,7818500
1,7789600
0,7633800
0,7472000
0,7564200
1,7549800
1,7828300
1,8698200
0,7772600
0,7629100
0,7652700
1,7565900
0,7791600
0,8277700
0,7734100
0,7631300
0,7710000
1,7641500
1,7669200
0,7643500
0,7691000
1,7616500
0,7965800
0,8177800
1,7704100
1,7620000
0,7833600
1,7787300
1,7712800
0,7628100
1,7680900
0,7708500
0,7686800
0,7626800
1,7664900
0,7642300
1,7700200
1,7620400
1,7701300
0,7649200
0,7663300
1,7314700
0,7648300
0,7943200
1,7574500
1,7527000
1,7497400
1,7388300
0,7384400
1,7966600
1,7378500
1,7604500
0,7443400
0,7666300
0,7610900
0,7829400
0,7625500
1,7997000
0,7625500
0,7703900
1,7622200
1,7675200
1,7652200
1,7726500
1,7639900
1,7866000
1,7618600
0,7565300
1,7362000
1,7453900
0,7355800
1,7519200
0,7447500
1,7564200
1,7335100
0,8102000
1,7777300
0,7639400
1,7535700
1,7672700
1,7608000
1,7683400
1,7636400
0,8379300
0,7725000
1,7772400
0,7783900
0,7690500
1,7625800
1,7681600
1,7638400
0,7680400
1,7604200
0,7792600
0,7642600
1,7679600
0,7789700
0,7692200
0,7643300
0,7684100
0,7626300
0,7688000
0,7640800
0,7697400
0,7632300
1,7787800
0,7420900
0,7556300
1,7385200
1,7380800
0,7469900
0,7381900
1,7689900
1,7333600
0,7577400
1,7374900
1,10447300
0,7744100
0,7323200
0,7834700
0,7781200
1,7553100
1,7479600
0,7568500
0,7570800
1,7491900
1,7514000
0,7472000
1,7541200
1,7476900
1,7519600
0,7469900
0,7494700
1,7504500
1,8468200
0,8923100
1,8616400
1,8319500
1,7804100
0,7866800
0,7772700
1,8183700
0,8005500
0,8201500
1,8146900
0,7824400
0,7848800
0,7831800
0,7827000
0,7818300
1,7904900
1,7948000
1,7806500
0,7851500
1,7822200
0,7825500
1,7891400
1,7999700
0,7639300
0,7735400
1,7625000
1,7801000
0,7629900
1,7697200
0,7626900
1,7693400
1,7604800
0,7694600
1,7626700
1,7681000
1,7565900
0,7745900
0,7508300
0,7911900
1,7793600
1,7675000
1,7487100
0,7525500
0,7373900
1,7491400
0,7471100
0,7515600
1,7745100
1,7492000
0,7590800
0,7471100
0,7815400
1,7481000
1,7641800
1,7462900
1,7475000
0,7475000
1,7556100
1,7468500
0,7529400
1,7499600
1,7617200
1,7462400
1,7538000
0,7484600
0,7564200
0,7482100
0,7575800
1,7466300
1,7606100
0,7471800
1,7587900
0,7489300
1,7547200
0,7472000
1,7466300
1,7547100
0,8210100
1,8772000
0,7635000
1,7881300
0,7677700
1,7395400
0,7470800
1,7416000
0,7442600
0,7381700
1,7436500
0,7642300
0,7691100
1,7625900
0,7625700
1,7770800
1,7716800
0,7688200
0,7643600
1,7736300
0,7627800
1,7697800
0,7643800
1,7690200
0,7481800
1,7456800
1,7429400
0,7519200
1,7395800
0,7689600
0,7337700
0,7606200
0,7381800
0,8064100
1,7841100
0,7610700
0,7668100
1,7679000
1,7479600
0,7546500
1,7518600
0,7664300
1,7487300
1,7567900
1,7467800
0,7583500
1,7500800
1,7634300
1,8388800
0,8263600
1,8298700
1,7876900
0,8089000
0,8014200
1,7819200
0,7872900
0,7639900
1,7773300
0,7634600
1,7696400
0,7694200
0,7859900
1,7768100
1,7851900
1,7871000
0,7882400
1,7808200
0,8097800
0,8423500
1,7901800
1,7792200
0,7880200
1,7793400
0,7877000
1,8827600
1,7891900
0,8010000
1,7842100
0,7840300
0,7885000
0,7806100
1,7784400
0,7809000
1,7814200
1,7845100
1,7947100
0,7825600
0,7824800
1,7763200
1,7707200
1,7645100
0,7961900
1,7803800
0,8070800
0,7673000
1,7808100
1,7662400
0,7675800
0,7629200
1,7725000
0,7794900
0,7829800
1,7624800
0,7750600
0,7629500
1,7724700
1,7624700
0,7793100
0,7629400
1,9172300
0,8980900
0,7689400
0,7628400
1,7835300
1,7484600
0,7655700
1,7471000
1,7576800
0,7472200
1,8703300
1,8682200
0,9142600
0,9209600
0,7539300
1,7550500
0,7472400
1,7713900
0,7799300
1,7788800
1,7778100
1,7851600
0,7789900
1,7861600
0,7796400
1,7849400
1,7786500
0,7804200
1,7814500
1,7805500
0,7690300
0,7687800
1,7635800
1,7705100
1,7769100
0,7697200
0,7671500
0,7702200
1,7628800
0,7682900
1,7638200
1,7623500
1,7655900
0,7537700
1,7638000
1,7465000
0,7540000
1,7475500
1,7685900
1,7485600
1,7510400
1,7464800
0,7534500
1,7461000
1,9428500
0,7477300
1,7563700
1,7537700
0,7541100
1,7565900
1,7764400
0,7477100
0,7661000
1,7468100
0,7627100
1,7481000
0,7665500
1,7477500
1,7601400
0,7489500
1,7455400
1,7477300
0,7595300
0,7385600
0,7792900
0,7548100
0,7738500
1,8292300
1,8480400
0,8516000
1,8569400
1,7336200
1,7632000
0,7648100
0,7693100
0,7627500
0,7683700
1,7637700
0,7820600
0,7624600
0,7685600
0,7643200
0,7685700
0,7624300
1,7877200
0,7710900
0,7600200
1,8058500
1,7547200
0,7690800
0,7642100
0,7506100
0,7398400
0,7401800
0,7568200
0,7382100
1,7554600
0,7401200
1,7731100
1,7620200
0,7692000
0,7780700
1,7626200
1,7813300
1,7688900
0,7627500
1,7690700
1,7630000
0,7660600
0,7686400
1,7802400
0,7745300
0,7488700
0,7529600
1,7458500
0,7554100
1,7481900
1,7649500
0,7535900
0,7568800
1,7481600
1,7922800
0,7477300
1,7529400
0,7473200
1,7381600
0,7381900
1,7765000
0,7397600
0,7563700
0,7416500
0,7449600
1,7413100
0,7713800
1,7382400
0,7506900
1,7360600
1,7694600
0,7555200
1,7738100
0,7487700
0,7542600
1,7471700
1,7579500
0,7854000
1,7542100
0,7473700
0,7481800
1,7563100
1,7473000
0,7531200
1,7462400
1,7542400
1,7442400
1,7542400
1,7699700
1,8211900
1,7594800
1,7669200
1,7478200
0,7547400
1,7486200
1,7537400
0,7533000
0,7539000
1,7463000
1,7664500
0,7476000
0,7641000
0,7472600
0,7606400
1,7463500
1,7555500
0,7471300
1,7530600
0,7471500
0,7780200
0,7618800
1,7545200
0,7473500
0,7754000
0,7552000
0,7575600
0,7472800
1,7657500
1,7469300
0,7601100
1,7472300
1,7513300
0,7473000
1,7464300
0,7599500
0,7454200
1,7812800
1,7331800
0,7597700
0,7548000
1,8546200
0,7356000
0,7784500
0,7516700
0,7805000
1,7715400
0,7740000
1,7472900
0,7630900
1,7461500
1,7570600
1,7463400
0,7670800
0,8108100
0,9546600
1,8212400
0,8277600
0,8015400
0,8238200
0,8290700
0,7798600
1,7837700
1,7757800
1,7810800
1,7786200
0,7826300
1,7780000
1,7814900
0,7795900
0,7843700
1,7787500
0,8072100
0,8841500
1,7709200
0,7628800
1,7796200
1,7630100
1,7840900
0,7626100
1,7679800
1,7618200
1,7702300
1,7619800
1,7749100
1,8511000
0,7716200
0,7629400
0,7694900
1,8167200
1,7664000
0,7628600
1,7684900
0,7643400
1,7670600
1,7620000
1,7721000
0,7645200
0,7689900
0,7523000
0,7530500
1,7482300
1,7569100
0,7472800
0,7603300
0,7617100
0,7535100
0,7471500
0,7466700
0,7750400
1,7460700
0,7558400
0,7383200
1,8840800
0,8376100
1,8355000
1,9086300
0,8184900
1,8749300
0,8947400
1,7898500
0,8084000
1,8856700
0,9022800
0,7904600
0,7933700
1,7791200
0,7857600
1,7829000
1,7800200
0,7790800
1,7802500
1,7834700
1,7775500
0,7790800
1,7810400
0,7787300
0,7665200
0,7676100
0,7646100
0,7676300
0,7628300
1,7824000
1,7654400
1,7713600
1,7623500
0,7686700
0,7644800
0,7778300
1,7621300
0,9743900
0,7538400
0,7471100
1,7894200
0,7490600
0,7526200
1,7465400
0,7522500
1,7458800
0,7557300
0,7472400
0,7470400
1,7555900
0,7468800
1,7545300
1,7463700
0,7555100
0,7534100
0,7573000
0,7541700
1,7616000
1,7535500
0,7675700
0,7539300
0,8149700
1,8206600
0,7889700
0,7973900
0,7780500
0,7671200
1,7843800
1,7672200
0,7754400
1,7663100
1,7869100
1,7635600
1,7674200
1,7630400
0,7932800
1,7751100
1,7807300
0,7627000
1,7749400
0,7666100
0,7692000
0,7628400
0,7706600
0,7649500
0,7961300
0,7632300
0,7848000
1,7623200
0,7623100
0,7471700
1,7546000
1,7646400
0,8300600
1,7611100
0,7752300
1,7611400
1,7602000
1,7485700
0,7633200
1,7630100
0,7850200
1,7652300
0,7738800
0,7686500
1,7998000
0,7716600
1,7753300
0,7696700
0,7741900
0,7666700
0,7770700
1,7645400
1,7748800
1,7660200
1,7745200
0,7648300
0,7728100
0,7665200
0,7795800
1,7639800
1,7727000
1,7636900
1,7801700
1,7640300
0,7730900
0,7668200
1,7748100
0,7340700
0,7461300
0,7593600
1,7528400
0,7343900
0,7480700
1,7668300
1,7560500
1,7685500
0,7345700
0,7518900
1,7455800
1,7501600
1,7492700
0,7650000
1,7554800
1,7676400
1,7612900
1,7580600
0,7569900
0,7606500
1,7491300
0,7653300
0,7574100
0,7733500
0,7489800
0,7623900
1,7576400
0,7615900
0,7488100
1,7652400
1,7487800
1,7650900
0,7472900
1,7996800
0,7824600
1,7580500
1,7493600
1,7908700
0,7635600
1,7729600
0,7630000
1,7744100
0,7629300
1,7684000
1,7618300
0,8588700
0,7866800
0,7787600
0,7627500
1,7694600
1,7626300
0,7623400
0,7473400
1,7612200
1,7462100
0,7661900
0,7468800
1,7571400
0,7470700
1,7581600
1,7468600
0,7504000
1,7610100
0,7472500
1,8059200
0,7662100
1,7532500
1,7586000
1,7613300
0,7517300
0,7535600
0,7471400
1,7620400
1,7481600
0,7547900
1,7472300
0,7539600
1,7576000
1,7856300
1,7546600
0,7527600
1,7631000
1,7530000
0,7469600
1,7531100
0,7487600
1,7646100
1,7465600
1,7575400
1,7479600
0,7597600
1,8026500
0,8186100
1,7867900
0,8382600
0,8365800
1,8573000
0,8720200
0,8366200
1,8226500
1,7599100
0,7472200
1,8545800
1,7782700
0,7811200
0,7790300
1,7860700
0,7811600
1,7859200
0,7835400
1,7819500
1,7855300
0,7864800
0,7832100
1,7926100
0,7815400
0,7730900
0,7667700
0,7731600
0,7685300
0,7795100
0,7672100
1,7815800
0,7648500
0,7684900
1,7621500
1,7677100
1,7650700
1,7644800
1,7295700
0,7665200
1,7499600
1,7656800
0,7325300
0,7436100
1,7690900
1,7684500
0,7324600
1,7479000
0,7402300
0,7404400
1,7325800
0,7578200
0,7485600
0,7532200
0,7468400
1,8002700
0,7513000
1,7462800
0,7544900
0,7573600
1,7691500
0,7470100
0,7520700
1,7465700
1,7541800
0,7471200
0,7585400
0,7470300
0,7554400
1,7465500
1,7538400
0,7469100
1,7559100
1,7462800
1,7565700
0,7468700
1,7625700
1,7429700
1,12940900
1,7416600
1,8569500
0,7697700
0,7675600
0,7523500
0,7438100
1,7310100
1,7501900
1,7399500
1,7553800
0,7322400
1,7694900
1,7637100
0,7683400
0,7626700
0,7689900
1,7647100
1,7763200
0,7627600
1,7675900
1,7656900
1,7936400
0,7630600
1,7804500
0,7568800
1,7942500
1,8225000
0,8535100
1,8303100
0,7918600
0,7470800
1,7630800
1,7534100
1,7542500
1,7465300
0,7561100
0,7687500
1,7792600
0,7636000
1,7658200
0,7638100
1,7769500
0,7778300
0,7916700
0,7676600
1,7704000
0,7681200
1,7755900
1,7706900
1,7674600
1,7677800
1,7671700
0,7723200
0,7803600
1,7793900
0,7686000
1,10324900
1,10983700
0,9327600
1,10845400
0,8744700
0,8790500
1,7933200
1,7825500
0,7949400
1,7644500
1,7731200
0,7775800
1,7768900
0,7686900
0,7677300
0,7624800
1,7913000
0,7663700
0,7792400
0,7792500
1,7816000
1,7761300
0,7797800
1,7783400
1,7937600
0,7787800
1,7802900
0,7785700
0,7951300
1,7833400
0,7841000
1,7849000
0,7877400
1,7783600
1,7777200
1,7796200
1,7801600
0,7825800
1,7796500
1,7825000
1,8021400
1,7758100
1,7788800
1,7802600
1,7792900
1,7770100
0,7807400
0,7826600
1,7832000
1,7785800
1,7923900
0,7810800
0,7790300
0,7786400
1,7793800
1,7815900
0,7584100
1,7408900
0,7388700
0,7396000
1,7589300
0,7386200
0,7455200
1,7410200
0,7497700
1,7372700
1,7408500
0,7416800
1,8200800
1,8306200
0,7462100
1,7316600
0,7470600
1,7381600
1,7486100
1,7417000
0,7469200
0,7383900
1,7317600
0,7457200
1,7369000
0,8538600
1,7599800
0,7719500
1,7570800
1,7660100
0,7484000
0,7620000
0,7506300
1,7642900
1,7507100
1,7524200
0,7506000
1,7519300
0,7488900
0,8239100
1,7469500
1,7541300
0,7489200
1,7577400
0,7470800
1,8567100
0,7489400
1,7494700
1,7474200
0,7584800
1,7480500
1,7518900
0,7470400
1,7671900
0,7562700
1,7417500
1,7318700
1,7623700
0,7595700
0,7431500
0,7539300
1,7373500
0,8009500
1,7486200
0,7767000
1,7565200
1,7868100
1,7796300
0,7740000
0,7507800
0,7895100
1,7460000
1,7582400
0,7472500
1,7564400
1,7494300
0,7583200
0,7469400
1,7606900
1,7813900
1,7736400
0,7627900
1,7773700
1,7620400
0,7745200
1,7643800
0,7709200
1,7617700
1,7677200
1,7640100
1,7683900
1,7676000
1,8112700
0,7848200
0,8515200
1,7765400
0,7897200
1,7825300
0,7828100
0,7644800
1,7705700
1,7685300
1,7729400
1,7647100
1,7732800
1,7782800
0,8123700
0,7830600
1,7824700
1,7845400
1,7861000
1,7831100
0,7991400
0,7818800
0,7996200
0,7829700
0,8027000
0,7815100
0,7769700
0,7668300
1,7754700
1,7636300
0,7979600
0,7669700
0,7826800
1,7682400
0,7726300
0,7672100
0,7739200
1,7666800
0,7858000
1,7364800
1,7450300
1,7428500
0,7422300
0,7430800
1,7577600
1,7403800
0,7434900
1,7524800
0,7564800
0,7428300
0,7413400
1,7596600
1,7658200
1,7416100
0,8841600
0,7339600
1,7711400
1,7423300
1,7585700
1,7332900
0,7562700
0,7409000
1,7453400
0,7342900
0,7446000
1,7644700
1,7541200
1,7631200
1,7621500
1,7630600
0,7551300
1,8152900
0,7720500
0,7754800
1,7589700
1,7623400
1,7489300
0,7560000
1,7541700
1,7789800
0,7575300
0,7830900
1,7543100
1,7621700
0,7494400
0,8175300
0,8180900
0,8477300
1,8500500
0,7574200
0,7616000
0,8625700
0,7829900
0,7730500
0,7694800
0,7819600
0,7662500
1,7721200
1,7647100
1,7719900
1,7651800
0,7804800
1,7666400
0,7714600
0,7525200
1,8078500
0,7526000
1,7503600
1,7725900
1,7989900
0,7491400
0,7681000
1,7467600
1,7522900
1,7632100
1,7527200
0,7503900
1,7845700
1,7653700
0,7724400
1,7617300
0,7677400
0,7640500
1,7668800
1,7708600
1,7673800
1,7637300
0,7681700
1,7623100
0,7682400
1,7487900
1,7565600
1,7379900
1,7416500
1,7390100
0,7463000
1,7308600
1,7523000
0,7396000
1,7615700
0,8299900
1,7645400
0,7509900
1,7499400
0,7466300
1,7658700
1,7483300
1,7547500
0,7506800
0,7473100
0,8603500
0,8471900
0,8875500
1,8873300
1,8405300
0,7770900
1,7737700
1,7905500
1,7812800
1,7909900
0,7989000
0,7856600
1,7789500
0,7787700
1,7792900
1,8219800
1,7789500
1,7807900
0,7804000
1,7795400
1,7778300
0,7786100
1,7818700
0,7803800
1,7779400
0,7797200
1,7795500
0,7806100
0,7787100
0,7801100
0,7806000
0,7756100
0,7322600
1,7543400
1,7408600
1,7568800
1,7374000
1,7536300
0,7396600
1,7566900
0,7322900
0,7510600
0,7400600
1,7436100
1,7337800
0,7465200
1,7390400
1,7475800
1,7328800
0,7594600
1,7490800
0,7471000
1,7386800
1,7642600
0,7463900
0,7379900
0,7468200
0,7380000
1,7851800
1,8079400
0,7891000
0,7607600
1,7716500
0,7551900
0,7582700
0,7471300
1,7541100
1,7500800
1,7883700
1,7467900
1,7533000
1,7734800
1,7775500
1,7639500
0,7684700
0,7626400
1,7794200
0,7658500
1,7699100
0,7625300
1,7672400
1,7632600
0,7693400
1,7619900
0,7662200
1,7482800
0,7559100
1,7498500
1,7705700
1,7784900
1,7466400
1,7544300
0,7469900
0,7539800
1,7465200
1,7513500
1,7463200
0,7843700
1,7468100
1,7495500
0,7369800
1,7507300
1,7470100
0,7529200
1,7442800
0,7589900
0,7470900
1,7518700
1,7458000
0,7761600
0,7468200
1,7459300
1,7441400
1,7398600
1,7447100
0,7377900
0,7495400
1,7387300
0,7398600
1,7368900
0,7452300
1,7405500
1,7505000
1,7373400
1,7429900
0,7417200
1,7353400
0,7693500
1,7946900
1,8626500
0,8061300
1,9336200
1,8283100
1,9022800
0,8785900
0,9205900
1,8292300
0,7846800
0,7789000
0,7816200
1,7806600
0,7792000
1,7799400
0,7786100
0,7822400
0,7799200
0,7785500
1,7950200
0,7787100
0,7914400
0,7995400
0,7526600
1,7461500
1,7519900
1,7488200
1,7489800
1,7567800
1,7459000
1,7589700
0,7481400
0,7544800
0,7621500
1,7687700
0,7643200
0,7689900
1,7620800
0,9049300
1,7644200
1,7679100
1,7617500
0,7672100
0,7637000
0,7736800
0,7630500
0,7677900
0,7495300
1,7508000
0,7319000
0,7450600
0,7397100
0,7664400
0,7321500
1,7489100
0,7492000
1,7386300
1,7314700
1,7514600
0,7419000
1,7352000
0,7511700
1,7375100
0,7819500
0,7522500
0,7821300
1,7369200
0,7487800
1,7379300
0,8472300
0,7578900
1,7604700
1,7498200
0,8583900
0,8099100
1,7856700
0,8180600
1,7634000
0,7893600
0,7629400
1,7671100
0,7626100
1,7710500
0,7685200
1,7685900
0,7628700
0,7707700
0,7789100
1,7881200
1,7786400
1,7848600
0,7791400
0,7807700
1,7781900
1,7814400
0,7785400
1,7812100
0,7785500
0,7821000
1,7813700
0,7535300
1,7636400
0,7506200
1,7675300
0,7471500
0,7785300
1,7596500
1,7590300
1,7469500
1,7562000
0,7468500
1,8105400
1,7524800
0,7821300
0,7626500
0,7703800
0,7632200
1,7718100
1,7599400
1,7721900
0,7625700
0,7701900
1,7619200
0,7683200
0,7625600
1,7745000
1,7323700
0,7527400
0,7512200
1,7502300
0,7320700
1,7487600
0,7706900
1,7705100
1,7326800
0,7556200
1,7377900
1,8009100
0,7703200
0,7734600
0,7626600
0,7743900
1,7618800
1,8006300
0,7628400
1,7738200
0,7625800
0,7689100
1,7623900
1,7849500
1,7624500
1,7671900
0,7626000
0,7694900
0,7625000
0,7673800
0,7721800
1,7703500
0,7624600
0,7725000
1,7635300
1,7691000
0,7627700
0,7803800
0,7885900
1,7388200
0,7384500
1,7598800
1,7464200
0,7494700
1,7371400
1,7376200
1,7436400
1,7347800
0,7425200
0,7381100
0,8523600
1,7320300
0,7462100
0,7383100
0,7429300
1,7455200
1,7461200
0,7552500
1,7453900
1,7323100
0,7636700
0,7378300
1,7893800
1,7437000
0,7464800
0,7444200
1,7548000
0,7514500
1,7605500
1,7550200
1,7685100
0,7684400
0,7766200
0,7592000
1,7931100
1,8726000
0,7526600
0,7471600
1,7609100
0,7570600
1,7665300
0,8065700
1,7739300
1,7666200
0,7579900
0,7473400
0,7575500
1,7522700
1,7549700
1,8312000
0,7691200
0,7776100
1,7652500
1,7633200
1,7701600
1,7780400
1,7886400
0,7627500
1,7701500
1,7642100
1,7772800
1,7794400
0,7624200
1,7722400
0,8387400
1,7927900
1,7678100
1,7719700
0,7625000
1,7699300
0,7624800
0,7727400
1,7640400
1,7726700
1,7638100
1,7833400
0,7625800
0,7668700
0,7387000
0,7395000
1,7386100
0,7709700
1,7378500
0,7599400
1,7393600
0,7490100
0,7382800
0,7383000
1,7382800
1,7473500
1,7377700
0,7447100
1,7349400
0,8053400
1,8208400
1,8500900
0,8824400
1,8577300
1,7381300
1,7559800
1,7409000
0,7620600
1,7360700
1,7621700
1,7804400
1,8020200
1,7783400
0,7929200
1,7779300
0,7813200
1,7789600
0,7798500
1,7797500
0,7798800
1,7782800
0,7796200
1,7642400
1,7544900
1,7466700
0,7683400
1,8511500
1,8422100
0,8336900
0,8681700
1,7939300
0,8313000
1,7913800
1,7565200
0,7611700
0,7691600
0,7622300
1,7836300
1,7616000
0,8381500
0,7523000
1,7673300
1,7622600
1,7657300
0,7624300
0,7928200
1,7618300
1,7790200
1,7640400
1,7726800
1,7719300
1,7831200
1,7634100
0,7686800
1,7617800
1,7647600
1,7636400
1,7675900
0,7622900
1,7769800
0,7634300
0,7367900
1,7368200
0,7486300
1,7373700
0,7496300
1,7486800
1,7462900
0,7421300
0,7408900
0,7463400
1,7510000
0,7520700
1,7419900
1,7673300
0,7485400
1,7417600
1,7385400
1,9147200
0,9001700
0,8321200
1,8408400
1,7380800
1,7860700
0,7804500
0,7903200
1,7556500
1,7781500
0,7828400
1,7795100
1,7780500
0,7844000
0,7789900
0,7816600
1,7786000
0,7807000
0,7786200
1,7834200
1,7783100
0,7784100
0,7685100
0,7533500
1,7464900
1,8073800
0,8238200
1,8348100
1,7926800
1,8428600
0,8512400
1,8825300
0,8687400
1,8300100
1,7810800
1,7836400
0,7822300
1,7787000
1,7782800
1,7825100
1,7803300
1,7841400
0,7818800
1,7811300
0,7854900
0,7803100
0,7959400
1,7638700
0,7904400
1,7682400
1,7686900
1,7692600
1,7644600
0,7769100
1,7892000
0,7729500
0,7640600
0,7894200
1,7657200
0,7770800
0,7687200
1,7799300
0,7726700
0,7646400
1,7890700
1,7712900
1,7675000
0,7798400
0,7660900
1,7692400
0,7628000
0,7866300
1,7618200
1,8250100
1,7700000
1,7702800
1,7702200
1,7682700
0,7647200
1,7812200
0,7626000
1,7689400
0,7647100
0,7692500
0,7657900
1,7728900
1,7629600
0,7771000
0,7625600
0,7716500
0,7642400
1,7682700
1,7618600
0,7723900
0,7641200
1,7672000
0,7621700
1,7679500
1,7552500
1,7574800
0,7336600
1,7530900
1,7398000
0,7621000
0,7327500
1,7434200
0,7391800
0,7457500
0,7320800
1,7434500
0,7399100
0,7499200
1,7401400
0,7381200
0,7607000
0,7322300
1,7461500
1,7377400
0,7764100
1,7510700
1,8054300
1,7814400
1,7505300
0,7378800
0,7481300
0,7613700
0,7788600
0,7559500
0,7523500
0,7501300
0,7957100
1,7560800
0,9053200
0,7492400
0,7771000
0,7470700
1,7541400
1,7463700
0,7558400
0,7470800
0,8981600
0,7544200
1,7807400
1,7488200
1,8153000
0,7753400
1,7642000
1,7481300
1,7537300
0,7486900
0,7527600
0,7736000
0,7727100
1,7632400
0,7685800
0,7625200
1,7669800
0,7640200
1,7739800
0,7668700
0,7673800
1,7639200
0,7682300
0,7623200
1,7588000
0,7504200
1,7506900
0,7771700
1,7572400
1,7492200
0,7757600
1,7472500
0,7982800
0,7497900
0,7532600
1,7497900
0,7546700
1,7488100
1,7580800
1,7460900
1,7466200
0,7588300
0,7471900
0,7531400
0,7593100
1,7800900
1,7450400
0,7527900
0,7472300
1,8202300
0,8129000
0,8547000
0,8538500
0,7934900
1,8088200
0,7752200
1,7837200
1,8283500
1,8218700
1,8456900
1,8239900
1,7599500
0,7823800
1,7804400
1,7834100
0,7786200
0,7815700
0,7831200
1,7780900
1,7794400
0,8066700
1,7798100
1,7839300
1,7822000
1,7736900
0,7762200
0,7689200
0,7625000
1,7674100
1,7661200
0,9016200
1,7617900
1,7667400
0,7641800
1,7684800
1,7632100
1,7679900
1,7630200
0,8090900
0,8393000
1,8561700
1,8782300
1,8167100
1,8354400
0,7633300
1,7460300
0,7640100
1,7466100
0,7539300
1,7460600
0,7529500
0,7616100
0,7716100
0,7626800
1,7757700
1,7630000
1,7732300
0,7782200
1,7682100
0,7638700
1,7782300
1,7661800
1,8101600
1,7656000
1,8008100
0,7768900
0,7677900
0,7649400
1,7680300
0,7723100
1,7679600
0,7643800
1,8597300
1,7860600
0,8132300
0,8129400
1,7857800
1,7783000
1,7790400
0,7806600
0,7808100
1,7870100
1,7832000
0,7823400
0,7808900
0,7785700
1,7861400
1,7777700
1,7950000
1,7640200
1,8378500
0,7614800
1,7558400
0,7505300
0,7587400
1,7454900
0,7604500
1,7506200
1,7590400
0,7469700
1,7537400
0,7470600
0,7762800
1,7597700
0,7696400
1,7616700
1,7693400
0,7627200
0,7824200
1,7612400
1,7675100
1,7619400
0,7681800
1,7643600
0,7697500
0,7559400
0,7372900
1,7375600
0,7517800
1,7469800
1,7338300
1,7588200
1,7369300
1,8038600
0,7382200
1,7646100
1,7578600
1,7848800
0,7320400
1,7878400
1,7505200
0,7545300
0,7504600
1,7549400
1,7593000
1,7523600
0,7469500
0,7528900
1,7477500
1,7546700
1,7466200
1,7541500
1,7481400
1,7678600
1,7486100
0,7469000
1,7666800
1,7470600
0,7559700
1,7469000
1,7568800
1,7464700
0,7535600
0,7469900
0,7586100
1,7686100
0,7452000
0,7321500
1,8282400
0,7515100
1,7574600
0,7433300
0,7444500
0,7383500
0,7473800
1,7341500
1,7608100
0,7475600
1,7437400
0,7488000
1,7535500
0,7472100
1,7614600
1,7627500
0,7536600
1,7464600
0,7644700
1,7477700
1,7461800
0,7531900
1,7473800
1,7505200
1,7365200
1,7489500
1,7375600
0,7491000
0,7384300
1,7591100
0,7381000
0,7379200
0,7368500
0,7745000
0,7997100
1,7987700
1,7601300
1,8085200
1,7676000
1,7937400
0,7517800
1,7605600
1,7626100
1,7546400
0,7565200
0,7524200
0,7470500
1,7538000
0,7471100
1,7541600
1,7577900
1,7703300
1,7615100
1,7670000
0,7673600
0,8352200
0,7631700
0,7689800
1,7615900
1,7714900
0,7626500
0,7694100
1,7684000
0,7822700
0,7808100
1,7729900
0,7645700
1,7803800
1,7669500
0,7716600
1,7643500
0,8154700
0,8927400
1,7827600
0,7692500
1,7698500
1,7663200
1,7727600
1,7692300
1,7715400
0,7667600
1,7722700
1,7706500
0,7665000
1,7704300
0,7662400
1,7834100
0,7732400
1,7641800
1,7404200
1,7873300
0,7428600
1,7553000
0,7431400
1,7511800
0,7407600
1,7520000
0,7760100
1,7765500
1,7423400
0,7428400
1,7406000
1,7681700
0,7668100
1,7742600
1,7619100
0,7794900
0,7798700
1,7729000
1,7623300
1,7882300
1,7672700
0,7715400
1,7660400
0,7820300
0,7581400
1,7565600
1,7579200
1,7586600
0,7549500
0,7629400
1,7559400
1,7564500
0,7541100
0,7630100
0,7579400
0,7576800
1,7536700
1,7558900
1,7520900
1,7341900
0,7460400
1,7486600
0,7608000
1,7313000
0,8552700
1,7423900
0,7510100
1,7337100
1,8305300
1,7487200
0,7891000
0,7580500
1,7584100
0,7578100
1,7641900
0,7582400
1,7736100
0,7643700
0,7803000
0,7549900
0,7547800
1,7542400
0,7634900
0,7535800
1,7644400
1,7487400
1,7623200
1,7550700
0,7565400
0,7543900
1,7853900
1,7780200
1,8291700
1,8698700
0,8413100
0,8896800
1,8255800
1,7940300
0,7975800
0,7812200
0,7859400
0,7886600
1,7855400
1,7832100
0,7834400
0,7852100
1,7862900
0,7827000
0,7864300
1,7819300
0,8046000
1,8306100
1,8044300
1,8142900
1,7627500
0,7763600
0,7693300
0,7666500
0,7839300
0,7738500
0,7690500
1,7816200
0,8805000
0,7844400
1,7847900
0,7854700
0,7839500
0,7864100
0,7826200
1,7880500
0,7833800
0,8692200
1,7814600
1,7814300
0,7519300
0,7547900
0,7420300
1,8211500
1,7635300
1,7944100
1,7478400
0,7409800
0,7426500
1,7510500
1,7432400
1,7426000
0,7429200
0,7716500
0,7544100
0,7553900
0,7547500
0,7624900
0,7554700
0,7494800
1,7605800
0,7838700
0,8473700
0,8705900
1,8543000
0,8750200
0,7835800
0,7915500
0,7861900
0,7989200
1,7819000
0,7962300
1,7869300
1,7857900
0,7849600
0,7963400
1,7851000
1,7989500
1,7753500
0,8125300
0,7344500
0,7562100
0,7427500
1,7446500
0,7412200
1,7795300
0,7430000
0,7445700
0,7429500
0,7504800
0,7425100
0,7472300
1,7674000
1,7513900
1,7418100
0,7515000
0,7346100
1,7539200
0,7419600
0,7342400
0,7500200
1,7397400
1,7553200
0,7355400
0,7551300
1,7545500
1,7791900
1,7557000
0,7606000
0,7547900
0,7679900
0,7564100
0,8363000
0,7668400
0,7601200
1,7595500
1,7576100
1,7541600
0,7800200
1,7704100
1,7726400
1,7619700
1,7746200
1,7679800
0,7722100
1,7681900
1,7718600
0,7676100
1,7791200
1,7650300
1,7734600
1,7546600
0,7766100
1,7497200
0,7494000
1,7431200
1,7428800
1,8080200
0,7533600
0,7448500
0,7574900
1,7421100
0,7591500
1,7459400
0,7639400
1,7494000
0,7588600
1,7514500
0,7604200
1,7740000
1,7578400
1,7553700
1,7625300
0,7634300
0,7495700
1,7587200
0,7544400
0,7673800
1,7665600
0,7663700
1,7547500
1,7727200
1,7500200
1,7624000
0,7551300
1,7600400
0,7562100
0,8666500
0,7550400
0,8135300
0,7565000
1,7600400
0,7553100
0,7616500
0,7567600
1,7551500
0,7545000
1,7584400
0,7564100
0,7618700
0,7490300
1,8348400
1,7781100
0,7641100
1,7559000
0,7751900
0,7559700
0,7997900
1,8067300
1,7607200
1,7652100
1,7904300
0,8817800
1,7600200
0,7681300
1,11114500
0,11041600
1,10906900
0,10973600
0,9052500
0,7888700
0,7833100
1,7776400
1,7837200
0,7822300
1,7830000
0,7815600
0,7784600
0,7655700
1,7820100
0,7676500
0,7695100
0,7703400
1,7732100
0,7673600
1,7756400
1,7647300
0,7709800
1,7626100
1,7772000
1,7840600
0,7685700
0,7627500
1,7689900
1,7618500
0,7833400
1,7659100
0,7678700
1,7725600
1,8360900
1,7645300
1,7677700
1,7619500
0,7688300
1,7634300
0,7698800
1,7619100
0,7673400
0,7686600
1,9076500
1,9384500
0,7620200
0,7643700
1,7625300
1,7689100
0,7624400
0,7960800
0,8233100
1,7578000
0,7439900
0,7523400
1,7355600
0,7377700
0,7472200
1,7317800
0,7642700
1,7373500
0,7501500
1,7376600
1,7559100
0,7578200
0,7978300
1,7468300
0,7545200
0,7473400
0,7921000
0,7383100
0,7493700
0,7472300
1,7566700
1,7468400
1,7537100
1,7549700
0,7680600
0,7628700
1,7699000
1,7626600
1,8199600
0,8689900
1,8365800
0,8879400
0,8152400
0,7724000
1,7727300
0,7626900
0,7819600
1,7769300
1,7818200
1,7803500
1,7849500
1,7779000
1,7780100
1,7800800
1,7780400
0,7788100
0,7805800
1,7847500
0,7810800
0,7638300
0,7687300
1,7623100
0,7667700
1,7619400
0,7806500
1,7731600
0,7680800
0,7626000
0,7689900
1,7638600
1,7706900
0,7626300
0,7439500
1,7387900
0,7453300
1,7517900
0,7818100
0,8093200
1,7585400
0,7552800
1,7781700
0,7455200
1,7544900
0,7466300
0,7557600
0,7695300
0,7745400
0,7665800
0,7830400
1,7939800
1,8446500
0,8495300
1,8293000
1,8105300
1,7676300
0,7672600
0,8065100
1,8087500
1,8773800
1,7847300
1,7856000
1,7814800
1,7863400
1,7837000
1,7856900
0,7831200
1,7876800
1,7848800
0,7852900
0,7818900
0,7879100
0,7850400
0,7996000
1,7802800
1,7884900
1,7833600
0,7853300
1,7821200
0,7816300
0,7849600
0,7874300
1,7819400
0,7856300
0,7592900
0,7630600
1,7521300
0,7710900
0,7554100
1,7569100
1,7524300
0,7636300
1,7523500
1,7659800
1,7521200
0,7645000
1,7657300
0,7572800
1,7405500
1,7643000
0,7340700
0,7542700
1,7416700
0,7620700
1,7336600
0,7993200
0,7873000
1,8231100
0,7568600
0,7561200
0,7627500
1,7812500
1,7821400
0,7817300
0,7676700
0,7761200
1,7762300
1,7746000
1,7664400
1,7764800
1,7666100
0,7735600
0,7652900
0,7772400
1,7666800
0,7758800
1,7642600
0,7796900
1,7944300
0,7777500
0,7670300
0,7731600
1,7662700
1,7725300
0,7703100
1,7730400
0,7571600
1,7817200
0,7562600
1,7701800
0,7543900
1,7712100
0,7573400
1,7554800
1,7574600
1,7644000
1,7555600
0,7543200
0,7725800
1,7546700
0,7650600
0,7507100
0,7557200
1,7549500
1,7759400
0,7551700
0,7564500
0,7549000
1,7599900
0,7543000
0,7561400
1,7541200
0,7579100
1,7425800
1,7415600
0,7619400
1,8089400
1,7513500
0,7491000
0,7453400
1,7775900
0,8609200
1,7512000
0,7344200
0,7842600
0,8028600
0,7709000
0,7646700
1,7759600
1,7653900
1,7830000
1,7854600
1,7745200
0,7671000
1,7790600
1,7686100
1,7833000
1,7648500
1,7765800
1,7527900
1,7566200
0,7489600
1,7532900
0,7672700
1,7497400
1,7597200
1,7499400
0,7636000
0,7543500
0,7567600
0,7545400
1,7637000
1,7591300
0,7423400
0,7420600
0,7526100
0,7342100
1,7498400
0,7430400
1,7504800
0,7423400
1,8684600
1,7411300
1,7571000
1,7389000
1,7459300
1,7427000
1,7464100
1,7433100
1,7560300
0,7423500
0,7688800
0,7509400
0,7411900
1,7396700
0,7605700
0,7430400
1,7661800
1,7610000
1,7878700
1,7653200
1,8042800
1,7756700
1,8616300
1,7942900
0,7833600
0,7418200
1,8348200
1,7747200
1,7924400
1,7603000
0,7721400
1,7765200
0,7893300
1,7674400
1,8202000
0,7948200
0,7760100
1,7804300
0,7721900
1,7634600
0,7737900
1,7685300
0,7798500
0,7816200
0,7858800
0,7856400
1,7939200
0,7838900
1,7855300
1,7835900
0,7862600
0,7834300
1,7890000
1,7824700
0,7969800
1,7953600
0,7868100
0,7630800
1,7896800
1,7615900
0,7808600
0,7629300
0,7683200
0,7625900
0,7714800
1,7623800
0,7755000
1,7607400
1,7806800
0,7701900
0,7981200
1,7835500
0,7972400
0,7732700
1,7786400
1,7694000
0,7685200
1,7622100
0,7703300
1,7662700
1,7672400
0,7628600
1,7682600
1,7635100
0,7724900
1,7613700
0,7700000
0,7641400
0,7921400
0,7834300
0,7820100
0,7648100
0,7686000
1,7614200
0,7818400
0,7646200
1,7679900
0,7625900
1,7796000
0,7669000
0,7875300
0,7631000
1,7982500
1,7880100
1,7718600
1,7618900
0,7684100
1,7635600
0,7745600
0,7628100
1,7631900
1,7711700
1,7624800
1,7672300
0,7640200
0,7732100
1,7596300
1,7679800
0,7640400
1,7683900
0,7640600
1,7479900
1,7406000
0,7566500
0,7379300
0,7484700
0,7464200
0,7383500
0,7376900
1,7478200
0,7397400
1,7432600
0,7379800
1,7510300
0,7337100
0,7832000
0,7539100
0,7494700
0,7550900
0,7637400
1,7377200
1,7376600
1,7548400
0,7379800
0,7445400
0,7381400
0,7682700
0,7482700
0,7543000
1,7476200
1,7560600
1,7487100
0,7553800
1,7476100
1,7536000
0,7472700
1,7548200
1,7460000
1,7774400
1,7502400
0,7971100
0,8250100
1,7928000
0,7323900
0,7504200
0,7799800
0,7829900
0,7715200
1,7818500
0,7844100
1,8333000
0,8418100
1,7656400
1,7639200
1,7703400
1,7619400
0,7677700
0,7644000
1,7844100
1,7616200
1,7836900
1,7634300
1,7714900
1,7643300
1,7725000
1,7666500
1,7565600
1,7627200
1,7550700
1,7478200
1,7538000
1,7464900
1,7599300
1,7479600
1,7542600
1,7542300
0,7473900
1,7613900
0,7468300
1,7577100
0,7473900
0,7655700
1,7460400
1,7531400
1,7438000
0,7545100
0,7472600
1,7518900
1,7443800
0,7555200
0,7473900
1,7503600
0,7578000
1,7453400
0,7354100
1,7434800
1,7367800
0,7430800
1,7317100
1,7613300
1,7534600
0,7736600
1,7396800
0,7378500
0,7608200
1,7428400
0,8492300
1,8323600
0,8791200
1,9209800
0,7474600
0,7858700
0,7467400
1,7552400
1,7468000
1,7646300
0,7472200
0,7701500
1,7624200
0,7810000
1,7782100
1,7798400
0,7793000
1,8524300
0,9835700
0,7940400
0,7789700
1,7789300
0,7806800
1,7799000
1,7759500
0,7911500
0,7508900
0,7530500
0,7470000
0,7518100
1,7462200
1,7684200
1,7488900
1,7527200
0,7482100
0,9132300
1,8251400
0,7778600
0,7627000
0,7721300
1,7631800
1,7679300
0,7628200
1,7829100
0,7626300
1,7689200
1,7627600
0,7744400
1,7617100
1,7717100
1,7603000
0,7575000
1,7508200
0,7644600
1,7385100
1,7423800
0,7384000
1,7659900
1,7368300
1,7467200
0,7412900
1,7469000
1,7489300
1,7313500
1,7434300
1,7407100
0,7646400
0,7593600
1,7426500
0,7419800
1,8824000
0,7325600
1,7476800
0,7558600
1,7591800
0,7637100
1,7497900
1,7567200
1,7665100
0,7625900
0,7795800
1,7655300
1,7696500
0,7800400
0,7976300
0,7649600
0,7685900
1,7631700
0,7703400
1,7598500
1,7682200
1,7617400
0,8014300
1,7747300
1,7962800
0,8052700
1,7765900
0,7653900
0,7742000
0,7667100
0,7781800
1,7640500
0,7718000
0,7665400
1,7794100
0,7674500
1,7707000
0,7666200
1,7885900
1,7672300
0,7736800
0,7645500
1,7795000
0,7666200
1,7718100
1,7643100
1,7681900
1,7392700
1,7717100
1,7339700
0,7527800
0,7466700
0,7413800
1,7430700
1,7574800
0,9021300
1,8256400
1,8953600
1,8425000
1,8453800
0,8676000
1,8286200
0,7836100
0,7669200
0,7896000
0,7670100
1,7724900
1,7661500
0,7742400
0,7667900
1,7852800
0,7670200
0,7762900
0,7646000
1,7979600
0,7671200
1,7739100
0,7650500
0,7735000
0,7669400
1,7747900
1,7623300
0,7814400
1,7740700
0,7810400
1,7797600
1,7698900
0,7670700
0,7747000
0,7669600
0,7750300
0,7669000
1,7714300
0,7663400
1,7748900
0,7645600
0,7754000
1,7600200
1,7624000
0,7489500
1,7694200
1,7581500
1,7880100
0,7526400
0,7627200
1,7546300
1,7568800
1,7504500
1,7907200
0,7545300
0,7722800
0,7445200
1,7490300
1,7354800
1,7515700
1,7440400
1,7457500
1,7425400
0,7472400
1,7463700
1,7413000
1,7529800
0,7483300
0,7454300
0,7431600
0,7684500
0,7681200
0,7486600
0,7422600
0,8447000
1,7970700
1,7567300
0,7463800
1,8051200
1,7641600
0,7858600
0,8686900
1,7808700
0,7676300
0,7759300
0,7667800
1,7743500
0,7781900
1,7833800
0,7631300
0,7711100
0,7627300
1,7714700
0,7624700
1,7676400
1,7515100
0,8459300
1,7640500
0,7625300
1,7555100
1,7548100
1,7495400
0,7588600
1,7514000
1,7526600
1,7464000
0,7669400
1,7522700
0,7692300
0,7624400
1,7679700
1,7641200
0,7812800
1,7621500
1,7737200
1,7649800
1,7647800
0,7625600
1,7696100
0,7641900
1,7821400
1,7317700
0,7438800
1,7391500
0,7437200
0,7321600
1,7454400
0,7399300
1,7294600
1,7732800
1,7378500
0,7442600
1,7314000
0,7548900
0,7381800
0,7468500
0,7319800
1,7486200
1,7354800
1,7577900
1,7555800
0,7597200
1,7396800
0,8121100
1,8043900
0,9068800
1,8970600
0,8131100
0,7828300
0,7938300
1,7813300
1,7838700
1,7812700
1,7852600
1,7885700
1,7786500
0,7824700
1,7831300
1,7952200
1,7938000
0,7859100
0,7850100
1,7957100
1,7783200
1,7804100
0,7792300
0,7828900
1,7780700
0,7929400
0,7790300
1,7822400
0,7793400
1,7793800
0,7644400
1,7655200
1,7619000
1,7880300
1,7660200
0,7712300
0,7741900
1,7618000
0,7710900
0,7626200
1,7683400
1,7621100
1,7620100
0,7319800
1,7611400
0,7380700
1,8498100
0,7381700
1,7383400
0,7382200
1,7474400
1,7351900
1,7467200
0,7382000
0,7736200
0,7323900
0,7455600
1,7553100
0,7508800
0,7672600
1,7400100
0,7381600
0,7622700
1,7312200
0,7542200
1,7395600
0,7395900
0,8588000
1,7314300
0,7699100
1,7466500
1,7667600
0,7470600
0,7533000
1,7520500
1,7885100
0,7471800
1,7579300
1,7480200
1,7562000
1,7466300
0,7534700
1,7438000
0,7498600
1,7588300
1,7533800
1,7407400
0,7453600
0,7322300
0,8168200
0,8483400
0,10182800
0,9063200
0,7705300
0,7820700
0,7637400
0,7681400
0,7648100
0,7677500
0,7627000
1,7676100
0,7664400
0,7626900
1,7665900
1,7624400
0,7688400
1,7626400
1,7819600
0,7350600
0,7608300
1,7366500
1,7464100
1,7378300
1,7417800
1,7382000
1,7392100
0,7705000
1,7669200
1,7713400
1,7969800
1,7886700
1,8190500
0,7575500
0,7722200
0,7471300
1,7708800
1,7487400
0,7900000
1,7557300
0,7637200
1,7560400
0,7623400
0,7566000
0,7798200
1,7528900
0,7806200
1,7568300
0,7614800
0,7544700
0,7637400
0,7613300
1,8242600
0,8498900
1,8253600
1,8332700
1,7852400
1,7888200
1,7715700
0,7773100
1,7727100
1,7659400
1,7684100
1,7677600
1,8264000
1,7616600
0,7710000
1,7629400
1,7677200
1,7599400
1,9475700
0,7826600
1,7672400
1,7639800
1,7690200
1,7664300
0,7684800
0,7626600
1,9669000
0,8367900
0,7697800
0,7738100
0,7716800
1,7539600
0,7526400
1,7499300
1,7655000
1,7457600
0,7602900
1,7487700
1,7517700
1,7463800
0,7547400
0,7485600
1,7539900
0,7504800
1,7502400
1,7404800
0,7566800
1,7624400
0,7428600
1,7362700
0,7510900
1,7598200
1,7470400
1,7337500
0,7548000
0,7692200
1,7626200
1,7775100
1,7465400
1,7722900
0,7549400
1,7915500
1,7581700
1,8702100
0,7656500
0,7729400
0,7474400
1,7548600
1,7469400
1,7557800
1,7499900
1,7810100
1,7819300
0,7958200
1,7777600
1,7791200
0,7785800
1,7804700
0,7788000
1,7819800
0,7787800
1,7837000
0,7788400
0,7733700
0,7482700
0,7604100
0,7474100
1,8757400
0,7657800
1,7559300
0,7512200
1,7511100
1,7551200
1,7527600
1,7466100
0,7536600
1,7483200
1,7534800
1,7484700
1,7519000
0,7712500
0,7525300
0,7470300
1,7577000
1,7458000
0,8148300
0,7576000
0,7547800
1,7477500
0,7549400
0,7469800
0,7532300
0,7504300
1,7690600
0,7495000
0,7792300
0,8288400
1,7637900
0,7487200
1,7639600
1,7581100
1,7590600
0,7492000
1,7636200
1,7541600
0,7703700
1,7484500
1,7640900
1,7571400
0,7626100
0,7513600
0,7572700
0,7565100
0,7614100
1,7540600
1,7488200
1,7585900
1,7649900
1,7483900
1,7339900
0,7700500
0,7489100
1,7480100
0,7340000
0,7517400
0,7426600
0,7452400
0,7407300
0,8057300
1,7415500
0,7549000
0,7341300
0,7518900
1,7414200
0,7747100
1,7342100
0,7954900
1,7872600
0,7586300
0,7522200
1,7482400
0,7381000
0,7490000
0,7472700
0,7485500
0,7526700
0,7467900
1,7652500
0,7472600
1,7747400
0,7541700
1,7833200
1,7548200
0,8109200
1,7935200
0,9214200
0,7718600
1,7646900
0,7874700
1,7695400
1,7686600
1,7635200
0,7782100
0,7684700
1,7860200
1,7650900
0,7681500
1,7735800
0,7658800
0,7816900
1,7630500
0,7788400
0,7670400
1,7851300
0,7769100
0,7896700
0,7658600
0,7923600
1,7688000
0,7735600
1,7626800
0,7689300
1,7617700
1,7811400
1,7617000
1,7689700
1,7633500
1,7698600
0,7628400
1,7693300
0,7645500
1,7681000
1,7619900
1,7819800
1,8002200
0,7959300
1,7964600
0,7758600
0,7670900
1,7697800
0,7526000
1,7637900
0,7642900
0,7685100
0,7626500
1,7832300
1,7674200
1,7693000
1,7617800
1,7671800
0,7642100
1,7681800
0,7624200
1,7687200
0,7626600
0,7689800
1,7786800
1,7704600
1,7615300
1,7671100
1,7566800
0,7478000
0,7323200
1,7575300
0,7381000
0,8405300
1,8567800
1,8424000
0,9006400
1,8440700
0,7386800
1,7468200
1,7294300
0,7757000
1,7783200
0,7794900
0,7802800
0,7852700
0,7788100
1,7809700
1,7824100
1,7874800
1,7803100
1,7777500
1,7809100
1,7807900
1,7350900
0,7648400
0,7399600
0,7399600
1,7373700
1,7541300
0,7396800
1,7374000
1,7375600
1,7478300
0,7400300
1,7588900
0,7421300
0,7497900
0,8275300
0,8415000
1,9082200
0,8344000
1,8429800
1,8647400
1,7979100
1,8040600
0,8669700
0,7555500
0,7382500
0,7640500
1,7777400
0,7815000
0,7787800
0,7854800
0,7788900
1,7810000
0,7790800
1,8078100
0,7789500
1,7802400
0,7790300
1,7865100
1,7711800
1,7689400
1,8096700
0,10448500
1,7958600
0,7630300
1,7767700
0,7631500
1,7662200
1,7625400
1,7703300
1,7622300
1,7803200
1,7626200
1,7705000
1,7597200
1,7623700
0,7692000
1,7641800
1,8012200
1,7617900
1,7707700
1,7758800
1,7719400
1,7667500
0,7756700
1,7666900
0,7739100
1,7753800
0,7739000
1,7645700
1,7843500
1,7632700
1,7817200
0,7693900
0,7691900
0,7628400
0,7703400
1,7618900
1,8009200
0,7417100
1,7591100
0,7418300
0,7449000
1,7417600
0,7493500
0,7422200
0,7407100
0,7426300
0,7759500
0,8330600
1,7654800
0,7691300
0,7750400
0,7667500
0,7796300
0,7667500
0,7835300
0,7728000
0,8007400
0,8072400
0,7851900
1,7642800
1,7878200
1,7684400
1,7761900
0,7670400
0,7731400
0,7686500
0,7712800
1,7663700
1,7975300
1,7663400
0,7714400
0,7672700
1,7723800
0,7692900
1,7763900
1,7340900
1,7367800
0,7509400
0,7342100
0,7509500
0,7404500
0,7640200
0,7341400
1,7565500
1,7429400
0,7525400
1,7400400
1,7446000
1,7484700
1,7752500
0,7405400
1,7411100
0,7421800
0,7590500
0,7582200
0,7493000
1,7400100
0,7515800
0,7339000
0,7623200
0,7426200
0,8337500
1,7549000
0,7808600
0,7819300
1,7639900
1,7616900
0,7565600
0,7655600
0,7766900
1,7544300
1,7562700
0,7541900
1,7709300
1,7530300
0,7598200
1,7402500
0,7552300
1,7427000
0,7335000
1,7466700
1,7422500
1,7605000
1,7358700
0,7587400
1,7412300
1,8708700
1,7665700
1,7640100
1,7545700
1,7815600
0,7542000
0,7537300
0,7520000
0,7872300
0,7468600
1,7550500
0,7472100
0,7515300
1,7463200
0,7706200
0,7628200
1,7843900
1,7624400
1,7700600
0,7638200
0,7704500
1,7787000
0,7734700
1,7626300
1,7667100
0,7624100
0,7700600
1,7643600
1,7592300
0,7543700
0,7892100
1,7466200
1,7522000
1,7451900
1,7600300
1,7468600
0,7710900
0,7475100
0,7540100
1,7463400
0,7554800
1,7385000
1,7405000
0,7375400
0,7418600
1,8379700
1,8666300
0,8399100
1,8568400
0,7326200
1,7478700
0,7378700
1,7535600
0,7321300
1,7651000
0,7629700
0,7669900
1,7642700
0,7696700
1,7617700
0,7795100
1,7638000
1,7690300
0,7788400
0,7675500
1,7616400
1,7672100
1,7410400
1,7344100
1,8599000
0,7558000
1,7441000
1,7444500
1,7725900
1,7313300
0,7477400
0,7380600
1,7510900
1,7320100
1,7716400
0,7541000
0,7838600
1,7939000
0,8354200
0,8546200
0,7843300
1,7997600
0,7724500
0,7625400
1,8233900
1,8315500
1,8114400
0,9622100
0,7793900
1,7935500
1,7791200
1,7822700
1,7764300
1,7818700
1,7760200
1,7814000
1,7778200
1,7786000
0,7785900
0,7803300
0,7664300
1,7427000
1,7294500
0,7438300
0,7382700
0,7587900
1,7346200
1,7476800
0,7382600
1,7469200
0,7450100
1,7409200
1,7540500
1,7317600
1,7489700
0,7394500
1,7567000
0,7381300
1,7381100
1,7386800
0,7462400
0,7322100
1,7685500
0,7464400
0,8312600
1,7622800
0,8063600
1,8287400
1,7877100
0,8093900
0,10709500
1,7920600
1,8165500
0,7967000
1,7676700
1,7680200
1,7613800
0,7672800
0,7644400
0,7728700
1,7771800
0,7856400
1,7796900
1,7815000
1,7795100
1,7823900
0,7877100
0,7899800
1,8865000
0,7850800
0,7791100
0,7814100
1,7674400
0,7719700
1,7751900
1,7734400
0,7624700
1,7725800
0,7627700
0,7680800
0,7622800
1,7700900
0,7627900
1,7775700
0,7627500
1,7694100
1,7383500
1,7355100
1,7390100
0,7399200
0,7452500
0,7378800
1,8954200
1,7391800
0,7588100
0,7381400
1,7486000
0,7381300
1,7633600
1,7616100
0,7681500
0,7626300
1,7672900
1,7619900
1,7689100
1,7633100
1,7682100
1,7851900
1,7759700
0,7628200
0,7682600
1,7554700
1,8290700
1,7489400
0,8677300
0,7472400
0,7545900
1,7471500
0,7686000
0,7472500
0,8206700
0,7581600
1,7610200
0,7510200
0,8306000
1,7619100
0,7794700
0,7628000
0,7803900
0,7626100
1,7675400
0,7640200
1,7683500
1,7621400
0,7677300
0,7645400
0,7689200
0,8052700
1,7944500
1,7533500
0,7538000
1,7457700
1,7524200
1,7498400
0,7518200
0,7486400
0,7470600
0,7616400
0,7469400
1,7517900
0,7468300
1,9173900
0,7469300
1,7523000
0,7507000
0,7651100
0,7469400
0,7544500
1,7521600
0,7903300
1,7470600
0,7527300
1,7462700
1,7577900
1,7461000
1,7633000
1,7470800
0,7542800
1,7473700
1,7566900
1,7487000
1,7621200
0,7575600
1,7579700
1,7461700
1,7589500
0,7566300
1,7606300
0,7472800
1,7647700
0,7671200
1,7652000
0,7470000
0,7599600
0,7563200
0,7563500
0,7471600
0,7537500
0,7471900
1,7697200
0,7872700
0,7765600
1,7562100
0,7547700
1,7531300
0,7607100
0,7966100
1,7558700
0,7581600
1,7490900
0,7682300
1,7506900
1,8673100
1,7704100
1,7626400
1,7779800
1,7898800
0,7625400
0,8074900
0,7843600
1,7754100
0,7716700
1,7638900
0,7862700
0,7689200
0,7661100
1,7704200
1,7632600
1,7735500
1,7677600
0,7730200
1,7688300
0,7880300
1,7654800
0,8027700
1,7985300
1,8022400
0,7822200
1,7738000
0,7669700
0,7718500
1,7657200
1,7776800
0,7711300
1,7707500
1,7683800
1,7718400
1,7915000
0,7982700
0,7649000
1,7731500
1,7640800
1,7569000
1,7533000
1,7817600
1,7560400
1,7625400
0,7492000
0,7773500
1,7560800
1,7618800
1,7468500
0,7647600
0,7577600
0,7598200
1,7356000
0,7551600
0,7445800
0,7940600
0,7987900
0,7755200
1,7551100
1,7704700
1,7397600
0,7590300
1,7419300
0,7528000
1,7433100
0,7726800
1,7860600
0,7856500
1,7670900
0,7651000
0,7720900
1,7681000
0,7744400
1,7661800
1,7688400
1,7659800
0,7767700
0,7676100
0,7435000
1,7429100
0,7607600
1,7444700
1,7557200
1,7515300
0,7529700
0,7412600
1,7538200
1,7403100
1,7569200
1,7441900
1,7911800
1,7419700
1,7519100
0,7445700
0,7430600
1,7418700
1,7554500
0,7421800
1,7333600
0,7586500
0,7458900
0,7509600
1,7339700
1,7650300
1,7497100
1,7737300
0,7547700
1,8118700
1,8184500
0,8141300
0,7878900
0,8010500
0,7671200
1,7623000
1,7676900
0,7578800
1,7684200
0,7942500
1,7736300
1,7660000
0,7740500
0,7659400
0,7762200
1,10017400
0,10977800
1,11124400
1,10965000
1,8149100
0,8066700
1,8767900
1,7863800
1,8871300
1,7883600
1,7850300
1,7814400
1,7783700
1,7857400
1,7799400
1,7947400
1,7783200
0,7811500
1,7785400
0,8573700
1,9790400
0,7808300
0,7814600
0,7802100
0,7788100
0,8456800
1,7788800
0,7849100
1,7811500
0,7858200
1,7779000
1,7842900
0,7758600
1,7837300
0,7682000
0,7719500
0,7649300
1,7727800
0,7672900
0,7931800
1,7661800
1,7785100
0,7686000
0,7659500
0,7516200
0,7577400
1,7544900
1,7738500
1,7538500
1,7597000
0,8175200
1,7615600
0,7549300
0,8452800
1,8077800
1,8854700
1,8192400
0,7959300
1,7820900
0,7853200
0,7809300
0,7944200
1,7789300
1,7840100
1,7803900
1,7800200
1,7805000
0,8711800
1,7954100
1,7939600
0,7937600
1,7783100
1,7803700
0,7798000
0,7789900
0,7807300
1,7842900
0,7806600
0,7813900
0,7790300
1,7920700
0,7667400
1,8441000
0,7489800
1,7546100
0,7469700
0,7569800
1,7572300
0,7603100
0,7565000
1,7521200
0,7548200
0,7470800
1,7612300
0,7444100
1,7532200
0,7354100
0,7427400
1,7380300
0,7508900
1,7393800
0,7536700
0,7382900
1,7582900
0,7381600
1,7419000
1,7375500
0,7498400
1,7458700
1,7920200
1,7574300
1,7668000
0,7479600
0,7454700
0,7447100
0,7595700
1,7433300
1,7381300
1,8094100
1,7414900
0,7425100
0,7591900
1,7686900
1,7637700
1,7661500
0,7627400
0,7690500
1,7618400
1,8009200
0,7631900
1,7708100
1,7643900
1,7684600
1,7622200
0,7667000
0,7487400
0,8160200
1,7782100
0,7641400
0,7584100
1,7587500
1,7461700
0,7582400
0,7510100
0,7541100
0,7473900
0,7536100
1,7478000
0,8002300
0,7979800
1,8444800
0,8026000
0,8550400
1,8341800
1,8873700
1,8327000
1,8536400
1,8172900
0,7660300
0,7570100
0,7817200
0,7808900
1,7872700
1,7823300
1,7770500
1,7786500
0,7791300
0,7867300
1,7812500
1,7796900
1,7783000
0,7797900
1,7721300
0,7818500
1,7658900
0,7725200
1,7628600
1,7657800
0,7624700
1,7841700
0,7630000
0,7642900
1,7670500
0,7626100
0,7687600
1,7694100
1,7698700
0,7473400
1,7763200
0,7488500
0,7535100
1,7464600
1,8056600
1,7462200
0,7535100
0,7471200
1,7677200
0,7489800
0,7600500
1,7460800
0,7679900
0,7487200
0,7695700
0,7473800
1,8072900
0,7622100
1,7589600
1,7568700
0,7680600
0,7485200
0,7520500
0,7499900
0,7717000
1,7622300
0,7687900
1,7615300
1,7699800
0,7626400
0,7686700
0,7627800
1,7693500
0,7628600
0,7791000
0,7627000
0,7681200
1,7326300
0,7452300
1,7373700
1,7411900
1,7422100
1,7378600
1,7455500
0,7336200
1,7455700
0,7414700
0,7453400
1,7326600
0,7454600
1,7433200
1,7518100
1,7332700
0,7908100
0,7534400
0,7653500
1,7335900
0,7636700
1,7473600
1,7796900
0,7434700
1,7538500
1,7373000
1,8350300
0,7668400
0,7692900
1,7621300
1,7739500
1,7660300
0,7688700
0,7798100
1,7714800
0,7647400
0,7718200
1,7618600
1,7795800
0,7586800
0,7611100
0,7507200
1,7861800
1,8406600
0,7534000
1,7464500
0,7577900
0,7525100
0,7522600
1,7471000
0,7749400
1,8206500
0,7602700
0,7630200
1,7635200
1,7692500
0,7627300
1,7679900
0,7642100
0,9049500
0,7761200
0,8060400
0,7956000
1,8004000
1,7801900
1,7639000
0,7709000
0,7630900
0,7725600
1,7611700
0,7724400
0,7627400
1,7653700
0,7630200
1,7822500
0,7627700
1,7671400
1,7616100
1,7758300
0,7942300
1,7462300
1,8947800
0,7549500
0,7501700
1,7468900
1,7686900
1,7462200
1,7575600
1,7461800
1,7554200
1,7445000
0,7583500
1,7445700
0,7718100
1,7476300
1,7576500
0,7474500
0,7828400
0,7472100
1,8007300
0,8585700
1,8574400
0,8984900
0,8411200
1,7800300
0,7945800
1,7826400
1,7834000
0,7902800
0,7793900
0,7945600
1,7837000
1,7870600
1,7802900
1,7843300
0,7939300
0,7866500
0,7834000
1,7975700
0,7836500
1,7839400
0,7834900
0,7817900
1,7824100
0,7873800
0,7841000
0,7892000
1,7820600
0,7983900
0,7739800
0,7729300
0,7707600
0,7701200
0,7664700
0,7731900
1,7687800
0,7717300
1,7682200
0,7746100
1,7668000
1,7742100
0,7673300
1,7715500
0,7498600
0,7626100
0,7554700
0,7770000
1,7415700
0,7460600
1,7766400
1,7528600
0,7456600
1,7463000
1,8102700
0,7531100
0,7682400
0,7740500
1,7641900
1,7859100
0,7694600
1,7739500
0,7669500
0,7936000
1,7680500
0,7775800
0,7673900
1,7721600
0,7668800
1,7720400
0,7585700
1,7708100
1,7782500
1,7611100
1,8718900
1,7716000
1,7506400
0,7665500
1,7540100
1,7640200
0,7491600
0,7545500
1,7948300
1,7868500
1,7684600
1,7712300
0,7668900
1,7757100
0,7731500
0,7876000
1,7927200
1,7764300
1,8077900
0,7731500
1,7640000
0,7694700
1,7745900
1,7666900
0,7724300
1,7686600
1,7961400
0,8027600
1,8021000
0,7965800
0,7884700
0,7735300
0,7696500
1,7622300
1,7716100
1,7659300
0,7749100
0,7665400
1,7731300
0,7668600
0,7749800
0,7821500
1,7738500
1,7676100
1,7747100
1,7732400
1,7672700
1,7331600
0,7585200
0,7418600
1,7530000
1,7363800
0,7589700
0,7422100
1,7424900
0,7423900
0,7633300
0,7422900
0,7414400
0,7426000
0,7539800
1,7394000
1,7734400
1,7394000
0,7506800
0,7385000
0,7479500
1,7317000
1,7482600
0,7380200
0,7321800
1,7443100
1,7386700
1,7434900
1,7314300
1,7422200
0,7432400
1,7582100
1,7467400
0,7551800
1,7372800
1,7505000
1,7362000
1,8043100
0,7973800
0,7771300
1,7525200
0,7634200
0,7506300
0,7667200
0,7468100
0,7520300
0,7481700
1,7546500
0,7471400
0,7535200
1,7482700
1,7641500
0,7470900
1,7522200
0,7405300
0,7440700
1,7522200
1,7521300
1,7726800
1,7354900
0,8448700
1,7957000
0,7620800
0,7385600
0,7728200
1,7351000
1,7603600
0,7475000
1,7902400
0,7490300
0,7660600
1,7475200
1,7616800
0,7521200
0,7818300
1,7465300
1,7529300
1,7480400
1,7563700
1,7550500
0,7565600
0,7611800
1,7626800
0,7836900
0,7703600
1,7901900
0,7584600
0,7603100
1,7445000
1,7581700
0,7466400
1,7553500
1,7508200
1,7618200
0,7627900
1,7803300
1,7624000
1,7688200
0,7624200
0,7685200
1,7629900
0,7695400
1,7616600
0,7692600
0,7625800
0,7694400
0,7586300
0,7892500
0,8330300
0,7632100
0,7680300
1,7602500
0,7412100
1,7616500
1,7397200
0,7419600
0,7859000
1,7461700
0,7383600
0,7409400
0,7679400
0,7641500
0,7679600
1,7705400
1,7991800
0,7618600
1,8127500
0,8030000
0,7697400
0,7790100
1,7622300
1,7616700
1,7696400
0,7627000
0,7680300
1,7642000
0,7693000
1,7616900
0,7709000
0,7628300
0,7740200
0,7827100
1,7694600
1,7633100
1,7698400
0,7616600
0,7557800
1,7474100
1,7701700
1,7498500
1,7503300
0,7473600
1,7576900
0,7468300
0,7528900
0,7470700
1,7529300
0,7470000
1,7528900
1,7415100
1,7588000
1,7409000
0,8849300
1,7389200
1,7617200
0,7687300
0,7763400
1,7314900
0,7499000
0,7351500
0,7449700
1,7316500
0,7466400
1,7536700
0,7471300
1,7534700
0,7487700
0,8227000
1,7611600
1,7588300
1,7534100
0,7527000
0,7472200
0,7532900
1,7463000
1,7524100
0,7471000
1,7521100
0,7605900
1,7866000
0,7474700
0,7583300
0,7491300
1,7912300
1,7512100
0,7638700
0,7585100
1,7817300
1,7705900
1,8022700
0,7698200
0,7695400
0,7637000
1,7712400
0,7630000
1,8180100
1,8150500
1,7954300
0,7666200
0,7714300
0,7709500
1,7806900
0,7665000
0,7713700
1,7895800
1,7726400
0,7671600
0,7780200
0,7659400
1,7754700
1,7627600
0,7703300
0,7652600
0,7724200
1,7651000
0,7685500
0,7633300
1,7674200
0,7628700
1,7659600
1,7620100
1,7619200
0,7697100
0,7626800
0,7693900
0,7625300
0,7681900
1,7473000
0,7505900
1,7310500
1,8403000
0,7384200
1,7510200
1,7323600
1,7497200
1,7369500
0,8711700
1,8604900
1,9018600
1,8688700
1,7751800
1,7805400
0,7792000
0,7861600
0,7792600
0,7805900
1,7783800
0,7810900
0,7793500
1,7809100
1,7782100
1,7880000
1,7760200
1,7483300
0,8694500
0,8687500
1,8780100
1,8415300
1,7410300
1,7785700
1,7374500
0,7531200
1,7515900
1,7434100
0,7379700
0,7511100
1,7809100
1,7785600
0,8530300
1,7867500
0,7812300
1,7933500
1,7781100
0,8010200
0,7826900
1,7819600
1,7795200
0,7804800
0,7607700
1,7524900
0,7471800
0,7530100
0,7536100
0,7514300
0,7676300
1,7457500
0,7613000
1,7462600
1,7521600
1,7485000
0,7578100
0,7472200
0,7520500
1,7483700
1,7553900
1,7468000
1,7530500
1,7557500
1,7721700
0,7473700
1,7650200
0,7472900
1,8000000
1,7811700
0,7653500
1,7528800
1,7644400
1,7461600
0,7701300
0,7609500
0,7532600
1,7465400
1,7800500
1,7497300
1,7701900
0,7584700
0,7586500
1,7490200
0,7598000
0,7694300
1,7493300
0,7650200
1,7466700
1,7544900
0,7509100
0,7963300
0,7472100
1,7534500
0,7469500
0,7539100
1,7472800
1,7595500
0,7473800
0,7633700
1,7736700
0,7571900
1,7463900
0,7608000
1,7465800
1,7646800
1,7445500
0,7548800
1,7467000
0,7575600
1,7466600
1,7599100
0,7473700
1,7546700
0,7471600
0,7485100
1,7539900
0,7559800
1,7532500
0,7486400
0,7653700
1,7475700
1,7985000
1,7469700
1,7418500
0,7324500
1,7634100
1,7387000
0,7446300
0,7351900
1,7681800
1,7387300
0,7518200
1,7545700
0,7535200
0,7396100
0,7479000
0,7479800
0,8101400
1,7737800
0,7647800
1,7515300
1,7722100
1,7476400
0,7846200
0,7472100
1,7527300
0,7509200
0,7526400
1,7468400
1,7459500
1,7557700
1,7464800
1,7693700
0,7471000
1,7548100
0,7471600
1,7529600
1,7459700
0,7655900
0,7467600
1,7677900
0,7877200
1,8483500
1,8530700
0,8585100
1,8106300
1,7990900
0,7973400
0,7686900
1,7487800
0,7520100
1,7488300
0,7553400
1,7484700
0,7541500
1,7787200
0,7913700
0,7807600
0,7785500
0,7788800
0,7833700
0,7807400
0,7789900
1,7787800
1,7827800
1,7797900
1,7769700
1,7743200
0,7551800
1,7539000
0,7523600
0,7473300
1,7503700
0,7577600
0,7673800
0,7469900
0,7564400
1,7529400
0,7541900
0,7470500
0,7585400
1,7347500
0,7514800
1,7358400
1,7568500
0,7580000
0,7515000
0,8630700
1,7508500
0,7874600
0,7478600
1,9029700
0,8212400
1,8732900
1,7812000
1,7786300
1,7846700
1,7783000
0,7935100
0,7803700
1,7816100
0,7813900
1,7817300
0,7816300
1,7820300
0,7795200
1,7788200
0,7646900
1,7749100
1,7920900
0,8866900
1,7666500
1,7722400
1,7622600
0,7727700
0,7645100
1,7726200
1,7657800
0,7681400
1,7642800
1,7809000
0,7623800
0,7699000
0,7648300
1,7691100
0,7628500
0,7725700
1,7620300
1,7765400
1,7627500
0,7781700
0,7628800
1,7555600
1,7374300
1,7326800
0,7466300
0,7382900
0,7506000
1,7323100
0,7466500
0,7377400
0,7467200
1,7522000
1,7660900
1,7382700
0,8160300
0,8442100
1,8102900
0,8474700
0,8487200
0,7598400
1,7569300
0,7577500
1,7551800
1,7475400
1,8847300
1,7743900
0,7679400
0,7743600
1,7793900
1,7639600
0,7808300
1,7644900
1,7683800
1,7622900
1,7680600
1,7636900
0,7855100
0,7669400
1,7856800
1,7656300
0,8166800
0,8478600
1,8983600
1,8909500
1,8350300
1,8987400
0,8094500
1,8998100
1,9079200
1,8427700
1,7538600
0,7554700
1,7836500
0,7994800
0,7889300
1,9851100
0,7874700
0,7804800
0,7848000
0,7830700
1,7850900
0,7809800
0,7853400
0,7830300
0,7743200
0,7407400
0,7408300
0,7484900
0,7508200
0,7420500
0,7418000
1,7414700
1,7537200
0,7350300
1,7739800
1,7421900
0,7526800
0,7422500
0,7415700
1,7638700
1,7578900
0,7673600
0,7544200
1,7432100
1,7440800
0,7744200
0,7442800
0,7670500
1,7444100
0,7525900
1,7337900
0,7766400
0,7692700
1,8489100
1,8018400
1,7896400
1,7764300
1,7825600
1,7682200
1,7732500
0,7644700
0,7690700
1,7642000
0,7710500
1,7606600
1,7704000
1,7620400
1,7789500
1,7632900
1,7687700
0,7632500
1,7709800
1,7689400
1,7697900
1,7601900
0,7857900
1,7597900
0,7795800
0,7628800
1,7695200
0,7624800
0,7686000
1,7627500
1,7687600
1,7620900
1,7696300
1,7621900
0,7725600
1,7619400
1,7670400
1,7364300
0,7459700
0,7411900
0,7527900
0,7742900
0,7466900
1,7376400
1,7375300
1,7379100
0,7404300
0,7719300
0,7414200
0,8383800
1,7957500
0,7593000
1,7719800
0,7851500
1,7719900
1,7522000
1,8516700
1,7992100
0,7522100
1,7468100
1,7531800
1,7487700
0,7531000
1,7639500
0,7721800
0,7641200
0,7817600
0,7628100
0,8049900
1,7683300
1,7657200
0,7625300
0,7679200
1,7650700
0,7678100
0,7625600
0,7692100
0,7641600
0,7767800
1,7859200
1,7664900
0,7662600
0,7815000
0,7627200
0,7728100
0,7643200
1,7682200
1,7613600
1,7677600
0,7551000
0,7658300
1,7463500
0,7526000
0,7488100
1,7508300
1,8797200
0,7568100
1,7718700
1,8142600
0,8746900
1,8414300
1,8728000
0,7789100
1,7675400
1,7777300
1,7624500
0,7683300
1,7618000
1,8397600
1,8261100
1,7740000
0,7674100
1,7690300
1,7643800
1,7764300
0,7651300
1,8231600
1,7649500
0,7878300
1,7842100
0,7694500
0,7679600
1,7891400
1,7703300
0,7757000
0,7690800
0,7766800
0,7644800
1,7763700
0,7701100
1,7859700
0,7652400
0,7726100
1,7617700
1,7681200
0,7823100
1,7949000
0,7670400
0,7724600
0,7645700
0,7692800
0,7625900
0,7696600
1,7680000
0,7834300
1,7650000
0,7738000
0,7640100
0,7792700
0,8293000
1,7717200
1,7627500
1,7705300
1,7625400
0,7730300
0,7623700
1,7879000
0,7628600
1,7728500
1,7637800
1,7665300
0,7623800
1,7832900
0,7627500
0,7755800
0,7625200
0,7596500
0,7507100
1,7420300
1,7337300
1,7616400
0,7476100
1,7373800
0,7477900
1,7394500
0,7442200
1,7333900
0,7675700
0,7398100
0,7619700
1,7468300
1,7541800
1,7478400
0,7987300
1,8235900
0,8547100
0,8773300
0,7558200
0,7470000
0,7568300
0,7471100
1,8691900
0,7571200
1,7703600
1,7630300
1,7669900
0,7626100
1,7703600
1,7619500
1,7656000
1,7638200
1,7709400
0,7630400
1,7674800
1,7614500
1,7760400
1,8314300
1,7760800
0,7829700
0,7765300
1,7379200
0,7581600
0,7321000
1,7556000
1,7378300
0,7544200
1,7314900
1,7551500
0,7486400
0,7673200
0,7625000
0,7727900
1,7614300
0,7692000
0,7626100
0,7711500
1,7605700
0,7753900
0,7683800
1,7705500
1,7624100
1,7650100
0,7411200
0,7466600
0,7378400
1,7377900
0,7540100
1,7396800
0,7463400
0,7380300
1,7594500
1,7410700
1,7452200
0,7378300
0,7585500
0,7381900
1,7465200
1,7486200
1,9165600
1,7972000
1,8164700
1,8227200
1,7901000
0,7460800
0,7614300
0,7379800
0,7546400
1,7371500
1,7709400
0,7625900
0,7745600
0,7629900
0,7685000
0,7626000
0,7702600
0,7630700
1,7944800
0,7627700
0,7708600
0,7628300
0,7824700
1,7465000
0,7547800
0,7507900
1,8020000
0,7873300
1,7698300
1,7484600
1,7703700
0,7571300
1,7694300
1,7461900
0,7522200
1,7479500
0,7792900
0,7632200
0,7687200
0,7642800
1,7683700
1,7611500
0,7686500
1,7636000
1,7685100
0,7628700
0,7697000
1,7656000
1,7679300
0,7377400
0,7446700
0,7394300
1,7313700
0,7498100
1,7373400
0,7485800
0,7561900
1,7462300
0,7378900
1,7798900
1,7390600
1,7472200
1,7457900
0,7722000
0,7473800
0,7517300
1,7471700
0,7560000
0,7472900
1,7535500
0,7610200
1,7664300
1,7486600
0,7589400
1,7462700
1,7550200
1,7314500
1,7432700
1,7372100
1,7483200
0,7318700
0,7379900
0,8349400
0,8986000
0,8725800
1,8849300
1,7352700
1,7511500
1,7537100
0,7836700
1,7794200
1,8499200
0,7792800
0,7805600
1,7798600
1,7923300
0,7795300
1,7832300
0,7810100
1,7782700
0,7788600
0,7845300
1,7726200
0,7729100
1,7637500
0,7736200
0,7674000
0,9035000
0,7670400
1,7680900
0,7682400
0,7851700
1,7661700
1,8232100
1,7513400
0,7638100
1,7541800
0,7644500
0,7493000
1,7727600
1,7574600
1,7657500
1,7472200
1,7505100
0,7472100
0,7551100
1,7455700
0,7378200
0,7473500
1,7476600
1,8337600
0,8834000
1,8922900
1,8759500
0,9193600
1,8390500
1,8761800
0,7664100
1,7373200
0,7859500
0,7809700
1,7929600
1,7783400
1,7899700
0,7882700
0,7866000
1,7806000
1,7909200
1,7859000
1,7885900
1,7837400
1,7817500
0,7734500
0,7736200
0,7667700
1,8321400
1,7655500
1,7757800
1,7656500
0,7779700
0,7701200
0,7717000
1,7645000
0,7847600
0,7684300
1,7707100
0,7665800
1,8388200
1,7724300
1,7639000
0,7681500
1,7731500
1,7746700
1,7638600
0,7663800
0,7756300
1,7657200
0,7809800
1,7317900
1,7468200
1,7416000
0,7572000
1,7330800
0,7491100
0,7423700
1,7405000
0,7426100
0,7472700
0,7655900
0,7421500
0,7431100
1,7496900
0,7423300
0,7660600
1,7335200
1,7624200
0,7422000
0,7510600
1,7330800
0,8262000
0,8279100
0,9117800
1,8787100
0,7616400
1,7704300
0,7715100
0,7691600
1,7848700
0,7649900
0,7734200
1,7709600
0,7765300
1,7669600
0,7808200
1,7658400
1,7792700
0,7752600
0,7493300
1,7453700
0,7630600
0,7650000
0,7704600
1,7431500
1,7474500
1,7329200
1,7500800
0,7447700
0,7481800
0,7340100
0,7672500
0,7594400
1,7771900
1,7941100
0,7717400
1,7602600
1,7572700
0,7607700
1,7530300
0,7617400
0,7553200
1,7725500
1,7507900
1,7619500
0,7550800
1,7630400
1,7486500
0,7715200
1,7538600
0,7653400
0,7502500
1,7623100
1,7563500
1,7609000
0,7524000
1,7627500
0,7542200
0,7580800
1,7439100
1,7604900
0,7426300
1,7626600
0,7470800
1,7492200
0,7851200
0,7426100
0,7606300
0,7467600
1,7592800
0,7402000
0,7533400
0,7654100
1,7725200
1,7656700
0,7767900
0,7645400
1,7784800
0,7669300
0,7757000
1,7859400
0,7840200
0,7676800
0,7754800
1,7651800
0,7581900
1,7506900
0,7646200
1,7676000
0,7619100
1,7536200
1,7648500
1,7546500
0,7694200
1,7577200
0,7615000
1,7726700
1,7700900
0,7489900
1,7725300
1,7539800
1,7738500
0,7496200
0,7643700
0,7549000
0,7916600
0,8350000
1,7804300
0,7664900
1,7646200
0,7624300
1,7689500
0,7667400
0,7778100
0,7696600
0,7716000
1,7670900
0,7726500
1,7704400
0,7715200
0,7672700
1,8208200
0,7713000
1,7724400
1,7316500
0,7525900
0,7444100
1,7611000
1,7311600
1,7496000
0,7439400
0,7830900
0,7342900
1,7484800
0,7443500
0,7590300
1,7430900
0,7625400
0,7569000
0,7748800
0,7490500
1,7625300
1,7583400
1,7582300
1,7487000
0,7599000
1,7747300
0,7549900
1,8572600
1,7631500
0,7464400
0,7517500
0,7429800
0,7841400
0,8301600
1,8965000
1,8750200
1,8745200
0,8812100
1,7415500
1,7411900
1,8353800
0,8380600
0,7877500
1,8126900
0,7812100
1,7788800
0,7822100
0,7814500
0,7820000
0,7792200
1,7790600
0,7903800
1,7824300
1,7785100
1,7788700
1,7801700
0,7799400
1,7782200
0,7938700
0,7804800
0,7797200
1,7778700
0,7807600
0,7826700
0,7809500
0,7785900
0,7841700
1,7599900
0,7530600
1,7487500
1,7568500
0,7690800
0,7811300
0,7472500
1,7545600
0,7626200
0,7551600
0,7751800
1,7854500
0,7473200
0,7691400
1,7463700
1,7501200
0,7373900
0,7552600
0,7473400
0,8714900
0,7665600
0,7964000
0,7473400
0,7639100
1,7514500
1,8343100
0,7691200
0,7849900
1,7878000
1,7908200
0,7968700
1,7822400
1,7721100
1,7685300
0,7628400
0,7720300
1,7611600
0,7832600
0,7672300
0,7808800
1,7784600
0,7814200
0,7804200
0,7816700
1,7780300
0,8014200
1,7854100
0,8425200
1,7814900
0,7873100
1,7854800
1,7739500
1,7483100
0,8063300
1,7908400
0,7892500
0,7544400
0,7615400
1,7581000
1,7651300
1,7537300
1,7663300
0,7767600
0,7628200
0,7596000
1,7839100
0,7656100
0,7730200
0,7664000
0,7683800
0,7724100
1,7682500
1,7835100
1,7680900
1,7737200
1,7666200
0,7816100
1,7656600
0,8186800
1,8329300
1,8268800
1,8377900
0,7540800
0,7564600
1,7584800
0,7703400
0,7551300
0,7547700
1,8138100
0,7654600
0,7641400
0,7724900
1,7688500
0,7924900
1,7656700
1,7903100
0,7867100
1,7714400
0,7668500
0,7728700
1,7680500
1,7719400
1,7663800
0,7670800
0,7582300
0,7544100
0,7588600
0,7581600
0,7626500
1,7546600
1,7600700
0,7624100
0,7667300
1,7556600
0,7703800
1,7543100
0,7571800
1,7423200
1,7627600
1,7411000
0,7505200
1,7377500
0,8675900
0,7567800
0,7637300
0,7550400
0,7593800
0,7544000
0,7704000
1,7555600
0,7760800
1,7643300
1,7767900
0,7748600
0,7788400
1,7630300
1,7760400
1,7668300
0,7881400
1,7681300
1,7728000
1,7664700
0,7688200
0,7549400
0,7583900
1,7629100
0,7642600
0,7611600
1,7613500
0,7590400
1,7619900
0,7847400
0,7577800
0,7491600
0,7544800
1,7668500
1,7537500
1,7577000
0,7549000
0,7933600
1,7552500
0,7620100
0,7546900
1,7603300
1,7576600
0,7592000
0,7554100
1,7656300
0,7587500
0,7728300
0,7590900
0,7762500
0,7549400
0,7628600
0,7551000
0,7714000
0,7511500
0,7601800
1,7567700
0,7737100
1,7541200
0,7640900
0,7496700
0,7652300
0,7548500
0,7667000
0,7491100
1,7586500
0,7574600
0,7596500
1,7462500
0,7921700
0,7992100
0,7924600
0,7556300
0,8057700
1,7646500
1,7679900
0,7713000
0,7762500
0,7669900
1,7810700
1,7849700
0,7715800
1,7656400
0,7718500
1,7657100
1,7727600
0,7651300
1,7728800
1,7678500
0,7741800
0,7647100
0,7733200
0,7699800
1,7669800
0,7840200
0,7669500
1,7762800
0,7747900
0,7713200
0,7340400
1,7538000
0,7416300
1,8068900
1,7337000
1,7540200
1,7406100
1,7667000
1,7345900
1,7535400
1,7403500
1,7634200
0,7341800
0,7515300
0,7401000
0,7516600
0,7346300
0,7803200
1,7417600
0,7679200
0,7434600
0,10011500
1,7434300
0,7501000
1,7410500
1,7421600
1,7519500
0,7743500
0,7556900
0,7555700
1,7534500
0,7616300
1,7521300
1,7614800
0,7547900
1,7656000
0,7544800
1,7566200
0,7545500
0,7474000
0,8693700
0,7699900
0,7469100
1,7627600
0,7860500
1,7413800
1,7418800
0,7602600
0,7982300
1,7417900
0,7431100
0,7430100
1,7704500
0,7664200
1,7702800
0,7666600
1,7747900
0,7668000
0,7787300
1,7642000
0,8064300
0,7667700
0,7832400
0,7642900
0,7755100
1,7585700
0,7751400
0,7508400
1,7638200
0,8209300
0,7881500
0,7565800
0,7729700
0,7577800
0,7636800
0,7572700
0,7662700
0,7545400
1,7587400
0,7583400
1,7647800
1,7488300
1,7612100
0,7568600
0,7727800
0,7491800
1,8549800
1,7835300
1,8132300
0,8528800
1,9958300
0,8030900
1,7762500
0,7691200
1,7741900
0,7625000
1,7665500
1,7622500
0,7730100
0,7624100
0,7687200
0,7670400
0,7975900
0,7626500
0,7683200
1,7625000
0,7965800
1,7604600
0,7849200
1,7668100
1,7695600
0,7747300
0,7676600
1,7614100
0,7706600
0,7627400
1,7729600
0,7628700
1,7718500
1,7616300
1,7699400
1,7632800
0,7843100
0,7815500
0,7846500
0,8098000
1,7704800
0,7627900
0,8054700
0,8030000
0,7838000
1,7939000
1,7927800
1,7801500
0,7801900
0,7785800
1,8814900
1,7823100
1,7833700
1,7804700
0,7855700
1,7790200
1,7820200
1,7785500
0,7812000
0,7786200
1,7800900
1,7781400
1,7967500
0,7788800
0,7811600
0,7789900
1,7803700
1,7778200
0,7804800
1,7403300
0,7478600
1,7372400
0,7430200
0,7382500
1,7468700
1,7494800
0,7381500
0,7382200
1,7548200
1,7363700
1,7418400
1,7396500
0,7429000
0,7381200
1,7393000
0,7444600
1,7500300
1,7546800
0,7612900
1,7920000
0,7800200
0,8065100
1,7787400
1,7417800
0,7603800
0,7468300
1,7720100
1,7616400
0,7722500
1,7630500
0,7692200
1,7632000
0,7643700
0,7738700
1,7798500
0,7686500
1,7636500
0,8530100
0,7594300
0,7569000
1,7465400
1,7583900
0,7513000
1,7681400
0,7470300
1,7534600
1,7466100
1,7595700
0,7472100
0,7534000
0,7469400
1,7868500
0,7579100
0,7724500
0,7382700
1,7432300
1,7319600
1,7456100
0,7382500
0,7467300
0,7321900
0,7575400
0,7380200
0,7560400
1,7574200
0,7383400
1,7640700
1,7360800
0,7607200
0,7380300
1,7462900
1,7506600
1,7377500
0,7381500
1,8920100
1,7422900
0,7638400
1,7393100
0,7484000
1,7382200
1,7532400
0,7474200
0,7586100
0,7486000
0,7546500
1,7469700
0,7706800
1,7458800
1,7557000
0,7468300
1,7883900
1,7909700
1,7651500
0,7630200
1,7675100
0,7667100
0,7687400
0,7623800
0,7675600
0,7640100
1,7616700
0,7678100
1,7625200
1,7789600
1,7572200
0,7400800
1,7354800
0,7494800
1,7638000
1,7637600
0,7352000
1,7472600
1,7376900
1,7451700
0,7382200
0,7477100
0,7357600
0,7399900
1,7489400
0,7575100
1,7465400
1,7532600
1,7546500
0,7553100
1,7462900
1,7666000
1,7465400
1,8869500
0,7472400
1,7525100
1,7481300
0,7490800
1,7371000
1,7460200
0,7322600
1,7432200
0,7382700
1,7298400
0,7428200
1,7410100
1,7662800
0,7323200
1,7537400
0,7394100
0,7512900
0,7321600
1,7450200
1,7468400
1,7480800
1,7557900
1,7851200
1,7390600
1,7564100
1,7293200
0,7681800
1,7397400
1,7508800
0,7353700
0,7587100
1,7499700
1,7896100
1,7936300
1,7598800
1,7549400
1,7445900
1,7577000
1,7600800
0,7548800
0,7470700
1,7653700
0,7471200
0,7635400
0,7473400
0,7551700
1,7464000
0,7886400
1,7461800
1,7528400
0,7472100
0,7569800
0,7506300
0,7684600
1,7461600
0,7564600
1,7409600
1,7480100
1,7597600
1,7638800
0,7885000
1,7778000
0,7388500
1,7381000
1,7609100
1,7387000
1,7429900
1,7391600
0,7631400
0,7427800
0,7564600
1,7469800
0,7521400
0,7470500
0,7564600
1,7440400
0,7523100
0,7468300
0,7597000
0,7467300
0,8492600
0,9412200
0,7517500
0,7384200
1,7470500
0,7382200
1,8318600
1,8011200
1,8858200
0,8819500
0,9234500
0,9003800
0,8568400
1,8495600
1,7387300
1,7800400
0,7788300
0,7974600
0,7786900
0,7899900
1,7760500
1,8053100
1,7783800
1,7772700
0,7810600
0,7818100
1,7826700
0,7865200
0,8104400
1,7679800
1,7632200
1,7733400
0,7643400
0,7675300
0,7624700
1,8120100
1,8115400
0,8221500
1,8702200
1,7923200
1,7871600
1,7798900
0,7789300
0,7836500
1,7836800
1,7856500
1,7826300
1,7825600
0,7791600
0,7817500
0,7788300
1,7813500
1,7792600
0,7837900
0,7787500
0,7817300
1,7781200
0,7810100
0,7787700
0,7835900
0,7787500
0,7934400
1,7782600
0,7819700
0,7789700
1,7726500
0,7321200
0,7496400
1,7504700
0,7593600
0,8032000
1,7533400
0,7385600
1,7616400
1,7321800
0,8120600
1,7631900
0,7640500
0,7828200
1,7660600
1,7627500
1,7667700
0,7663000
0,7724700
0,7682500
0,7928300
1,7650300
0,7821500
0,7629500
1,8443600
0,7729500
1,7741100
0,7629400
0,7884400
1,7644100
0,7778800
1,7742300
0,7729900
0,7648500
1,7657700
1,7627900
1,7817400
0,7691300
0,7811600
0,7609700
0,7599300
0,7473000
0,7572800
1,7470200
1,7576700
1,7467100
0,7532900
1,7460100
0,7537600
1,7470400
0,7839700
0,8406600
1,8562100
1,7625600
1,7669300
1,7605700
1,7789500
0,7633300
0,7685100
0,7628600
1,7846600
0,7629800
0,7678700
1,7618500
0,7823800
1,7609300
1,7525800
1,8027100
1,7668700
1,7472400
1,7611500
1,7496800
0,7904500
0,7514900
1,7771900
0,7489600
0,7625800
0,7548600
0,7879900
1,7522900
0,7767300
1,7554500
0,7607500
0,7528800
1,7616000
0,7528100
0,7614500
0,7530500
1,7547500
1,7619000
0,7548300
1,7597700
1,7548200
0,8123000
1,7635100
0,7754900
1,7603200
1,7549600
0,7543000
1,7643300
1,7486200
1,7600400
0,7542800
1,7632900
1,7490100
0,7695800
0,7511600
1,7855400
1,7493000
1,7646600
0,7546600
0,7586700
1,7487100
0,7644900
0,7546300
0,8884300
0,7543400
0,7862500
1,7423100
1,7617600
0,7422900
1,7539500
1,7416700
0,7531800
0,7427200
1,7408400
0,7404900
1,7674500
1,7412900
0,7425300
1,7420300
0,7514900
0,7430400
0,7627900
1,7523000
1,7521800
1,7578800
1,7611000
1,7453300
0,7447300
1,7661800
1,7350500
0,7786900
0,7405700
0,7722400
1,7678300
1,7669900
0,7621800
0,7632300
0,7490600
1,7641600
1,7585300
0,7722200
0,7757100
1,7630400
0,7588700
1,7662600
0,7548200
1,7568400
1,7561900
0,7670000
1,7544000
1,8172800
0,7704700
1,7863500
1,7579000
1,7749400
1,7462900
0,7630700
1,7539500
1,7618400
0,7645000
1,7724600
0,7666100
0,7769700
0,7649000
1,7737200
0,7676000
1,7737800
1,7681000
1,7643000
1,7735000
1,7737100
1,7702400
1,7563300
0,7689900
1,7663500
0,7630400
1,7486400
1,7568700
1,7580600
1,7604400
0,7488800
1,7608100
1,7557500
1,8090600
1,7481400
1,7615900
0,7566500
1,7620200
0,7546200
0,7593200
1,7542400
0,7829200
0,7543800
1,7768800
1,7555000
0,7602300
0,7610200
1,7601700
0,7564200
1,7561300
0,7540700
1,7630500
0,7514600
0,7621000
1,7538100
1,7727500
0,7554200
0,7596400
1,7534700
0,8204000
0,7498000
1,7805200
1,8270400
1,8125000
1,8846900
1,8954700
1,8981900
1,8306900
0,8918800
1,8241200
0,7671800
0,7501700
1,7500100
1,7658300
1,7822100
1,7794600
0,7804600
0,7793000
1,7857800
0,7889500
0,7789000
1,7821300
0,7818600
0,7788600
1,7797100
0,7792800
0,7571900
1,7600300
1,7471700
1,7536800
0,7471700
0,7571900
0,7473600
1,7560100
1,7464400
0,7676500
1,7464700
1,7524500
1,7481100
1,7474500
1,7471400
0,7397500
0,7397700
1,7654000
1,7591200
1,8012600
1,7594800
1,7424300
1,7538000
1,7452400
0,7380000
0,7506300
1,7407900
1,7572200
0,7473000
0,7545100
0,7467700
1,7545900
0,7472600
0,7570000
1,7466400
1,7896600
1,7515800
0,7473100
1,7527300
0,7488700
1,7576300
0,7469500
0,7549600
1,7498700
1,7658200
1,7694300
0,7555300
0,7494300
1,7590500
1,7487900
0,7556700
0,7506600
1,8217100
0,7608400
1,7624700
1,7559000
1,7693700
0,7471400
0,7575500
0,7491500
0,8214700
1,7961100
0,7664500
1,7486600
0,7545600
1,7486300
1,7561400
1,7397400
1,7495900
0,7321200
0,7545400
1,7491900
0,7457300
1,7317100
0,7382300
1,7616000
1,7362100
0,7642400
1,8174100
0,7532400
0,7473800
1,7524000
0,7470900
1,7723200
0,7549400
0,7578700
0,7514200
1,7627200
0,8283500
0,7574000
0,7550000
1,7648900
1,7612900
0,7423100
1,7440000
0,7507800
0,7427600
1,7549900
0,7510600
0,7507300
1,7447700
0,7410200
0,7406200
0,7536800
0,7405300
0,7490000
1,7351100
1,7541600
1,7404400
1,7631000
0,8600500
1,8721300
1,8936800
1,8425700
0,7457700
0,7454600
1,7448600
0,7612500
0,7562500
1,7835100
1,7800400
0,7869200
1,7848600
0,8228800
1,7786900
1,7776700
1,7813400
0,7789800
0,7785300
1,8203600
1,7869600
0,7889100
1,7623100
0,7702500
0,7628600
0,7684500
1,7639800
0,7734500
0,7626300
1,7690700
1,7673400
0,7745600
1,7622900
0,7681500
1,7494100
0,7447300
0,7323600
1,7510300
0,7473700
0,7679300
0,7596900
1,7376200
0,7476600
1,7372700
0,7699400
1,7397100
0,7472500
1,7460000
0,7641000
1,7466700
1,7514400
1,7498800
0,7551600
1,7475600
0,7551700
1,7479200
0,7827500
0,7529700
1,7650400
1,7487100
1,7594600
1,7464800
1,7697100
1,7569600
1,7559100
1,7468200
1,7792000
1,7521800
1,7525500
0,7519800
1,7731700
0,7492700
0,7530600
0,7471300
1,7535300
0,7594900
1,7578300
1,7486100
1,7640100
0,7495200
0,7670000
1,7574700
0,7539600
1,8460200
0,7753800
0,7711900
0,7647300
1,7831300
1,8194600
0,7718700
0,8271100
1,7825400
1,8630200
0,7808300
1,7942300
1,7988000
1,7694800
0,7626500
0,8027000
1,7651500
1,7784000
0,7788700
0,7908200
1,7780200
1,7789300
0,7787700
0,7804200
1,7763400
1,7816600
0,7788200
1,7806000
0,7786100
0,7717400
1,7353500
1,7455500
1,7372800
1,7439500
0,7325600
0,7508900
1,7588100
0,7448600
1,7292900
1,7495200
0,7380300
1,7378800
1,7455500
0,7394800
0,7917600
0,7382800
1,7396200
1,7677800
0,7607000
1,7378300
1,8092000
0,8617400
0,8720800
0,8759100
1,7551200
0,7323700
0,8269300
0,7789900
1,7819900
0,7824200
0,7793900
1,7824900
0,7880800
1,7855800
0,7826900
1,7951200
0,8160600
1,7958100
1,7923800
1,8051400
1,8078100
0,7996600
0,7765900
1,7771000
1,7640100
1,7867500
1,7651700
0,7757800
0,7671100
0,7722100
1,7649700
0,7795700
1,7804500
1,7795900
0,7833200
1,8002500
1,7812700
1,7859000
1,7847300
1,7855900
1,7844400
1,7845000
0,7852400
1,7849500
0,7719900
0,7736000
0,7686900
0,7648900
0,7728400
1,7659300
1,7782800
0,7665900
0,7778800
0,7879100
1,7808900
1,7659700
1,7705700
1,7672200
1,7735600
1,7660800
0,7735500
0,7657800
1,7869600
1,7663600
1,8460200
1,7688000
1,7731700
1,7662700
1,7717000
0,7685900
1,7605200
0,7544400
1,7604000
0,7557000
0,7556400
1,7519600
1,7638000
1,7560900
0,7725900
1,7614700
1,7738500
0,7500100
0,7535300
0,7364100
0,7632800
0,9312800
0,7715400
0,7496300
1,7649900
0,7551400
0,7656600
0,7324200
1,7432500
0,7394700
1,7389600
0,7985000
0,7716600
1,7630100
0,7627800
0,7694600
0,7634000
0,7770400
1,7618200
0,7684300
0,7622700
1,7909100
1,7758800
0,7665700
1,7644300
0,7607200
0,7401600
0,7611600
0,7338800
1,7469900
0,7457300
1,7511000
0,7340700
0,7565900
0,7456300
0,7642700
1,7329400
0,7533400
1,7416800
0,7492800
1,7334000
0,7599100
0,7430900
1,7843500
1,7341100
0,7523400
1,7427600
0,7592000
0,7341700
1,7497800
0,7430900
1,7768200
0,8017400
0,9121900
0,8823200
0,8865700
0,8673300
1,8142700
0,7545200
1,8457400
0,8752500
0,8637500
0,13197600
0,7828300
0,7865300
1,7840000
0,7877500
0,7808100
0,7973800
0,7832700
1,7881200
0,7807500
1,7939800
0,7837000
1,7863700
1,7818400
0,7697500
0,7671700
0,7753800
0,7667000
0,7724500
0,8395000
0,7808900
0,7664800
0,7735900
1,7694000
0,7743700
1,7667900
0,7759500
0,7565700
1,7579800
0,7547500
1,7604600
0,7561600
0,7610100
0,7514400
1,7597100
1,7639400
0,7755100
1,7557700
1,7622100
1,7559100
0,7686800
0,7567900
0,7601000
1,7573000
1,7613200
0,7717700
1,7609000
0,7553300
1,7914100
0,7495300
1,7582300
0,7565200
0,7795700
0,7647200
1,7730200
1,7682700
0,7732500
0,7644900
0,7736400
0,7684100
1,7818600
1,7662200
1,7711800
0,7695000
0,7754900
0,7675600
1,7538900
1,7449200
1,7624900
1,7446800
0,7648200
1,7465200
0,7530900
1,7417900
0,7627500
1,7438100
1,8096300
0,7847400
1,7814100
1,7987800
0,7818800
1,7657800
1,7726900
0,7648000
0,7737400
1,7649500
1,7760200
0,7813300
1,7951000
1,7665300
1,7781000
1,7676800
0,7909900
0,7665600
0,7741200
1,7658300
0,7719900
1,7649900
1,7728500
1,7657200
0,7787000
1,7638500
1,7762100
1,7660100
0,7728400
0,7458100
1,7500500
1,7401100
0,7339100
0,7638800
0,7444000
0,7506800
1,7387000
0,7460100
0,7464400
0,7498600
0,7339900
1,8284400
0,8297200
1,7961200
1,8052600
1,7902700
0,7701700
1,7733000
1,7656800
0,8332000
0,7667000
0,7734700
0,7664200
0,7759000
0,7664000
1,7711700
1,7663600
0,7888100
1,7663300
0,7712600
0,7665200
0,7770700
1,7670500
1,7717500
0,7659000
0,7790800
1,7680300
0,7722700
0,7347900
0,7965400
1,8562000
1,7627300
1,7552700
1,8592000
0,8060500
0,8711700
0,8168700
1,9305600
1,8067800
0,8167400
0,8083000
0,7789700
0,7894100
1,7801400
0,7820100
1,7795500
0,7830200
1,7810000
0,7900000
0,7789200
1,7781600
0,7808000
1,8034000
0,7774000
0,7532000
1,7485000
1,7632400
0,7503100
0,7851800
1,7517400
0,7542700
1,7494000
1,7530800
1,7561200
0,7471200
0,7544700
0,7627900
0,7721200
1,7643200
1,7738700
0,7624000
0,7746100
0,7627400
1,7795000
1,7611300
0,7699100
0,7627100
0,7719100
0,7650200
0,7842000
1,7674700
1,7905100
1,7805300
0,7904100
1,7668100
1,7587900
0,7401900
0,8302300
0,7385800
1,7544400
1,7402900
1,7488900
0,7498100
0,7543900
1,7468400
0,7536300
0,7469500
1,7998500
1,7638400
0,7735900
0,7562000
1,7763800
0,7645700
0,7617200
1,7466200
1,7784900
0,7643300
0,7683000
0,7627900
0,7694600
0,7642100
1,7716100
0,7628400
1,7656900
0,7641800
0,7685800
1,7617900
0,7695300
0,7441200
0,7465700
0,7322400
1,7375300
0,7658000
0,7715800
0,7462600
0,7320900
1,7726500
1,7374300
0,7464600
1,7311400
0,7473100
0,7380300
0,7406500
0,7380900
0,7483000
0,7379800
1,7515200
0,7383800
1,7763400
0,7383500
0,7561900
0,7379000
0,7531800
0,7382800
1,7315000
0,8352000
1,7601500
1,7467900
0,7755800
0,7471200
0,7489400
1,7640100
1,7475800
0,7538400
1,7484200
1,7530900
0,7468700
0,10065700
1,10698700
1,10568200
0,8075200
0,8280400
0,8507800
0,7523500
0,7626200
0,7343800
1,8826100
1,7877400
0,7822100
1,8917200
0,7880000
1,7891700
1,10443200
0,10847500
0,8045200
1,7868600
0,7823200
0,7903000
1,7835900
0,7808400
0,7792300
0,7874800
1,7798500
0,7799400
1,7758400
1,7797200
1,7819100
0,7800500
1,7780000
1,7812600
0,7806100
1,7810700
1,7789000
0,7819100
0,7593100
0,7470900
1,7322300
0,7875700
0,7396800
1,7446800
0,7319900
0,7692000
1,7388800
1,7462000
0,7321900
1,7465000
0,7394200
0,8138500
1,7519900
1,7856600
0,7491900
0,7475000
1,7316800
0,7443200
0,7397700
0,7471900
1,7317900
0,7760600
1,7386700
1,7756100
1,7553600
1,7751300
1,8229400
0,7701000
1,7490200
0,7622000
0,7560200
1,7637500
0,7547600
0,7568300
0,7763600
0,7630500
1,7506600
0,7615700
0,8311200
0,7784500
0,7594200
0,7625400
0,7663000
1,7688700
0,7887800
1,7614200
0,7530200
1,7582500
1,7660400
0,7594400
0,7750100
0,7723100
0,7779300
0,7697200
0,7821600
0,7716600
1,7724200
1,7633900
0,7682400
1,7617000
0,8198200
0,8373500
0,8324400
1,8686700
0,7816100
1,7806400
0,7789000
0,7817200
0,7828300
0,7858900
0,7877900
1,7900800
0,7815600
1,7780700
0,7792400
0,7806800
1,7814600
1,7818500
1,7766200
0,7812400
1,7826700
1,7817100
1,7893000
0,7871600
0,7808100
1,7824600
1,7784400
0,7820000
1,7794400
1,7585300
1,7382300
1,7504500
1,7350000
1,7691500
0,7387200
1,7994200
0,7387700
1,7369600
1,7601800
1,7602800
1,7436100
1,7374800
1,7587300
1,7502600
0,7636700
1,7440700
0,8410300
0,7603300
1,7529500
0,7503800
1,7604800
0,7555600
1,8016100
0,7472000
1,7611500
1,7538400
0,7686800
1,7814700
0,8139800
0,7840800
1,7977900
1,7763100
1,7785900
1,7680800
1,7693100
0,7627400
1,7686700
1,7649900
0,7818200
1,7789600
0,7801800
1,7817800
1,7803000
1,7781100
0,7822900
1,7783500
0,7829900
1,7784500
1,7807300
1,7786300
1,7808200
0,7605600
1,7576800
0,7471600
0,7635800
0,7477000
0,7535100
1,7471800
1,7661800
1,7447700
0,7744900
1,8249100
1,7956500
0,7774000
1,7690000
0,7639900
1,7938900
1,8009500
1,7996700
1,7889000
1,7864400
1,7643900
1,7761900
1,7698200
1,7662800
1,7680400
0,7781600
0,7757800
1,7817500
1,7786600
1,7814200
1,7804800
0,7809900
0,7807800
0,8057000
1,7807700
0,7882400
0,7895100
0,7886900
1,7782400
1,7593000
0,7488600
1,8648700
0,7550100
0,8086300
0,7475300
1,7876000
0,7472200
0,7571000
1,7489100
1,7549600
0,7468900
0,7598100
0,7634600
1,7676100
1,7618800
1,7724600
1,7619600
0,7682900
0,7623700
0,7697100
1,7616900
0,7686400
1,7629700
0,7724800
0,7627200
1,15405300
0,7412200
0,7459500
1,7379200
1,7495300
0,7422100
1,7419900
1,7373700
0,7610400
0,7398500
0,7648900
0,7382300
1,7542000
0,7487500
0,7529700
1,7460500
1,7558500
1,7537200
1,7699300
0,7720300
1,7467600
1,7567900
1,7540800
1,7543800
1,7461800
1,7559100
0,7471400
1,7595100
0,7471300
0,7542000
1,7538000
0,7799000
1,7585400
1,7635200
0,7564000
1,7880600
0,7551700
0,8286000
0,7841000
0,9175400
1,7644400
1,7749100
1,7667400
1,7734900
0,7858700
0,7741100
0,7671900
0,7733900
1,7661200
1,7748200
1,7659400
1,7641700
0,7560400
0,7653500
1,7548600
1,7558200
0,7578900
1,7568900
0,7620900
0,7873300
0,7568500
0,7609000
0,7488000
0,7608300
0,7534500
0,7535900
1,7337400
0,7577800
0,7625900
1,7767700
0,7610800
0,7595600
0,7649300
0,7730900
0,7375900
0,7552700
1,7429600
0,7684600
0,7491700
0,7672000
1,7562500
1,7548700
1,7596500
0,7549200
1,7666300
0,7543300
1,7595200
1,7704000
1,7681600
1,7558700
1,8153400
0,7490500
0,7771300
0,7548600
0,7611800
0,7489400
0,7649300
1,7466000
1,7528300
1,7488400
1,7718900
0,7469500
1,7536900
0,7469300
1,7626500
0,7380800
0,8382700
0,7624700
1,7841300
1,7605800
1,7464400
1,7420600
0,7423300
1,7358400
1,7468100
0,7397100
1,7417000
1,7568200
1,7680600
0,7637600
1,7672600
0,7627000
1,7917000
0,7916900
0,8529100
0,8801000
0,8704700
0,8698800
0,7978200
0,8007900
0,7821300
1,7811700
0,7908000
0,7827100
0,7853300
1,7793100
1,7815300
0,7786000
0,7822900
0,7825200
1,7799500
0,7809400
0,7811700
0,7930100
1,7785400
0,7798900
1,7796700
0,7940800
0,7805800
1,7782000
0,7831200
1,7848600
1,7811900
1,7815100
0,7788700
1,7802900
1,7638300
0,7711000
1,7618400
0,7688600
0,7633600
1,7638300
1,7716500
0,7700400
1,7763900
0,7855800
1,7767800
0,7653500
0,7746200
1,7675100
1,9126700
1,7737400
1,7648000
0,7981400
1,8003500
0,7788900
1,7658500
1,7736000
1,7815100
0,7956600
1,7695900
1,7728800
1,7665900
1,8262400
0,8792000
0,7744200
0,7670900
1,7771000
1,7686300
0,7852600
1,7737900
1,7943800
1,7916900
1,7858400
0,7893500
1,7869800
1,7687300
0,7812600
0,7672500
0,7728600
1,7669500
1,7700800
1,7664900
0,7763700
1,7636700
0,7733500
1,7892000
0,7752400
1,7641800
1,8071200
1,7668200
0,7810500
1,7674400
1,7712200
1,7651700
0,8313900
1,7669000
1,7704100
0,7667700
1,7822400
0,7663700
1,7740100
1,7638600
1,7721600
0,7668200
0,7791800
0,7628600
1,7677000
1,7623200
1,7684000
0,7642100
0,7706500
1,7727700
0,8527900
0,7527300
0,7711700
1,7394700
0,8176700
0,7457100
1,7608400
1,7408600
0,7517800
1,7425300
1,7830800
1,7951600
0,7600000
1,7679000
0,7720100
0,7645900
1,7721800
0,7674600
1,7744000
0,7723800
0,7876100
1,7714800
1,7757100
1,7619600
1,7665200
0,8532800
1,8195300
1,10260100
1,7899100
1,7666000
1,7742000
1,7660900
0,7782700
0,7668200
1,7718500
0,7666800
0,7766000
0,7665200
1,7714700
1,7665700
0,8312700
0,7687500
0,7780700
1,7939400
0,7914400
1,7695800
0,7816900
1,8320100
1,7949300
0,7672600
0,7833800
1,7840100
1,7813500
1,7836300
0,7988300
0,7862000
1,7866600
0,7824200
0,7856600
1,7843100
0,8603700
1,7820300
1,7860400
1,7698600
0,7756000
1,7648500
1,7745500
1,7663400
1,7828300
1,7662100
1,8261200
1,7626600
1,7695100
1,8182400
0,7813300
0,7629400
1,7660600
0,7624100
1,7923500
0,7663500
1,8497900
1,7672000
1,7689600
1,7622700
0,7721600
1,7619500
0,8339900
0,7673800
0,7711100
1,7802100
0,7791600
0,7810200
0,7792700
1,7947300
1,7799100
1,7804400
1,7796500
1,7813900
1,7774000
1,7794100
1,8084200
1,7731000
1,7717600
1,7450100
1,7531800
1,7506100
1,7547900
0,7468300
1,7550600
0,7507900
0,7795600
0,7585300
0,7684700
1,7483600
1,7977400
0,7627000
0,7685700
0,7642400
1,7692500
1,7627800
0,7713400
1,7644100
1,7688000
1,7616000
1,7677500
1,7632900
0,7701000
0,7581300
0,7415100
1,7419600
0,7551500
0,7380300
1,7471900
0,7691400
0,7438400
0,7380800
1,7513500
1,7380400
0,7611700
0,7380800
1,7433300
0,7483200
0,7380800
1,7434200
0,7322800
1,7537400
1,7408900
1,7858400
1,8394300
1,7545300
1,7502700
1,7653000
1,7350500
1,7433500
1,7570200
0,7842000
1,7952700
1,7958500
0,8048700
0,7690600
1,7645400
1,7681600
0,7628400
1,7715000
1,7655300
0,7682800
1,7628700
1,7687800
1,7648300
0,7692800
0,7625600
1,7671400
0,7640900
1,8528300
0,7635400
0,7700100
1,7669700
1,8843600
1,7743100
0,7888300
0,7856500
1,7830100
0,7678600
0,9624100
1,7754400
0,7651600
0,7762700
1,7696300
0,7803800
1,7862800
1,7779200
1,7680600
0,7743300
0,7696600
0,7717000
1,7704600
1,7752800
0,7715900
0,7878200
0,7744700
0,7787900
0,7747500
0,7763700
0,7676700
0,7739200
0,7620000
1,7813100
0,7558900
1,7614400
0,7543200
0,7652300
0,7497100
0,7635100
0,7545900
0,7942000
0,7761200
1,7864600
1,7580200
1,7679400
0,7665100
0,7754400
0,7676800
0,7767100
0,7669700
0,7776300
1,7686300
0,7753800
0,7665800
1,7746900
0,7667800
0,7807800
0,7788400
0,7563400
1,7502200
1,7692000
0,7640700
1,8046300
0,8606300
0,8120400
1,10837500
1,8347300
0,8132100
1,7946200
0,7587100
1,7702500
1,7692100
0,7736800
1,7660600
0,7833100
1,7645700
0,7756100
1,7661600
1,7730600
0,7648700
1,8058600
1,7658700
1,7861500
0,7490800
0,7608500
0,7543400
0,7647700
1,7489600
1,7837900
1,7551100
0,7636200
1,7541700
0,7551600
0,7546400
0,7730500
0,7539000
0,8252600
1,8407600
0,8859400
1,9025600
1,7810000
1,7625600
1,7716700
0,7643800
0,7549700
1,7523000
1,7499700
1,7459300
1,8344800
1,7830600
0,7803500
1,7886800
1,7777800
0,7821700
0,7786700
1,7781800
0,7791400
0,7819000
1,7799600
1,7835300
1,7778700
1,7732500
1,7448900
1,7561900
0,7473400
1,7551600
0,7502900
0,7865300
1,7517200
1,7564500
1,7854500
0,7690300
1,7600100
1,7530100
0,7724100
1,7657200
0,7951700
1,7642500
0,7991500
1,7660600
1,7777400
0,7655700
1,7735800
0,7666900
1,7957100
0,7675800
0,7739800
0,7668800
0,7755700
1,7655700
1,7721000
1,7658000
1,7754900
0,7837200
1,7748000
0,7677600
1,7856000
1,7663900
0,8270800
0,7651800
0,7695000
0,7406400
0,7507400
1,7339900
0,7519400
0,7427200
1,7578800
1,7373500
0,7563800
1,7399100
0,7492400
0,7347100
0,7619100
1,7424800
1,7418500
0,7421600
1,7434000
0,8264600
1,7463300
0,7759300
0,7480100
0,7592000
1,7390800
1,7621100
1,7428600
0,7648300
0,7740200
1,7737600
1,7659900
1,7799400
1,7662400
0,8014300
0,7648200
1,7707000
1,7661600
1,7765400
1,7738300
0,7721300
0,7666800
0,7735200
1,7423800
0,7418700
0,7404200
1,7478300
0,7339000
0,7512900
0,7423000
1,7529100
1,7334900
0,7534400
1,7508900
1,7598700
1,7332300
1,7485400
0,7422000
0,7545500
1,7341600
1,7498700
1,7702400
0,7662300
1,7336500
0,7574800
0,7403500
1,7510500
1,7336800
0,7735900
0,7984400
1,7521700
0,7405200
1,7400200
0,7431000
1,7542200
0,7362400
0,7491000
1,7589400
1,7457800
0,7554900
0,7445700
1,7577500
0,7447800
0,7419900
0,7395300
0,7482700
0,7436900
0,8046500
1,8340800
1,8659900
1,8757300
0,8644900
1,7571500
1,7446100
0,7566000
0,7540000
1,7629000
1,7793400
0,7694900
0,7632900
1,7668800
1,7806700
0,7685400
0,7791900
0,7628000
1,7794400
0,7629200
1,7678500
0,7559500
0,7554300
1,7466300
0,7540300
1,7443400
1,7577100
1,7484900
0,7546600
0,7470700
1,7578500
0,7690300
1,7653500
0,7474500
1,7783400
1,7469000
0,7567000
1,7470000
0,7544200
0,7471500
1,8715400
1,7468800
1,7623500
0,7503800
0,7538400
1,7462300
1,7558500
0,7512100
0,7702100
1,7624600
1,7710300
0,7627300
1,7650200
0,7627900
0,7855100
1,7631800
1,7891900
0,7629800
1,7704500
0,7624300
0,7718100
0,7339100
0,7438800
0,7385300
1,7490100
0,7328300
1,7482300
1,7380700
1,7376700
0,7737500
1,7563600
0,7850700
1,7593800
0,11575500
0,8145400
0,7629500
1,7671100
0,7665900
1,7697200
0,7626300
1,7819300
1,7636400
0,7686900
0,7718800
1,7678000
1,7644200
1,7722500
1,7467300
0,7524900
0,7675400
1,7545900
1,7462500
1,7566700
1,7476400
0,7667000
1,7486500
1,7461500
0,7618100
1,7459000
1,8431400
0,7877300
1,7878600
1,7872600
1,8076800
1,7840200
0,8491300
0,7810400
1,7627100
1,7685900
0,7626700
0,7686300
0,7626800
0,7819600
1,7624900
1,7677500
0,7625400
0,7754100
1,7680300
0,7825300
1,9167200
0,7754600
0,7630700
0,7807200
0,7798600
0,8648700
1,7856300
0,7835400
1,7825300
0,7824100
0,7821800
1,8099200
1,7858900
0,7968500
0,7792900
0,7807500
0,7817800
1,7800900
1,7783900
0,7850700
1,7780400
0,7829200
1,7790400
0,7957400
1,7792800
0,7800700
0,7793200
1,7910500
1,7782600
0,7935400
1,7787600
1,7800800
0,7625600
0,7676600
0,7626200
1,7717400
1,7629600
0,7696400
0,7625100
1,7702300
1,7622800
0,8564300
1,7623400
1,7826600
0,7500400
1,7553200
1,7298100
1,7592600
0,7382100
0,7379600
0,7455000
1,7719900
0,8561400
0,8074900
1,7477500
0,7354600
0,7620500
0,7523100
0,7688100
1,7625900
0,7932000
1,7623600
0,7706500
1,7624300
1,7690100
0,7626700
1,7826900
0,7630800
0,7731900
1,7640700
1,7797900
1,7355900
1,7430600
1,7394200
1,7554400
1,7337900
0,7495700
0,7392000
1,7471300
1,7318300
1,7594200
1,7543100
1,7796500
0,7801800
0,7668900
0,7473400
1,7500300
0,7471000
0,7601200
1,7584000
1,8170100
0,7761100
0,7846400
0,10031700
0,7549100
0,7470000
1,7658900
0,7645300
1,7673200
0,7626400
1,7795700
1,7670000
1,7833200
1,7651700
1,7709200
0,7776600
1,7702900
1,7656300
0,7716400
0,7616700
1,7761500
1,7454500
0,7680000
1,7445800
1,7523700
0,7898100
0,7603400
1,7438100
1,7317600
1,8875900
1,7466900
1,7445600
0,7478700
1,7813400
1,7780600
1,7824400
0,7829500
0,7907900
0,7808800
1,7786800
1,7820100
1,7804700
0,7811600
1,7780600
0,7840500
1,7897000
0,7461400
1,7330500
1,7387100
1,7465200
0,7339000
1,7456700
1,7384300
0,7710200
0,7433500
0,8241600
1,8291600
1,8580400
1,8711100
0,7628200
0,7697300
0,7628400
1,7625400
0,7733000
0,7624400
0,8186200
1,7665300
0,7698700
0,7698300
1,7931500
0,7673700
1,7779400
0,7628400
1,7736300
1,7615200
0,7680700
1,7617200
0,7704200
1,7626100
0,7688900
1,7640400
0,8413900
0,7639400
0,7695600
1,7557100
0,7624700
1,7469200
1,7600000
1,7469500
0,7598900
1,7501700
0,7649200
0,7772800
1,7788600
1,7476900
1,7512100
0,7473100
1,7621000
1,7465800
1,7530000
0,7471000
1,7478400
0,7610100
1,7445600
1,7538000
1,7465900
0,7534400
1,7465100
1,7572900
1,7494500
0,8249800
0,7353000
1,7461700
1,7449800
1,7650600
0,7383700
0,7446800
0,7583500
0,7459700
0,7318400
0,7443600
1,7390600
1,7496900
1,7469000
1,7862100
0,7710700
0,7591100
1,7492900
0,7597300
1,7476000
1,7654200
0,7470000
1,7460100
1,7550700
0,7653200
1,7694900
1,7467500
1,7547100
1,7468300
1,8230900
1,7544200
0,7655200
0,7511000
0,7770900
0,7472700
0,7550400
1,7468800
1,7502800
1,7513200
1,7647100
0,7469100
1,7773900
0,7489000
0,7546600
0,7507000
1,7556900
0,7903000
1,7524600
0,7469700
1,7590900
0,7471400
0,7546000
0,7473200
1,7518200
0,7486900
0,7527200
0,7473900
0,7646700
1,7518600
1,7542800
0,7571900
0,7534600
0,8855100
0,8105900
1,8636700
0,8644600
1,8503000
1,7787200
0,7674000
0,7687200
1,7657700
1,8999200
1,7623400
1,7824500
0,7625100
1,7690100
1,7618700
1,7714900
0,7628500
0,7689900
1,7620100
1,8064900
1,7619800
1,7683800
1,7629500
1,7912200
0,7779600
1,7685500
1,7622600
0,7805100
1,7625900
1,7688900
0,7631300
0,7698800
0,7640200
1,7866600
0,8151000
0,7863500
0,7697000
0,7702300
0,7679200
0,7723300
1,7913300
0,7695800
0,7648500
0,7819600
1,7792800
0,7846000
1,7821600
0,7839600
0,7813300
1,7814700
1,7876900
0,7973900
0,7834400
1,7827300
0,7855100
1,7819600
1,7674100
1,7743600
1,7632700
1,7699700
0,7626300
0,7785800
0,7651400
1,7680500
0,7627000
1,7687200
0,7669900
1,7723100
0,7612000
1,7534100
1,7529300
1,7463600
0,7543600
0,7490600
1,7776100
0,7469400
0,7533800
1,7481200
0,7541600
1,7462600
1,7579700
0,7487700
0,7810500
0,7384700
1,7599900
0,7417700
0,7385200
1,7371400
0,7452900
0,7320300
1,7478200
1,7363000
0,7751900
0,7601800
0,7861400
0,7427300
0,7552200
0,7488400
1,7546900
0,7474100
1,7578300
1,7476400
1,7540400
0,7474800
0,7473200
0,8411700
0,7547200
0,7559500
1,7517300
1,7770400
0,7570600
0,7583000
1,7462200
0,7541400
0,7752700
1,7540200
1,7485400
0,7609900
0,7470200
1,7596900
1,7446000
1,7540200
0,7471700
0,7540000
1,7443000
0,7904800
1,7568100
0,8183700
0,8491000
1,8196800
1,8581500
1,8884300
0,7564900
1,7461100
0,7682200
0,7789500
1,7803400
1,7767200
1,7928800
0,7787000
0,7823300
0,7789200
0,7799600
1,7766900
0,7822200
1,7787800
1,7790400
1,7498500
0,7678300
0,9485000
1,9063000
1,8754700
0,7849600
1,8277900
1,7569100
0,7407900
1,7477500
0,7740500
1,7453000
0,7535100
1,7946000
1,7813200
0,7825700
0,7810400
0,7814400
0,7794000
1,7813800
1,7819800
0,7813200
0,7791500
1,7839900
1,7801100
0,7827300
1,7678500
1,7700100
0,7626000
1,7675800
1,7620000
1,7783600
0,7623600
0,7814700
1,7620400
0,8224000
0,7630800
1,7692400
1,7554900
0,7685300
0,7476800
1,7535500
0,7467300
0,7664000
0,7471400
0,7551300
1,7469900
0,7558400
1,7460900
0,7613600
1,7464900
0,7554000
0,7324800
1,7521400
1,7490900
0,7560100
0,7325900
0,7381900
0,7648500
0,7587700
0,7379800
1,7372900
1,7451700
1,7412500
1,7369300
0,7934400
1,7612200
1,7403100
1,7397500
0,7383100
1,7442800
1,7394500
0,7484600
0,7380000
1,7539800
0,7520800
1,7412300
1,7362000
0,7521700
0,7488000
0,7563400
1,7471000
0,7689500
1,7483400
0,7545700
0,7511300
1,7484700
0,7568000
1,7472700
1,7566300
1,7468700
1,7555000
1,7498600
0,7474900
0,7380200
1,7846100
0,8196100
1,7871500
1,7573400
1,7798300
1,7408000
1,7432900
0,7381800
1,7519200
1,7461500
0,7667800
0,7622700
0,7827700
1,7616900
1,7679700
1,7610200
1,7805000
1,7622000
1,7838000
0,7629000
1,7836900
0,7625300
1,7667500
0,7319600
0,7420900
0,7383700
0,7439800
0,7320900
1,11691200
1,9934000
1,7415500
0,7392300
0,7456900
0,7320000
1,7547300
0,7394800
1,7435200
0,7320600
0,7644800
1,8640500
1,8343700
1,8897500
0,8799200
1,9048900
1,8818000
0,9282100
0,7729500
1,7769500
0,7792500
0,7818800
1,7784900
0,7913300
1,7793300
0,7833200
0,7791400
0,7846900
1,7791700
0,7850100
1,7826500
0,7821900
0,7706100
0,7833400
1,7620900
1,7750900
1,7622300
1,7661100
1,7616100
1,7943800
1,7838000
0,8078600
0,7624700
1,7742600
0,7625300
1,7671200
0,7625300
1,7670500
1,7616300
0,7695500
0,7627100
0,7687000
1,7618400
1,7742900
0,7625700
0,7702800
1,7631600
1,7812800
0,7441600
0,7415100
1,7333800
1,7529100
1,7504500
1,7442400
1,7402600
1,7462300
1,7387400
0,7378100
0,7379800
1,7432300
1,7429400
0,7609600
1,7631200
0,7382600
1,7629000
0,7542100
1,7704400
0,7736900
1,7679700
1,7356900
1,7407000
1,7376200
0,7689500
1,7374300
0,7414300
0,7535600
0,7542300
0,7571000
1,7536500
0,7480000
1,7464100
1,7679100
1,7548100
1,7660100
0,7502300
0,7597900
0,7486700
0,7547800
1,7376700
1,7724500
0,7402500
1,7416500
0,7381400
0,7490100
0,7635100
0,7589500
1,7382500
1,7446700
0,7398700
0,8271400
0,7723300
1,7697900
0,7647400
1,7685800
1,7714900
1,7670600
1,7640600
0,7681800
1,7622500
0,7754500
1,7634300
1,7663000
0,7625300
1,7721400
1,7581300
0,7820400
1,8209300
0,10353100
1,9311400
1,8556700
1,8837900
1,8367600
1,8992600
1,8878800
1,8529100
1,7295600
1,7707900
0,7790100
0,7820300
0,7789500
0,7817900
1,7758800
1,7843200
0,7858500
0,7841000
1,7811700
0,7875000
0,7826100
1,7811200
0,7790400
0,7814300
1,7781200
0,7783300
1,7783000
1,7816100
0,7788500
0,7809500
0,7806400
0,7806700
1,7789400
0,7800700
1,7736400
0,7441400
0,7382700
0,7454900
1,7394000
0,7381600
0,7380500
1,7511000
1,7404100
1,7853800
1,7415500
1,7496000
0,7399900
0,7486500
1,7378700
0,7521000
0,7396000
1,7600900
1,8074300
1,7543900
0,7488300
0,7518900
0,7383900
0,7382300
0,7570400
0,7351600
0,7455700
1,7545200
1,7723100
1,7698000
0,7687200
0,7627400
1,7915900
1,7600800
0,7757000
1,7601300
1,7671000
1,7602200
0,7694900
0,7628400
0,7964100
0,7412300
0,7410600
0,7383500
1,7926600
0,7569000
0,8965600
1,7849800
1,7458000
1,7372300
1,7776700
0,7702200
1,7870200
1,7852600
1,7695500
0,7652600
1,7676500
0,7625000
0,7786000
1,7635900
0,7771600
0,7629200
0,7674300
0,7640600
0,7688800
1,7620700
1,7738200
1,7458700
1,7502700
0,7468100
1,7535900
0,7506400
1,7754500
1,7548100
0,7523900
0,7483900
0,7560900
1,7462900
1,7542700
1,7502800
1,7300500
1,7431500
1,7469700
0,7479300
1,7423000
0,7470500
1,7370000
0,8233200
0,7636000
1,7956700
1,7553000
1,7507700
1,7393200
1,7666800
0,7627400
0,7699500
1,7642800
0,7690500
1,7614400
0,7730500
1,7625400
1,8716200
0,7628200
1,7694800
0,7626300
1,9018500
0,7437600
1,7617300
0,7383200
1,7452400
0,7363800
0,7442600
1,7433400
1,7887900
0,7360500
0,7575900
0,7417000
0,7806100
0,7342600
1,7611400
0,7470900
0,7536300
1,7476200
1,7525900
1,7466200
0,7471100
1,7585200
0,7474700
1,7543700
1,7491600
1,7867100
1,7444500
0,8259100
1,8285800
1,8645600
0,9042000
0,8934000
1,8224500
0,8620700
1,8567500
1,7440000
0,7559200
1,7293500
0,7481200
1,7536900
1,7817500
0,7802700
1,7798700
0,7796000
1,7803700
1,7782700
1,7758700
1,7884300
0,7921300
0,7844100
0,7967000
0,7817000
1,7810400
0,7670800
1,7730300
0,7649100
0,7775100
1,7679700
1,7832800
1,7678000
1,7791100
0,7670600
0,7774700
1,7642400
0,7760600
0,7745700
0,7520400
1,7478900
0,7461300
0,7399100
1,7405000
0,7710900
1,7399700
1,7619800
1,7456400
0,8053700
1,7580200
0,7538800
0,7609000
0,7781300
1,7481200
1,7633100
1,7544800
0,7655800
0,7494700
0,7636100
0,7553000
1,7628400
0,7540400
0,7655300
1,7543600
0,7588300
0,7416100
1,7422800
0,7428400
0,7484500
0,7407000
1,7652800
1,7654900
0,7699300
0,7409000
0,7462300
1,7423700
1,7515400
1,7415200
1,7340700
0,7512900
0,7440200
0,7996500
0,7519500
0,7658800
1,7444900
0,8389700
1,8030400
1,7423400
1,7482400
1,7705000
0,7342900
0,7724400
0,7686900
1,7876800
1,7672300
0,7708700
0,7695000
1,7721100
1,7660600
0,7698200
1,7690600
0,7717200
1,7659100
1,7767600
0,7568500
0,7906700
1,8382600
1,7633300
0,7489500
1,7602700
1,7600500
0,7995700
1,7482000
0,8109800
1,8166800
1,8540300
0,8633600
1,7856200
1,7816300
1,7862200
0,7830900
0,7864300
1,7821800
0,7812400
0,7834500
1,7855800
0,7874800
0,7826200
1,7993600
0,7754700
1,8206900
1,7671200
0,7725500
1,7661100
0,7769900
0,7672000
0,7837800
1,7920000
0,7760700
1,7659500
1,7722500
1,7640900
1,7753300
0,7545400
0,7591400
0,7519200
1,7546000
1,7620800
0,7539900
1,7566600
0,7536300
1,7599800
0,7551200
0,7747200
1,7568000
0,7567200
0,7422800
0,7461700
0,7424400
1,7731700
0,7407600
1,9287000
0,7578400
0,7841700
1,7530000
0,7463400
1,7298700
1,7476300
0,7464200
0,8182900
1,7463100
0,7707000
0,7552000
0,7646300
1,7491400
0,7725100
1,7551500
1,7707500
0,7504200
0,7690400
1,7540400
1,7687200
1,7649200
0,7786700
0,7671100
1,7715300
1,7662000
1,7716400
1,7655200
0,7758400
0,7670500
1,7718000
1,7639300
0,7839200
1,7632100
1,7587100
0,7342300
1,7487700
1,7426200
0,7474500
1,7336100
1,7789200
0,7545800
0,7418700
1,7476700
0,7429100
0,7586100
1,7416800
1,7529000
1,7456900
0,7508500
1,7425000
1,7625200
0,7449700
1,7705800
0,7404300
1,7424500
0,7441300
0,7733600
1,7409600
1,8345000
0,7948300
0,8348900
1,9128700
1,7813600
0,7667700
1,7828400
1,7675000
1,7752300
0,7666700
1,8505800
1,7684400
0,7744000
1,7701600
0,7839700
1,7815100
0,7906300
0,7846000
1,7799800
1,7809400
0,7835000
1,8323900
1,7803200
1,7878600
1,7822400
0,7877400
0,7610800
0,7606900
0,7430200
0,7592700
1,7460900
0,7452700
1,9002000
0,7791100
0,7436300
1,7542400
1,7433500
0,7760700
1,7406900
0,7491700
0,7634200
0,7497300
1,7646400
0,7569000
1,7712300
0,7492900
0,7620900
0,7920400
0,7995300
1,7547500
0,7763300
0,7562700
0,7730500
0,7628500
0,7700200
0,7626100
1,7691700
1,7626800
0,7701100
0,7630400
0,7705000
1,7618300
1,7742200
0,7846700
1,7994400
0,7798400
1,7984900
0,7809600
0,7697100
1,7837800
1,7647000
0,7822200
0,7625300
0,7725400
1,7646000
0,7636200
0,7979700
1,8180300
0,8298900
0,7894100
0,7886500
0,7908300
1,7806800
0,7842100
0,7821400
0,7963200
1,7776700
1,7813400
1,7788900
0,7812100
1,7789000
0,7797000
0,7788600
1,7825400
1,7783100
1,7807700
1,7780100
1,7805100
0,7821700
1,7875700
0,7811700
0,8379900
1,10406500
0,7918800
0,7883800
0,7890000
0,7875500
0,8197500
0,7879000
0,7840100
0,7957300
1,7634700
1,7799500
1,7639000
1,7683000
1,7630000
1,7619600
1,7844800
1,7655300
0,7733300
0,7724100
1,7671400
1,7743400
0,7694600
0,7642900
1,7708200
1,7634300
1,7740100
1,7640100
1,7687300
1,7724000
1,8055800
0,7712400
1,7832100
1,7752200
0,7651100
1,7539300
0,7547100
1,7650800
0,7734000
0,7601900
1,7743400
0,7623900
0,7713100
1,7631500
1,8046400
1,7662000
0,7715700
0,7627800
0,7782800
1,7687000
0,7812100
1,7861200
1,7812800
1,7623400
0,7847200
1,7861100
1,8010100
1,7979900
0,7746700
1,7613900
0,7723100
1,7640400
1,7692700
0,7626800
0,7937500
1,7628400
0,7697700
1,7644200
0,7685100
1,7639800
1,7675400
0,7625000
1,7683600
0,7645000
1,7706400
1,7796000
1,7681200
1,7670700
1,7677300
0,7634300
0,7712400
0,7486600
1,7558100
0,7471900
1,7544500
1,7478900
1,7532700
0,7470300
0,7615900
1,7481100
0,7748100
0,7473200
1,7524000
1,7456800
0,7471600
1,7547300
1,7482100
1,7537700
0,7472500
1,7591500
1,7532500
0,7600400
0,7468700
1,7843300
0,7487400
0,7546500
0,7406400
1,7604200
1,7308400
1,7701800
0,7383100
1,8464600
1,7407700
0,8325400
0,7505400
0,9110500
1,8139100
0,8608800
0,7695700
0,7718100
0,7668000
0,7689300
0,7627500
0,7809700
1,7637500
0,7710600
1,7619600
1,8254500
1,7619400
0,7714500
1,7619500
1,7732300
1,7351900
0,7951700
0,7426500
0,7473000
1,7418300
0,7477800
0,7433300
1,7615000
1,7424900
1,7539700
1,7401200
0,7557200
0,7341000
1,7552000
1,7540900
1,7554200
1,7571700
1,7607600
1,7540600
0,7602000
1,7498800
0,7616200
0,7510000
0,7655800
0,7591100
0,7626800
0,7503500
1,7508600
0,7341700
0,7408700
1,7535300
0,7453000
1,8345400
0,8505200
1,8976600
1,9450800
0,8616900
0,12496000
0,8290200
1,7903500
0,7949200
0,7822500
1,7954400
1,7805900
0,7836800
0,7840900
1,7929300
1,7829500
0,7864100
1,7838500
1,8180500
1,7694200
0,7760700
0,7836500
0,7810400
1,7807300
0,7802500
1,7798900
0,7809400
0,7878500
1,7802700
1,7828500
1,7818800
1,7752200
1,7624100
1,7480000
0,7521900
0,7471400
1,7524400
1,7492200
1,7548200
0,7470600
1,7782400
1,7572300
0,7740800
0,8645600
1,7619200
1,7370300
0,7442000
0,8763100
0,7748600
0,7477300
1,7538100
0,7472000
0,7488300
1,7522300
1,7460000
1,7515600
1,7490000
0,7533700
1,7357200
0,7438900
1,7397600
1,7513300
1,7482700
1,7439500
1,7387600
0,7384400
1,7378300
1,7471500
1,7414700
0,7787100
0,7449500
0,7476600
1,7753100
1,7476300
1,7374000
1,7485900
0,8880500
0,8321600
0,8960100
0,8990700
0,9312400
0,8708600
1,8605200
1,7903000
0,7986600
1,8293300
1,7905000
0,7812000
0,7817000
1,7779500
0,7784700
1,7825500
1,7794300
0,7787900
1,7823000
1,7795700
1,7750900
0,7627900
0,7698800
1,7606700
1,7656900
0,7624900
0,7692900
1,7790200
1,7681200
1,7614700
1,7680200
0,7626900
1,7757400
1,7419800
1,7580700
1,7376700
1,7421200
1,7377600
1,7560100
0,7382800
1,7313000
0,7588400
0,7545700
1,7433700
0,7413500
0,7431300
1,7409800
0,7437700
1,7313300
0,7503400
1,7386000
0,7406500
1,7375100
0,7740400
0,7493200
0,7381300
0,7414200
0,7477200
1,7398600
0,7456900
1,7381300
1,7473300
0,7417400
1,7530700
1,7342500
1,7486400
1,7541100
1,7468800
1,8413200
1,7387500
0,7506100
1,7443700
1,7574600
1,7458900
1,7546800
0,7469800
0,7586100
0,7472700
0,8252900
1,8131400
0,8736100
0,8633300
0,7622100
1,7496400
0,7834700
0,7466900
1,7832100
0,7786400
0,7911500
0,7802600
0,7813100
1,7781000
1,7800100
0,7802200
0,7815300
0,7789100
0,7800300
0,7804300
1,7796500
0,7397000
0,7600400
1,7390400
1,7542400
0,7319600
0,8527300
0,7508800
0,7601300
1,7313700
1,7482800
0,7400600
1,7448000
0,7319500
1,7567200
1,7376400
1,7862600
0,7325300
0,7652700
0,7400500
1,7465500
0,7319800
1,7450400
1,7387900
0,7596400
0,7323400
1,7759500
1,7547600
0,7807700
1,7460100
1,7439400
0,7592600
1,7473300
0,7566300
1,7465400
0,7894800
1,7518900
0,7636500
0,7594400
0,7695000
1,7562800
0,7716000
1,7673300
1,7780700
1,7665100
1,7711700
1,7646500
0,7742100
1,7691000
0,7737600
1,7634900
1,7928200
1,7686500
0,7703300
1,7550800
1,7617100
0,7544900
1,7649900
1,7550900
0,7729700
0,7727300
0,7693900
0,7549500
1,7647400
0,7545600
1,7604100
0,7559200
0,7599300
0,7546100
0,7639700
1,7564100
1,7568600
0,7552200
0,7731300
0,7539500
0,7604700
0,7548200
1,7710800
0,7534000
1,7594300
1,7407900
1,7633100
1,7460800
0,7408700
0,7438300
0,7425500
0,7652700
0,7346200
1,7465800
0,7404800
0,7535900
0,7342700
1,7495400
0,7423600
1,9107800
1,7420000
0,7425100
1,7404800
1,7500500
0,7335200
1,7523500
0,7876500
1,7539300
1,7396600
0,7442500
0,7604500
0,7531400
1,7541000
1,7559900
1,7523800
0,7639800
0,7549200
1,7611700
0,7545000
0,7853100
1,7589000
1,7545200
1,7860500
1,7906000
1,7567500
0,8053500
0,7684900
1,7776000
1,7671600
1,7714000
1,7666600
1,7724400
0,7666300
0,7907200
1,7685300
0,7718700
0,7665600
1,7735600
0,7688900
0,7716500
0,7671100
1,7731100
0,7704200
1,7713100
0,7669600
0,7740800
1,7670800
0,7717500
0,7645500
0,7764300
0,7622400
0,7625300
1,7332300
1,7594900
0,8546900
1,7514400
1,7336300
1,7524700
1,7414300
1,7375000
1,7391300
1,7395900
0,7446100
1,7375700
0,7857800
0,7384800
0,7667700
0,7380300
1,7566600
1,7379100
1,7583400
0,7418300
0,7445900
0,7379400
1,7453500
0,7765400
1,7426500
1,7605300
0,7699800
1,7615700
0,7682700
1,7618600
0,7706400
1,7629000
0,7689700
0,7626400
0,7701500
0,7626600
1,7660000
0,7627200
1,7524900
1,8418900
1,8102700
1,8945600
0,9144300
0,9835900
0,8693700
0,9054400
0,7470500
1,7364600
1,7469100
1,7340100
0,7793500
1,7770600
0,7821200
1,7783400
1,7792500
1,7779000
0,7804300
0,7785700
1,7844400
1,7790400
0,7836300
0,7789600
0,7799400
1,7521800
1,7529500
0,7471500
1,7529700
0,7472200
0,8234200
0,8798300
0,8735800
0,9071900
0,7472300
1,7537400
0,7472300
1,7706400
1,7786300
0,7799800
1,7785300
0,7951700
1,7800300
1,7799500
1,7786300
0,7840400
1,7790400
0,7810000
1,7789100
1,7825500
1,7667200
0,7523400
0,7470100
1,7667200
0,7563400
1,7827300
0,7471600
1,7596800
0,7473100
0,7878800
0,8149800
1,9109300
1,8580400
1,7959400
1,7804200
1,7838100
1,7780500
0,7792100
1,7834800
0,7928600
0,7787900
1,7810300
1,7861000
1,7807000
0,7791000
1,7819700
0,7518800
0,7539400
0,7470300
1,7642600
1,7474900
0,7642800
0,7470300
0,7611900
1,7461700
0,7590500
1,7468800
0,7549000
0,7467700
1,7450000
1,7380900
0,7406600
1,7370700
1,7375000
0,7560900
1,7318600
0,7813900
0,7575200
0,7462400
1,7327700
0,7443500
1,7372800
1,7511900
0,7573800
0,7783500
0,7445900
0,7528600
0,7345300
0,7511600
1,7375600
0,7432100
0,7318600
1,7479500
0,7383200
1,7776200
1,7422800
0,7655000
1,7681400
1,7608700
1,7826800
0,7627700
1,7683300
1,7616300
1,7693800
0,7625700
1,7668000
0,7626200
1,7668000
1,7620700
1,7542700
1,7396400
1,7564600
1,7482800
0,8101300
0,8020100
1,8056800
0,7860300
1,8469700
0,7701400
0,7936800
1,7632400
1,7796200
0,7726500
0,7709400
1,7646900
1,7689200
1,7613700
0,7690800
0,7626500
1,7696700
0,7623500
1,7837400
0,7622900
1,7686200
1,7628900
0,7548700
1,7455400
0,7531400
0,7513400
1,7542400
1,7461800
0,7705000
0,7490100
1,7515000
0,7471000
1,7466500
0,7646100
1,7476300
1,7471400
0,7381500
0,7861600
1,7331400
0,7471000
0,7409700
1,7443400
0,7322100
1,7922000
0,7629200
0,7824600
0,7324300
0,7569600
1,7455000
0,7562000
1,7462800
0,7525800
0,7471500
0,7566300
1,7468000
1,7578100
1,7461500
1,7624200
1,7469900
1,7602200
0,7768400
0,7651300
0,7470100
0,7531300
1,7464700
1,7537900
1,7442800
1,7465000
0,7686000
1,7502400
0,7535300
0,7669500
0,7577000
0,7517000
0,7559200
1,7464500
0,7543100
1,7551100
1,7648900
0,8037600
1,7702600
1,7697500
0,7761700
1,7509900
1,7789600
0,7637600
0,7783200
1,7485500
0,7761200
0,7680900
1,7728800
1,7671900
0,7690400
0,7697200
0,7705200
0,7629900
0,7693800
0,7693100
0,7688300
1,7627000
1,7678100
0,7528200
0,7874600
0,7373300
1,7556900
0,7469800
0,7523700
0,7469600
0,7646100
1,7451300
1,8071300
1,8361100
1,7658600
0,7470200
1,7527100
1,7471700
1,7530200
1,7521400
0,7651100
0,7584100
0,7592000
1,7481200
0,7468900
1,7548600
0,7488300
1,7537700
1,7479400
0,7783200
0,7502600
0,7529600
1,7456800
1,7668300
0,7483800
1,7688000
0,7472300
0,7742500
0,7490600
0,7592700
0,7471800
1,7522600
0,7458800
1,7506300
0,7385900
0,7444900
1,7387600
1,7616800
1,7511800
0,7686600
1,8049100
0,7662100
0,7537400
0,7665500
0,8411700
0,8188300
0,7793700
0,8039800
1,8133900
1,7766100
1,7672600
0,7707800
1,7622300
0,7701800
1,7624800
0,7834800
1,7679500
0,8329900
0,7987200
0,7841700
0,7818500
1,7830000
1,7832900
1,7838000
0,7851900
0,7972900
0,7821300
0,7853800
0,7802500
0,7806300
1,7794000
0,7838800
1,7807900
0,7809000
1,7783000
1,7916200
0,7786400
0,7838100
0,7806600
1,7821000
1,7807300
1,7835000
0,7799700
0,7818300
1,7503900
1,7973400
1,8419900
0,8301600
1,8677700
1,7604200
1,7525900
0,7527600
0,7574900
1,7786800
1,7475700
0,7640800
1,7592700
1,7670400
0,7640500
1,7776400
1,7615600
0,7918600
0,7625300
0,7678200
0,7627300
0,7702200
1,7600900
0,7677300
0,7627000
1,7804000
0,7658900
1,7817600
1,7639300
0,7712500
1,7638200
1,7676000
1,7601100
1,7691900
1,7618200
1,7697700
0,7626400
1,7690900
0,7619500
0,7870000
1,7772800
1,7598900
0,7470900
0,7604500
1,7475400
1,7569300
1,7867700
0,7839300
1,7685400
0,7571300
0,7606500
1,7488100
1,7516900
0,7490000
1,7517300
1,7480800
0,7637000
1,7493500
0,7869200
0,7472000
0,7529700
1,7492100
1,7588400
0,7470800
0,7534500
0,7465800
1,7600500
1,7350800
1,7383800
1,7389000
0,7446500
1,7379000
0,7400600
1,7707400
1,7655800
1,7373200
0,7385500
1,7403300
0,7440200
0,7353200
1,7291100
0,7509700
0,7381800
1,7691000
0,7324100
1,7718500
1,7381300
1,7582300
1,7380300
1,7416000
0,7988300
0,7621700
0,7472100
0,7923600
1,7462500
0,8364100
1,7674100
0,7637600
1,7695300
0,7686400
1,7509600
0,7873400
0,7470800
1,7545400
1,7525500
0,7710200
1,7626600
1,8434600
1,7622700
0,7682700
0,7631500
1,7688700
0,7645500
0,8433800
0,7644500
0,7800000
1,7672600
0,7995400
1,7853200
1,7764500
0,7653300
1,7744400
0,7638100
1,7850900
1,7739000
1,7846000
0,7637900
1,7713000
0,7637500
0,8633100
0,7643900
1,7753400
0,7646200
1,7697800
0,7636900
0,7729000
0,7631600
0,7684100
0,7628000
0,7828000
0,7779800
0,7720800
0,7625100
0,7715600
0,7623900
1,7669700
0,7626900
1,7715700
0,7626500
1,7679900
0,7627000
1,7699900
0,7630700
1,7721100
0,7628000
1,8042500
1,7635400
0,7385500
0,7407000
0,7396400
1,7439000
1,7567600
1,8933400
1,7851200
0,8514900
1,7631700
0,7459700
1,7652100
1,8419500
1,7567700
1,7873100
0,7729600
1,7630500
0,7717900
1,7632000
1,7875900
1,8551900
0,7682700
0,7645500
0,7706900
0,7763700
1,7709100
0,7544200
1,7633100
0,7472800
1,7511000
0,7486500
0,7470800
0,7595600
0,7540000
1,7530900
0,7471000
1,7522400
0,7471900
0,7721200
0,7475100
1,7530000
0,7321200
1,8863500
1,7392100
0,7531700
0,7324300
0,7511500
0,7636500
0,7477000
0,7339700
0,7671000
0,7415000
1,7442500
1,7485800
1,7676300
1,7468100
1,7555400
1,7559900
0,7606200
0,7473700
1,7498000
1,7504600
1,7465800
0,7541100
1,7499900
1,7538000
0,7371200
0,7635100
1,7352300
0,7514400
1,7377700
0,8315100
1,7373400
0,7504100
1,7309300
1,7449800
1,7408400
0,8383000
0,7504500
1,7823200
0,7623800
1,7827500
1,7625500
0,7680400
1,7618900
1,8853200
0,7769700
1,8613400
1,7974400
0,8165900
0,7753300
1,7900900
1,7894100
1,7781900
1,7820800
0,7789800
1,7821200
0,7792100
1,7805900
0,7791300
0,7849200
1,7812200
1,7789300
1,7781200
1,8022600
1,7919800
1,7796200
1,7597500
1,7804300
0,7631500
0,7860400
1,7670200
0,8083100
1,8147300
1,7834100
1,7647600
1,7777600
0,7741300
0,7834800
0,7803400
1,7783700
0,7792400
0,7793900
0,7801900
0,7787000
0,7784800
0,7915600
1,7836100
1,7796200
0,7787800
1,7584300
0,7397300
1,7445200
0,7319400
1,7451400
0,7397300
0,7504400
1,7555200
1,7711200
0,7399900
0,7401900
0,7323100
0,7380900
0,7613800
0,7319200
0,8468000
0,7718800
0,7522300
0,7475100
0,7401100
1,7374600
0,7585900
1,7382200
0,7401100
0,7412100
0,7842600
0,7384500
1,7741800
1,7623000
0,7701300
0,7626000
0,7695000
1,7627600
0,7703200
1,7623600
0,7698100
1,7638300
1,7782500
0,7632600
1,7679500
0,7566000
1,7598200
1,7461700
0,7615000
0,7511900
0,7541100
0,7468900
1,7704100
1,7673000
1,7563900
0,7470300
1,8692900
1,7789400
1,7526200
0,7469900
0,7572400
1,7491600
1,7719900
1,7442900
1,7580200
1,7484500
1,7542500
0,7472300
0,7625900
1,7516700
1,7640300
1,7471300
0,7690100
0,7841600
1,7512200
0,7473000
1,7515200
0,7485800
0,7582400
0,7521100
0,7470600
1,8386400
0,8556600
0,8831900
1,7835900
1,7836600
0,8311900
0,7788600
1,7848600
0,7792700
0,7802300
1,7781400
0,7862200
0,7792600
0,7799100
0,7788100
0,7806000
0,7786600
0,7808600
0,7785900
1,7809400
1,7780200
1,7863100
0,7789600
1,7812900
1,7760000
0,7815200
1,7777500
1,7820100
0,7730500
1,7716900
0,7627400
0,7739200
0,7627700
1,7668700
0,7641600
1,7675800
1,7624800
0,7712500
0,7743900
0,7685000
1,7629800
0,7669700
1,7392800
0,7392500
0,7385000
0,7380400
1,7472600
1,7315800
1,7419500
1,7395000
0,7482600
1,7317200
1,7417400
1,7387600
0,7499500
0,7381400
0,7495200
0,7349900
1,7366800
0,7382700
0,7455400
0,7378900
0,7435400
1,7396600
1,7381500
1,7647600
1,7314100
1,7419600
0,7382100
0,7535600
1,7640200
1,7510700
0,7379800
1,7449500
0,7323200
1,7497200
1,7389100
1,8125700
0,7694700
1,8093000
1,7788500
1,8796700
1,7630600
1,7676600
1,7612200
1,7673500
0,7643000
0,7694300
0,7626300
1,7684000
0,7638900
0,7683700
0,7624500
0,7724600
0,7590700
0,7458700
0,7320700
0,7474700
1,7410100
1,7652900
0,7321500
0,7470900
1,7391900
1,7680700
0,7461000
0,7379700
0,7665400
1,7391100
1,7640600
1,7444800
1,7541700
1,7464000
1,7566200
1,7461800
1,7541300
0,7504100
1,8918300
0,7471400
1,7556800
0,7509900
1,7519200
1,7394000
1,7529400
1,7374800
0,7394800
0,7382300
0,7454400
1,7382000
1,7414600
0,7382900
1,7480500
0,7414800
1,7311300
1,7440200
1,7387800
0,7554700
1,7321100
1,7426900
1,7408400
1,7444900
0,7318100
0,7696400
1,7427900
1,7767700
0,7679000
0,7474600
0,7401200
1,8063200
1,7891400
0,7721000
1,7639600
0,7707200
0,7635600
1,7685700
0,7643300
0,7689800
1,7631300
1,7674200
1,7617300
1,7859300
1,7622400
0,7803700
1,7656700
1,7694600
1,7618200
1,7867000
0,7898100
1,7830100
0,7977600
0,7836900
1,7916300
0,7853200
0,7675500
1,8191100
1,7812100
0,7798700
0,7791200
1,7941300
0,7786700
0,7786200
0,7788000
0,7841900
0,7784600
0,7818000
0,7806700
1,7825900
0,7708400
1,7821000
0,7642900
0,7760200
0,7625000
0,7680500
0,7640800
0,7672500
0,7628600
1,7707000
1,7644500
1,7818600
0,7627400
0,7544400
0,7399600
1,7805100
1,7373900
0,7385500
0,7475800
0,7321100
0,7419000
0,7378100
1,7529200
0,7323100
0,7501100
1,7749500
1,7613000
0,7468800
0,7590900
0,7469200
1,8200100
1,7651500
0,7567300
0,7507800
0,8523100
1,7584800
0,7554500
1,7570300
0,7603800
1,7551200
0,7661000
0,7470100
1,7648800
1,7475000
1,7552800
1,7445000
1,7644300
0,7474600
1,7718400
1,7465700
1,7590900
0,7475600
0,7540600
0,7472300
0,7487000
1,7570200
1,7465700
0,7707600
0,7483300
0,7730300
0,7471200
1,7660800
1,7498500
0,7789900
1,7448200
1,7624800
1,7386800
0,7466400
0,7379700
1,7352500
0,7396800
0,7459300
0,7381000
1,7520800
0,7393700
0,7380500
0,7419900
1,7396900
0,7546100
0,7380300
1,7451100
0,7381600
0,8433300
1,8271900
0,9315400
1,8918300
0,7328100
1,7432400
1,8837700
1,8836500
0,8927700
0,8784400
1,7826100
0,7872900
0,7785500
1,7795600
0,7807800
1,7793800
1,7777400
0,7802900
1,7797500
1,7793200
0,7788700
1,8520500
1,7749200
1,7688000
1,7624800
1,7699800
1,7668300
0,7868000
1,7614700
0,7790900
0,7645100
0,7683600
0,7752400
0,7770900
1,7642300
1,7591300
1,7460900
1,7525600
0,7490100
1,7675000
0,7472500
1,7622200
1,7483500
1,7565900
0,7469800
0,7542300
0,7536200
1,7534300
0,7512300
1,7383600
1,7376400
1,7492700
1,7382800
0,7570600
1,7413100
0,7479200
0,7380400
0,7320300
1,7464400
1,7372000
0,7616600
1,7321800
0,7432500
0,7380500
0,7688400
1,7314500
1,7510800
0,7382100
0,7660600
1,7322900
1,7444000
1,7381000
1,7506900
0,7323100
0,7828600
0,7493000
1,7550800
0,7543300
0,7922200
0,7878700
1,7658800
1,7570600
1,7681100
1,7464200
0,7526500
0,7484000
1,7863500
0,9128800
1,7873800
0,7650900
1,7684600
0,7630700
1,7686100
1,7657200
1,7683700
0,7626200
1,7878400
0,7652000
1,7685100
0,7629300
1,7690500
0,7577000
1,7576400
1,7464800
1,7617900
1,7499300
1,7570900
1,7470600
1,7560600
0,7549900
0,7500900
1,7552000
1,7463800
1,7696400
1,7485800
1,7572400
1,7385400
0,7472700
0,7383100
1,7372300
1,7374700
1,8833200
1,8628100
0,7596800
1,7379400
0,7472100
1,7371400
1,7514200
1,7314200
0,7594000
0,7383900
0,7616700
1,7320000
0,7476300
1,7374400
0,7438500
0,7321400
0,8155900
0,7383500
1,7479100
0,7324500
0,7683600
0,7549900
0,7469900
1,7647700
1,7475700
1,7732000
1,7471700
0,8819300
0,8128700
1,7645500
0,7471900
1,7582600
1,7751400
1,7947400
0,7786300
1,7842800
1,7793000
0,7790600
0,7833000
1,7828000
1,7792000
0,7805700
1,7799500
1,7858900
0,7805200
1,7801800
0,7687700
0,7644900
1,7807600
0,7723700
1,8198100
1,7989100
0,7850800
0,7626300
1,7711100
1,7614600
0,8006600
0,8492100
1,7836400
1,7930600
1,7942800
1,7906800
1,7982700
1,7654300
1,7778200
1,7635700
0,7704900
0,7630900
0,7727400
1,7623000
1,7679900
1,7705300
0,7806200
0,7808600
0,7815200
0,7789300
0,8162400
0,7815300
0,7812400
1,7782500
0,7798500
1,7818600
0,7814000
1,7823600
1,7807800
0,7656900
0,7694200
0,7630300
0,7741000
1,7652700
0,7726200
1,7626900
0,7680500
0,7644800
0,7689000
1,7626100
0,7622900
0,7774400
0,7765600
0,7773500
0,7816600
0,7724200
1,8310500
1,8487800
1,7609700
0,7478100
1,7720100
1,7538100
0,7498700
1,7312100
0,7659000
1,7627900
0,7826300
0,7628100
0,7723800
0,7626600
0,7725200
0,7628900
1,7671900
0,7626600
1,7769900
1,7704600
0,7776900
0,7446000
1,7394400
0,7477400
1,7311600
0,7442700
0,7394400
1,7591400
1,7313500
0,7440000
0,7398400
1,7488300
0,7321500
0,7441100
0,7399000
1,7516700
0,7320800
1,7470500
1,7375500
0,15400800
0,7778700
0,7915200
0,7750500
0,8332200
1,8325600
0,7698000
1,8496300
1,7634600
0,7703900
1,7638700
1,7662400
0,7745000
0,7967600
1,7920500
1,7895600
0,7925900
0,8953100
1,9522400
1,9645600
0,9907800
0,9382900
0,10953900
1,8540900
0,7849500
0,7891300
1,7823500
1,7850300
1,7848300
1,7835000
1,7816900
1,7838500
1,7830800
1,7807800
0,7806000
1,7840000
0,7793200
1,7932700
1,7786200
0,7817700
1,7786000
1,7781500
0,7822700
1,7788500
1,7508200
0,7443500
0,7339800
1,7382100
1,7434200
0,7382600
0,7554400
0,7395600
0,7504600
0,7380000
1,7429000
1,7375500
0,7461700
0,7380000
1,7387900
0,7458300
1,7960200
1,7384800
0,7548900
1,7393000
1,7509600
0,7384200
0,7423400
0,7392200
1,7479400
0,7401600
0,7740500
1,7529600
0,7469700
1,7578700
0,7473100
0,7637500
1,7470100
0,7635500
0,7485300
1,7537300
0,7472000
1,7542900
0,7471300
0,7592600
1,7456600
0,7549400
1,7319000
1,7567100
1,7409900
0,7539800
1,7314400
0,7476800
0,7386100
0,7487300
0,7540400
1,7740500
1,7378000
1,7434700
1,7317700
1,7889700
1,7766600
1,7630900
1,7657100
1,7797600
1,7376200
1,7451700
0,7429900
1,7455700
1,7370300
0,7447500
1,7444600
1,7655300
1,7812400
1,7639200
1,7695400
0,7624600
1,7677700
0,7624800
0,7748000
1,7623400
0,7687200
1,7597800
0,7699800
1,7629500
0,7444300
0,7382000
0,8528200
1,8627700
1,8900500
1,9116700
1,7612200
1,8131000
1,7378900
0,7938400
1,7382000
1,7508500
0,7507900
0,7894300
0,7808100
1,7976300
0,7831000
1,7869900
1,7799200
1,7848700
1,7824700
0,7882300
1,7831400
0,7833600
1,7859800
1,7761600
1,7560100
1,7695100
0,8437100
1,7628100
1,7521700
0,7639100
1,7504500
1,8279600
0,7635900
0,7707100
0,7623800
0,7651300
0,7624500
1,7702200
1,7664900
1,7710800
1,7638900
0,7848100
1,7739100
1,7855700
0,7730400
0,8041900
0,8161100
1,7705200
1,7636800
1,7713800
0,7695900
0,7705600
1,7646800
1,7756600
1,7682500
1,7720700
1,7655300
1,7853500
1,7668200
1,7727700
0,7674000
1,7712000
1,7473100
0,7474000
1,7624800
0,7445800
1,7436600
1,7645300
0,8445000
1,8423800
1,9182900
1,8638800
1,9179100
0,9280500
0,8276900
0,7847500
0,7828400
0,7798000
0,7903800
1,7769400
1,7959800
0,7790700
0,7801000
1,7760000
1,7827300
1,7783200
0,7809000
1,8001200
0,7562400
1,7539500
0,7468700
1,7518700
1,7499200
0,7532400
0,7467300
1,7526000
0,7483500
1,7903900
0,7475000
0,7641500
0,7606200
1,7671100
0,7623800
1,7798100
1,7633100
0,7673300
0,7625900
0,7633000
1,7547900
1,7907400
1,7710000
1,7692800
0,7623700
1,7610400
1,7462200
0,7676600
0,7473600
1,7504700
1,7465500
1,7550600
0,7473000
0,7545200
1,7465900
1,7539200
1,7462100
1,7510200
0,7435400
1,7395100
0,7537400
0,7430900
1,7531700
1,7362500
0,7686400
0,7415100
1,8462100
0,7439900
1,7809900
0,7528800
1,7758500
0,7472000
0,7956500
0,7670600
0,7740800
0,7691000
1,7722900
0,7651500
1,7869200
1,7672600
0,7736000
1,7651600
0,7734100
0,7689500
1,7969100
1,7537000
0,7657300
0,7583000
0,8432600
1,7565100
1,7550000
1,7558700
0,7597000
0,7545000
1,7645300
0,7730700
0,7620900
1,7542500
0,7678600
0,7569900
0,7624600
0,7544200
0,7588200
1,7540300
1,7579700
0,7544000
1,8137100
0,7498600
0,7649500
0,7547300
0,8342400
0,7769400
1,7816600
1,7572200
0,7690200
0,7490900
1,7574200
1,7524200
1,7577900
1,7538800
0,7579300
0,7547600
0,7650900
0,7542500
1,7537000
0,7548900
0,7904800
0,7549700
1,7590000
1,7536700
1,7742900
0,7513200
0,7602700
0,7596800
0,7634700
0,7548600
1,7659700
0,7634800
0,7575900
0,7617600
0,7488400
0,7690700
1,7566200
0,7804300
0,7546000
1,7557500
1,7581900
0,7658300
0,7552500
1,7609800
1,7487900
1,7559900
1,7401500
1,7613700
1,7532100
0,7590800
1,7480100
0,7622500
0,7647600
1,7653800
0,7576400
0,7540700
0,7412800
1,7556200
1,7466700
0,7532000
0,7488300
1,7557200
0,7505200
0,7539700
0,7483100
1,7543600
1,7466700
0,7538700
0,7584500
1,7459500
1,7548300
0,7321100
0,7575300
1,7376900
1,8431600
0,7503300
0,7569700
0,7473100
1,7439400
0,7333200
1,7520800
0,7380800
1,7467700
0,7336900
0,7616600
1,7586200
0,7525400
0,7486500
1,7731800
0,7471600
1,7575300
1,7508500
0,8149000
1,8326800
0,8809400
1,8971300
0,8192700
1,7798300
1,7823600
0,7835900
1,7861000
1,7859900
0,7814900
1,7787600
1,7829800
0,7792300
0,7807400
1,7781500
1,7841800
0,7810200
1,7808800
1,7787900
1,7963000
1,7785000
1,7794800
1,7810100
1,7767000
0,7800100
1,7810400
0,7811300
0,7829700
0,7971100
0,8829000
0,7724100
0,7511500
0,7560300
1,7501200
0,7586900
1,7702800
1,7513000
1,7527000
0,7508900
1,7587300
1,7464100
1,8265700
0,8153100
1,8007300
1,8135500
1,7687100
0,7629700
1,7911700
0,7636000
1,8078100
0,7678400
0,7675200
0,7640200
0,7752800
0,7632000
1,7822500
1,7837600
0,7886500
1,7797200
0,7809400
1,7801100
1,7838700
0,7791200
1,7796000
1,7786400
0,7809800
1,7785900
0,8471900
0,7475100
1,7568700
1,7622700
1,7565300
1,7471200
0,8718300
1,7468700
0,7821800
1,7468700
0,7649500
0,7472200
0,7621800
1,7532800
1,7499500
1,7372000
1,8153700
0,8101100
0,8925100
0,8598600
1,9225600
1,8568900
0,8573300
0,8398000
0,7385600
1,7435400
0,7774300
0,7816700
1,7802700
0,7826400
0,7791100
1,7804500
0,7789500
0,7795100
0,7824500
1,7815100
0,7798800
1,7791800
0,7782800
1,7564200
0,7474500
0,7537200
0,7487600
1,7582700
1,7468300
0,7525000
1,7479100
0,7675000
1,7462800
1,7522200
1,7491400
0,8000500
0,7910200
0,7589500
1,7533000
0,7508300
1,7557200
0,7472200
1,7546800
1,7478200
1,8858900
0,7649000
0,8035300
1,7470000
1,7782100
0,7679700
0,7795100
0,7627200
0,7669700
1,7622400
0,7701900
0,7622600
0,7680600
0,7626900
1,7676700
0,7627200
1,7703400
0,8647500
1,7715400
1,7356300
1,7529700
0,7398700
0,7396200
0,7384000
1,7677100
0,7393400
0,7483200
1,7468500
0,7635600
0,7672600
1,7692700
0,7644600
1,9250300
1,8804700
1,7681000
1,7618400
1,7678700
1,7654400
1,7682200
1,7618600
0,7756800
1,7740200
1,7902300
1,7730700
0,7727800
0,7734200
1,7860100
0,7629200
1,7809900
1,7603800
1,7789400
0,7629500
1,7703300
1,7598200
0,7692000
1,7598000
0,7875700
1,7464000
0,7981900
1,7748000
0,7718700
0,7510800
1,7661900
0,7471500
1,7593400
1,7462500
1,7524900
0,7467400
1,7624000
0,7791800
1,7700500
0,7626900
1,7714100
1,7625500
1,7689800
0,7624900
0,7728600
1,7697300
1,7627200
1,8211600
0,7750500
0,7671800
1,7733000
0,7555500
0,7649500
1,7595800
0,7540800
0,7567800
0,7531800
0,7753700
0,7789400
1,8580300
0,7649700
0,7847800
0,7777100
1,7620000
1,7709900
0,7666400
1,7646000
1,7751100
1,7714400
0,7648100
1,7736700
0,7695500
0,7713200
0,7648800
0,7747300
1,7691700
1,8019200
0,7439100
1,7558900
1,7417200
0,8501200
1,7417900
1,7418300
1,7436100
0,7474500
0,7415700
0,7450400
0,7539800
0,8234400
1,7506200
0,7646200
1,7752200
0,7663400
0,7759900
0,7644400
1,7738200
0,7667900
1,7889000
1,7721300
1,7888900
1,7843400
1,7731600
1,8310000
0,7964800
0,7686200
1,7715700
1,7815600
0,7940500
1,7699900
1,7662600
1,7742700
1,7660200
0,7655000
1,7913700
1,7684300
0,7928800
1,7700100
1,7902700
0,7699600
0,7703800
1,7642900
1,7693900
0,7679300
1,7730000
0,7710100
0,7725800
1,7765500
0,7743600
0,7634000
1,10559200
0,9777100
1,7667600
0,7683300
0,7632100
0,7676800
1,7639300
1,7699200
0,7624900
0,7779000
1,7643700
1,7689900
1,7479200
0,7520300
0,7472100
0,8300900
0,8005900
1,8467900
1,8632200
1,7548700
0,7474100
0,7532300
0,7470300
1,7553300
1,7521300
0,7696900
0,7627300
1,8056100
0,7626000
0,7798200
0,7626500
1,7674200
1,7617600
0,7686000
0,7627400
1,7941000
0,7669500
1,7898000
0,7650000
0,7751500
0,7635400
1,7681100
1,7640700
0,7690700
0,7625000
0,7742500
0,7645900
1,7700900
0,7626500
1,7698900
0,7670300
1,7533800
1,7374600
0,7444400
0,7395300
1,7450000
1,7444100
0,7515200
0,7544300
0,7408900
0,7383200
1,7630300
0,7415800
1,7313200
0,7445700
1,7377100
0,7527000
0,7318900
1,7507800
0,7582400
1,7731100
0,7734200
1,7641800
0,7475900
0,7442800
0,7321000
0,7813300
0,8692200
0,8807100
0,8441600
1,8102700
0,8548900
0,8298000
0,8122300
0,7665900
1,7468000
1,7778200
1,7441800
0,7433400
0,7413900
1,7672800
1,7615300
0,7674900
0,7632500
1,7697700
1,7616500
1,8290200
1,8085600
1,9102700
0,9295100
1,7699000
1,7693700
1,9034600
0,7812200
0,7824200
0,7803300
1,7761500
1,7804500
0,7806500
0,7957900
1,7794200
0,7805200
1,7804500
1,7802000
0,7823000
1,7653500
1,7729900
1,7628800
1,7729300
0,7623700
1,7664300
0,7626700
1,7674100
0,7624800
1,7702900
0,7625300
0,7825900
1,7604500
1,7505400
0,7414900
1,7714100
1,7294600
1,7506300
1,7377900
0,7546400
0,7318800
1,7519500
1,7368600
0,7478900
1,7337600
0,7484500
1,7374000
1,7469600
0,7321900
1,7413300
0,7473600
1,7316700
0,7715400
0,7397700
1,7574600
0,7320600
1,7515500
1,7372800
0,7447400
0,7381200
0,7548100
0,7485700
1,8091000
0,7474900
0,7592100
1,7488500
1,7577900
0,7473200
0,7935200
0,8043000
1,8344300
1,7985100
1,9015800
0,7823600
0,7850800
0,7811000
1,7831100
0,7819500
0,7840800
1,7783300
1,7843900
1,7767400
0,7807000
0,7787600
1,7813400
0,7790800
0,7797100
0,7803300
1,7808300
0,7787800
1,7915100
1,7815600
0,7798500
1,7791900
0,7806700
0,7806400
0,7827100
0,7790900
0,7644100
0,7492600
1,7545100
1,7461600
1,7657100
0,7513900
1,7551700
1,7466300
0,7530800
0,7486800
0,7538200
1,7462600
0,7651300
0,7596200
0,7468500
0,7320700
1,7491700
0,7398200
1,7392000
0,7415000
1,7424000
1,7375700
1,7405100
0,7383700
1,7422300
1,7664800
1,7312800
1,7462000
1,7379600
0,7566300
0,7326000
0,7594800
0,7382100
1,7502300
0,7322400
0,7478900
0,7384700
0,7827600
0,7414800
0,7531300
1,7398700
1,7626500
1,7300600
1,7512000
1,7402500
0,7398700
1,7404900
1,7356900
1,7529100
0,7524800
1,8392600
1,7619700
1,7520500
0,7867700
1,7655900
0,7626800
0,7691400
1,7634700
1,7675600
1,7627200
1,8309300
0,7647500
1,7697700
1,7623200
0,7669300
0,7766500
0,7685400
1,7642900
0,7697200
0,7644100
0,7804700
1,7623400
1,7657300
0,7645200
0,7673800
0,7627700
1,7715400
0,7626700
0,7677600
0,7609800
0,7776200
1,7312900
0,7475900
0,7380600
0,7385600
1,7366000
1,7693600
0,7379800
1,7712200
0,8438600
0,8924500
1,8746400
1,7977900
0,7627000
1,7733400
1,7787500
1,7925900
1,7606900
1,7650400
1,7618300
0,7706300
1,7615700
1,7796900
1,7634600
1,7769400
1,7721000
1,7714500
0,7511400
1,7625400
1,7544600
1,7671600
0,7514200
1,7610900
0,7543700
1,7582800
0,7575600
0,7864100
1,7969800
1,8280100
0,7826500
0,7713100
1,7415100
1,7622000
0,7443100
1,7376800
0,7487000
0,7562900
1,8223400
0,7500200
1,8477700
0,7674100
0,7823900
0,7680500
0,7630400
0,7694800
0,7653000
0,7624800
0,7692600
0,7625700
0,7697200
1,7643300
0,7684400
0,7624400
1,7685100
0,7583100
1,7553600
1,7335900
1,7476400
0,7383300
1,7591200
0,7321600
1,7460200
0,7381100
0,7434100
1,7364600
1,7477800
1,7375400
1,7460800
1,7314500
0,7469400
1,7376900
1,7654900
1,7545300
0,7500700
1,7349900
1,7451200
0,8775500
1,13020900
0,9160200
0,8602700
0,9042700
1,8533900
0,8920200
1,8710800
1,8140500
0,7629000
1,8261100
1,8458300
0,8825300
0,8615100
0,7664300
0,7783400
0,7816000
1,7781600
1,7988300
1,7785800
0,7809300
1,7786700
1,7817100
0,7787700
0,7807800
1,7802500
0,7812800
1,7856800
0,7770600
0,7628500
0,7685700
0,7724400
1,7619900
0,7769000
1,7611600
0,7833400
0,7627600
0,7697100
0,7625600
1,7660900
0,7627400
0,7669000
1,7408700
0,7381200
1,7461600
0,7397000
0,7396200
0,7474900
1,7411100
0,7395900
0,7518300
0,7378700
0,7492300
0,7395000
1,7374600
0,7380700
1,8058300
0,7399100
0,7947000
1,7383000
0,7479400
0,7396900
1,7482300
0,7384700
1,7435800
1,7409000
0,7373000
1,7653200
0,7656100
0,7568700
0,7471500
0,7643000
0,7471700
1,7564800
0,7471500
1,7799100
1,7470900
0,7608900
0,7469600
0,7530800
0,7467500
1,7981800
1,7464700
1,7556500
1,7469100
0,7575300
0,7467800
1,7901300
1,7455400
0,8171300
0,8098900
1,7627500
0,7607400
0,7590400
0,7609500
0,7743300
0,7636300
0,7712600
0,7685800
0,7776900
1,7616700
1,7700600
1,7616600
1,7689400
0,7625700
1,7684500
1,7595900
0,7814800
0,7677900
1,7675500
1,7619100
1,7680600
0,7645400
1,7761500
0,7627900
1,7833600
1,7633800
0,7691200
0,7626400
1,7666700
1,7626500
1,7547800
1,7464300
1,7522800
1,7474200
1,7529100
0,7468000
0,7594500
0,7506500
1,7469600
1,7567600
1,7564400
1,7842700
1,7470800
1,7497100
0,7522000
0,7588700
1,7407900
0,7476400
1,7374000
1,7541700
1,7314800
0,7540500
0,7380200
0,7462700
0,7322700
1,7443800
1,7780500
0,7463100
0,7326700
1,7420800
0,7525000
1,7420400
0,7613300
0,7384800
1,7592300
0,7491500
1,7573900
0,7384700
0,8428500
1,7668600
0,7707800
0,7625500
0,7681500
0,7646500
0,7812400
0,7625800
1,7729700
1,7642300
1,7716400
0,7625300
1,7674600
1,7666500
0,7650500
0,7491000
1,7378800
1,7402000
1,7433900
1,7537200
1,7447600
1,7391300
0,7433400
1,7313100
1,7460600
0,7398600
1,7417200
1,7318900
0,7381800
1,8723300
0,8449200
1,8475500
0,8441000
1,7317000
0,7565800
0,7378000
0,7631900
1,7323400
1,7638900
1,7375600
1,7564800
1,7988100
1,7772700
0,7959700
1,7873700
1,7810000
1,7863400
1,7839900
0,7853300
0,7829600
0,7840900
1,7829400
0,7873500
1,7786200
1,7442500
1,7404200
1,7566700
0,7411800
1,7593700
1,7525900
0,7646900
0,7442900
0,7349700
1,7494000
1,7461000
1,7904600
1,7734600
0,7672900
0,7586500
0,8293300
1,7696500
0,7818400
1,7574600
0,7659400
1,7575800
0,7630200
0,7560400
0,7596800
0,7516800
1,7643300
1,7652200
0,7801000
1,7658400
1,7750400
1,7643100
1,7723700
1,7658500
0,7750200
0,7649100
1,7732700
1,7659900
1,7742600
0,7663100
0,7435500
0,7429300
0,7551100
0,7340700
0,7490300
1,7424000
1,7459200
0,7327700
1,7459500
0,7410700
1,9218000
1,7499100
0,7626900
0,7428500
0,7635100
1,7629000
1,7439200
0,7531600
0,7626400
0,7456900
0,7438900
0,7452700
1,7926500
0,8169500
0,8334300
1,7344500
1,8623800
1,7642500
0,7940700
0,7657000
0,7737900
0,7739900
1,8258300
1,8147800
1,8179200
1,8110100
0,7918000
0,8264600
1,7896000
0,7826700
1,7872300
1,7864300
0,7898800
1,7889500
0,7911400
1,7831100
1,7996600
1,7863800
1,7884700
0,7814100
0,7891900
0,7819400
1,7736300
0,7643700
0,7750400
0,7658800
0,7744500
1,7656600
0,7735200
0,7671200
1,7788100
0,7673200
1,7705100
1,7651700
1,7592900
1,7417800
1,7489100
0,7723800
0,7701400
1,7400900
0,7438700
1,7421600
1,7529900
1,7395100
1,7422500
1,7381900
0,7583600
0,7613600
1,7653600
0,7497400
1,7638200
0,7551400
1,7568200
0,7494700
0,7718700
1,7548100
0,7621100
0,7488500
1,7630600
1,7537700
0,7660500
0,7348600
1,7605700
0,7818800
1,7525100
0,7503600
0,7468500
1,7617900
0,7485000
1,7511800
0,7449300
1,7562500
1,7608200
0,7506700
1,7599900
1,7658700
0,7613600
0,7646200
0,7595300
0,8016800
0,7482500
1,7747100
1,7473700
0,7517700
1,7492100
0,8277400
1,7622000
0,7718700
1,7534600
0,7708800
1,7493300
0,7641600
1,7541600
1,7588300
1,7553600
0,7615400
0,7548400
0,7770300
0,7490600
0,7651900
0,7466500
0,7429300
0,7437700
0,7406600
0,7517400
0,7442400
0,7414000
0,7406700
0,7551800
0,7456500
0,7459600
1,7490600
0,8294500
0,8190100
1,8087900
0,9883400
1,7671800
1,7761400
1,7660600
0,7811000
1,7681800
1,7705200
1,7680300
0,7732500
1,7723500
0,7816600
0,7810900
0,7856800
1,7871200
0,7958400
1,7807600
0,7852800
1,7849500
0,7846500
1,7803000
0,7858900
1,7839500
0,7854700
0,7821900
1,7617700
1,7529300
1,7690300
1,7535100
1,7559600
1,7557500
0,7634900
1,7510600
1,7618500
1,7542200
1,7621100
0,7552000
1,7640600
1,7410100
0,7675400
0,8223800
1,7693900
0,7393700
1,7533500
0,7485200
0,7747600
1,7296200
0,7613200
0,7434100
0,7417300
1,7432300
0,7590400
1,7770600
1,7675500
1,8012000
0,7753500
1,7907600
1,8238600
1,7946900
0,7981000
0,7688300
0,7801200
1,7692100
0,7744600
0,7776000
0,7749000
0,7627400
1,7732100
0,7635700
1,7776700
0,7630800
1,7683300
1,7617600
1,7713800
0,7627200
0,7702800
0,7646200
1,7408900
0,7464900
0,7383500
1,7663000
1,7406500
1,7518500
1,7374400
1,7382700
1,7410300
0,7467800
0,7379400
0,7614500
0,7487500
1,7481700
0,7470900
1,7588200
0,7476900
1,7701400
1,7479000
1,7524700
0,7484600
1,7515000
1,7462400
1,7609500
1,7512800
1,7527900
0,7460400
1,7495100
0,7492600
1,7390700
1,7427900
1,7326800
0,8359400
0,7520800
0,7573300
0,7413200
1,7462700
0,7385200
1,7530700
1,7335900
1,7597800
0,7471400
1,7592600
0,7486700
0,7528200
1,7491900
1,7533500
1,7494100
1,7621600
1,7466200
0,8217000
0,11371000
0,8962000
1,7811100
1,7820600
1,7813900
0,7817100
1,7800800
0,7848100
1,7785300
0,7794200
0,7803300
1,7804500
1,7797400
1,7783800
1,7945000
1,7656500
0,7627300
1,7922100
1,7628200
1,7731900
1,7621100
1,7728700
0,7628100
0,7697400
0,7626100
0,7681900
1,7763600
0,7840300
1,7625800
0,7683200
1,7626300
1,7698800
1,7619200
1,7685100
1,7620600
1,7706200
0,7628300
1,7720700
1,7638300
0,7726900
1,7446800
1,8303300
0,7918600
0,8965900
1,8295100
0,8751600
0,7844000
1,7740400
1,8309300
1,7945700
0,7667600
1,7479900
1,9189400
0,10606800
1,7874600
1,7839600
0,7835900
0,7906100
1,7827900
1,7835600
0,7829000
0,7966700
0,7830500
1,7833000
1,7802200
0,7886200
1,7666300
1,7756100
0,7679400
0,7742500
0,7663500
0,7776000
0,7695500
1,7808300
0,7670000
0,7729200
0,7682600
0,7724000
0,7367000
0,7429600
1,7652000
1,7336100
0,7582000
0,7428400
0,7960700
1,7349000
0,7489300
1,7406200
0,7551100
1,7550500
0,7547300
0,7541000
1,7678100
1,7539500
0,7678500
1,7587700
0,7758600
1,7541300
1,7677000
1,7465100
0,7564700
1,7547200
0,7540600
1,7539900
1,7583300
1,7505100
0,7564400
0,7472600
0,7667900
1,7460100
1,7464100
0,7914100
0,7491800
1,7531600
0,7470500
0,7540600
0,7486700
1,8323500
0,7579700
0,7571800
0,7520700
0,7774000
1,7369500
1,7515600
0,7612100
0,7539700
1,7450500
0,8050000
0,7494100
0,7812000
1,7518200
0,7821200
1,7642200
1,7715800
1,7627100
0,7707000
1,7626200
1,8116500
1,7971800
0,8611300
1,8633800
0,8529600
1,8114600
1,8126700
0,7900200
0,7810700
0,7813500
1,7802100
1,7760900
0,7798400
1,7782800
1,7803800
1,7780300
0,7874700
1,7800500
0,7814700
0,7789800
0,7863700
1,7798000
0,7829700
1,7775200
1,7821500
0,7807700
1,7787500
1,7782700
0,7798600
0,7882300
0,7789700
0,7801700
0,7426100
0,7395600
1,7618100
0,7353400
1,7773000
1,7571800
1,7469100
1,7374800
0,7456000
1,7409200
0,7542000
0,7689600
0,7576200
1,7581300
0,7550000
1,7523300
1,8158400
1,7741200
0,7781900
0,7505900
1,7606600
0,7473200
0,7964800
1,8360800
1,8615600
1,8546100
0,7821500
1,7787700
1,7795500
0,7786500
1,7815300
1,7800200
1,9673400
1,8582500
0,7809600
1,7822300
1,7813100
1,8024300
1,7684000
0,7644900
0,7679200
0,7628300
0,7683900
1,7653100
0,9056300
1,7698600
0,7630800
0,7693100
1,7627900
0,7766000
1,8356200
0,7428400
1,7362200
1,7372500
1,7378900
0,7570000
1,7619100
0,7540600
1,7791300
0,7382600
1,7553600
0,7382400
0,7611000
1,7379400
1,7486900
0,7501200
1,7566200
0,7471600
1,7565500
0,7470700
1,7573300
1,7465900
0,7695000
1,7464500
1,7542200
1,7465800
0,7557300
1,7455900
1,7458300
1,7381300
0,7382700
1,7640200
1,7327900
0,7493900
0,7378900
1,8541500
0,7662000
0,7627200
0,7527600
1,7895600
1,7490000
0,8146500
1,7701700
1,7704300
0,7641200
0,7680300
1,7648500
1,7682500
1,7639900
1,7857600
1,7708700
1,7682200
1,7684300
1,7693800
1,7889600
1,7700300
1,7641600
1,7984200
0,7649700
1,7688000
0,7644800
1,7746000
0,7638500
0,7989900
0,7703400
1,7892300
0,7804700
0,7653600
0,7690100
1,7623500
0,7624900
1,7707300
0,7628100
0,7679000
0,7620900
1,7700600
1,7600700
0,7678500
1,7597300
0,7780600
1,7355100
1,7450300
1,7382400
1,7628200
0,7545700
0,7580800
1,7389200
1,7433300
1,7313900
0,7588500
1,7373900
1,8543400
1,7533400
0,7380100
0,7379900
1,7419200
1,7840600
0,7395700
1,7313600
1,7461600
0,7322800
0,7518600
0,8536100
0,8419900
1,8909300
0,10598500
1,8399700
0,7797500
1,7706100
0,7690700
1,7627100
1,8802900
0,7631800
1,7689100
0,7646700
1,7826800
0,7677500
1,7730800
1,7763200
0,7789900
1,7792100
1,7809300
0,7831400
1,7818300
0,7789500
1,7843500
0,7792400
1,7775700
1,7803600
1,7805000
0,7789600
1,7651200
1,7627600
0,7704900
0,7625800
1,7687700
0,7625700
1,7768200
0,7639600
0,7730900
1,7631300
1,7915000
0,7626900
1,7682700
0,7502200
1,7784000
0,7469500
1,7777500
1,7476000
1,7545800
1,7469500
0,7528900
0,7470800
0,7551600
0,7473500
0,7548600
1,7445100
1,7553000
0,7383800
1,7477700
0,7322900
0,7546700
0,7510300
1,7433800
1,7374400
0,7527600
1,7374300
1,7330900
0,7620300
0,7699900
1,7699200
1,7489500
0,7572700
0,7837100
1,8314300
0,7630400
0,7606300
0,7562000
1,7508500
1,7463100
0,7730400
1,7461300
1,7559100
0,7510000
0,7895300
0,7627900
1,7662700
0,7624600
0,7685700
1,7659200
1,7743300
1,7618200
0,7702100
0,7627500
1,7683200
1,7618200
1,7986500
0,7628900
0,7698600
1,7617800
1,7702100
0,7628900
0,7691100
0,7626600
1,7701300
1,7625700
1,7674500
1,7615300
0,7699800
1,7654300
0,7551600
0,7383100
0,7535000
0,7385100
1,7462400
0,7418000
1,7739900
1,7467200
0,7321800
1,7443600
0,7642600
0,7544400
0,7319900
1,7488100
0,7395000
1,7471900
1,7525600
0,7617300
0,7402600
1,7438000
0,7323900
1,7462200
0,7415200
0,7436400
1,7314200
1,7619600
1,7415300
1,8675400
1,8264500
1,8777700
1,8814900
1,7666300
0,7381500
0,8597000
0,7580000
1,7535200
1,7506000
1,7457800
1,7315400
0,7683200
0,7626300
1,7712000
0,7624800
0,7683300
1,7602100
1,7707200
0,7623400
1,7797900
0,7637200
1,7683200
1,7686500
0,7700500
0,7532400
1,7575800
0,7471500
1,7515300
0,7466200
1,7769400
0,7472900
0,7469100
0,7754400
0,7501300
1,7693600
0,7518300
1,7552800
0,7514700
1,7511000
1,7496400
0,7552300
1,7488000
1,7692100
0,7473300
0,7548300
1,7484700
0,7523700
1,7443900
1,7517900
0,7484000
1,7517000
0,7321400
0,7477600
0,7398900
0,7416100
1,7314600
1,7471100
1,7370600
0,7382300
1,7475600
1,7476500
1,7612100
1,7380900
0,8192900
1,7551000
0,9526400
1,7750200
0,8424900
0,8660300
1,8883000
0,8738400
1,7602800
1,8721700
0,8856400
0,8719100
1,8530800
1,7869100
1,7789600
1,7793600
0,7807300
0,7825600
0,7788100
1,7789200
1,7800500
1,7814200
0,7789300
0,7799000
0,7806800
0,7776900
0,7471300
1,7500000
1,7501800
0,7547500
1,7471600
1,7526100
0,7485200
1,7518000
0,7473200
1,7528700
1,7497800
0,7521200
0,7471300
1,7540500
0,7416900
0,7499200
0,7323600
1,7477400
1,7388500
0,7510100
0,7323400
1,7449000
1,7756300
0,7542500
0,7327500
1,7378800
0,7551000
1,7471900
0,7527800
0,7469700
1,8344400
1,7489900
1,7532400
1,7467800
0,7537300
1,7475700
1,7517600
0,7470700
1,7533300
1,7423500
1,7714900
0,7380000
0,7754400
1,7363000
0,7478100
1,7320800
0,7512900
1,7397800
1,7575200
1,7417700
1,7586400
1,7354200
0,7320700
0,7655700
0,7483800
0,8391700
0,7644800
0,7889700
1,8300700
1,8513600
0,8394100
0,8671200
1,8262100
1,8409500
0,7859000
1,7708800
1,7776300
0,7787000
0,7798100
1,7805800
0,7802400
1,7765100
1,7792400
0,7787700
0,7842200
1,7781700
1,7811400
1,7766500
1,7786800
0,7512200
1,7569200
1,7476700
1,7507300
0,7472700
1,7598200
1,7469200
1,7529900
1,7467500
1,7548900
1,7475800
0,7572900
1,7406500
0,7411100
0,7320200
1,7463900
0,7578400
0,7435800
1,7298900
1,7595100
1,7436500
1,7330600
0,7549400
1,7360800
1,7674000
0,7918900
1,7569800
0,7466900
1,7641100
0,7483300
0,7538900
0,7471700
0,7518800
1,7485600
0,7550700
0,7470800
0,7579800
1,7505000
1,7541500
0,7360700
0,7799200
1,7460300
1,7577100
1,7375400
0,8102200
1,7825000
0,7847700
1,7458700
0,7622400
0,7399000
0,7471500
1,7571000
0,7733000
0,7644100
0,7694300
1,7618800
1,7699500
1,7642000
0,7686900
0,7629200
0,7626500
0,7693000
0,7622200
0,7684600
1,7634400
1,7612600
0,7379400
1,7500000
1,7313000
1,7643500
1,7377000
1,7463500
0,7353900
0,7451300
1,7351200
0,7480300
1,7384800
0,7416700
0,7380500
1,7372200
1,7381400
0,7492400
0,7758900
1,7386800
0,7384700
0,7488200
1,7395900
1,7366400
0,8822600
0,7504700
0,7382600
1,7371300
0,7692600
1,7567900
1,7481500
1,7471100
0,8512100
0,7492200
1,8310900
1,8322900
1,8488700
1,8177100
1,7464100
0,7532700
1,7534100
0,7725100
0,7627700
0,7759500
1,7645200
0,7689400
0,7626800
0,7687300
0,7665000
0,7625500
1,7944500
0,7666300
0,7845600
1,7617400
0,7674300
0,7626100
0,7692700
1,7594200
1,7685000
1,7641600
0,7804500
0,7625800
0,7730200
1,7619300
0,7718300
1,7617100
1,7643000
1,7339300
1,7588400
1,7375700
0,7469700
0,7319900
1,7457000
1,7361700
0,7469200
0,7323500
1,7448700
1,7426800
0,7610700
1,7315200
0,7801400
1,7381300
1,7528300
0,7323300
1,7716000
1,7374600
0,7524800
1,7324000
1,7422000
0,8035900
1,7718400
1,7639000
1,8213500
1,8022300
1,7628500
1,8104300
0,7850500
1,7623200
0,7624000
0,7701300
1,7682200
0,7629500
1,7640400
0,7704500
0,7622300
0,8198500
1,8338400
0,8502600
0,8960500
1,8054700
0,8206400
0,8393000
0,8085200
0,7630100
0,7784000
0,7628300
0,7685200
1,7623100
1,7821000
0,7793000
1,7796400
0,7792700
1,7822900
1,7787800
0,7953600
0,7789300
1,7862500
0,7788800
0,7798700
1,7766200
1,7805800
0,7715100
0,7704900
1,7614700
0,7688300
1,7625300
0,7800700
1,7730100
0,7799400
1,7638200
0,7680600
0,7641100
1,7696100
0,7623900
0,7707300
0,7397900
1,7391600
1,7359800
0,7913000
1,7407000
1,7554300
0,7355800
0,7544100
0,7465300
0,7321800
0,7439400
1,7369800
1,7469200
0,7551600
0,7523500
1,7398100
1,7436100
0,7320000
1,7490800
0,7565600
0,7649000
0,7322900
0,7585800
0,7382800
0,7578100
1,7291700
0,7586000
1,7466000
0,7606500
0,7475500
1,7679800
0,7471700
0,7612000
0,7472700
1,7507500
1,7486700
0,7574700
1,7465700
0,7675800
0,7601400
0,7402900
1,7766700
0,7380500
1,8659700
1,7602800
1,7581000
1,7410400
1,7470500
1,7655300
1,7530000
0,7322500
0,7563100
0,7623600
1,7694600
1,7774800
0,8227600
1,7803000
1,8076800
1,7743200
0,7786600
0,7679500
1,7865900
1,7644300
0,7698900
1,7643400
0,7796100
0,7798000
1,7832700
1,7785700
0,7793800
1,7860700
0,7861500
1,7802200
0,7810300
1,7783500
0,7860100
0,7793800
1,7826500
0,7717000
0,7857500
0,7627400
0,7873800
1,7619700
1,7714200
0,7626800
0,7686700
0,7626900
1,7824800
1,7622200
0,7674800
1,7617700
0,7589200
1,7715900
1,7844300
1,7330900
0,7481400
1,7383600
0,7443200
1,7316400
0,7476800
1,7382200
0,7783100
0,7320000
1,7611500
1,7971700
1,7689200
0,7625200
0,7750300
1,10453300
1,7623200
0,7650000
0,7995300
1,7659900
0,7678800
1,7643300
0,7731100
1,7632500
1,7580800
1,7479200
1,7688100
0,7472900
0,7550200
0,7650400
1,7625700
0,7471100
0,7544500
0,7487100
0,7471300
1,7542500
0,7470800
1,7850500
0,7383000
0,7423300
1,7344300
0,7577800
1,7374400
0,7418900
1,7376000
0,7421600
1,7415400
0,7384200
0,7386800
0,7641700
1,7370100
1,7751000
1,7389500
1,7507900
1,7376800
0,7485500
1,7374300
0,7498000
1,7475200
0,7323700
1,7477100
1,7477400
1,8875000
0,8703200
1,7899300
1,8037000
1,7606300
1,7741600
1,7645000
1,7657000
1,7638100
1,7686900
0,7642900
0,7687700
0,7626900
0,7951200
1,7636200
0,7735700
0,7631700
0,7692100
1,7695300
0,7719400
1,7642600
0,7846300
1,7674800
1,7707000
0,7649000
1,7788800
0,7752500
0,7830700
0,7643300
1,7712900
1,7568500
1,7627700
0,7491600
0,7556000
1,7660400
0,7584000
1,7616600
1,7497300
1,7621900
1,7529100
1,7614400
0,7490700
1,7629200
1,7534700
1,7629300
1,7480900
1,7640200
1,7537300
0,7627000
0,7480400
0,7714700
1,7562900
1,7655200
0,7651300
0,7781500
0,7551800
1,8465100
1,7555100
1,7741000
0,7540500
1,7608600
1,7572200
1,7550300
1,7649200
0,7627400
0,7572300
0,7740700
1,7548500
1,8025400
1,7610500
0,7745600
1,7496400
1,7662600
1,7675200
0,7580600
1,7498500
0,7583700
0,7687500
1,7514700
1,7588900
0,7739100
0,7779700
0,7546300
1,7584000
1,7526200
0,7669300
1,7666800
1,7591700
1,7521900
1,7678400
1,7542100
1,7550500
0,7551900
0,7678900
0,7548600
0,8177700
0,7560100
0,7794000
1,7618800
1,7607800
0,7510200
1,7695700
1,7543700
1,7640200
1,7507200
0,7608900
0,7550100
1,7610300
0,7506100
1,7673100
0,7864400
0,7666400
1,7577800
0,7556700
0,7550200
1,7676000
0,7555900
0,7575200
0,7544300
0,7620200
0,7659600
0,7634200
1,7536200
0,7549200
1,7621900
1,7485700
1,7643800
0,7543600
1,7632600
1,7468700
0,7628400
1,7542600
0,7738500
0,7493200
1,8630600
1,7542200
1,7750600
1,7540800
1,7566600
0,7544300
0,7626900
0,7548800
1,7598200
0,7504000
1,7601200
1,7824000
1,7563600
1,7550400
0,7802300
1,7545900
1,7827800
0,7481300
0,7765100
0,7548300
1,7580900
0,7540200
0,7646700
1,7539000
0,7691800
1,7337100
1,7801600
1,7602000
0,7723100
1,7357200
0,7940500
0,8100700
1,7784200
0,7521500
1,7478800
0,7557900
1,7512400
1,7345100
1,7740600
1,7661500
0,7746700
1,7682200
1,7677700
0,7670000
1,7720000
1,7658000
1,7802200
0,7679100
0,7909100
0,8173900
1,8197400
1,8414800
0,7954700
0,7873500
0,7777700
0,7670200
1,7729100
1,7683300
0,8276000
0,7957100
1,8465000
0,8897800
1,7720900
0,7805700
1,7900000
1,7834400
0,7850600
0,7832700
1,8035200
1,7821800
1,7868400
1,7812000
0,7864600
1,7827200
0,7987100
1,7852100
1,7915300
0,7669000
1,7761200
1,7679200
0,7711900
0,7666200
1,7709500
0,7681000
0,7718500
0,7667400
1,7738000
0,7683600
1,7798200
1,7376100
1,7548900
0,7430200
1,7515800
0,7344200
1,7699800
1,7459100
0,7524100
0,7340600
0,7614700
1,7439800
0,8261800
0,7560700
0,7865900
1,7690500
0,7780700
0,7648000
1,7963600
0,7692000
1,7739400
1,7665100
1,7707500
0,7683800
0,7736300
1,7679800
0,7732300
1,7532200
0,7741300
1,7535900
0,7606500
0,7548000
0,7614800
0,7546300
1,7718300
0,7491900
0,7642100
1,7511000
1,7483300
1,7468300
0,7387800
0,7499000
1,7330500
1,8255300
0,8644300
0,8746900
0,8397900
0,7383600
0,7405800
1,7410700
1,7581500
0,7356200
1,7643800
1,7711500
0,7836200
1,7780800
1,7783100
0,7798500
0,7964400
1,7763400
1,7784600
1,7766700
0,7819300
1,7789200
0,7819200
0,7815000
0,7438300
0,7384900
0,7438100
1,7799400
0,7325200
1,7447500
1,7375100
1,7417900
1,7360100
0,7408800
1,7432400
1,7712300
0,7322200
0,7483900
1,7474000
0,8117600
0,7753600
0,7529900
0,7430600
1,7538700
1,7318800
1,7460600
1,7384100
0,7518800
1,7377200
0,7582300
1,7675300
0,7702000
1,7624900
1,8182300
0,8241100
0,7718700
1,7621700
0,7673400
1,7599300
0,7730000
1,7606100
1,7673800
1,7608300
0,7658300
1,7462600
1,7853200
1,7535400
0,7485100
0,7539500
1,7459600
1,7539700
1,7503100
0,7590200
1,7517300
1,7518700
1,7499300
0,7634100
1,7585800
1,7435100
0,7394800
1,7522800
0,7321000
1,7485600
0,7417300
1,7609000
0,7318700
0,7442300
0,7395500
1,7525400
1,7322800
0,7690800
1,7398400
1,7321600
0,7466500
1,7353200
0,7455300
0,7380400
0,7382300
0,7378900
1,7450100
1,7320300
1,7647500
0,7381600
0,7531300
1,7343000
1,7543400
0,7381000
0,7557900
0,7750300
0,8703600
0,9811800
1,7544700
1,7466600
0,7452900
1,7315200
0,7487600
0,7573500
1,7772500
1,7620900
0,7703400
0,7627300
0,7693300
0,7642200
0,7677100
1,7619900
0,7694400
0,7658400
1,7693200
0,7626200
1,7687300
1,7391700
0,7319700
1,7581600
0,7381000
1,7680700
1,7314300
1,7450500
1,7375400
0,7469600
1,7356000
1,7474200
1,7382500
1,7841900
1,7479200
1,7516700
1,7460300
0,7563300
1,7485300
0,8063100
1,8749000
0,7576300
0,7473500
1,7539200
0,7627200
0,7542400
0,7470900
0,7593300
0,7383700
0,7571200
1,7314600
1,7355700
1,7801600
0,7514000
1,7768000
0,7606000
1,7738500
0,7734700
0,7481300
0,7323800
1,7508800
1,7480700
1,7614700
0,7470900
1,7688000
1,7478100
0,7562300
1,7468600
1,7516600
1,7476600
0,8147600
1,7549300
1,7745900
0,7929600
1,7765500
1,7635700
0,7726300
1,7485800
1,7612400
0,7470500
0,7617700
0,7484600
0,7555100
0,7467000
0,7539900
0,7502700
0,7694200
0,7622400
1,7898000
1,7652100
0,7959700
0,8627200
1,8977300
1,8788600
1,9016200
0,9033900
1,8842900
1,8599100
1,7723700
0,7841800
0,7789800
1,7820800
1,7782500
1,7827500
0,7789800
0,7936800
1,7785400
0,7814100
0,7787100
1,7800800
1,7793500
1,7756000
0,7625000
1,7670800
0,7629300
0,7701600
1,7722000
0,7686000
0,7625800
0,7697100
0,7626200
0,7680300
1,7613900
1,7998500
0,7538200
1,7575700
1,7519200
1,7464300
0,7776100
1,7464000
0,7621100
1,7474100
1,7525000
1,7485600
1,7560100
1,7483400
0,7981400
1,7514800
0,8631600
1,7621000
0,7619900
0,7512100
1,7528400
0,7469500
0,7683000
0,7467800
0,7545600
1,7440100
0,7586100
0,7467000
1,8733400
0,7631500
0,7684200
0,7626300
0,7693400
1,7632800
0,7687700
0,7627600
1,7908300
0,8044300
0,7842500
1,8183100
0,7829800
1,7632100
1,7658800
0,7642000
0,7687700
0,7625500
0,7684800
1,7661600
1,7737200
1,7614300
1,7679600
0,7642700
0,7671700
0,7625600
0,7719000
0,7397400
1,7574000
1,7361700
1,7432900
0,7401100
1,7462300
0,7384600
0,7383900
0,7760000
0,7320500
0,7483700
1,7375600
0,7488600
0,7323500
0,7552800
1,7355500
1,7528900
1,7295700
1,7530300
1,7375900
0,7458800
0,7323800
0,7479300
0,7413500
1,7557300
1,7534500
1,8554100
0,8738400
1,7510100
1,7528200
1,13196900
1,8428500
0,7647200
1,7402200
1,7579900
1,7447100
0,7434600
1,7430900
1,7630200
0,7690600
1,7934600
0,7674400
0,7753900
0,7676000
1,7766800
0,7646000
0,7732200
0,7684200
0,7845600
0,7646900
0,7748800
1,7698000
1,7825200
1,7675700
0,7701600
0,7689000
0,7733600
0,7664800
0,7777700
1,7703900
1,7728000
1,7650200
0,7950400
1,7654500
0,7508600
1,7426500
1,7870900
0,7342500
1,7447400
1,7572200
1,7569100
1,7330300
1,7471700
0,7421100
1,7657300
0,7344000
1,7494700
0,7424300
1,7574900
0,7402800
1,7545800
1,7423100
1,7736900
1,7429400
1,7529100
1,7406800
0,7581600
1,7331600
0,7921700
0,7429300
1,7657800
1,7662000
0,7845000
0,7670400
1,7722900
0,7646100
0,7737300
1,7680800
1,7969400
0,7760200
1,7734000
1,7647900
0,7781000
0,7690100
1,7488500
1,7624600
0,7566000
0,7612000
1,7486200
1,7601000
0,7570100
1,8799400
0,7542300
1,7587200
0,7563500
0,7612800
0,7654200
1,7494400
1,7439700
1,7626000
0,7422700
0,7518700
1,7484700
0,7467500
1,7402200
0,7498200
1,7445700
1,7433500
0,7411400
1,7446100
1,7446600
0,7629800
0,7487500
1,7425500
0,7447600
0,7539800
1,7430600
0,7454800
0,7467700
1,7618700
1,7809600
0,7574100
1,7519000
0,7564100
0,7629700
1,7482200
1,7669700
0,7424200
0,7530900
0,7343200
1,7687700
0,7418700
0,7545700
0,7343000
1,7539200
1,7426300
1,7497800
0,7775100
0,7602600
0,7423600
1,7862800
0,7342200
0,7606900
1,7425000
1,7583800
0,7362400
0,7822700
1,7416600
1,7992100
0,7906900
0,7743200
0,7875300
1,7851100
0,7693400
0,7713700
0,7668800
0,7729600
0,7685700
1,7702000
0,7665300
1,7709100
0,7685200
0,7718600
1,7595500
1,7520300
1,7491900
0,7471800
1,7595400
1,7485700
1,7520600
0,7469800
0,7531000
0,7467700
1,7618500
0,7471300
0,7531500
1,7360100
0,8289800
1,8096800
0,8958400
0,8616200
0,8894700
0,8100400
0,8511000
1,7944200
1,7379500
1,7390900
1,7378200
1,7594500
1,7772100
0,7788400
0,7816500
0,7825300
0,7827300
0,7793700
0,7802500
1,7794100
1,7917700
1,7779700
1,7820000
0,7807400
1,7718000
1,7623000
1,7785300
1,7626000
0,7809100
1,7641300
1,7713100
1,7614600
1,7683600
1,7626300
0,7719800
1,7629800
0,7686200
0,7477600
1,7559700
1,7318400
1,8277400
0,7580200
0,7546900
0,7613900
0,7417500
1,7580800
0,7604800
1,7368600
1,7577600
1,7411200
0,8043700
0,7843000
1,7918800
1,7987500
1,9134500
0,7630100
0,7722400
0,7628900
1,7701200
0,7629400
1,7862600
1,7654800
1,7672500
1,7620200
1,7700300
0,7641600
1,7799500
0,7627200
1,7711600
1,7634700
1,7679300
1,7617300
0,7827600
1,7663300
1,7692000
1,7612800
0,7602900
1,7486500
1,7535500
0,7472100
0,7606700
0,7489900
1,7515100
1,7462500
0,7544600
0,7506800
1,7948100
1,7464100
1,7623700
0,7488100
0,8136600
1,7479900
0,7560300
1,7660700
1,7445200
1,7536900
0,7471100
1,11883600
1,7517800
0,7472700
0,7766300
0,7473000
0,8342700
1,8103000
1,8571000
1,8483000
0,8610400
0,7631000
1,7917700
1,7724700
0,7884700
0,7651400
0,8263000
1,7598900
1,7737700
0,7797600
1,7795900
0,7790000
0,7806100
1,7797100
1,7820700
0,7790400
1,7792700
0,7823300
1,7799800
1,7806800
1,7800000
0,7569100
1,7406800
0,7321600
1,7469100
0,7393300
0,7626700
0,7321400
1,7457800
1,7387800
1,7772800
1,7298500
1,7441100
0,7392100
1,7587900
0,7322800
0,7505000
0,7401200
1,7500900
1,7319900
0,7479000
1,7663500
1,7322900
1,7418800
0,7379400
0,7600100
1,7319900
0,7473500
1,7371900
0,7441400
1,7314800
0,7636100
0,7376700
1,8189200
0,8458600
1,8622000
0,8078500
0,9448000
1,8755400
1,8683000
0,8455700
0,7815300
0,7840000
0,7795400
1,7813200
0,7790600
0,7796900
1,7780200
0,7900900
1,7800100
0,7817700
1,7804200
1,7814300
1,7718600
1,7809200
1,7638800
1,7664900
0,7624700
0,9242800
0,8802200
0,7699200
0,7626000
0,7682200
1,7653300
0,7864300
1,7602000
0,7825200
1,7387100
1,7964000
1,7301300
1,7493100
0,7395100
0,7535100
1,7310200
0,7504300
0,7396200
1,7634400
0,7382300
0,7640800
1,7527000
0,7542700
0,7473800
1,7664600
0,7511200
0,7575600
1,7488100
0,7556000
0,7515500
0,7611400
0,7472000
0,7741800
0,7484600
1,7571200
0,7756400
0,7543900
0,7429100
0,7623300
0,7460000
1,7314700
1,7452800
1,7403500
0,7546500
0,7352500
1,7536200
1,7375200
1,7520100
1,7466700
0,7694100
0,7566900
1,7694400
0,7469300
1,7662500
1,7473300
1,7543600
0,7472000
0,7613300
1,7530900
1,7527100
1,7460100
0,8011100
0,8267700
1,7692700
0,7527500
0,7564700
1,7467300
0,7643800
1,7486400
1,7513700
0,7493200
1,7461500
0,7581600
0,7470400
0,7878500
0,7625500
0,7686100
1,7615200
1,7652300
0,7626400
0,7697300
0,7624800
1,7677200
1,7617200
1,7676700
0,7625600
0,7806700
0,7485700
0,7490100
1,7379300
0,7375300
1,7382300
0,7570700
1,7317400
0,7719200
1,7370500
1,7553300
1,8565300
0,8332600
1,8773500
1,8252700
1,7839300
1,7885400
0,7703600
1,7670500
1,7632100
1,7932400
1,7651900
1,7693500
1,7630500
1,7676100
1,7650100
0,7696500
0,7626200
1,7736800
0,7637900
0,8119800
0,7626500
1,7677000
0,7645800
1,7687800
1,7640400
0,7792600
1,7641900
0,7694000
1,7604000
0,8412900
0,7644200
0,7707200
0,7627600
1,8135900
0,7761500
1,7790400
0,8149600
1,7814600
1,7924500
0,7675100
0,7625900
1,7764800
0,7785300
0,7804400
0,7788800
0,7823400
1,7786400
0,8026900
0,7786400
0,7814300
1,7775400
1,9259300
0,7791200
1,7828300
0,7750300
1,7754400
1,7341600
1,7451800
0,7409300
0,7634200
0,7355400
0,7468300
1,7376600
1,7516900
0,7323600
1,7452300
1,7357800
1,7564700
0,7735700
0,7590500
0,7473500
0,7741600
1,7465400
0,7559700
1,7468500
1,7530100
0,7485700
0,9351900
0,7472400
0,7551300
0,7499300
1,7631500
1,7527800
0,7878500
0,7522300
0,7544800
1,7467500
1,7610100
1,7480200
0,7973500
1,8400600
0,8877000
1,8913800
1,8334200
1,7871300
1,7843300
0,7841800
0,7808700
0,7788600
0,7833400
1,7780100
1,7803400
1,7782200
1,8047500
0,7790400
1,7794800
1,7783000
0,7832600
0,7787400
1,7789000
0,7788100
1,7804900
0,7785800
1,7790300
0,7787400
1,7827400
0,7789900
0,7802500
0,7804100
0,7507200
0,7382300
1,7454800
1,7350100
0,7458000
1,7471000
0,7830200
1,7493900
0,7531600
1,7383600
1,7451000
1,7324800
0,7567800
0,7427600
0,7527600
1,7333300
0,7956100
1,7373200
0,7531400
0,7357100
1,7721300
1,7430900
1,7618000
0,7955900
0,7748200
0,7651900
1,7923800
1,7627200
1,7572400
0,7546900
0,7545800
1,7658000
1,7492800
1,7599700
1,7540200
1,7631300
1,7489700
0,7608200
1,7533000
0,7856100
1,7314600
0,7600700
1,7445700
0,7527200
1,7426100
1,7522600
1,7412100
0,7849600
1,7360000
0,7676600
1,7438900
0,7643800
0,7341700
0,7957400
0,7976000
1,7796200
1,7600400
0,7715100
0,7555700
0,7640400
0,7545200
1,7484300
0,7810200
0,7577000
0,7616300
1,7487400
1,7833800
1,7677400
0,7758000
0,7679100
1,7717700
1,7652900
1,7745100
0,7663700
1,7716000
0,7661500
0,7745100
0,7666300
1,7801300
1,7515800
1,7883900
1,7538200
1,7643500
0,7751400
1,7627700
1,7536100
1,7631500
0,7492600
1,7606300
0,7548900
0,7652300
0,7499800
1,7601200
0,7552000
1,7873000
1,7548100
1,7626400
0,7540600
0,7632500
1,7486800
1,7573900
1,7520500
1,7840700
0,7512200
1,7564700
1,7535700
1,7755300
0,7487200
1,7622900
1,7544400
0,7743000
1,7542100
0,7493700
0,7637900
1,7585800
0,7716800
0,7495200
1,7750500
0,7536400
1,7524600
0,7342400
1,7541700
1,7441600
1,8269700
1,8310600
0,7735200
0,7431000
0,7617000
1,7435500
1,7445000
0,7444200
0,7677200
0,7668900
0,7725700
0,7690100
0,7718200
1,7654500
1,7753400
0,7875400
1,7721500
1,7662200
0,7758200
0,7656700
0,7844500
1,7634400
1,7623500
1,7469500
1,7816900
1,7541500
0,7639600
1,7503700
0,7629400
0,7547400
1,7683000
1,7469800
0,7690000
1,7545700
1,7626600
0,7341500
0,7472500
1,7482800
0,7589300
0,8592900
1,8188200
0,9075200
0,8574100
0,8830300
1,8060200
0,8090600
1,8274600
1,7791400
1,7761500
0,7698800
0,7745800
0,7648400
0,7752500
0,7706600
0,7860200
0,7645200
0,7909600
1,8018400
0,8003800
0,8550700
1,7894800
0,7813200
1,7832700
1,7835500
0,7884200
0,7810500
0,7879000
1,7802400
0,7922300
1,7822700
1,7841100
1,7847000
0,7793300
1,7663300
0,7735000
1,7640200
1,8351800
1,7672000
0,7736400
1,7639400
1,7818900
1,7652800
1,7764400
1,7671300
1,9801400
1,7779100
0,8260200
0,7671800
0,8341000
1,8054300
0,7775500
0,11165700
0,10536700
1,10172100
1,8435300
0,9562700
1,8775100
1,8006300
0,7970300
1,7844400
1,7888900
0,7842200
0,7856500
0,7855700
1,7884000
0,7829400
1,7866200
0,7836400
0,7860100
1,7812400
1,7881300
0,7985200
1,7898200
1,7833900
1,7905800
0,7860500
0,7868400
0,7810200
1,7849500
1,7817200
1,7812400
1,7751000
0,7671200
0,7627800
0,7693600
0,7625100
1,7856800
0,7627200
1,7685400
0,7529000
0,7660600
0,7625700
1,7693700
1,7597600
0,7954100
0,7617000
1,7582200
1,7498900
1,7715900
0,7534400
0,7576300
1,7708300
0,7563200
0,7516300
1,7691200
1,7475100
1,7663900
1,7567900
1,7618500
1,7544100
0,7728900
1,7575000
1,7573500
0,7546700
1,7648700
1,7584400
0,7574100
1,7549400
1,7603200
0,7526100
1,7546500
0,7454800
0,7497000
0,7439700
1,7431500
0,7427800
0,7914800
0,7432700
0,7517400
0,7362300
1,7496500
0,7448300
1,7617100
0,7435800
0,7769400
0,7451300
0,7422600
0,7570600
1,7814100
0,7444500
0,7346700
0,7741500
0,7521300
1,7656200
0,7471700
0,7597400
1,7381000
1,7486600
1,7496700
1,7597500
1,7463800
0,7855200
0,7475900
0,7544900
1,7473200
1,7692100
1,7449300
0,7524600
0,7469200
0,7551000
1,7525600
0,7397100
1,7372700
0,7849600
0,7983700
0,7835600
1,7596200
1,7656700
1,7359500
0,7414700
0,7382000
0,7452500
1,7330100
1,7302500
1,7595700
0,7914600
1,7629000
1,7680800
1,7714600
1,7689300
1,7641400
1,7801700
0,7725800
0,7729900
1,7633400
1,7787800
1,8975800
0,7590000
1,7540600
1,7855400
0,7486600
0,7978500
0,8374700
0,8709500
0,9051400
1,8556200
1,7576200
1,7622300
1,7551000
0,7860100
0,7874100
1,7973400
1,7829300
1,7859100
0,7836500
1,7898800
1,7806100
1,7859900
1,7824900
0,7919600
0,7829600
0,7845500
0,7572800
0,7540100
0,7421200
0,7510100
0,7413400
0,7503300
0,7406200
1,7669500
0,7412000
0,7674400
1,7371900
0,7462400
1,7376100
0,7591700
0,7678000
1,7424700
1,7412500
0,7511300
0,7420800
0,7551600
1,8020100
1,8262700
1,8627900
1,8429900
1,7444600
1,7546500
1,7768300
1,8093400
1,8001700
1,8085500
0,7822700
1,8018400
0,7693100
0,7714000
1,7670300
0,7734600
1,7675300
0,7712000
0,7668100
0,7913800
0,7872600
1,7860600
0,7812100
1,7847000
1,7838500
1,7829500
1,7826100
1,7948900
0,7830000
0,8977600
1,7834100
1,7801400
0,7504000
1,7597300
1,7418100
0,7516100
0,7469500
0,7516200
1,7419000
1,7553400
0,7324900
0,7518100
0,7426200
0,7528100
1,7334200
1,8593200
1,9483400
0,8929200
0,9314500
1,9422200
1,8524800
0,8075800
0,8183100
0,7429400
0,7667600
0,7462600
0,7408200
0,7854900
1,7884700
0,7836800
1,8129400
1,7789800
1,7828800
1,7804400
0,7928600
0,7827600
1,7814000
0,7795200
0,7814900
1,7801900
0,7771500
0,7773900
1,7683000
0,7674300
1,7759100
0,7625700
1,7680000
1,7658500
1,7673300
1,7625600
0,7690900
1,7651700
0,9892200
0,7469600
1,7523300
0,7757800
0,7559800
0,7472800
0,7535300
0,7485600
0,7737000
0,7535200
0,7609900
0,7676800
1,7780800
1,7564000
0,7706500
0,7789700
1,7614900
0,7681800
1,7648600
0,7685500
1,7613100
0,7669900
0,7661500
0,7686500
0,7623700
1,7676800
0,7707100
0,7508300
1,7371400
1,7489200
1,7389000
1,7385600
0,7384100
0,7433000
0,7398100
0,7450500
0,7383200
0,7601700
1,7370600
1,7431200
1,7358700
1,7434900
1,7391300
1,7364900
1,7389700
1,7381600
1,7416900
1,7588800
0,7652500
1,7364800
1,7464700
0,7323500
0,7529600
0,7382900
1,8870800
0,7580300
0,7776200
1,7472000
0,7586500
1,7312600
1,7566500
0,7383700
1,7533000
0,7322800
1,7481400
0,7383400
1,7645700
0,7626300
0,7698200
1,7621500
1,7639000
1,7644400
1,7735800
0,7629400
0,7701500
0,7627200
1,7675400
0,7627400
1,8208700
0,7588200
0,7585800
0,7378600
1,7464500
0,7385500
1,7532000
1,7342200
1,7448300
1,7397200
0,7321100
1,7532900
0,7415700
1,7541100
1,7316400
1,7489100
0,7398000
1,7494700
0,7353700
1,7548200
0,7396500
1,7660000
0,7354100
0,7448200
0,7396700
0,7377700
0,7411400
0,7669300
0,7456300
0,7497200
1,7347200
0,7579800
0,7479600
0,7340100
0,7451700
1,7720500
0,7540300
1,7333800
1,7737200
0,7515700
1,7522100
1,7409200
0,7436300
1,7699400
0,7543200
1,7442300
1,8877100
0,7549200
1,7495100
0,7486600
1,7387900
1,7402600
0,7545300
0,7422800
0,7464900
0,7689900
0,7750700
0,7718100
0,7866900
0,7706300
1,7770400
0,7664600
1,7730200
0,7649500
0,7805700
0,7670200
0,7832300
1,7661600
1,7898200
0,7664000
0,8256800
1,8067200
1,8927600
1,8664200
1,8654400
0,8851300
0,7394100
0,7426000
0,7323000
0,7512700
1,7625500
0,7801000
1,7790000
1,7803300
1,7792000
1,7849000
1,7805800
0,7798800
1,7777600
0,7799100
1,7777100
1,7758000
0,7790800
0,7850900
0,7397600
1,7386500
1,7391300
0,7380000
1,7460800
0,7317600
1,7671700
0,7392000
0,7683300
0,7319200
1,7459100
1,7379300
0,7573400
1,7551000
0,7553300
1,7465100
0,7675400
1,7465100
1,7570000
0,7471800
1,7684900
1,7468500
1,8244900
0,7647500
0,7661100
1,7536500
0,7682900
0,7633100
1,7682900
1,7625700
0,7687900
0,7625800
1,7731900
1,7617100
1,7681700
1,7627600
0,7807700
0,7627400
0,7750100
0,7606900
0,7494200
1,7381400
0,7589700
1,7447900
1,7469200
0,7606400
1,7319500
1,7438700
1,7574100
1,7647500
0,7380800
0,9044700
1,7606800
1,8049900
1,7548000
0,8026600
0,7532100
1,8411400
1,8231700
0,8698600
1,8022000
0,7474900
1,7530100
1,7489300
1,7684500
1,7787100
1,7788500
1,7802400
1,7801200
0,7788300
0,7918200
0,7836900
0,7813100
1,7811900
0,7815200
1,7804600
1,7864100
0,7801900
0,7983000
0,8355500
1,7741700
0,7754300
1,7728100
0,7630300
1,7691700
0,7625900
1,7718300
0,7630300
0,7796200
1,10399500
1,10445100
0,10651500
0,10514000
1,7885500
1,7810100
1,7791800
1,7825600
1,7806300
1,7819800
1,7823700
0,7810800
0,7819200
1,7803600
1,7886900
0,7826700
1,7844200
0,7802100
1,7902300
0,7831300
1,7813500
0,7790000
0,7989300
1,7790200
1,7793800
1,7735500
0,9177300
1,7598200
0,7692800
0,7626000
1,7877800
1,7620700
0,7691000
0,7627600
1,7707200
0,7721700
1,7687300
1,7600200
0,7571300
1,7379700
1,7451700
1,7380900
0,7458000
0,7380600
0,7398400
0,7386700
1,7916500
1,7394100
1,7375700
1,7536000
0,7457800
0,7775100
0,7518000
1,7509600
1,7505100
1,7826600
0,7472300
1,7535900
0,7517900
0,7590000
0,7472500
1,7547900
0,7489400
0,7591100
1,7469200
0,7494500
0,7416700
0,7452300
1,7310900
0,8566800
1,7580500
1,7615000
0,7705200
1,7383500
0,7399100
0,7480300
0,7383500
1,7423800
0,7464700
0,7960800
0,7477000
1,7569900
0,7591100
0,7472900
1,7599500
1,7466300
1,7564700
0,7470400
0,7534200
0,7505200
0,7575800
1,7464400
1,7818500
1,7480000
0,7535400
1,7534700
0,7620900
0,7471600
1,7547500
1,7459500
0,8166200
0,7724500
0,7702200
0,7470400
1,7598800
0,7395300
0,7371800
1,7394900
1,7379500
1,7386700
1,7396800
0,7378300
1,7549100
1,7589700
1,7741800
0,7791200
1,7913800
1,7809400
0,7817300
1,7993800
0,7600900
1,7550200
1,8231000
1,7725300
1,7597200
1,7772700
1,7585600
0,8304200
0,7932900
1,7788000
1,7684500
0,7792600
0,8294900
0,7902100
0,7836000
0,7839900
1,8061700
1,7835800
1,7850700
1,7842100
1,7898400
0,7860700
0,7903000
0,7886600
0,7916000
1,7869300
1,8076900
0,7856700
1,7924600
0,7845100
0,7876800
0,7814500
0,7875000
0,7873500
1,7820100
0,7851900
1,7701700
1,7653300
0,7755900
1,7686100
0,7795200
1,7701600
0,7715200
1,7688200
1,7693200
1,7664300
0,7746200
0,7686300
0,7772400
0,7592900
1,8589600
0,7566400
0,8000900
0,7491000
0,7603900
1,7594600
0,8019500
1,7538400
1,7558500
1,7572900
1,7561400
0,7522000
1,7849700
0,7698800
0,7768300
0,7768600
1,7736200
0,7693600
1,7727400
1,7663600
1,7882600
0,7646800
1,7731600
1,7661400
1,7777300
1,7485200
1,7728700
1,8145600
1,8014600
0,7815300
1,7643600
1,7550300
1,7751500
0,7556100
0,7568100
0,7550200
1,8034800
0,7899100
0,7929800
0,7652500
1,7746000
1,7646800
1,7838100
0,7651900
0,7767200
1,7680400
0,7740000
1,8196300
0,7730800
0,7666000
1,7736400
0,7719100
1,7698800
1,7635400
1,7661400
0,8326700
1,7698200
0,7672000
1,7789000
1,7703700
0,8115800
0,8049600
1,7903200
1,7686800
1,7834000
0,7709200
0,7717700
0,7693000
0,7778900
0,7665400
0,7650200
0,7766400
1,7661600
1,7769600
1,7712900
0,7724000
0,7811500
0,7734900
1,7675700
1,7604600
1,7521200
0,7787900
1,7573900
0,7661600
1,7537400
0,7624300
1,7567500
0,7583200
1,7568800
1,7639100
0,7562800
1,8918200
0,7719500
0,7600400
1,7552600
1,7742200
1,8535000
1,8730100
0,8325000
1,9078000
1,8982600
1,8330100
1,8322900
0,7817300
1,7890700
1,7857200
1,7912700
1,7777200
0,7810700
1,7808400
1,7792600
1,7774100
0,7944600
0,7789800
1,7809800
0,7788000
1,7829300
0,7787100
0,7806200
0,7789100
1,7816500
1,7790000
0,7806200
0,7787400
1,7813500
0,7788900
1,10524300
0,7691800
0,7472500
1,7541300
1,7461900
0,7579600
1,7465000
0,7552200
0,7727000
0,7566400
0,7469600
0,7600400
1,7467800
0,7591000
0,7345300
0,7383500
0,7454100
1,7601500
1,7531900
1,7382400
1,7674800
1,7341900
0,7438600
0,7378500
0,7490800
0,7335400
1,7570300
1,7419900
1,7614200
1,7462200
0,7541300
0,7501400
0,7518800
0,7485900
0,7468800
0,7576800
0,7473600
1,7835600
0,7469600
1,7537700
0,7438800
1,7753400
0,7320600
0,7417400
1,7357500
0,7594100
0,7323300
1,8702500
0,7948800
1,7620900
1,7420700
0,7516600
1,7370200
0,7595500
0,7630600
1,7654900
0,7622600
0,7696900
0,7628700
1,7681800
0,7623600
1,8497400
1,7988600
1,7720000
1,7625700
1,7762500
0,7623500
1,7450400
0,7321000
1,7466900
0,7379100
1,7403200
1,7375300
0,7744800
0,7381200
0,7431300
0,7383000
1,7394900
1,7778200
1,7336100
1,7564000
0,7587600
1,7615100
0,7471100
1,7737100
1,7511800
1,7552700
1,7466500
0,7574800
1,7459800
1,7538400
1,7462300
1,7574600
1,7481200
1,7553600
0,7471400
1,7585100
1,7596700
0,7686000
1,7521400
1,7645100
1,7468100
0,7802600
1,8429900
1,7515400
1,7518500
0,7618200
0,7628600
1,7792500
1,7655200
1,7695600
0,7622400
0,7700800
0,7629400
0,7680300
1,7618400
1,7925500
0,7770200
0,7901000
0,7629700
0,7698900
0,7627500
0,7686900
0,7627600
1,7714100
0,7717200
0,7733100
1,7618800
1,7658500
1,7638900
1,7617100
0,7688400
0,7523300
1,7433400
0,7320600
1,7489400
0,7391100
1,7470500
1,7330500
0,7517200
0,7703600
1,7479400
1,7333500
0,7465400
1,7408900
1,7473500
1,7338100
1,7490000
0,7396200
0,7580000
0,7375000
0,7590200
1,7567500
0,7426800
0,7384000
1,7494200
0,7397400
1,7311000
1,7411900
1,7383600
0,7456300
0,7319500
1,7642400
0,7412300
1,7464200
0,7323500
0,7451000
1,7375400
1,7506200
0,7321800
1,8282000
0,7381900
0,7543100
0,7610000
0,7587900
1,7486900
0,7545000
0,7508300
1,7534300
0,7570400
0,7579300
0,7476000
0,7548000
1,7500000
1,7656900
1,7477500
0,7754700
1,8210900
1,7947500
0,7502200
0,7501500
1,7373300
0,7501300
0,7378800
1,7293400
0,7513600
0,7443200
0,7472300
0,7321700
1,8267900
0,8139000
0,8446600
1,8642000
0,7785400
1,7693600
0,7646600
1,7611000
0,7577900
1,7586600
0,7586000
1,7672900
0,9240600
1,7734300
0,7918300
1,7720800
0,7700300
1,7823800
0,7646400
0,7734400
0,7712600
1,7731500
0,7645100
1,7726200
1,7678400
1,7731300
1,7539300
0,7496700
1,9787500
1,7920000
0,7548300
0,7609700
0,7547200
1,7669300
1,7573100
0,7654800
1,8307000
0,8096400
1,7625700
0,7780800
0,7803400
0,7824100
1,7523200
1,7649700
0,7625300
1,7928800
1,8109600
1,8505500
0,9075200
0,10044600
0,8307200
0,7885500
1,7808900
1,7830700
1,7850200
0,7977300
0,7865000
1,7964000
0,7949000
1,7896200
0,7854500
0,7877000
0,7806500
1,7827800
1,7854300
1,7848800
0,7880000
1,7827000
1,7997100
1,7848700
0,7842500
1,7821000
1,7853500
0,7857600
1,7828600
1,7801500
1,7728500
1,7681400
0,7788300
1,7902600
1,7898400
0,7680200
1,7897400
0,7665300
0,7737200
0,7672300
1,7726200
1,7657200
0,7767600
1,7490200
1,7607600
0,7545700
1,7646700
1,7496400
0,7501200
0,7648200
1,7537100
0,7683400
1,7540000
0,8884400
1,7473500
1,7626500
0,7471600
1,7676700
1,7487700
1,7536800
0,7509600
0,7524800
1,7484600
1,7552400
1,7462500
0,7609900
1,7488200
0,7550000
1,7461700
0,7639900
1,7842900
0,7581300
1,7335800
1,7566400
1,7379900
1,7477500
0,7319100
1,8089500
0,8003800
1,7696800
1,7503300
0,7565300
1,7568700
1,8045400
0,7966400
1,7829000
1,7614300
0,7703600
1,7607800
0,7770200
1,7628200
1,7723500
1,7640000
1,7690500
0,7627100
0,7679100
0,7587300
0,7702800
1,7372500
1,7462100
0,7674500
1,7411800
1,7395700
1,7373100
0,7443200
0,7399100
0,7414700
1,7372500
0,7460800
0,7483700
0,7540800
1,7463000
0,7842700
0,7485700
0,7588900
1,7467500
1,7908500
0,7495200
0,7720300
0,7470800
1,7616300
0,7504300
0,7531100
0,7472200
1,7771400
0,7485500
0,7471800
1,7560700
1,7442800
1,7711600
0,7481600
1,7648900
0,7471000
1,7652600
1,7484800
0,7547800
0,7469700
1,7529100
1,7445200
1,7555600
1,7573100
0,7676300
0,7471100
1,7515200
1,7460900
0,7592100
1,7486000
1,7941200
1,7784300
0,7657500
1,7487300
0,7555800
0,7466900
0,7671300
0,7469000
1,7560400
1,7771700
1,7716000
1,7549000
0,7743900
1,7540800
0,7725300
1,7679400
1,7641500
1,7709200
1,7821800
1,7744000
0,7665800
1,7691700
1,7689200
0,7724700
1,7664100
0,7719500
1,7664600
0,7772400
1,7426900
1,9514500
1,7501100
1,7431400
1,7564300
0,7521100
0,7494100
1,7403500
0,7425900
1,7637200
0,7408700
1,7458300
0,7419500
1,7653700
0,7475900
0,7622100
1,7420700
0,7558200
0,7342100
0,7536600
1,7424300
1,7542500
1,7327100
1,7557300
0,7410500
1,7758500
0,7491300
0,7637300
1,7536800
0,7577000
1,7491800
0,7662300
0,7549400
0,7567900
1,7499000
0,7638200
0,7547800
1,7634600
0,7494400
1,7497300
0,7407500
1,7548600
0,7376200
0,7425900
0,8558200
1,7649300
0,8588200
0,8599200
0,8278500
1,8443100
0,7409700
1,7525300
1,7654900
0,7980400
0,7706300
0,7742900
1,7844200
1,7897600
1,7664900
1,7704500
0,7654400
1,7723700
1,7666200
1,8118500
0,9175000
0,7788300
0,7650400
1,8936200
1,8088700
1,7909500
1,7668300
1,7733900
0,7649100
0,7724500
1,7709600
1,7896500
1,7653900
0,7759200
1,7673500
1,7796400
0,7676300
0,7759100
1,7706200
0,7754900
1,7704700
0,7753500
0,7706800
1,7771400
0,7688300
0,7839100
1,7630000
1,7805200
0,7646700
1,7498900
0,7601800
0,7556800
1,7611300
0,7491900
1,7609800
1,7559200
1,7629300
1,7544400
0,7556500
1,7545400
1,7508200
1,7911500
0,7908900
1,7432800
1,7630500
1,7407000
0,7619600
1,8162100
0,7529000
1,7565700
0,8427900
1,7861500
1,8059100
1,7818600
1,8192500
0,7836700
0,7961700
1,7721500
1,7897100
1,7658500
0,7745100
0,7666400
1,7756500
1,7697400
1,7743900
0,7647500
1,7769900
1,7636700
0,7737600
1,7630200
0,7986000
0,7670700
1,7721400
1,7683100
1,7722500
0,7673300
1,7723000
0,7692100
1,7564200
1,7720800
0,7789600
0,7587800
0,7665700
1,7512200
0,7967500
0,7535200
0,7563800
1,7481900
0,7611700
1,7544500
0,7744100
1,7470700
1,7660600
1,7556600
0,7657600
0,7537000
1,7602400
1,7561700
1,7543100
0,7619500
1,7524300
1,7604900
0,7542700
1,7516400
1,7467200
0,7629000
0,7405800
0,7446400
0,7423700
0,7511700
0,7459100
0,8030300
0,7415100
0,7874400
1,7531200
0,8107900
1,8326000
1,7766200
0,7737800
0,7899300
1,7651900
1,7835400
0,7738200
0,7739900
1,7709400
1,7826400
1,7659000
1,7847400
1,7682100
1,7874300
1,7665600
1,7734300
1,7681200
1,7708500
1,7917500
0,7754300
0,7691600
0,7736000
0,7648500
1,7711600
1,7660300
1,7745900
0,7650500
0,7636600
0,7591100
1,8483900
0,8486500
0,8853100
0,8943900
1,7514100
1,7646700
0,7573300
0,7705600
0,7552500
0,7619400
0,7652400
1,7826700
0,7810800
1,7802800
0,7848600
0,7829200
0,7808700
0,7848900
0,7852600
1,7873000
1,7829600
0,7861800
0,7873300
0,7699500
1,7429800
0,7337300
1,7524400
1,7425600
0,7507500
0,7338100
0,7471600
1,7823600
0,7977100
1,7357200
1,7500600
1,7416000
1,7543200
0,7445100
0,7531700
0,7423800
0,9127200
1,8206800
1,7585900
0,7589100
1,7440800
0,7397600
1,7432500
0,7382200
0,7556200
0,7475900
1,7689100
1,7598800
1,7698500
0,7644700
1,7671000
0,7655300
0,7681100
0,7638900
0,7686600
1,7617200
0,7740200
1,7663800
0,7864300
0,7342800
1,7806000
1,7419400
1,7468100
1,7416100
1,7479100
0,7571500
1,7502700
1,7339500
0,7409000
1,7556300
0,7408900
1,7431600
1,7524300
1,7636800
1,7545800
1,7588000
0,7594100
1,7647200
1,7541700
1,7577400
1,7510800
1,7778400
0,7545600
1,7579800
1,7523500
0,7542900
0,7424800
0,7424000
1,7415600
0,7504900
0,7406500
0,7477300
1,7361400
1,7519900
0,7430400
0,7663400
0,7504000
0,7592500
1,8691100
0,8442400
1,8494400
0,7953100
1,7651800
0,7824600
0,7712800
1,7804400
0,7768700
0,7812900
0,7697900
1,7710900
0,7776200
1,7820900
1,7852400
1,8268600
1,7805100
1,8395800
1,7849700
1,7867700
0,7829800
1,7877900
1,7823600
0,7855100
0,7834500
0,7854100
0,7491900
1,7647200
1,7746700
0,7723700
0,7494500
1,7695600
0,7546000
0,7648900
0,7491600
1,7638800
0,7539900
0,7704300
0,7476900
0,7487400
0,7380500
0,7666600
1,7322900
1,7546700
0,7385700
1,7454000
1,7335100
0,7457500
1,7373800
0,7392400
1,7398500
0,7379200
1,7464800
0,7413200
1,7525300
1,7379900
0,7434200
0,7391900
0,7471200
1,7373000
0,7455200
0,7648800
1,7455500
0,7383100
0,7529200
0,7397900
1,7482100
1,7341600
0,7382900
0,7513200
1,7517200
1,7492200
0,7597500
0,7459600
0,7334300
1,7413000
0,7450400
0,8595600
0,7561100
0,7714600
0,7560600
0,7544900
0,7472500
1,7672300
0,7479600
1,7670300
1,7951300
0,8523700
0,8485000
0,8538900
1,8249000
0,8171800
1,7730900
1,7800400
0,7626500
1,7810200
0,7676700
0,7691000
0,7626100
1,7680500
1,7640000
0,7689100
1,7626100
0,7689700
0,7625200
0,8258900
0,7474200
1,7547700
0,7493200
0,7593000
0,7513200
1,7598000
1,7492200
1,7506200
1,7489000
1,7584200
1,7481600
1,7542800
1,7472600
0,7525500
0,7510300
1,7523700
1,7470300
0,7730200
0,7485500
1,7599900
1,7459800
0,7560700
1,7501200
0,7543900
0,7471600
0,7437000
0,9508600
1,8522200
0,7387400
0,7487900
1,7557500
1,7377900
0,7659200
1,7613200
0,7799700
1,7572300
1,7542100
1,7296400
1,7732800
0,7625200
0,7893800
1,7705800
1,7993200
1,7606800
1,7674000
0,7645400
1,7667400
0,7624800
1,7689600
1,7641300
0,7687900
0,7626300
0,7680200
0,7835900
1,7821600
0,7625900
0,7680100
0,7664000
1,7802700
1,7597500
1,7714100
1,7739200
1,7683200
1,7625200
1,8389100
0,8230100
0,8429900
0,8645500
0,8633600
0,8352600
0,7641500
0,7556100
0,7495200
0,7469000
0,7547200
1,7445500
0,7700300
1,7779700
0,7796900
0,7789200
1,7783800
1,7782500
1,7812300
0,7788200
0,7834900
1,7793300
1,7791900
0,7785300
1,7800500
1,7608500
0,8478800
1,7556500
0,7343000
1,7368100
1,7786000
0,7339200
0,7454400
0,7382600
1,7726000
0,7354900
0,7508700
1,7372100
0,7507500
0,7480100
1,7621200
0,7510600
1,7798100
1,7697900
0,8223200
1,7873600
1,7883600
1,7513400
0,7550800
1,7472300
0,7523000
0,7533500
1,7692700
0,7830100
1,7685800
1,7668500
0,7684300
1,7618600
0,7689800
1,7649000
1,7681400
0,7631200
1,7698300
1,7620700
0,7742400
0,7324500
1,7537600
1,7397700
0,7409900
1,7516700
1,7385400
0,7441600
1,7293600
1,7402300
1,7397900
1,7756100
0,7381700
1,7485400
1,7442800
1,7523800
1,7465200
1,7523800
1,7466500
0,7596900
1,7464800
0,7528700
1,7455800
0,7952100
1,7498300
0,7677900
0,7471000
0,7849400
1,7472800
0,7703300
1,7619600
0,7817500
0,8454300
1,8864800
0,8422500
1,7849300
1,7464100
1,7508400
0,7514100
0,7703000
1,7734000
0,7809400
1,7801200
0,7897500
0,7893700
1,8310500
0,7807000
0,7940000
0,7787900
1,7933300
1,7827500
1,7808600
0,7785000
0,7691400
0,7645400
0,7870400
0,7623400
0,7727500
0,7626000
1,7692200
0,7626600
1,7687400
0,7629000
0,7795600
0,7642300
1,7744900
1,7497900
0,7516300
0,7507200
0,7625200
0,7578300
1,7722100
0,7587300
0,7489400
0,7526800
0,7468600
1,7546500
0,7506900
1,7530700
1,7463200
0,7549400
0,7488900
1,7537900
1,7466200
1,7527400
1,7485000
0,7562400
1,7816400
0,7684700
1,7491200
1,7541100
0,7472500
0,7687000
1,7391100
1,7410100
1,7439900
0,7518500
0,7605900
1,7378200
1,7374700
1,7459700
0,7403300
0,7379700
1,7397300
1,7376100
0,7470400
0,7471500
1,7539100
1,7485300
0,7580900
0,7471700
1,7573600
0,7469600
0,7875800
0,7640000
0,7549200
0,7472400
1,7693000
1,7478200
1,8377700
1,7766300
1,7610400
1,7475100
0,7602100
0,7536400
1,7659900
0,7382800
1,7371300
1,7397800
1,7597200
1,7374600
0,7382800
0,7631100
1,7816700
1,7642500
0,7901600
1,7717000
0,7982800
1,8027600
1,7789800
0,7679800
0,7731200
0,7626600
1,7678600
0,7645800
1,7805600
1,7794300
1,7816200
1,7801700
0,7799300
1,7804100
1,7800400
1,7797100
1,7857500
0,7791000
1,7829400
0,7825900
1,7816400
0,7624400
0,7813700
0,7873300
1,7684400
1,7615800
0,8688800
0,7845600
1,7697900
0,7729100
0,7796800
1,7612900
0,7709400
0,7640500
0,7730700
0,7631400
1,7849200
0,7634000
1,8045200
1,7609600
1,7672300
0,7630600
1,7656000
1,7624700
1,7636200
0,7680400
1,7617100
0,7701700
1,7629400
0,7923200
0,7669300
1,7853300
1,7658900
0,7683900
0,7645100
1,7681200
1,7596000
1,7681700
1,7635300
0,7720200
0,7625100
1,7651900
0,7642600
0,7683600
0,7626700
0,7844100
0,7643700
0,7691300
1,7622100
0,7686600
0,7661000
1,7674200
1,7766500
0,7561200
0,7509100
0,7453100
0,7902500
0,7656900
1,7300200
0,8518900
1,7537900
0,8484400
0,7386500
1,8029600
0,7538200
1,7628600
1,7624000
1,7758400
1,7620300
1,7710800
1,7784600
0,7701700
1,7603300
1,7706500
1,7616500
0,7688800
0,7623700
0,7696200
1,7573600
1,7528400
0,7470600
1,7550000
0,7472200
1,7588800
1,7498400
1,7569800
1,7601600
0,7551000
1,7467100
1,7538400
1,7467000
1,7524300
1,7310500
0,7714000
0,7770800
0,7468400
0,7548900
0,7431600
1,7696000
1,7362600
0,7961900
0,8353800
1,7477500
0,7476600
1,7468400
1,7672300
0,7685800
0,7626000
1,7759800
1,7620700
0,7689000
0,7623700
1,7710500
0,7695400
0,7676600
1,7637600
1,7712200
1,7620200
1,7522800
0,7381400
0,7618400
1,7318000
0,7447400
0,7383200
1,7487300
1,7299800
1,7475400
0,7384800
1,8362600
1,8260600
1,7824900
1,7412900
0,7866100
0,7582300
1,7773300
1,7582900
0,7842900
1,7678000
0,7720700
1,8261900
1,8613500
0,8779400
1,8349200
1,8619100
0,7796500
0,8037300
1,8992400
1,7816100
0,7791600
0,8304300
1,7803500
1,7814300
1,7785000
0,7799600
0,7825800
1,7843900
1,7497500
0,7520600
0,7365800
0,7747800
0,7383900
0,7380400
1,7761400
1,7441200
0,8524200
1,9071300
0,9435800
1,8877300
1,7493600
0,7820000
1,7810700
1,7795500
1,7777100
0,7812300
0,7789900
0,7796900
1,7805600
0,7833100
0,7789100
1,7824900
1,7778200
1,7835500
0,7326600
1,7473300
0,7381600
0,7496800
1,7313300
1,7436900
1,7371800
1,7462900
0,7703300
0,7729500
1,7655500
0,7739300
0,7559300
0,7609300
1,7527000
0,7564900
0,7611600
1,7457200
0,7709300
1,7574100
1,7587000
0,7470500
0,7554700
1,7482900
0,7555600
0,7472500
0,7532600
1,7461400
1,8064400
0,8265700
1,8083900
0,7859400
0,8659700
1,8669600
0,8580100
1,8395100
0,8356300
1,8179100
1,7684400
0,7808400
0,7791500
1,7806800
1,7779400
0,7808100
0,7786600
1,7795600
1,7812500
1,7857500
0,7788100
0,7829000
0,7790800
0,7536500
1,7371600
1,7794700
1,7894800
0,7642600
1,7458300
1,7642500
0,7320200
0,7456900
0,7382300
0,7352000
1,7688300
1,7621900
1,7661300
0,7637500
1,7952200
1,7731000
0,7697300
1,7647000
1,7863700
1,7767500
0,7705200
0,7660700
0,7703700
0,7809300
0,8228300
0,8041500
1,7961000
0,7939600
1,7890100
0,8032900
1,7819600
0,7831100
1,7808100
1,8100600
0,7954500
0,7868700
0,7873000
0,7876800
0,7837500
1,7806000
0,7842500
1,8255400
0,10306900
1,7845400
0,7815600
1,7822200
0,7788400
0,7841000
0,7790200
1,7798000
1,7804000
1,7837200
1,7793500
0,7790400
1,7801600
1,7816700
0,7805600
0,7829800
1,7793500
0,7823200
0,7789000
1,7823200
0,7795400
1,7731800
1,7469400
0,7808100
1,7467400
1,7682400
0,7473100
0,8280300
0,7735200
1,7580900
1,7498300
0,7513500
0,7484900
1,7547800
0,7584900
0,7728000
0,7644500
1,7691600
0,7623800
1,7747800
1,7632100
0,7722400
0,7630600
1,7889200
1,7663200
1,7683100
1,7619600
0,7509000
0,7522200
1,7345600
1,7414900
0,7380900
1,7733300
0,7321000
1,7446800
0,7380200
1,7470200
0,7322500
1,7542100
0,7378100
0,7496400
0,7320700
0,7435600
0,7380800
1,7632200
0,7319500
1,7470700
1,7359600
1,7394000
0,7548800
1,7354600
1,7480200
0,7365500
0,7421400
1,7386900
1,7527700
0,7479700
0,7736400
0,7501400
1,7788400
1,7572300
1,7639800
1,7570500
1,7716000
0,7388300
0,7547400
0,7382100
1,7524500
1,7482200
0,7626000
1,7493200
1,7572000
1,7483400
0,7552500
0,7467500
0,7528700
1,7479900
0,8021800
1,7944500
1,7583200
0,7550100
0,7798200
1,7482000
1,7653600
1,7498500
0,7779200
0,7471600
1,7538200
0,7492400
0,7651300
0,7473800
1,7564900
1,7484700
0,7667300
1,7930300
0,7722500
1,7798300
1,7686500
1,8082300
0,7801000
1,7659500
0,7677200
1,7603400
1,7745700
1,7651000
0,7698200
0,7625900
0,7864200
1,7759600
0,8177100
1,8290900
1,8124500
0,7647200
0,9067300
1,7613800
0,7703200
1,7620900
0,7645800
1,7538200
1,8820000
1,9429500
1,7799500
1,7830400
0,7800000
1,7768300
0,7832700
0,7811000
0,7862900
1,7841900
0,7829900
0,7850800
0,7791800
1,7329700
1,7512000
0,7430700
0,7681200
0,7340100
1,8329600
0,8163000
0,8971100
1,8506400
0,9224600
1,8422500
0,7396300
0,7744800
0,7844400
0,7831000
1,7802200
1,7843300
1,7850200
0,7852400
0,7809600
0,7852300
0,7920400
0,7858700
1,7809600
0,7834000
0,7718800
1,7663400
0,7790100
1,7676300
0,7756700
0,8018100
0,7672500
0,7744900
1,7661400
0,7720700
0,7807300
0,7755800
0,7645300
1,7599700
1,7526700
0,7565200
0,7673400
1,7550300
1,7779800
0,7567300
1,7730000
0,7495100
0,7925700
1,7591300
0,7635400
1,7499300
1,7719400
0,7556900
1,7753500
0,7486800
1,7679000
0,7561400
1,7637200
0,7489100
1,7641100
0,7602300
0,7653300
0,7494700
1,7633500
1,7461000
0,7471500
0,7339400
1,7972500
1,7488500
0,7468400
1,7457900
0,7339100
1,7558500
1,7412600
1,7498400
0,7375400
0,7644300
1,7382600
0,7441700
0,7382700
1,7522000
1,7350800
1,8222700
1,7629400
0,7824900
1,7518900
1,7470500
0,7320600
0,7478700
1,7376000
1,7466600
1,7467600
0,7587200
0,7729600
0,7984800
0,7475700
0,7597800
1,7577700
1,7502400
0,7472200
1,7712100
0,7474200
0,7586300
1,7465400
0,7552700
1,7447800
1,7448000
1,7716800
1,7446900
0,7874700
1,7506700
0,7905300
0,7835200
1,8666000
1,8282700
0,9150300
0,8088400
1,7814900
0,7811100
1,7927200
1,7820800
1,7760900
0,7805000
1,7784500
1,7939800
0,7790700
1,8141000
0,8066300
0,7874800
1,7707300
0,7916700
0,7630500
0,7985300
0,7628800
1,7956900
1,8752000
1,7681300
1,7605700
1,7713100
1,7627300
1,7682900
0,7626700
1,7745100
1,7619100
0,7679100
0,7627700
1,7715100
1,7607500
0,7692300
0,7639700
1,7790000
0,8047700
0,7722100
1,7671200
1,7672600
0,7627700
0,7860200
0,7639200
1,7686700
1,7603000
1,7768800
0,7643600
1,7673000
1,7624600
1,7668900
0,7641900
0,7709500
0,7632900
0,7525300
0,7402100
1,7374900
1,7407800
0,7380400
1,7538700
0,7442600
0,7505600
1,7440300
1,7574700
0,7382300
1,7570800
0,7355000
1,7540700
1,7374300
1,7367200
1,7620000
1,7490500
0,7562900
1,7386200
1,7591700
0,7682700
1,7370200
0,7408900
0,7378100
1,7500800
0,7321300
1,7372500
0,7697800
1,7426400
0,7515800
0,7381700
0,7488600
0,7396300
0,7380100
1,7370400
0,7476300
1,7385000
0,7426500
1,7382200
0,7440500
0,7395100
0,7433800
0,7353300
0,7471000
1,7392900
0,7509900
1,7378800
0,7535800
1,7389200
1,7336100
1,7493700
0,7382900
1,8545100
1,7708400
0,7505400
0,7694500
1,7808200
0,7469800
1,7678800
0,7667500
1,7704600
0,7471800
1,7708800
1,7528200
0,7745200
1,7882100
0,7703000
1,7685600
0,7771500
0,7672500
1,8339300
1,8289400
1,8852000
1,9140000
0,9077100
0,8399700
0,8817300
1,8038200
0,7831500
0,7849700
0,7872400
0,7873000
1,7839900
1,7816700
0,7832000
0,7882300
0,7854700
0,7840400
0,7829500
1,8438700
0,7755500
0,7638500
0,7488000
1,7647000
1,7554100
0,7668600
0,7491600
1,7615000
1,7607900
0,7633500
0,7494900
0,7758300
0,7566200
0,7624600
0,7449300
0,7728500
0,7444100
1,7441300
1,7340000
1,7745900
1,7409100
1,7627300
1,7321200
0,7729300
1,7435500
0,7500800
0,7344200
1,7557700
1,7800900
1,7543800
1,8293300
1,7624500
0,7892400
1,7544500
0,7693800
1,7485500
1,7756300
1,7559900
0,7605700
0,7515600
1,7780400
1,7666100
0,7735300
1,7663500
0,7738400
1,7663400
0,7743900
0,7685700
0,7717400
1,7659900
0,7707700
1,7674600
0,7745500
1,7354300
1,7513600
0,7731300
1,7588700
1,7483500
1,7858200
1,7597600
0,7677000
0,7342600
1,7539700
0,7429200
1,7503100
1,7327300
1,7566300
1,7568900
1,7721700
0,7498400
0,7614800
1,7554300
0,7647500
1,7484500
0,7659200
0,7582200
0,7718700
0,7488300
0,7638000
1,7513000
0,7469500
1,7322300
0,7527500
1,7449100
0,7419200
0,7427100
0,7403200
0,7516500
1,7428000
1,7596800
1,7419000
1,7538700
1,7439000
1,7581300
0,7418900
0,7818800
0,7562900
1,7479100
0,7416000
1,7838000
1,7406700
1,8341300
1,7553400
0,7588100
1,7483800
1,7576600
1,7656100
0,7755300
0,7668500
0,7723900
1,7643600
0,7937300
0,7675500
1,7718700
1,7659400
1,8690500
0,7788100
1,7746700
0,7611800
1,7588600
1,7555000
1,7527800
1,7727900
0,7379300
0,7383200
0,7531100
1,7378900
0,7814000
0,7384500
1,7696300
0,7399700
0,7794600
1,8353100
0,8282100
0,9104800
1,9173000
0,7898900
1,8108300
1,8042300
1,7802200
1,7743700
0,7929300
1,7660600
0,7850700
0,7802300
0,7914400
1,7826800
1,7847200
1,7819200
1,7903300
0,7827300
1,7825600
1,7805200
0,7893500
1,7824600
1,7857000
0,7832800
0,7753700
0,7685100
0,7732200
1,7669800
1,7727900
0,7802400
0,7744200
0,7704700
0,7861400
0,7669200
0,7734500
1,7679000
1,7906100
0,7978200
0,7926500
0,7551400
1,7621500
0,7499700
0,7638000
0,7563200
1,7601400
1,7494100
0,7621800
1,7575600
1,7623400
0,7495400
0,7751500
0,7580700
0,7924900
1,7518700
1,7641600
1,7560900
0,7574600
1,7541300
0,7608200
0,7532700
1,7632600
1,7540900
0,7557200
0,7700200
1,7845600
1,7662600
1,7802900
0,7668900
0,7733700
0,7670600
1,7766000
1,7639900
1,7712600
1,7661500
0,7767400
1,7651600
1,7541900
0,7427100
0,7488000
1,7345300
1,7523000
1,7427000
0,7420100
0,7429200
1,7430900
0,7692800
0,7515600
0,7556800
1,7518500
1,7988900
0,7877300
1,7871100
0,8038200
1,7915800
1,7625000
1,7698200
0,7745400
1,7734800
0,7406600
0,7883400
0,7925100
0,7973300
1,7900200
0,7939200
0,7898300
1,7973400
0,9027700
0,10412500
0,8152900
1,8003100
1,7946200
0,9682600
1,8564700
1,8407800
1,7923900
0,7806000
1,7838200
1,7826700
1,7828100
1,7803500
0,7807100
1,7804800
0,7826300
1,7784100
1,7811800
1,7781200
1,7790600
1,7613200
0,7710100
0,7625700
1,7805000
0,7637800
1,7682900
0,7625200
1,7682300
0,7661500
0,8325600
1,7679900
1,7623900
1,7702700
0,7324300
0,7382600
0,7484100
0,7398300
0,7420100
1,7346500
1,7440500
1,7396600
0,7374600
0,7726200
1,7425900
0,7400500
1,8493500
1,8878800
1,7451500
1,7398200
1,7608600
1,7358400
0,7755100
0,7449800
0,7729300
0,7321500
0,7519400
0,7402200
1,7547800
0,7321800
1,7520100
1,7401800
0,7494200
0,7445700
0,7381400
1,7440600
1,7319000
1,8614900
0,7683900
0,7465400
1,7555100
0,7320800
1,7386500
0,7520400
0,7470700
0,7629400
0,7651000
1,7710800
1,7567400
1,7567100
1,7502900
1,7587100
0,7705200
1,7556600
1,7573200
1,7690700
1,7442600
1,7651300
1,7462800
1,7565600
0,7471400
1,7630400
0,7503700
1,7575700
0,7472200
1,7524300
1,7469100
1,7565200
1,7476900
1,7554900
1,7344900
0,7507800
0,7561100
1,7499900
0,7357100
1,7493700
0,7629200
1,7352600
0,7694500
0,7399000
1,7618000
0,7385900
0,7443900
1,7507700
0,7546100
0,7470100
0,7787400
0,7669400
1,7595000
0,7542700
1,7826300
1,7482500
0,7592000
1,7486800
0,7548000
0,7495200
0,7538300
1,7463400
1,7541300
0,7487800
0,7589900
1,7502300
0,7928900
0,7490100
1,7634900
1,7559600
0,7674900
0,8286800
0,8288700
1,8012800
1,7836000
1,7625800
0,8855100
1,7630200
0,7721800
1,7628300
1,7665100
0,7624600
1,7736700
0,7625900
0,7686700
1,7616700
1,7638400
1,7443200
1,7549700
1,7469200
0,7541400
0,7473000
0,7528800
1,7531300
0,7485900
1,7562000
1,7553500
0,8334700
1,8528100
0,8308100
1,8921400
0,7849100
0,7796100
0,7786900
0,7806800
1,7808100
0,7809700
1,7797900
0,7795500
0,7804900
0,7806100
0,7793900
1,7816100
1,7826700
1,8813000
1,7822200
0,7837300
1,7831700
1,7796500
1,7793300
0,10153300
1,8381400
0,7794100
1,7809900
1,7794000
1,7809400
0,7790500
0,7799800
1,7782900
1,7846700
1,7764500
1,7811600
1,7810800
0,7789900
1,7781200
1,7805000
1,7775600
1,7559100
0,8168500
1,7759100
0,7736100
1,7652700
1,7459700
1,7560900
0,8203600
0,7476000
0,7569800
0,7492200
0,7531600
0,7465800
0,8085600
0,7655000
1,7695000
0,7629600
0,7698100
1,7659400
0,7685800
1,7619400
1,7693300
1,7630600
1,7706800
1,7615500
1,7716000
1,7422100
0,7497800
1,7380200
1,7397500
0,7394700
1,7445200
0,7318200
1,7448200
1,7445600
0,7730200
0,7368500
1,7531800
1,7391200
1,7592900
0,7384500
1,7406800
1,7402600
0,7841100
0,7381300
0,7401600
0,7701300
0,7380700
0,7461900
1,7321200
0,7565100
0,7379800
1,7551800
1,7458500
1,7542900
0,7468300
0,7653200
1,7468000
0,7842000
1,7506900
0,7547300
1,7570000
0,12628000
0,8207800
0,7749700
0,8265400
0,8145900
0,8193700
1,8600300
1,7792600
0,7650800
1,7914100
1,7796100
0,7831000
1,7646300
1,7780300
0,7708700
0,7729900
0,7810900
1,7813700
1,7793300
1,7810900
0,7793300
0,7817000
0,7814500
0,7794900
0,7789900
1,7829400
0,7806900
1,7801100
0,7752800
1,7667400
0,7470000
1,7582300
0,7469600
0,7543500
1,7502400
0,7553600
1,7457200
0,7677000
1,7717000
1,7541200
0,7471100
0,7778700
1,7463900
0,7555600
0,7473500
0,7569500
0,7471300
1,7569600
0,7707000
1,7682500
0,7567300
1,7494900
0,7472200
0,7554100
1,7474200
1,7499200
0,7383700
1,7399900
0,7382400
0,7382500
0,7547400
0,7380200
0,7475600
0,7406100
1,7550000
0,7338000
1,7422700
1,7386100
1,7527700
0,7332900
0,7620100
1,7366700
0,7853600
1,7407000
1,7504600
0,7380700
0,7492300
1,7301200
0,7690400
1,8003500
0,7851000
1,7489500
0,7686700
0,7693300
0,7742000
0,7647400
1,7898400
1,7622000
0,7687300
1,7661500
1,7622800
0,7682000
1,7666700
1,7696300
1,7641500
0,7461800
1,7382800
1,7506100
1,7298500
1,7458500
0,7382100
0,7504100
0,7321200
0,7702200
1,7373400
0,7479800
0,7323500
0,7454700
0,7382700
0,7486500
0,7322300
1,7562900
0,7730500
1,7496400
1,7321100
1,7829600
1,7372200
0,7398200
1,7531200
0,7474100
0,7656900
1,7443000
0,7541100
1,7465000
0,7545700
1,7495800
1,7518800
1,7739000
0,7634100
0,7585100
0,7826900
0,7551300
1,7679300
1,7633600
0,7761000
1,7616100
0,7638300
0,7638300
1,7769100
1,7585500
1,7788000
0,7794200
0,7858200
1,7637100
0,7603800
1,7562500
1,7567700
1,7483100
1,7941300
0,7869700
0,7750500
1,7663600
0,7715700
0,7689100
0,7722900
0,7670800
0,7732800
1,7657700
1,7745400
0,7668100
1,7921500
0,7492400
1,7601400
0,7549500
1,7657400
0,7489000
1,7744000
0,7550400
0,7840200
0,7494300
1,7964900
0,7549000
1,7745600
0,7489000
1,7637700
0,7538000
0,7679600
1,7537700
0,7490100
0,7825000
0,7672700
1,7610500
0,7497700
1,7561900
0,7564900
1,7621200
1,7480700
0,7522500
1,7438700
1,7482700
0,7342700
1,7589500
0,7444200
1,7697200
1,8960000
1,8686900
0,9068200
1,8872900
1,8524500
1,8076500
0,7920500
1,7638800
1,7808500
0,7810200
1,7760400
1,7682300
0,7835000
0,7685100
1,7739700
0,7666900
0,7717500
1,7697500
1,7655300
0,8175200
1,7651600
0,7547000
0,7995100
1,7931400
1,7785200
0,7567200
0,7771100
0,7553600
1,7562800
1,7586100
1,7559400
1,7677800
0,7685400
0,7774800
1,7665500
0,7733000
1,7655400
0,7722300
1,7636000
0,7731600
0,7703500
1,7745000
0,7649300
1,7750300
0,7514700
0,7534400
0,7338800
1,7525000
1,7693400
1,7663400
1,7329000
0,7692500
0,7441400
0,7508600
1,7334300
1,7620700
1,7418300
0,7697700
0,7491600
0,7617800
0,7591000
0,7602800
0,7502700
1,8033200
0,7651700
0,7636500
0,7586300
0,8685100
0,7541800
0,7630100
1,7615300
1,8137400
0,7495400
0,7648500
0,7701400
1,8267600
1,7811700
1,8569600
0,8725500
0,7919900
0,7553600
0,7608400
0,7550700
0,7731400
1,7654200
0,7751800
1,7619400
0,8638700
1,7798200
1,8467600
0,9105900
0,8363800
1,7697400
0,7723700
1,7700300
0,7825500
0,7810700
1,7921700
1,7841300
0,7853800
1,7799000
0,7882300
1,7849400
0,7871800
0,7831400
1,8186900
1,7832000
1,7827200
1,7846700
1,7440200
1,7436500
0,7429900
1,7395400
1,7562000
1,7510700
0,7495500
1,7419100
1,7548100
1,7346700
0,7452700
0,7425200
1,7559900
1,7337100
0,7570700
1,7402400
1,7539600
0,7343700
0,7979300
1,7424100
1,7619600
1,7334500
0,7746800
0,7424300
1,7515600
1,7499900
1,7893200
0,7425600
1,7700100
0,7541700
0,7635600
1,7424400
1,7580300
0,7344500
1,7548800
1,7443800
0,8261300
1,7671400
1,7575300
0,7714200
0,7748800
1,7662900
0,7792600
1,7661400
1,7750500
0,7670300
0,7740300
0,7664000
0,7793200
1,7686000
0,7842600
0,7728100
1,7906100
1,7665200
1,7709800
0,7671900
1,7723700
1,7820400
0,7726800
1,7678700
1,7756700
1,7673300
1,7732500
1,7684700
0,7758100
1,7589000
0,7655700
0,7563600
1,7755000
1,8131400
1,7641700
0,7636700
0,7695500
1,7596600
0,7551500
0,7640000
1,7538400
0,7615000
1,7646000
0,7789700
0,7663700
0,7718500
1,7663300
1,7747200
1,7863400
1,7814000
1,7645200
1,7732500
1,7659300
1,7715800
0,7646800
0,7744000
1,7538300
1,7757500
0,7723600
0,7602400
1,7509400
0,7620800
1,7503000
0,7674900
1,7548400
0,7638300
1,7575900
0,7556800
1,7542700
0,7566500
0,7526000
0,7590100
1,7521800
1,7746600
0,7565800
1,7553500
0,7552000
1,7610200
0,7573100
1,7571400
1,7544600
1,7698300
1,7436000
1,7335800
1,8650200
1,7716300
1,7577100
0,7424500
1,7430100
1,7411200
1,7527000
0,7600500
1,7450200
1,7425500
1,7642600
0,7662500
1,7700000
1,7658200
1,7896700
1,7743300
1,7712500
0,7777800
0,7875700
0,7662900
1,7699500
1,7657400
0,7911300
1,7623400
0,7481800
1,7341400
1,7510400
0,7429400
1,7417400
0,7426200
0,7691000
1,7399400
1,7487200
0,7427400
1,8100200
0,7455900
1,7412100
1,7418400
1,7625700
1,7428000
1,7866500
1,7434800
0,7507800
1,7400100
1,7763200
1,7340800
1,7516200
1,7422900
1,7697900
0,7413800
1,7639100
0,7546700
0,7604600
0,7549400
1,8204100
0,8517000
0,8279900
0,8705700
1,8050000
1,8308300
0,7587700
1,7482600
1,7664000
1,7608000
1,7715100
1,7620000
0,7688600
1,7627900
1,7795000
1,7685600
0,7724500
1,7623800
0,7883800
0,7723200
0,7676500
1,7618500
1,7685400
1,7618500
0,7730600
0,7751100
0,7759000
0,7629800
0,7728200
0,7774100
1,7681200
0,7628700
1,7617900
0,7680500
1,7603700
0,7565400
1,7467300
1,8624800
0,7582400
0,7697600
0,8001700
0,7526600
0,7528400
0,7668500
1,7483100
1,8460100
1,7513000
1,7744200
1,7601300
1,7766500
0,7591000
1,7761800
0,7595200
0,7597500
1,7548500
0,7606700
0,7515400
1,8175700
0,8284000
0,8279200
1,8293200
0,7760800
0,7647000
0,7718700
0,7670000
0,7757900
1,7700300
0,7659900
1,7655300
0,7825000
1,7708700
1,7638600
1,7664300
1,7856300
1,7537900
1,8274000
0,8586600
0,8823100
1,8548700
1,8778100
0,8136500
0,7471500
1,8386300
1,7624400
0,7746700
0,7593000
0,7810500
0,7787500
1,7813500
0,7790600
0,7792200
1,7757600
0,8375200
1,7783300
1,7823300
1,7845200
1,7927400
0,7788700
1,7739800
0,7399800
1,7372400
0,7383800
1,7433500
0,7396200
1,8028600
1,10135300
0,10345000
0,10147400
1,7803600
1,7510100
1,7545400
1,7687600
0,7468900
0,7737800
1,7667600
0,7618700
0,7471000
0,7528300
0,7489800
0,7723900
1,7534900
0,7472300
0,7647900
0,7468200
1,7545900
1,7476300
1,7551700
1,7462700
0,7649200
1,7462600
0,7588500
1,7496300
0,7535200
1,7444500
0,7564200
0,7472200
0,7777000
1,7459500
0,7605300
0,7468900
0,7536000
1,7512500
1,7695000
1,7471300
1,8217700
0,7470600
0,7609300
1,7469700
0,7656000
0,7476000
1,7478800
1,8364100
0,7692800
0,7506100
0,7937800
0,7472300
1,7472700
1,7796600
1,7446800
0,8517100
0,7547300
1,7502100
1,7448000
1,8013900
1,7783300
0,7837500
0,7845100
0,7870600
1,7788500
1,7812600
0,7804800
1,7802600
0,7790900
0,7953400
0,7795200
1,7787700
0,7364600
0,7708200
1,7378200
0,7693500
1,7870500
0,7810600
1,7376400
1,7579000
1,7321800
1,7491900
1,7357200
0,7411400
0,7351800
1,7646800
0,7471700
1,7645000
1,7441900
0,7689700
1,7455000
0,7606400
1,7511500
1,7562300
1,7483500
1,7485600
1,7366800
0,7605500
1,7431900
0,7401700
1,7565000
0,7414800
0,7489700
1,7336600
1,7438900
0,7399600
1,7455700
0,7324100
1,7713400
1,7445700
1,7504500
1,7319200
0,7511800
0,7401300
0,7574200
1,7314300
1,8105100
0,7856200
0,7860800
1,7535200
0,7441400
1,7417400
0,7469400
1,7348600
0,7383500
1,7691700
0,7623600
1,7669100
1,7616700
0,7693300
0,7623000
1,7658700
1,7621600
1,7687300
0,7624300
0,7677000
1,7649800
0,7723800
0,7503900
1,7510400
1,7342500
0,7532300
1,7660700
0,7568200
0,7339600
1,7437800
1,7384500
1,7600600
1,7310600
1,7641800
1,7509700
1,7521400
1,7482900
1,7522600
0,7469400
1,7923400
1,7483800
0,7612400
1,7468100
1,7517800
1,7478300
0,7471900
0,7567100
1,7467700
0,7576400
0,7382900
1,7637600
1,7374600
1,7460600
1,7379200
1,7491500
0,7381500
1,7396000
0,7384800
0,7628300
0,7384400
0,8305900
0,8162200
0,9078300
0,8636600
1,8401500
0,8377500
0,8079600
1,8212700
0,7680500
1,7951200
1,8742900
0,8225000
0,7583100
0,7767300
0,7724900
1,7790500
1,7787000
1,7822300
1,7796400
1,8111500
0,7963200
0,7831300
0,7809200
1,7824800
0,7810200
1,7832500
1,7818200
1,7740600
0,7686500
1,7784400
0,7682300
0,7993600
1,7725600
0,7724100
0,7775100
1,7731500
1,7664800
0,7701300
1,7634500
1,7689200
0,7634500
1,8071400
1,7771300
1,8188900
1,8086200
0,7776100
1,7646200
0,7685300
1,7640000
0,7688600
0,7663500
0,7812600
0,7625000
1,7695800
1,7619000
1,7684200
1,7602300
0,7700200
0,7626600
0,7728200
0,7625900
0,7753200
1,7641300
1,7860000
1,7618000
1,7691100
1,7581900
0,7572700
0,7469600
0,7558700
0,7471500
0,7534100
1,7689600
0,7541900
0,7470700
0,7684600
1,7595000
0,7553900
1,7463800
0,7354900
0,8410400
1,7611500
1,7521100
1,7441100
1,7385600
0,7398700
0,7509900
0,7319900
1,7445100
1,7398100
1,7403300
1,7373600
0,7491400
1,7506500
0,7560300
0,7502200
1,7707800
0,7552400
1,7530600
0,7538400
1,7571800
1,7511600
1,7767500
0,7480000
1,7682900
1,7491400
1,7575600
0,7474000
1,7574500
0,7484700
1,7553600
1,7459100
1,7530100
1,7543100
0,7640600
1,7463100
1,7470500
1,7594000
0,7478300
0,7382900
1,7376900
1,7811700
0,7324000
0,7464400
1,7377500
1,7855000
0,7322200
1,7483600
1,7381500
0,7535900
0,7323000
1,7471400
0,7382100
1,7502000
1,7325500
1,7430000
1,7552700
1,7753600
0,7324900
1,7413600
0,7952000
1,7398500
0,10212700
1,7661300
1,7480700
1,7623000
1,7601700
1,7688600
0,7627500
0,7854700
0,7798100
1,8114200
0,7666200
1,7685200
0,7627100
0,7691600
1,7666100
0,7702400
0,7630500
1,7675600
0,7643200
1,7673300
1,7748900
1,7671400
1,7658000
1,7681200
0,7628200
0,7689200
0,7644000
0,7684500
1,7622100
1,7483700
0,7484400
1,7372900
1,7661600
1,7434400
0,8439400
1,7414800
1,7429000
0,7424300
1,8493800
0,8465600
1,9061600
1,8758600
1,7806900
0,7880700
1,7806800
0,7882800
0,7827600
1,7929900
1,7829100
0,7984400
0,7825700
0,7852600
1,7822800
1,7904800
0,7768500
1,7615400
1,7481400
1,7625700
0,7474500
0,7667700
1,7464400
0,8391500
1,7581600
0,7538500
1,7490200
0,7548500
1,7474000
0,7587200
1,7628800
1,7679800
0,7624500
1,7776200
0,7640100
1,7662400
1,7622500
1,7837500
0,7838800
0,7711200
0,7625100
1,7765000
1,7607900
0,7858600
0,7469000
1,7591000
1,7554000
1,7714400
1,7471100
1,7545200
0,7521500
0,7468700
0,7534100
0,7471600
1,7525800
0,7469100
0,7719500
0,7471100
1,7573700
1,7462100
0,7607900
0,7470900
1,7529200
0,7506100
0,7526600
1,7472600
1,7549500
1,7460100
1,7577100
0,7377600
1,7450500
1,7384000
1,7438600
0,7382100
0,7468600
1,7315300
0,7438700
0,7381300
0,7472100
0,7319800
0,7503000
0,7434100
0,7397800
0,7391000
1,7375300
0,7613200
1,7428900
1,7906600
0,7380300
0,7493000
1,7544400
0,7653200
1,7370400
0,7467500
1,7348000
0,7383800
1,7651200
0,7678900
0,7636300
0,7808700
1,7619400
1,9159600
1,9039800
0,7743300
0,7819400
1,7937000
1,7850900
1,8456100
0,8329200
0,7820000
0,7806200
0,7793400
0,7829700
1,7806200
1,7823200
0,7790000
1,7809500
1,7831500
1,7814900
0,7885500
1,7809100
0,7708800
0,7872400
0,7697400
1,7868700
1,7640500
1,8026000
1,7645600
0,7746200
0,7788100
0,8101300
0,8157800
1,7917100
0,7649900
0,7838400
0,7830500
0,7874500
1,7820100
0,7840000
1,7812300
1,7891300
1,7850300
1,7843700
1,7790400
1,7882900
0,7829900
1,7851300
1,7354500
0,7525700
1,7404300
0,7638000
0,7343500
1,7576700
0,7776900
1,7456500
0,7344700
0,7526100
0,7432200
0,7502400
1,7352600
0,7455500
0,7547400
1,7404600
0,7412100
0,7434900
0,7497100
1,7414700
0,7571900
0,7446500
0,7517700
0,7423600
0,7500100
1,7405200
1,7517100
0,7408200
1,8273700
0,7592400
0,8036800
1,7592400
0,7461300
0,7432500
0,7443700
1,7399300
0,7456300
1,7402000
1,7617300
0,7503200
1,7782200
0,7671000
1,7735200
0,7667000
0,7798000
0,7656000
1,8158300
0,7668000
0,7813900
0,7728500
0,7812200
0,7627500
1,7728400
1,7382300
0,7761600
1,7356100
0,7543000
0,7384500
1,7456300
0,7446700
1,7390000
1,7643000
0,7323400
0,7627600
1,7486500
1,7448600
1,7501400
1,7671300
1,7475300
1,7802500
0,7932900
1,7631500
0,7578900
1,7647100
0,7600300
1,7549600
0,7486900
1,7540400
0,7471000
1,7521500
1,7464200
0,7513200
1,7465000
1,7602300
0,7517400
0,7889300
1,7446300
1,7629300
1,7494300
0,7581400
1,7475700
0,7546200
1,7510800
1,7468800
1,7537700
1,7444900
1,7524000
0,7723100
0,8307000
1,7609500
0,7720500
0,7522400
0,7969700
0,7474800
1,7542500
1,7540300
1,7703700
0,7642200
1,7697200
1,7642200
1,7669700
1,7631900
1,7677200
0,7624400
0,7674400
1,7648600
1,8697200
0,7632800
1,7512700
1,7394500
0,7381900
1,7375300
0,7423000
0,7393500
1,8223800
1,8746500
0,9102000
1,8429200
1,9040700
0,9386500
1,7474100
1,7783900
1,7779000
0,7806900
1,7801400
0,8844000
0,7792000
0,7822800
1,7828000
1,7926800
1,7783300
0,7853800
0,7883600
0,7786500
1,7540900
1,7528900
1,7559800
1,7620600
0,7544100
1,7562300
0,7509800
0,7617300
0,7533100
0,7652700
0,7563500
1,7779800
1,7522700
0,7534600
1,7333900
1,7586000
1,7423500
0,7704400
1,7727500
0,7552900
1,7432400
0,7446200
0,7822500
0,7413200
0,8578500
0,7656800
1,7642900
1,7667600
0,7746500
1,7694000
0,7728200
0,7646500
0,7853900
0,7692900
1,7719200
0,7646900
1,7861800
0,7707300
0,7834900
0,7544300
0,7567000
1,7558700
1,7605600
0,7493700
1,7671200
1,7590800
0,7608200
1,7561800
1,7678700
1,7566500
1,7662800
0,7536300
0,7455400
0,7444000
0,7497300
1,7899300
1,8168700
1,7391300
1,7448100
1,7641400
1,7689500
0,7526900
1,7729200
1,7418800
0,7505600
0,7666500
1,7739000
0,7672300
0,7869600
0,7649900
0,7742100
0,7783800
0,7757600
0,7819500
0,7788000
0,7666300
1,7727900
0,7682000
0,8362200
1,7579500
0,7593400
0,7541200
1,7777000
1,7514500
1,7666300
1,7547100
0,7565200
1,7548400
0,7610500
0,7552100
1,7656000
0,7328600
0,7515100
1,7980900
0,7590800
0,8276100
0,8344900
1,9069800
0,8906100
0,9264300
0,8574700
0,9070400
0,8347800
0,7828000
1,7823200
0,7806800
0,7812400
0,7926200
0,7788200
1,7844100
0,7843500
1,7721100
1,7777100
0,7816500
0,7828500
1,7790300
1,7803300
1,7800000
0,7828800
1,7819300
1,7784100
0,7751200
1,7807600
0,7812300
0,7790000
0,7948000
0,7788800
0,7814100
1,7652600
0,7548100
1,7463500
1,7536700
0,7471400
0,7580600
1,7474300
0,7472000
0,7715100
1,7480400
1,7547800
1,7468700
1,7544500
0,7490900
1,7390000
0,7380600
1,7415100
0,7394500
0,7722000
0,7381800
0,7811100
0,7397900
1,7403100
1,7359700
0,7534900
0,7399500
1,7418000
0,7382100
0,7476700
1,7389600
1,7539800
1,7375700
1,7978300
0,8278800
0,7788800
0,7471200
0,7590400
0,7418700
0,7471900
1,7406700
1,7498200
1,7661600
0,7625900
1,7685200
1,7623200
1,7685900
1,7629500
1,7715600
0,7625200
1,7996900
1,7632700
1,7680000
1,7617200
1,7607600
0,7381200
0,7515900
1,7393500
0,7479200
1,7714400
1,7410700
0,7379500
0,7645600
0,7473300
1,7415400
0,7672300
1,7674600
0,7610000
1,7527600
0,7906700
0,7930200
1,7740100
1,7548700
1,7511800
0,7971600
0,9978800
1,8785900
0,8825100
0,10965200
0,10929600
1,8729700
1,7909900
0,7828900
1,7948800
1,7677400
1,7804300
1,7653300
1,7683700
0,7719000
0,7736300
0,7667700
0,7782700
1,7667400
1,7774300
1,7686400
1,7954400
1,7690700
1,7839600
0,7761300
1,7999300
1,7647100
1,7688400
0,7631600
1,7670300
0,7757200
1,7741000
1,7625600
0,7901100
1,7643800
0,7684100
0,7626200
1,7809700
0,7629700
1,7733600
1,7616200
1,7958500
0,7631100
0,7684100
0,7469800
0,7545800
1,7476100
1,7527700
1,7468200
0,7574300
1,7465800
1,7745300
0,7472700
0,7564700
1,7468700
0,7617200
1,7484600
1,7471700
1,7378200
0,7380500
0,7382400
1,7389500
1,7435600
0,7293000
0,7385300
0,7571500
1,7465100
1,7314300
1,7455900
0,7399100
1,7463300
1,7312700
1,7448000
0,7399400
0,7454800
0,7575100
0,7718300
1,9115000
0,8221400
0,7638100
1,8440200
0,7928000
0,8322700
1,7691400
1,7760100
0,7719000
1,7668100
1,7655400
1,7737800
1,7744800
0,7689900
1,7623700
0,7883300
1,7614100
0,7688400
0,7628400
0,8090400
1,7738100
0,7690800
1,7491400
1,7564600
0,7470000
1,7534300
0,7471300
0,7765900
1,7460800
1,7544100
1,7446400
0,7486300
0,7542000
1,7462300
0,7696200
0,7483700
1,7557100
0,7841600
1,7545400
0,7493100
0,7690900
1,7490600
1,7524100
0,7487600
0,7689300
0,7578000
0,7543200
0,7473500
0,7540400
0,7468800
1,7778400
0,7475500
1,7526800
0,8983600
0,7607300
0,7505500
0,7595400
1,7452200
0,7781400
1,7605900
0,8082500
1,7626000
1,7714000
0,7815400
0,7819400
1,7615500
1,7831600
0,7627800
0,7691700
1,7616400
0,7727800
1,7618800
1,7389600
0,7352500
0,7572200
0,7384400
1,7393600
1,7410000
0,7400100
0,7466300
1,7311000
0,8610800
0,7397100
0,7601400
1,7294900
0,8280600
1,9146600
0,8925700
0,8933900
1,8848800
1,8013000
0,7569800
1,8347000
1,7492300
0,7536800
1,7721700
0,7800000
0,8142900
1,7827000
0,7815900
1,7833000
0,7815200
0,7837600
1,7853000
0,7828500
0,7788300
0,7817800
0,7789100
1,7826200
1,7779600
1,7783700
1,7795000
1,7814300
0,7791000
0,7798500
0,7791700
1,7798300
1,7780000
0,7887200
1,7782500
1,7792500
0,7790800
1,7849200
0,7889200
1,7808700
1,7717600
0,7971700
0,8248800
1,8422100
1,7926500
1,8005400
0,7839800
1,7707900
0,7628900
0,7683500
1,7723000
1,7791300
0,7786100
1,7804400
1,7832000
1,7839300
1,7763100
0,7845300
0,7806100
1,8235000
0,7793100
0,7816000
0,7788200
1,7444000
1,7393800
0,7490200
0,7322700
1,7505400
0,7383600
1,7469900
0,7321000
1,8484100
0,7627200
1,7766700
0,7369800
0,7602300
0,7509200
1,7725400
1,7618600
1,7798600
0,7721000
0,7832400
1,7640900
0,7686400
0,7749000
1,7713000
0,7626200
0,7683200
1,7621400
0,7717000
1,7597200
1,7685700
1,7623200
1,7726700
0,7626000
1,7658100
0,7625400
0,7835100
1,7781400
0,7625400
0,8198200
0,7648300
0,7686100
0,7627500
0,8165300
0,7630600
1,7669100
0,7792000
0,7711200
0,7624700
0,7686600
1,7604800
1,7711600
1,7621700
1,7667900
1,7520400
1,7479800
0,7321000
1,7450700
0,7380500
1,7694600
1,7318000
1,7672700
0,7379900
1,7477600
0,7322300
1,7587000
1,7382400
0,7458300
0,7324000
0,7568600
1,7592300
0,7480800
1,7293600
0,7382300
0,7525600
0,7433100
1,7435300
1,7398800
0,7493400
0,7808700
1,8515600
1,7664500
0,8776800
1,7800500
1,7667300
1,7714600
1,7678400
0,7759400
1,7841500
0,7757100
0,7654100
0,7754700
0,7678300
1,7741200
1,7502100
1,7560400
1,7587700
1,7638900
0,7554100
1,7560000
1,7826400
0,7543100
1,7582400
1,7520000
1,7663200
1,7534100
0,8001200
0,7544900
1,7550900
0,7542500
1,7607800
0,7510800
0,7701300
0,7666000
0,7638000
1,7499000
1,7771800
1,7552700
0,7637500
0,7546500
1,7553000
0,7422900
0,7540300
1,7334400
1,7481900
0,7427100
0,7598900
1,7313200
0,7663700
1,7418800
0,7615700
0,7374200
1,7399100
1,7558800
0,7423800
1,7542500
0,7438800
1,7487400
1,7438700
0,7542800
1,7406400
1,7578400
1,7424800
1,7873300
1,7480100
0,7694700
1,7628900
1,7600000
1,7563200
0,8031500
1,7744200
1,8713300
0,7564600
1,7611400
0,7690600
0,7580700
0,7535400
1,7593800
1,7571800
1,7752300
0,7646600
1,7739400
0,7686800
1,7724500
1,7656200
1,7691300
0,7694800
0,7735900
1,7811800
1,7779800
1,7662700
0,8258100
0,7827400
1,7802900
0,7655500
0,10001700
1,7666100
1,7899100
0,7669200
1,7682900
1,7742700
0,8025800
0,7632500
1,7702300
1,7620500
0,7702900
0,7470100
0,7849600
0,7476000
0,7657900
0,7481200
1,7586800
1,7591700
0,7593700
0,7467800
1,7563100
0,7471300
1,7569500
0,7473000
1,7571400
0,7473700
0,7542300
1,7474200
0,7529100
0,7484900
1,7603700
1,8294700
1,8377000
1,8588000
0,8645900
0,8112900
0,8099400
0,8261100
1,7889900
0,8153300
0,8161500
1,7771500
1,7848600
0,8360200
0,7824200
0,7791100
1,7823400
1,7782500
1,7820800
1,7765200
0,7810300
0,7783600
1,7797800
1,7776600
0,7802300
1,7783500
1,7811300
1,7804400
1,7814100
1,7815500
1,7815600
0,7888500
1,7635800
1,7649100
0,7700300
1,7617500
1,7689600
0,7733000
1,7675500
0,7626600
1,7703900
1,7616500
1,7673600
0,7627200
1,7720200
0,7642400
0,8436600
0,7628800
1,7854800
1,7688900
0,7684400
0,7627700
1,7681300
1,7614800
1,7728700
0,7625400
1,7871700
1,7656500
0,7872900
1,7645700
1,7872700
1,7676700
1,7715900
0,7660400
1,7832200
0,7686300
1,7749900
1,7677300
0,7717500
0,7709400
0,7712800
0,7611800
0,7599100
1,7549900
1,7617700
1,7867700
1,7631300
1,7504200
1,7829100
1,7544400
0,8289400
1,7642000
0,7642200
0,7656800
1,7750900
0,7645300
0,7722600
0,7664800
0,7737900
0,7669600
1,8315500
0,7881700
0,7775900
0,7670000
0,7734600
0,7653700
1,7761000
1,7535400
0,7640600
0,7492400
0,7678300
1,7678900
0,7618200
0,7514700
1,7654800
0,7583600
0,7589600
1,7489200
0,7627200
1,7559400
1,7608600
0,7514900
0,7720600
1,7583200
0,7756900
0,7702800
1,7541700
0,7550100
1,7612800
0,7561800
0,7575600
0,7541700
0,7615800
0,7795300
0,7348600
0,7645300
1,7396400
0,7522200
0,7343700
1,7528600
0,7423600
1,7558300
1,7335400
1,8473100
1,7403000
0,7600400
0,7492200
0,7615100
1,7522600
1,7756500
0,7491800
1,7607200
0,7542900
1,7827900
1,7469600
1,7617800
0,7546600
1,7656200
1,7569700
1,8338000
1,7724400
1,7543600
1,7512200
0,7397000
1,7420800
1,7906100
1,7576800
1,7397100
1,7426000
0,7558700
0,7417700
0,7391600
1,7538100
1,7690000
0,7554900
1,7684000
0,7934500
1,7701700
1,7705800
0,7572000
0,7491100
1,7655800
0,7547300
0,7504000
0,7658700
0,7563600
1,7623500
0,7547500
1,7581900
0,7562900
0,7754100
1,7537400
0,7594100
1,7585000
1,7675500
0,7550500
1,7692000
1,7591400
0,8235400
0,7662100
1,7749800
0,7654000
0,7723100
1,7667200
0,7753100
1,7644900
0,7753200
1,7670200
1,8335500
0,8192400
0,7895800
1,7830700
0,7752100
0,7678900
0,7709500
1,7661700
0,8024200
1,7667300
0,7720200
1,7783900
1,7736400
1,7916100
1,7734600
0,7678900
0,10307600
1,7981900
0,7656600
1,8598800
1,9426800
1,7774000
0,7670600
0,7964200
0,8470500
1,8335000
1,8400800
0,7957100
0,7820600
1,7873200
0,7870400
1,7921000
0,7820600
0,7904900
1,7847200
1,7874000
1,7871700
0,7887700
0,7880300
0,7873600
1,7873000
0,7724100
0,7766200
0,7723400
0,7849900
1,7751900
0,7771600
0,7810200
0,7924400
0,7821900
0,8059000
0,7684200
1,8155800
1,7845800
1,7731300
0,7695300
0,7714300
1,7665800
0,7752400
0,7664100
1,7950100
1,7672800
0,7736600
1,7750400
1,8160300
1,7838500
1,8065800
1,8250200
0,7777200
1,7671000
1,7713200
1,7672800
1,7737800
1,7627300
1,8503700
0,7676400
1,7765600
1,7671500
1,8458700
0,7661000
1,7753200
1,7896700
0,9696100
1,11106300
0,8046700
0,7721700
0,7665100
1,7805300
1,8555600
0,7859300
0,7667900
0,7845300
1,7808900
1,7789200
0,7816600
1,7804700
1,9084300
1,7846400
1,7804000
1,7983300
1,7783500
0,8852500
0,8178200
0,7799900
1,7632100
1,7695400
1,7668000
1,8618500
1,7816000
1,7929200
0,7772700
1,7887100
0,7718500
1,8146800
1,7629500
1,7687300
1,7638100
1,7690100
0,7629800
1,7672300
1,7619800
1,7671600
0,7625100
1,7712300
0,7626000
1,8123400
0,7628200
1,7686900
1,7616400
1,7591800
1,7470100
0,7747400
0,7975800
0,8257700
0,7834300
1,7559900
1,7480000
1,7796100
1,7477000
0,7635700
0,7487300
0,7563700
1,7620800
1,7691600
1,7658200
0,7738200
0,7629400
1,7684800
1,7645000
0,7675700
0,7797900
1,7677000
1,7659800
1,7767200
1,7625000
1,8100000
1,7957200
0,7633500
0,7504200
1,7590900
0,7612500
0,7535900
1,7947000
1,7662700
1,7529200
1,7579600
0,7562100
1,7476400
1,7780000
1,7604400
0,7679300
0,7623500
1,7699800
1,7621900
0,7761700
0,7626600
0,7698400
1,7621600
0,7674600
1,7629400
0,7717000
1,7467700
1,7654100
0,7337500
0,7478000
0,7380900
0,8347900
1,8138800
0,8908000
0,9099300
0,7402700
0,7424600
1,7875800
1,7323100
0,7820500
0,7808800
1,7797100
1,7764300
0,7802000
0,7805800
0,7799300
1,7777900
1,7812400
0,7789100
1,7774100
0,7787400
0,7952100
0,7323000
1,7445800
1,7372200
0,7543700
1,7311900
1,7541900
1,7390800
0,7604200
0,7320600
1,7462300
0,7381100
0,7426900
1,7332300
1,7384700
1,7379600
0,7333000
0,7575100
0,7378900
0,8585600
0,7505300
0,7731400
0,7482500
1,7519500
1,7371100
1,7521600
1,7362600
0,7530900
1,7635000
1,7660000
1,7621100
0,7692400
1,7650400
0,8124900
0,7631700
1,7685300
0,7652100
0,7688400
1,7623000
1,7678600
1,7526100
1,7632500
0,7321800
0,7445100
0,7396900
1,7416100
0,7365700
0,7468900
0,7397000
0,7392900
0,8860100
0,8794700
0,8439700
1,8146200
1,7668800
1,7852200
1,7848900
0,7828300
0,7635800
0,7932100
1,7619800
0,7866100
1,7629000
1,7904500
0,7628700
1,7663400
0,7626300
1,7694900
0,7623900
1,7699800
1,7624600
1,7675200
1,7606900
0,7686200
0,7628600
1,7850100
0,7624200
1,7679800
1,7620000
1,7606300
0,7475000
0,7524600
0,7472600
1,7594300
1,7485400
1,8896800
1,7461100
0,7965500
0,7768600
0,7641100
1,7546000
1,7569600
0,7578700
1,7667000
1,7642700
0,7698000
0,7627500
1,7761300
0,7670300
0,7928200
1,7669600
1,7853800
1,7794700
0,7719800
0,7669900
1,7678000
1,7579200
1,7606600
0,7495400
0,7547300
1,7662400
0,7550200
1,7783600
0,7541800
1,7658500
0,7548700
1,7752500
0,7553100
1,7650000
1,7563100
1,7556300
1,7522400
0,8103200
1,8262800
1,8221500
0,8380800
0,7837500
1,7515300
0,7578600
1,7561300
1,7566900
0,7677300
1,7839000
1,7679000
0,7723300
1,7655400
1,7714000
1,7703000
0,7715200
1,7663500
1,7756000
0,7704700
1,7723800
1,7644400
1,7649500
0,7462000
0,7424900
1,7427900
0,7626400
0,7588300
0,7569200
1,7571500
0,7508400
0,7444200
0,7511500
1,7336300
0,7810000
1,8381300
1,7710000
1,7682100
1,7713700
1,7687300
0,7731500
0,7660300
1,7659200
0,7774100
0,7666400
1,7750800
0,7642500
0,7738900
0,7559700
0,7538800
0,7359400
0,7621200
0,7419300
1,7609100
0,7358200
1,7692900
0,7427000
1,7710800
1,7357300
0,7714000
0,8414000
1,8452900
0,8428400
1,8390000
0,8237700
0,7756800
0,8144600
0,7689900
0,7497600
0,7813600
1,7575400
0,7665100
0,7548100
0,7589000
1,7706100
1,7772900
0,7666200
0,7708400
0,7686200
1,8024300
0,7670200
1,7801700
0,7864700
0,7862100
0,7703100
1,7759200
0,7645700
0,7742500
1,7664800
1,7731800
1,7643500
0,7728700
0,7847000
1,7768900
1,7670900
1,7693000
0,7671800
0,7808400
1,7682500
0,7978300
1,7561300
0,7658500
0,7537400
0,8304400
1,7628600
1,7732000
0,7591600
0,7746800
1,7490200
1,8198400
1,7605300
0,7618200
0,7615500
0,7745900
1,7640500
0,7756000
1,7669900
0,7715900
1,7664000
1,7755000
1,7680100
0,7715700
0,7664800
0,7747700
1,7791300
0,7722100
1,7397500
1,7487200
0,7438800
1,8169100
1,8128900
1,8946600
1,8530400
0,9217600
1,8787900
0,7990800
1,7419800
0,7467600
1,7734600
0,7846000
0,7917800
1,7809400
1,7937100
0,7870800
0,7838400
0,7808000
1,7988900
0,7850800
0,8261100
0,9556700
0,7828300
0,7576700
1,8158500
0,7591400
0,7646500
0,7529900
1,7559700
0,7738700
1,7671800
1,7487100
1,7661900
1,7541100
1,7670700
0,7544700
1,7591300
0,7549600
1,7720400
0,7546200
1,8415800
1,7834300
0,8138300
1,7962300
1,7711000
0,7563600
0,7666300
0,7582200
1,7843700
0,7666200
0,7900600
0,7666800
0,7765100
1,7679000
1,7765000
0,7666600
0,7737400
0,7715500
1,7737800
0,7670600
1,7723400
1,7634300
1,7494600
1,8535400
1,7931200
0,7439800
1,7419000
0,7747300
0,7564900
1,7436300
1,7859800
1,7335600
1,7575600
1,7447700
1,7500800
0,7644100
0,7812000
0,7728500
0,7689900
0,7629000
0,7801900
1,7732600
0,7782900
0,7855400
0,7690000
0,7647300
1,7681400
0,7602900
0,7530300
1,7481100
0,7605900
0,7644500
0,7739500
0,8034000
1,9790100
1,8137200
0,7836900
0,7714700
0,7747900
0,7767000
0,7889500
1,7678300
1,7731100
1,7671200
1,7957800
0,7711600
1,8080200
1,7786400
1,7758200
0,7676100
0,8005000
0,8011800
0,7885500
1,7806800
0,7725000
1,7621300
1,7669600
0,7633500
1,7670700
0,7661700
1,7678100
0,7626600
1,7749500
1,7614200
1,7882800
0,7630300
0,7686200
0,7642100
1,7672500
1,7629500
1,7795100
1,7642100
0,7751100
1,7664700
1,8091500
1,7710800
1,8047500
0,8146900
1,7732400
1,7630800
1,7669200
0,7624300
0,7686700
1,7613800
0,7682200
0,7627100
1,7657400
0,7624700
1,7671700
0,7627200
1,7692300
1,7620200
1,7416300
0,7437400
1,7389800
0,7497500
1,7490600
0,7504500
1,7360900
1,7768000
0,7380400
1,7448200
1,7406700
0,7399000
0,7381000
0,7439500
0,7395600
0,7365700
0,7380100
1,7434600
1,7380100
0,7568100
0,7583800
0,7383300
1,7851100
0,7327800
1,7557200
1,7412900
1,7552000
1,7484500
0,8476800
0,7579000
0,7595200
1,7528300
1,7624000
0,7470000
1,7597600
1,7463700
0,7840000
1,7497800
0,7607900
0,7593900
0,7688000
1,7630700
0,7702100
0,7624500
0,7687700
0,7741300
1,7824900
1,7617600
0,8000200
0,7632900
1,8001300
0,7626700
0,7662400
0,7523400
0,7665400
1,7621400
1,7740600
1,7624400
1,7691600
1,7631000
0,7959400
0,7803100
1,7857100
0,7971000
1,8852200
1,8409300
0,7923100
1,7850800
0,7863800
1,7852200
0,7889900
0,7861700
0,7849400
1,7850900
1,7852300
1,7819400
0,7895800
1,7841400
1,7800100
1,7703500
1,8613100
1,7619900
1,7575700
0,7547500
0,7879300
1,7538500
0,7548700
1,7513900
0,7652200
1,7504200
0,7697600
0,7716300
1,7909300
1,7657100
1,7733300
0,7671700
0,7924000
0,7697700
0,7709000
1,7650200
1,7921200
0,7672600
0,7737400
0,7801600
1,7772700
0,7671100
0,7739000
0,7644300
0,7747500
1,7635900
1,7737300
1,7635300
1,7851300
0,7665000
1,7738400
0,7689100
1,7752700
1,7479700
0,7634300
0,7456800
0,7404300
1,7404100
1,7561900
0,7424300
1,7455500
0,7551400
1,7520400
0,7439000
1,7414200
1,7428500
1,7516400
0,7442600
0,7701000
0,7421500
1,7506000
1,7498400
1,7422400
0,7424300
0,8457500
1,7437000
1,7556300
1,7424400
0,7503400
1,7582100
0,7737000
0,7675900
0,7723200
1,7677200
0,7663200
0,7715400
1,7636700
1,7759500
1,7680200
0,7719100
1,7682200
0,8661300
1,7750400
1,7337600
1,7667200
1,7439200
1,7421400
0,7512700
1,7424500
1,7650700
0,7429900
1,8603400
1,7528100
1,7584400
1,7469800
1,7564100
1,7473100
1,7657800
1,7541500
1,7600600
1,7479400
0,7686000
1,7759800
0,7820400
1,7733800
1,7628600
0,7589800
1,7912200
1,7601200
1,7806700
0,7543900
1,7576400
0,7582300
1,7561600
0,7551200
0,7698200
1,7560000
1,7773000
0,7561900
1,7665100
0,7574100
1,7613500
0,7490600
1,7622300
1,7564200
0,7815000
1,7485400
1,7631000
0,7747200
1,8511200
0,7490300
0,7698000
1,7577300
1,7584800
0,7491400
1,7623100
0,7406900
1,7514800
1,7349100
1,7489700
1,7447800
0,7478500
0,7453800
1,7402000
0,7506800
1,7388600
1,7907900
0,7429000
0,7928000
1,7633200
1,7778100
1,7541000
1,7573100
0,7509500
0,7634500
0,7488900
1,7632100
0,7513400
0,8467700
0,8551100
1,9722600
0,8022800
0,7849900
1,7856300
1,7835200
1,8093000
1,7824300
1,7866000
1,7821700
1,7933800
0,7829900
0,7857200
0,7838300
0,7885100
1,7832700
0,7851100
0,7859400
0,7856000
1,7872900
1,7836700
0,7830200
1,7962600
1,7850500
1,7834300
1,7802700
1,7844600
0,7762700
1,7762600
1,7647400
1,7749600
1,7687900
0,7767600
1,7655700
0,8133000
0,7680300
1,7727400
0,7669100
1,7895600
1,7624800
1,7667000
0,7539600
0,7571200
1,7537100
0,7601200
0,7547100
0,7653200
1,7501900
0,7590000
0,7554400
0,7586200
0,7492400
0,7623700
0,7500300
0,7447900
0,8572000
0,7544000
0,7513600
1,7611900
0,7367500
0,7613000
0,7582500
1,7429300
1,7465500
0,7404700
0,7520300
1,7435600
0,7606700
1,7339200
0,7443900
0,7426500
1,8477400
0,7786800
1,7977700
1,7511600
1,7717200
0,7322900
1,7632700
1,7400300
1,7495600
0,7626700
0,7785600
0,7667000
0,7776400
1,7628700
1,7673100
0,7641600
1,7682900
0,7949400
0,7695800
1,7661700
0,7727300
0,7613800
1,7702300
0,7493000
0,7603400
1,7500100
0,7557000
0,7470200
1,7721300
1,7488000
0,7544900
0,7469700
1,7551400
0,7469600
0,7580700
1,7419200
0,7522200
1,7386800
0,7321000
1,8434900
0,8294300
1,9191100
1,9011000
1,8962600
0,8594300
1,8772500
1,7464100
0,7668400
0,8312600
1,7808300
1,7939000
0,7796400
1,7760300
1,7826900
0,7789600
1,7796000
0,7786600
1,7974500
1,7805500
1,7975100
0,7626700
0,7716600
1,7625200
1,7670600
1,7619500
1,7702000
0,7625400
0,7625800
1,7847600
0,7832700
0,7674700
1,7614000
0,7721700
1,7485300
0,7645500
1,7472500
0,7563700
0,7468500
0,7540300
0,7501600
0,7770000
1,7468000
0,7589400
0,7466500
1,7545800
0,7470800
1,7503800
0,7470600
0,7660600
1,7552100
1,7564500
1,7445100
0,7537300
0,7505800
0,7906900
0,7476200
0,7594500
0,7468100
0,7590100
1,7451700
1,7574200
0,7469400
1,7536900
0,7540600
0,7486200
1,7517900
1,7482400
1,7601200
0,7487300
0,7673900
1,7465400
0,7534000
1,7521600
0,7501900
0,7380000
1,7822200
1,7763200
1,7473800
1,7357700
0,7575200
1,7412800
0,7610700
0,7384600
0,7785500
0,7399700
1,7396400
0,7706100
0,7530800
1,7508000
0,7523900
1,7462800
1,7592000
0,7773500
0,7523800
0,7472400
1,7608200
1,7479700
0,7641000
1,7950100
0,7694500
0,7647100
0,7700500
0,7630300
1,7798800
0,7664600
1,7622100
1,7778300
0,7627700
1,7942300
0,7627300
1,7675000
0,7626000
0,7637800
1,7466700
1,7527000
0,7508800
0,9593600
0,8104600
1,7887200
0,7496000
1,7901600
0,7471400
1,7538600
1,7503200
0,9193500
0,7472800
0,7618200
0,7489900
1,7600200
0,7472700
1,7558700
1,7495300
0,7625400
0,7471900
0,7545100
1,7485400
1,7537100
0,7468900
0,7409500
0,7398300
1,7504100
1,7628500
1,7770100
0,7803300
0,7819900
0,7325400
1,7465400
0,7480500
0,7383900
0,7414000
0,7735100
1,7507500
0,7473200
1,7515200
0,7429500
0,7574400
0,7471200
1,7569400
1,7513300
1,8116300
0,8677700
0,8995000
1,8805100
1,8865600
0,8483300
1,7849500
0,7901100
0,7792400
0,7830100
1,7804500
1,7831100
0,7830100
0,7819500
1,7816700
1,7790400
1,7804300
1,7793200
1,7803600
1,7792100
0,7788200
1,7795900
0,7807700
0,7798600
0,7791300
1,7811800
0,7825800
1,7838500
1,7793600
1,7833300
0,7660700
0,7551200
0,7335400
0,7639900
1,7514600
0,7603400
1,7559100
1,7720000
0,7571600
0,7771500
1,7510700
0,7656900
1,7866000
1,8004300
0,7787300
0,7812800
0,7634100
1,7697900
1,7635200
0,7699900
1,7618600
0,7690700
0,7627900
0,7752100
0,7667500
0,7715400
1,7556300
0,7552100
1,7448800
0,7540300
1,7464400
1,7897200
0,7534500
0,7848200
1,7452200
0,7673500
1,7512200
1,7503400
0,7539800
0,7505500
1,7628600
0,7471700
0,7631300
1,7497100
0,7739800
0,7473700
0,8510400
1,7633300
0,7620800
0,7665000
1,7552200
1,7511800
1,7646500
1,7639100
0,7680300
0,7642700
0,7836300
0,7529300
0,7654200
0,7762900
0,7701500
1,7629600
0,7675300
0,7664400
0,7690700
1,7619800
1,7391900
0,7400400
1,7408000
0,7321800
1,7703600
1,7686000
1,7858700
1,7590100
0,7564000
1,7504900
1,7701500
0,7771500
1,7722000
0,7551300
1,7545400
1,7476800
0,7552900
1,7573200
1,7568300
0,7469300
1,7467700
0,7561100
1,7485500
1,7531700
1,7479000
1,7896200
0,7568100
1,8195400
0,7932600
1,8403400
1,8772600
0,10195300
0,7930600
0,7767100
1,8261300
0,7568100
1,8256900
0,7806600
0,7762900
1,7816300
0,7806600
1,7849400
0,8833300
1,7839200
0,7806300
0,7789500
1,7816900
0,7806000
1,7779400
0,7788600
1,7798200
0,7677300
0,7680600
0,7624200
0,7679900
1,7649000
0,7690900
1,7618200
0,7843800
1,7622500
0,7687300
0,7625400
1,7710800
0,7625900
0,7574700
0,7470700
0,7536300
0,7467300
0,7563600
0,7469900
1,7619100
0,7468900
0,7529500
1,7464600
0,7536500
1,7465000
0,7621000
0,7401800
0,7477900
1,7325600
1,7438400
0,7432200
1,7403800
0,7549000
0,7382000
0,7428100
0,7365800
1,7457700
1,7374700
1,7627800
1,7370200
0,7400300
0,7379700
0,7436000
1,7310800
0,7474600
1,7376800
0,7891900
0,7433000
1,7365000
1,7658500
1,7448000
0,7631100
1,7556700
1,7590000
1,7474200
1,7963500
1,7538700
1,7441800
0,7532800
1,7643100
1,7546900
1,7981000
0,7860500
0,7711200
1,7601200
1,7590200
1,7630200
0,7821800
1,7763900
1,7837400
1,7616400
0,7714300
0,7803500
1,7660000
1,7624500
0,9018500
0,7621500
0,7683800
1,7632900
1,7688700
1,7640600
0,7682900
1,7628300
1,7676700
1,7618900
1,7773900
0,7646200
0,7688500
0,7625200
1,9964400
0,8147100
1,7633000
1,7381000
1,7379200
0,7393800
0,7400100
0,7320000
0,7700500
1,7565200
1,7907500
1,7696900
1,8045200
1,7733000
1,7778900
0,8126800
1,7688500
1,7641600
1,7658200
0,7624700
0,8112800
1,7598000
1,7698300
0,7622500
1,7695700
1,7728600
1,7676900
1,7641300
0,7872100
1,7302700
0,7404600
0,7379000
0,7432400
0,7318900
0,7467800
1,7377200
1,7498000
1,7313900
0,8175000
0,8274000
0,8960100
1,8851300
1,7667900
1,7623900
1,7705300
1,7631300
1,8120600
0,7629000
0,7689300
1,7779800
0,7730900
0,7625500
1,7756500
0,7623400
0,7865900
1,7658600
0,7741100
1,7661200
1,7776800
1,7683200
1,7736600
1,7674100
0,7734000
0,7696200
1,7711300
0,7654500
0,7920100
0,7596400
0,7575000
1,7314400
0,7613400
0,7443200
1,7521000
0,7457800
0,7996800
0,7465400
0,7605400
1,7347800
0,7525700
1,7447000
1,7676200
0,7491700
1,7591400
0,7533900
0,7579800
0,7498700
0,7765700
1,7805600
1,7609300
1,7494400
1,7776500
0,7564400
1,7579400
1,7490000
0,7724700
1,7569600
1,7603100
0,7547700
1,7543800
1,7586500
1,7539900
0,7593900
0,7534800
0,8128600
1,7552800
1,7669400
1,7489700
1,7638500
1,7561700
0,7624300
0,7496400
1,7628600
0,7547500
0,7789200
0,7516700
1,7604600
0,7541300
0,8361500
0,7715700
0,7622300
0,7685300
0,7709700
0,7705100
0,7704400
1,7669500
0,7724300
0,7684000
1,7763600
0,7664600
1,7709500
0,7705900
1,7711100
0,7645700
1,7730800
0,7446200
0,7824400
0,7341500
0,7489000
1,7653600
1,7468400
0,7433300
0,7516300
1,7429200
1,7495300
1,7344600
0,7679700
1,7602500
1,7761600
1,8227700
1,8807700
0,8879200
0,8476500
1,7551000
0,7716600
0,7488100
1,7824900
1,7535600
1,7619600
1,7480600
0,7843000
1,7828400
1,7843000
0,7826800
0,7836800
1,7820400
1,7906100
0,7828200
0,7841300
0,7833700
1,7847100
0,7826300
1,7997500
0,7828400
1,8208300
0,7826100
0,8012900
1,7743400
0,7722300
1,7663600
0,7843400
1,7684500
1,7770200
1,7661100
0,7731400
0,7775600
1,7847300
0,7808900
1,7833100
0,7853000
0,7882000
0,7815600
1,7851200
1,7857300
0,7850000
0,7940800
0,7835500
1,7841200
0,7764300
0,7665700
1,7727500
0,7658100
0,7717800
1,7656000
0,7748000
1,7645100
1,7838800
0,7666800
1,7853700
1,7663200
0,7739300
0,7484400
0,7656800
0,7340000
0,7556200
0,7427100
1,7640300
0,7340700
1,7926500
0,7421300
1,7501600
0,8200700
0,7427000
0,7520400
1,7624600
0,7666600
0,7711100
0,7666800
1,7855700
1,7664200
1,7711500
0,7675700
0,8423100
0,8084600
1,7915600
1,7646600
0,7777000
1,7577600
1,7568600
0,7504100
1,7799100
0,7549300
1,7598600
0,7506900
1,7936500
1,7522000
0,8414300
0,7564200
0,7591900
1,7537700
0,7626800
0,7464700
1,7412100
0,7397700
0,7775700
0,8932100
1,7914800
0,7449500
1,7642900
1,7501000
0,7465000
0,7321300
1,7411900
1,7502100
1,7464000
0,7654100
1,7476000
0,7548200
1,7472300
1,7582400
0,7471400
0,7618100
1,7605800
1,7623300
1,7441100
0,7510700
0,7717200
1,7541100
1,7462600
0,7595200
0,7469100
0,7593000
0,7471100
1,7637900
0,7470200
0,7550000
0,7669300
0,7668500
1,7472400
0,7623300
1,7464100
0,7574900
0,7473600
0,7528900
0,7468300
1,7563900
1,7466800
1,7462300
1,7603800
0,7488300
0,7526100
1,7463300
1,7890700
1,7424100
0,8228300
0,8715900
1,8533000
0,8509500
1,7380500
1,7434500
1,7418100
1,7626400
1,7451400
1,7359000
0,7508700
1,7449300
1,7636400
1,7624000
0,7705900
1,7626500
1,7693600
0,7595700
0,7791800
0,7626800
1,7921000
1,7659300
0,7685800
0,7621000
0,7730700
1,7791600
1,7681100
0,7625700
1,7794200
1,7618300
0,7693000
0,7625200
0,7681500
1,7597500
0,7854800
1,7665800
0,7764300
0,7648800
0,7622000
0,7505100
0,7788100
1,7501300
1,7623600
0,7550400
0,7626500
0,7712500
0,7852800
1,7538800
1,7770300
0,7598700
1,7652100
1,7537000
0,7597900
0,7584300
1,7579000
0,7541200
0,7632400
0,7568900
0,7606600
0,7550200
1,7607000
1,7809800
0,7742000
0,7757700
0,7673200
1,7476900
0,7482100
1,7332600
1,7530300
1,7601900
0,7352000
0,7799300
0,7424600
0,7544700
0,7346900
1,7842900
1,7422100
1,7602400
1,7539500
0,7548500
0,7545000
1,7576300
0,7577600
0,7597900
1,7606500
0,7806200
1,7545700
0,7623400
1,7523800
0,8296900
1,7863100
0,7638400
1,7560600
0,7762500
1,7541200
0,7604400
1,7497400
1,7626100
1,7546400
1,7560300
1,7516100
0,7602800
1,7662300
1,7963000
0,7586000
1,7521000
1,7598000
0,7542300
0,7603900
1,7543900
1,7586900
0,7544100
1,7546900
1,7649200
0,7665100
1,7518300
1,8102300
0,8381700
1,8412000
0,8387100
1,8893400
1,9509300
1,7693500
1,7855200
1,7662400
1,7732000
1,7652300
0,7887300
1,7641300
1,7823700
1,7823600
0,7925000
1,7802100
0,7980900
0,7835100
0,7879200
0,7828300
0,7831000
1,7834300
1,7962000
0,7788800
1,7800500
0,7468900
0,7566000
1,7462400
1,7523000
0,7471200
1,7577400
0,7912300
0,8506000
1,8485200
1,8054100
0,8587100
1,8347900
0,8057300
0,8245800
0,7844900
0,7798400
0,7820000
0,7792000
0,7798800
1,7783300
0,7819600
1,7782700
0,7816500
0,7826200
1,7953900
0,7854500
1,7808700
1,7632000
0,7736400
1,7620000
0,7697900
0,7643800
0,7967300
1,7618200
0,7684900
1,7702800
1,7637900
1,7682600
1,7616900
0,7705200
1,7604000
0,7751300
1,7629800
0,7725200
0,7622700
0,7691100
0,7626200
1,7681100
1,7858800
1,7681900
0,7622900
1,7598900
1,7471700
0,7541700
1,7594300
1,7820800
0,7468800
1,7528300
0,7711300
1,7567100
1,7543100
1,8313000
1,7463600
1,7560100
0,7472000
0,7530400
1,7463600
1,7515200
0,7470900
1,7497700
0,7558900
1,7527300
0,7471200
0,7519300
0,7484800
1,7670200
1,7520900
1,7649600
0,7321500
1,7444900
0,7381800
0,7551100
1,7322600
0,7510000
0,8574800
1,7686300
1,7491500
1,7504100
0,7508900
1,7664400
1,7698200
1,7677200
1,7632800
0,7747800
1,7652700
0,7804800
0,7626500
0,7626400
1,7677300
0,7625100
0,7777100
0,7628900
1,7761600
1,7614400
1,7578900
1,7461900
0,7559000
0,7469000
0,7517500
1,7466000
0,7624900
0,7471800
0,7577400
1,7477200
0,7592100
0,7470800
0,7521400
0,7420800
1,7498900
1,7343700
1,7474400
0,7378000
1,8604900
0,8085800
1,8789600
0,9046700
0,7497000
0,7382000
0,7497900
1,7345200
1,7667900
1,7627600
1,7659900
0,7662000
0,7687000
1,7718300
1,7715000
0,7642800
1,7687100
0,7627100
1,7678800
1,7635900
1,7657600
1,7355000
1,7511100
0,7398500
0,7417300
1,7388500
1,7515000
0,7427300
0,7563300
0,7383200
1,7680500
1,7550000
0,8035100
0,7950800
1,7765900
1,7538700
1,7549200
0,7470100
0,7667200
0,7487800
1,7549700
0,7790000
0,7536800
1,7485600
1,7647000
0,7510100
0,7637500
0,7495200
1,7542900
0,7470500
0,7528700
1,7511900
1,7474900
1,7756800
1,7468600
0,7699000
1,7464500
1,7771300
0,7521200
0,7624500
0,7470600
1,7619400
1,7461700
1,7755500
0,7472100
1,8496500
0,7473700
1,7707400
0,7473500
1,7590800
1,7472400
1,7575900
1,7475600
0,7594800
0,7471200
1,7530200
0,7472400
1,7626000
1,7464600
0,7547300
1,7464500
1,7581700
1,7504100
1,7626700
0,7475000
1,7541500
1,8609700
1,7332400
0,7440900
0,7382100
1,7474400
0,7383200
1,8203400
0,7412700
1,7989500
1,7498700
0,8000100
0,7379900
1,7959700
0,8211200
0,7821400
1,7608700
0,7984200
0,7718800
0,7824900
1,7636500
0,7719100
0,7625800
0,7675600
1,7723800
1,7713600
1,7640100
0,7690900
1,7617600
0,7695900
1,7616300
1,7665200
1,7622200
0,7803600
1,7617700
1,7685200
0,7627600
0,7710600
0,7625700
1,7678900
0,7649500
1,7431400
1,7372800
0,7440600
1,7330200
0,7610800
1,7374000
0,7481500
0,7582100
1,7749000
0,7385500
0,7635700
0,7416800
0,7587300
1,7620300
0,7683900
0,7645000
0,7744400
1,7622600
1,7665300
0,7646900
1,7823900
1,7600000
0,7626000
1,7831000
0,7626500
0,7715000
1,7505800
1,7499000
0,7332500
0,7437900
1,7353400
1,7447900
0,7317300
1,7469500
0,7380500
1,7493000
1,7311700
1,7507200
1,7384600
0,7454700
0,7322000
0,7637300
0,8590000
0,8354700
0,8868400
1,9829700
0,9329900
0,8555100
1,8806500
1,7471800
1,7487200
0,7488200
0,7940200
1,7784600
0,7831700
0,7790400
1,7774900
1,7786400
0,7819200
1,7779100
1,7898800
1,7814000
0,7809800
1,7786400
1,7743100
0,7707300
1,7640800
1,7673200
0,7625600
1,7708400
0,7624900
1,7836400
0,7630200
1,7693800
1,7620400
0,8090400
0,7626400
0,7851700
0,7382900
0,7427800
0,7377700
0,7496900
0,7381900
1,7494900
0,7379900
0,7843900
1,7375100
1,7456300
1,7373800
0,7488500
1,7326200
0,7567200
0,7446000
1,7579700
1,7334900
1,7516900
0,7385100
1,7499800
1,7338000
1,7373400
0,7500400
0,7397800
0,7452900
1,7375100
1,7881700
0,7398100
1,7420400
1,7380000
0,7513100
1,7437800
1,8104200
0,8362700
0,9231800
1,9147700
0,8524200
0,7651100
0,7447500
1,7793600
1,7774600
0,7796500
1,7893800
1,7814000
1,7789600
0,7797800
1,7776400
1,7802700
1,7782600
0,7800000
1,7794900
0,7726100
0,7463800
0,7382100
1,7428100
1,7357100
1,7696300
0,7382200
1,7482700
1,7342200
1,7880600
0,7379500
0,8223800
1,8248700
1,8820900
0,7848000
1,8514000
0,7815400
1,7839800
1,7803800
0,7827600
1,7819200
1,7781600
1,7803300
1,7781000
1,7775500
1,7804700
0,7820400
1,7784000
1,7786800
0,7805500
0,7845200
0,7787400
1,7789200
0,7787800
0,7818700
0,7787800
0,7941100
1,7798600
0,7828100
1,7588200
1,7445600
1,7332100
1,7361100
1,7713000
0,7382500
1,7647400
0,7381700
1,8150600
0,7415000
0,7685600
0,7428300
0,7627600
0,7513900
1,8051300
1,7634600
1,7640600
1,7630600
0,7691500
1,7618300
1,7669200
0,7624800
0,7683500
1,7662500
1,7833100
1,7618400
0,7710100
0,7623100
0,7680200
0,7719100
1,7715900
0,7624800
1,7784700
0,7751100
0,7706600
0,7626400
1,7654000
1,7642500
0,7696700
0,7522000
1,7425600
1,7385500
0,7474500
1,7376500
0,7813700
1,8118000
1,7931700
0,7355500
0,7445600
1,7314700
1,7477300
0,7382900
1,7448200
0,7324300
1,7377900
0,7671900
1,7316800
0,7537800
1,7396800
1,7551700
1,7386300
1,7438900
0,7401300
0,7585300
1,7353800
0,7416900
1,7566400
0,7485800
0,7443900
0,7559600
1,7388600
1,7498100
1,7442600
0,7713400
1,7850700
1,7566100
0,7577600
0,7406800
0,7429600
1,7386600
0,7547800
0,7471200
1,7579000
1,7462600
1,8205900
1,7572000
0,7626700
1,7494600
1,7886200
0,7523300
0,7611200
0,7546300
0,7627600
1,7670400
0,7748000
0,7672400
1,7733700
0,7711800
0,7714400
1,7652500
1,7727600
0,7839100
0,7714800
1,7662000
0,8097300
0,7582900
1,7398400
1,7531700
0,7498100
1,7434700
1,7396600
0,7432200
0,7710700
1,7437300
1,7557800
0,7341700
1,7777900
0,8916800
0,7450000
1,7344300
1,7477600
0,7488100
1,7484200
0,7421400
1,7415700
1,7653200
0,7427700
0,7427300
1,7415900
1,8412600
1,7384600
1,7672500
0,7679000
0,7818500
1,7608700
0,7572800
0,7547000
0,7612700
1,7531100
1,7643600
1,7635400
1,7743500
0,7671500
0,7830000
1,7489800
1,7793900
0,7546300
1,7602700
0,7518100
1,7601900
1,7522200
1,7694600
0,7511200
0,7831100
0,7949400
0,8492200
0,8104900
0,8185200
0,7944400
0,7838800
1,7936600
0,8008500
0,7722600
0,7735600
1,7846200
1,7775200
0,7664500
0,7713800
0,7690200
1,9580100
0,7663000
1,7753000
1,7660500
1,7696600
0,7667200
1,8005000
1,7640300
0,7731300
1,7703300
0,7967300
1,7659800
1,7700200
1,7674400
1,7721200
1,7651800
1,7570600
0,7538600
0,7636800
0,7510500
0,7701800
1,7545400
1,7702700
0,7546000
1,7607500
1,7547500
1,7642600
1,7551900
1,7611100
0,7429900
1,7504500
1,7584000
0,7595000
1,7541400
1,7621900
1,7629900
0,7660300
1,7644800
0,7643400
1,7439300
1,7423900
0,7740000
0,7642300
1,7550700
1,7547900
0,8227100
0,8577600
1,8958300
1,8361500
1,8837500
1,8786600
1,7474300
1,8284500
1,7782400
1,7777000
0,7788900
0,7898500
1,7828500
0,7809100
0,7808700
1,7805900
0,7797700
1,7788500
1,7760500
1,7807200
1,7784900
1,7673900
1,7619400
1,7837600
0,7983700
0,7783600
0,8162100
1,7702200
0,7625800
1,7712100
1,7628000
1,7682500
0,7624300
0,7667000
0,7623500
0,7756800
0,7639800
0,7626500
0,7664900
0,7691200
0,7629900
1,7746300
1,7635400
1,7681600
1,7615100
1,7719100
1,7657000
0,7725200
1,7508500
0,7617300
1,7547900
0,7673000
1,7548600
0,7580600
1,7788200
0,7611800
1,7458400
1,7768100
0,7513600
0,7472600
1,7582500
1,7464600
1,7537900
0,7471300
0,7517300
0,7470100
0,7554000
1,7486300
1,7514600
0,7470000
1,7700300
1,7610200
1,7682000
0,7476500
0,7645300
0,7472200
1,8259300
1,7829300
1,7731400
1,7499300
0,7890700
0,7471000
1,7618000
0,7472000
1,7659500
1,7466500
0,7676300
0,7629800
0,7690200
0,7627900
0,7701400
1,7619700
0,7853200
0,7523700
1,7623900
0,7629100
0,7684800
0,7626300
1,7669300
0,7525700
1,7381000
0,7499000
0,7416400
0,7444800
0,7380800
1,7435600
0,7399400
0,7462600
1,7366000
1,8726800
1,7380400
1,7481800
0,7382000
1,7673000
1,7374200
0,7388700
0,7381600
1,7497800
1,7397900
0,7435000
1,7369100
0,7427900
1,7382100
1,7641900
0,7381200
0,7545200
1,7504700
0,7534200
1,7464000
0,7520900
0,7482800
0,7465400
0,7628900
1,7463500
0,7669100
1,7477700
0,7665300
1,7490000
1,7539100
0,7456600
0,7457400
0,7331300
1,7620500
1,7376400
1,7635400
0,7321400
0,8721800
0,7650700
0,7754300
0,7468400
0,7385800
0,7379100
0,7564800
0,7639900
0,7729600
0,7626300
1,7671100
0,7642700
1,7765000
1,7617400
1,7661900
1,7630200
0,7695800
0,7625900
0,7683400
0,7613800
1,7542200
1,7371400
1,7371000
0,7691100
0,7319100
0,7443400
0,7380700
0,7454800
1,7315200
1,7634000
1,7501400
0,7497300
0,7317700
1,7512100
1,7373100
0,7600100
1,7322500
1,7620700
1,7445800
0,7545600
0,7506100
0,7691800
1,7385700
1,7792600
1,7415600
1,7960100
0,8582900
0,7780200
0,7852800
1,7774300
0,7641200
1,7700500
0,7672900
1,7876200
0,7633100
1,7686500
1,7922900
0,7865800
0,7675700
1,7715300
1,7652400
0,9161700
1,10840700
0,11215900
1,11145500
1,10824700
1,9607800
1,8889500
0,11491800
1,11079800
1,10482100
1,10086300
1,7804100
1,7806400
1,7795000
0,7956300
0,7807000
1,7824200
1,7825200
1,7840800
0,7805300
1,7949800
0,7835200
1,7811300
0,7788200
1,7773200
0,7803000
0,7815800
0,7798800
0,7810800
0,7788500
1,7813000
0,7789300
1,8085200
0,7832700
0,7555800
1,7579100
1,7490000
0,7551200
0,7472600
0,7692100
0,7489400
0,7591200
0,7542300
1,7843200
1,7548000
0,7645100
0,7633600
0,7721800
1,7637500
1,7684100
0,7628400
1,7665400
0,7643500
0,7684700
1,7622800
0,7698800
1,7614000
1,7752800
0,7629500
1,7366500
1,7389200
0,7444000
1,7318800
1,7557900
0,7394800
0,7463200
1,7474600
0,7522900
0,7679300
1,7731500
1,7464800
0,7437300
1,7634800
1,7777000
1,8550300
1,7859000
1,7781100
1,7824000
0,7628300
1,7834500
0,7643900
1,8145100
1,7968600
0,7896800
1,7622200
0,7682900
0,7629200
0,7776100
1,7620400
1,7694200
0,7627100
1,7693400
1,7597700
0,7724000
1,7628400
0,7745000
0,7626200
0,7695400
0,7357100
0,7397700
1,7501200
1,7309300
1,7446200
1,7392700
0,7475900
1,7311700
1,7984600
0,7396300
0,7716800
0,7557100
0,7538000
0,7606700
0,7891600
1,7617900
0,7681000
1,7632100
1,7698300
1,7626600
0,7796800
1,7635700
0,9109100
1,7642800
0,7934200
1,7623000
0,7669700
0,7557200
1,7605400
0,7483200
1,7659800
1,7463400
0,7556500
1,7573100
1,7518600
0,7528000
0,7643700
0,7472400
1,7638700
0,7552400
0,7660100
0,7493500
1,7621800
1,7535600
1,8040000
0,7869000
1,7742900
1,7609000
0,7701100
1,7652000
1,7644200
1,7543900
0,7563300
0,7729600
0,7492100
0,7725500
1,7526600
0,7625700
1,7479800
1,7725600
0,7584800
1,7651200
1,7520000
0,7666300
1,7563500
0,7695400
0,7743100
0,7561200
0,7447100
1,7459200
0,7421500
1,8500300
0,8377600
1,7949700
1,7704600
0,8038300
0,8064700
0,8835900
0,8920000
0,7913000
1,8148700
1,8122900
0,7809800
0,7843200
0,7968800
0,7795200
1,7827300
1,7782600
1,7803000
0,7787600
0,7825600
1,7786300
0,7801200
0,7790500
0,7823400
1,7784500
0,7798000
1,7806000
0,7820800
1,7831500
0,7800700
1,7776700
0,7973900
0,7619000
1,7425400
1,7314900
0,7530600
1,7384800
0,7324800
0,7514500
1,7392000
1,7460400
0,7320800
0,8676500
0,7525100
0,7662700
1,7524800
1,7745300
1,7488400
1,7643400
1,7445300
0,7531900
0,7487600
1,7531100
0,7470300
1,7550300
1,7617000
1,7540600
0,7470900
0,7552400
0,7371900
0,7438400
0,7379300
0,7448000
0,7454600
0,7605800
0,7807500
0,7350200
1,8311000
1,7382500
1,7596300
1,7451600
0,7437500
0,7524400
0,7697700
0,7662200
1,7761800
0,7627600
1,7677900
0,7640100
1,7681800
0,7626100
1,7695900
1,7643400
1,8571800
0,7630600
0,7634600
1,7477000
1,7544100
1,7455200
1,7570800
0,7530800
1,7573100
0,7471800
0,7735900
1,7481000
1,7525200
0,7470500
1,7674100
0,7458600
1,8564300
1,7314200
1,7426900
1,7396100
0,7448000
0,7322000
1,7668600
1,7434500
1,7443500
1,7336700
1,7372600
0,7552400
1,7377400
0,8432400
1,7572300
0,7652400
0,7473800
0,7376800
1,7380900
0,7643200
0,7439300
0,7381300
0,7384000
0,7713700
1,7402300
0,7395400
0,7769400
1,7816700
0,8001000
0,8391900
0,8462100
0,8859100
0,8465700
1,8257700
1,8108100
0,7868000
1,7472200
0,7587800
1,7661200
0,7817500
1,7797800
1,7792700
1,7834500
1,7821700
0,7786200
0,7799700
0,7804900
0,7869400
0,7788900
1,7826700
1,7780400
1,7589900
0,7471900
1,7585600
0,7473400
0,7668100
1,7494000
0,7546300
0,7471700
1,7529000
0,7784900
0,7644700
0,7472300
0,7547700
1,7490000
1,7480100
0,7323800
1,7448400
0,7352900
1,7455300
1,7300500
1,7463100
1,7374000
0,7457100
1,7319400
0,7382500
1,8914400
1,8585100
1,8001800
1,7932200
0,7628100
1,7871700
1,7717000
0,7719900
1,7624500
1,7716500
1,7641500
1,7773600
0,7631100
1,7726200
1,7619300
1,7675500
1,7626700
1,7734000
1,7623400
0,7924900
0,7633200
1,7828900
1,7907600
1,7670200
0,7650300
1,7844700
1,7622100
0,7828400
1,7636000
1,7684900
0,7622000
0,8049100
1,7664100
0,7686800
1,7618700
1,7783800
0,7639600
1,7722300
1,7885200
1,7678300
1,7620400
0,7544000
1,7467700
1,7545400
0,7490000
1,7496500
0,7535900
1,7459100
0,7927900
1,7452600
1,7519200
1,7442600
1,7672900
0,7515900
0,7447800
1,7399300
0,7513600
1,7354300
1,7386100
1,7409900
1,7487900
0,7729800
1,7446100
0,7385700
0,7454800
1,7387900
0,7398700
1,7378900
0,7398200
0,7475300
0,7321300
1,7443800
0,7399200
1,7425000
1,7338700
0,8435300
1,7571900
1,7575200
1,7444800
1,8323300
0,7451600
1,7865400
0,7471800
1,7579200
1,7525200
1,7590800
0,7473100
1,7521000
0,7485400
1,7561500
0,7471400
1,7886700
0,7574100
1,7818400
0,8581200
1,7599600
1,7477800
0,7530200
0,7474200
1,7547200
1,7485600
0,8294800
1,7818000
0,8804400
1,8720700
0,8703600
0,7817400
1,7884500
1,7930500
1,7953100
0,7789100
1,7826000
1,7885900
0,8478100
0,7835200
1,7832700
0,7865100
1,7873000
1,7856800
1,7830900
0,7826600
0,7815600
0,7839300
1,7802300
1,7796500
1,7792400
1,7808600
0,7788200
0,7795500
1,7782700
1,7827300
1,7715800
0,7915600
0,7797000
1,8037400
1,7667100
1,7828400
1,7803300
1,7666000
0,7627200
0,7780800
1,7645600
1,8287900
0,8424000
1,7840800
1,7819100
0,7804800
0,7789700
0,7803500
0,7807100
0,7810300
1,7781800
0,7883200
0,7810500
0,7803700
1,7819600
1,7868500
1,7502300
0,7544500
0,7471700
0,7628700
1,7469000
0,7577000
1,7781800
1,7598200
0,7469500
0,7546000
1,7489000
0,8297300
0,7474200
0,7687400
0,7630600
0,7817700
1,7614400
1,7670100
1,7619300
1,8690700
1,7876000
1,7673500
0,7624600
1,8532500
1,10377200
1,9216800
1,7816200
1,7928700
1,7792500
0,9173700
0,7925300
0,7801000
0,7952700
1,7812500
1,7860400
0,7796600
1,7850900
0,7846800
0,7730900
0,7640100
0,7746000
1,7638900
1,7727500
1,7664900
0,7741200
1,7666100
1,7665500
1,7617400
0,7678100
1,7613500
1,7749600
1,7895100
0,7760500
1,7746600
0,7823500
1,7893900
1,7774500
1,7637100
1,7686500
1,7632100
0,7835500
1,7918200
0,7779900
0,7631500
0,7687700
1,7673600
1,7673900
1,7631100
1,7689700
1,7631900
1,7595300
0,7681900
1,7631400
1,7851100
1,7600300
0,7686800
1,7787700
1,8584600
1,8358200
0,8881600
0,8393200
1,8303600
0,7678700
0,7474600
0,7590100
1,7726200
0,7533500
0,7474900
0,7659600
1,7631300
0,7868600
0,7812200
1,7808800
0,7789100
0,7807800
0,7815300
1,7799800
0,7789000
0,7794300
0,7806300
0,7805800
1,7773900
0,7680800
1,7481400
1,7784500
1,8005800
1,8861700
0,8756000
0,7596100
0,7470600
0,8225200
1,7508000
0,7545100
1,7465800
1,7548300
1,7611300
0,7680800
0,7627200
1,7676000
0,7625900
0,7935000
0,7758600
1,7827400
0,7900400
0,7688800
0,7627900
0,7878700
1,7621200
0,7684200
0,7629800
0,7730300
1,7628700
1,7692100
0,7637500
1,7681200
0,7751900
0,8090300
1,7792800
0,7758500
1,7877800
1,7647600
0,7670600
0,7645800
0,7687000
0,7626800
0,7905700
1,7658000
0,7714000
1,7663800
1,7711400
0,7871200
0,7703900
1,7649300
1,7731100
1,7635700
1,7742400
1,7672300
1,7879500
0,7635500
1,7827100
0,7807500
0,7697000
0,7635400
1,7780800
0,7736200
0,7906400
1,7672200
0,7692200
0,7625800
0,7715300
0,7625000
1,7756700
0,7628700
1,7820300
1,7818300
0,9100100
1,7777500
1,7627000
0,7680800
1,7626000
0,8310100
1,7639000
1,7685200
0,7734400
0,7807300
1,7700100
0,7680800
0,7628200
1,7671700
0,7628500
1,7873500
1,8768500
0,7966000
0,7786200
1,7811700
1,7631400
0,7723700
1,7621500
1,7686800
0,7627000
1,7687200
1,7631500
0,7682700
0,7644100
0,7869200
0,8484100
0,7613200
1,7484500
1,7646000
0,7508300
0,7711600
0,7491100
1,7519400
1,7476300
0,7707300
1,7778000
1,7723400
1,7465800
1,7553500
0,7511600
1,7470100
0,7584600
0,7470400
0,7571700
0,7471500
1,7646700
0,7472300
1,7722900
0,7474300
0,7542300
1,7535500
0,7503000
0,7475000
0,7515500
1,7573100
1,7478400
0,7353600
1,7523000
0,7412800
1,7485300
0,7323900
0,7479000
0,7384600
1,7464200
0,7323500
1,7373000
1,7454500
0,7397900
1,7385600
0,7381700
0,7485100
1,7394600
0,7433900
1,7715800
1,7549800
1,7372400
0,7544800
0,7380900
1,7593500
1,7503200
0,7957100
0,7844500
0,7756700
0,7577000
0,7669900
1,7547500
0,7537300
1,7499400
0,7548000
1,7574600
0,7832200
1,7580800
1,7751400
1,8113800
1,7801900
0,7648500
1,7669100
0,7626400
1,7695800
1,7645900
0,7670600
0,7853400
0,7817300
0,7654800
0,7537300
1,7442500
1,7321900
0,8164600
0,7381600
0,8048200
0,7360400
0,7516700
0,7380500
1,7455100
0,7337200
1,7449500
0,7382800
1,7431600
0,7323300
0,7673200
0,7381500
0,7453700
1,7315600
0,7466800
1,7379500
0,7628200
1,7318200
1,7856800
1,7782600
1,7606000
1,7606000
0,7682600
0,7906000
0,7748800
0,7729900
1,7773400
0,7679100
1,7701900
0,7648400
1,7626000
1,7672200
0,7682900
1,7744300
1,7641500
1,7811000
0,7631400
1,7784100
1,7654200
1,8064000
1,8375600
0,8913900
0,8720400
1,7624300
1,7752200
0,7627700
1,7687600
1,7702300
1,7888900
0,7788500
1,7962400
1,7808700
1,7800500
1,7790400
1,7812600
1,7786000
1,7794800
1,7798100
0,7803200
0,7787700
0,7689100
0,7469400
1,7570600
1,7468500
0,7546200
1,7461600
1,7563500
1,9386600
1,8404300
0,8521700
0,8408500
0,8676800
0,8480400
1,7799300
0,7816200
0,7818400
1,7793700
1,7765200
0,7802800
1,7803000
0,7815600
0,7808800
0,7845600
0,7841000
0,7807300
0,7737800
0,7945300
1,8219600
1,7670600
0,7626700
1,7783500
1,7623000
0,7720300
0,7812800
1,7865400
0,7625600
1,7779800
0,8207200
1,7800500
1,7791600
0,7814700
0,7788200
0,7867100
1,7787500
1,7796900
0,7803900
0,7806700
0,7787400
1,7860800
0,7931600
1,7799600
1,7769000
1,7800900
0,7812300
0,7796700
1,7794000
1,7811000
0,7807500
0,7811800
0,7797800
0,7878600
0,7818200
0,7950300
1,7800100
1,7544500
0,7486300
0,7631400
0,7470200
1,7527900
1,7499000
1,7641900
1,7499200
1,8078000
1,7490100
1,7535700
0,7467800
1,7543100
1,7482800
0,7656600
0,7472000
1,7579700
1,7492300
0,7562300
0,7503900
1,7526900
1,7477700
0,7554700
1,7468100
0,7526400
0,7508600
1,7529400
0,7841600
0,7452500
1,7406400
0,7653000
1,7522400
1,7319800
0,7591600
1,7396500
0,7618800
1,7328300
0,7812800
0,7379700
1,7524500
1,7625100
0,7704000
1,7615100
0,7698700
0,7641300
1,7727100
1,7747000
0,7951400
1,7664500
1,7671700
0,7627800
0,7730300
0,7644300
1,7946700
0,7668100
1,7644300
0,7646200
0,7710600
0,7628900
1,7741600
1,7637400
0,7860000
1,7874300
0,7826200
0,7652400
1,8194800
1,7624900
1,7684400
1,7647600
0,7696500
0,7628300
1,7731300
1,7670200
1,7690000
1,7643200
1,7689300
0,7628500
0,7807300
1,7618100
1,7590400
0,8203900
0,7448400
1,7374700
1,7571000
0,7324200
1,7452900
0,7381600
1,7822200
0,7326400
1,7525000
0,7381400
0,7596500
1,7471500
1,7460600
0,7706400
1,7479900
1,7510700
1,7508400
0,7734600
1,7505000
0,8114500
0,7474700
0,7535200
1,7811900
0,7592300
1,7441500
0,7567600
0,7488000
0,7539400
0,7471900
1,7534000
0,7487700
0,7570400
1,7490100
1,7616100
1,7506400
1,7570100
1,7584400
0,7479900
0,9303100
1,7462900
0,7325200
0,7967200
0,8233100
0,7657000
1,7484200
0,7538800
1,7635900
1,7384300
1,7627400
0,7322100
1,7775800
0,7627500
1,7679300
0,7623500
0,9056900
1,7620100
1,7792800
0,7641900
0,7714800
0,7626400
0,7763200
0,7643300
1,7697700
0,7371000
0,7697400
0,7398100
1,7371900
0,7384100
0,7463500
0,7399900
0,7412100
0,7383000
1,7445100
1,7371500
1,7428300
0,7386300
0,7546400
1,7664300
1,7397000
1,7374500
0,7446400
0,7338700
1,7360900
0,7650700
1,7370700
1,7413700
1,7373100
1,7845700
0,7418400
0,7638300
0,7626800
0,7811100
0,7629300
0,7702900
1,7625400
1,7743300
0,7637100
1,7708700
0,7635200
1,7693500
0,7626000
0,9989900
0,7648600
0,7893200
1,8047100
0,7910800
0,8096700
0,8481500
0,8767900
1,8819000
1,9255700
0,7840300
1,7933500
1,7725900
0,7726900
0,7790300
0,7955200
1,7784900
0,7798500
1,7801500
1,7807800
1,7774900
1,7791400
0,7803200
1,8952700
0,7793200
1,7827200
1,7652000
1,7715000
0,7322000
0,7628900
0,7396500
0,7564300
0,7318600
0,8409400
0,7408700
0,8649400
1,7759600
0,9160200
1,8411600
1,8078600
1,8102800
1,7635900
1,8093700
1,7926800
1,7863700
0,8041400
1,7773900
0,7993400
0,7680000
1,7640600
1,7840000
1,7825200
1,7999200
0,7835500
0,7944500
1,7806600
1,7815300
1,7818600
1,7792300
1,7784500
1,7814000
0,7788300
0,7935800
1,7820100
0,7864100
0,7628800
1,7720200
0,7626700
1,7761700
0,7628800
0,7684800
1,7618200
0,8253500
1,7925500
1,7848700
0,7628800
0,7837900
0,7724700
1,7796900
0,7787600
1,7831000
1,7760200
1,7799000
0,7808600
1,7816900
0,7786500
0,7929700
1,7794000
0,7825600
0,7788400
1,7615000
0,7397700
1,7491500
0,7382300
0,7452200
1,7386500
0,7392900
0,7606100
1,7739800
0,7524400
0,7382600
0,7381400
1,7576800
1,7411700
0,7366200
0,7826400
1,7380100
0,7475000
0,7322400
1,7620500
1,7377300
0,7677900
1,7377000
1,7413800
0,7381700
0,7836300
0,7320600
1,7675000
1,7621800
1,7683500
0,7624400
0,7689700
1,7617800
1,7709000
1,7621000
0,7676800
1,7622200
1,7813900
0,7721300
0,8693400
1,8984600
0,7491400
1,7407900
0,7874600
1,7543300
1,7473000
0,7382700
1,7565900
0,7338500
0,7453000
1,7661000
1,7548900
0,7319500
0,7740300
0,7472700
0,7762100
0,7887700
0,7719300
0,7509000
0,7733900
1,7480200
0,7533400
0,7473300
0,7471400
0,7541000
1,7519300
1,7728200
0,7624900
1,7685300
0,7628200
1,7670300
1,7624000
1,7747000
0,7627600
0,7679000
1,7620000
1,7713000
0,7627500
1,7825000
0,7422900
0,7476400
0,7382900
1,7342200
0,7381900
1,7507200
0,7321500
1,7574600
0,7385900
0,7963500
1,7373400
1,7373000
0,7530000
0,7779900
0,7470200
1,7583500
1,7461300
1,7557200
0,7469600
1,7543100
0,7592500
1,7656100
1,7605300
0,7471100
1,7699500
1,8006300
0,7730200
0,7630600
1,7860200
1,7694500
1,7794000
1,7632900
0,7714600
0,7700200
0,7693500
0,7635500
0,7851600
0,7790400
1,7707700
0,7675100
0,7720700
0,7642300
1,8802600
0,7900200
0,8012400
1,8177300
0,7896300
0,8253600
1,10809700
1,8109500
1,7817000
0,7986700
1,7808000
1,7830200
1,7773200
0,7842200
1,7829100
1,7824000
1,7805200
1,7813700
1,7786200
0,7802700
0,7789400
0,7815800
0,7668400
1,7405400
1,7713500
1,7386700
0,7354000
1,8287600
1,7481500
1,7918500
1,7399200
0,7610000
1,7319600
1,7814600
1,7400700
0,7528400
0,7469700
1,7607800
0,7474600
0,7569000
0,7471600
1,7545300
1,7545400
0,7612700
1,7564300
0,7717600
0,7543800
1,7765300
1,7542100
0,7552100
0,7471600
0,7590700
0,7493000
1,7634300
1,7507600
0,7557900
0,7496400
1,7467300
0,7553400
1,7616000
1,7886200
1,7508300
0,7703100
1,7540200
1,7631100
1,7461100
0,7680400
0,7509300
1,7633800
1,7485600
0,7699200
1,7583300
1,8495700
0,7706100
0,7576200
1,7567600
1,7625500
0,7543100
0,7567100
1,7515300
0,7661900
0,7546200
1,7647700
1,7550100
1,7715000
1,7696300
1,7679300
1,8318300
1,7765100
0,7582400
1,8188500
1,8075400
0,8620300
1,8800000
1,7552600
0,7604200
1,7717100
0,7705400
0,7621300
0,7695000
1,7837300
1,7802900
0,7906200
1,7827100
0,7896600
0,7826200
0,7850100
0,7868300
1,7846900
0,7815300
1,7853200
0,7835700
1,7939600
1,7872000
1,8094000
0,7810300
1,7909000
0,7689000
0,7766300
1,7651100
1,7729800
0,7667600
0,7758000
1,7916000
0,7800600
0,7666800
1,7729900
1,7657000
0,7713800
1,7664200
1,8090300
0,7663700
1,7711500
0,7672000
1,7762200
1,7649400
1,7730500
0,7648300
1,7743100
1,7627900
0,7849300
0,8059000
0,7699600
1,7636400
1,7635300
0,7604900
0,7576100
1,7562800
0,7709700
1,7567700
0,7608000
0,7552000
0,7699900
0,7708400
1,7947800
0,7673100
0,7771400
0,7690100
0,7787000
0,7646000
1,7725200
1,7680400
0,8092600
0,7726800
0,7746300
1,7602900
0,7644800
0,7495000
0,7623100
1,7554800
1,7723600
1,7468300
0,7735200
1,7467000
0,8036000
0,8291400
0,8397700
0,8846600
1,8241300
1,7786300
1,7847500
1,7797800
1,7863300
0,7836400
1,7995300
0,7827500
0,7828400
1,7826400
1,7945100
0,7829100
1,7846500
1,7694800
1,7760800
0,7668500
0,7737500
0,7681500
0,7725800
1,7675200
0,7674500
1,7671100
0,7815400
0,7632000
1,7682200
1,7612600
1,7447300
0,7381800
1,7456800
0,7393100
1,8405300
1,7637100
0,7538100
1,7456000
0,8140200
1,8378100
1,7512000
1,8813100
1,9338000
1,7689000
1,7676600
1,7646100
1,7751100
0,7624500
0,7730900
1,7625000
0,7845800
1,7871900
0,7706800
0,7626300
0,7811900
1,7616900
0,7702000
1,7627400
1,7657300
0,7624800
1,7695800
0,7626800
1,7676800
1,7617500
1,7689200
1,7625800
1,7687700
1,7754000
0,7579300
0,7460300
0,7408900
0,7381400
1,7408900
0,7589700
1,7300200
1,7614700
0,7397200
1,7441600
1,7594900
1,7428400
1,7384700
1,7471300
1,7312400
1,7450500
1,7389200
0,7462100
0,7321900
0,8785800
1,7385000
1,7532500
1,7321100
0,7474000
1,7354100
0,7414300
0,7384100
0,7565100
0,7413200
1,7322700
1,7638100
1,7379500
1,7511300
1,7361200
0,7391900
1,7396100
1,8967500
0,7604800
1,7487500
0,7502700
1,7523200
1,7461600
1,7916600
0,7471300
0,7554300
0,7469000
1,7537400
0,7543100
1,7572000
1,7495400
0,7528200
1,7635400
0,7625300
0,7471800
1,7544300
0,7470100
0,7582300
0,7469400
1,7585400
1,7481600
0,7593400
1,7565700
0,7657600
1,7484300
1,7532000
0,7468100
1,7585000
1,7344400
1,7475100
1,7405600
0,7527200
1,7466400
1,7407200
1,7473500
1,7314400
0,7454500
1,7403500
1,7631800
1,7405900
1,7437900
1,7674600
1,7529000
0,7473600
0,7614600
1,7462100
1,7560300
0,7473600
1,7516800
1,7485900
1,7581100
1,7462100
0,7543400
0,7486500
1,7658200
1,7377100
1,7393300
0,7512400
1,7388000
0,7620800
1,7314700
1,7464300
0,7378500
0,7483900
0,7319900
0,8929000
1,7464400
1,8748400
1,7686700
1,7695900
0,7624800
0,7680200
1,7622700
0,7684300
1,7620800
1,8856400
0,8374500
0,7991400
1,7905300
1,7750000
1,7719400
1,7641100
0,7680500
1,7626700
0,7760800
1,7618800
1,7710300
1,7620700
0,7697800
1,7641400
0,7681400
1,7618700
0,7928500
0,7567900
1,7505000
1,7562100
1,7466800
0,7544800
1,7463900
0,7731700
0,7564500
1,7536300
1,7461300
1,7898600
0,7471800
0,7728800
1,7462200
1,7700000
1,7475300
1,7629600
1,7552600
0,7755600
0,7826000
0,8517800
0,8550300
1,8539500
1,7801900
1,7850500
0,7875800
1,7696500
0,7663800
0,7732600
0,7653500
1,7734400
1,7701900
1,7711700
1,7667000
0,7756700
0,7666300
1,7736100
0,7683000
1,9216300
0,7677200
1,7783200
0,7634700
1,7546300
1,7497100
0,8308000
0,7795600
0,8029900
0,7623100
0,7512100
0,7879300
0,7668800
0,7605800
0,7681500
0,7698900
0,8771600
1,7843800
1,7683500
1,7644200
0,7733100
1,7675200
0,7757100
0,7646500
1,7762900
1,7644000
0,7737300
0,7577800
1,7642300
1,7554200
1,7641700
1,7525500
0,8202900
1,8533000
1,8207400
0,8507200
1,8477900
0,9264500
0,8435100
0,7928500
1,7785200
0,7824300
1,7779300
1,7804800
1,7871900
0,7837300
0,7789700
1,7797000
0,7788600
0,7850200
1,7780900
1,7801000
0,7786100
1,7829700
0,7789500
1,7800000
1,7798700
1,7792600
1,7778800
0,7805900
1,7788900
1,7809800
1,7766100
1,9795400
0,8397500
0,7480500
0,7320900
1,7581600
1,7421900
0,7470800
0,7323100
1,7601400
0,7401800
0,9592800
1,7968100
1,8030400
1,7530700
0,7713300
1,7612400
0,7696800
0,7631000
0,7679500
0,7624000
1,7692300
1,7625400
1,7647500
0,7627800
0,7719200
0,7622800
1,7834400
1,7514500
1,7585800
1,7461700
0,7634900
1,7464400
1,7537300
1,7461700
1,7668900
1,7474400
0,7557800
0,7677400
1,7642000
0,7470400
0,7592300
0,7471700
1,7554700
0,7567100
1,7605900
0,7980500
1,8371900
1,7841800
1,7603700
0,7570400
0,7568100
0,7602700
0,7545500
0,7695400
0,7560900
1,7469000
1,7612300
1,7526400
0,7603500
1,7502300
1,7477200
1,7576000
1,7468200
1,7520100
0,7490500
1,7535000
0,7473900
0,7463300
1,7614500
0,7739700
0,7379200
0,7674200
1,7396300
1,7485500
1,7405700
0,7367500
1,7395900
0,7470600
0,7509500
1,7898500
0,8109600
1,8137100
1,8298700
1,8357900
0,7628000
1,7685200
0,7626600
0,7695800
0,7626500
0,7807000
1,7606600
0,7789300
0,7635200
1,7581600
0,7569000
0,7622000
0,7471100
1,7542100
1,7471200
0,7545000
0,7472500
0,7471300
1,7543200
1,7519900
0,7713100
1,7463300
0,7533900
1,7483900
0,7516700
0,7470600
0,7524900
0,7501800
0,7704700
1,7466900
0,7642800
0,7487400
0,7526500
1,7462000
1,7545600
0,7522900
0,7458600
0,7323300
1,7459100
1,7383600
0,7482000
1,7295900
1,7866000
1,7400800
1,7466100
1,7685200
0,7469900
0,7983600
1,7496700
1,7903800
1,8386700
1,7650800
0,7676500
1,7596500
0,7589100
1,7464500
1,7670300
0,7503200
1,7770400
0,7608800
0,7629000
1,8540900
0,8019300
0,8017400
1,8046900
1,7874500
1,7792600
0,7631400
0,7689400
1,7633300
1,7772600
1,7619500
1,7818800
1,7792400
0,7790200
0,7793700
1,7826300
0,7790500
1,7840300
1,7779300
1,7790800
1,7783500
1,7811400
1,7780200
1,7876800
1,7813000
1,7804300
1,7556900
0,7583300
1,7478600
1,7575400
0,7471600
0,7534000
0,7508500
1,7581800
0,7469000
0,7542800
0,7487200
1,7495400
1,7492400
0,7483900
0,7462700
1,7302100
0,7436900
0,7379900
0,7536600
0,7381300
1,7501300
1,7367700
1,7432100
1,7376400
0,7654200
0,7382500
1,7795900
0,8313000
1,8746000
1,8401400
1,8946300
1,8849500
1,8530400
0,8577100
1,7370100
0,7448700
1,7359600
1,7311300
0,7681100
0,7639500
1,7843300
1,7799700
1,7913000
0,7787600
0,7805700
1,7802200
0,7839000
1,7789900
1,7816100
0,7833100
0,7802800
0,7787400
1,7683500
1,7636400
1,7697800
1,7629700
1,7684300
1,7639500
1,7685000
0,7632300
1,7697600
0,7649000
1,7674900
1,7779600
0,7754200
1,7524800
1,7551900
1,7455600
1,7521800
1,7514100
0,7532200
1,7468800
1,7520100
1,7475500
1,7656400
0,7470000
1,7609700
0,7481900
0,7509600
0,7379800
0,7411900
1,7390900
1,7464900
1,7294900
1,7437200
0,7370400
0,7484400
0,7384300
0,7319000
1,7894500
0,7540200
1,7558800
0,7696200
1,7463800
0,7381000
1,7523200
1,7401800
0,7606100
1,7368400
1,7513800
1,7335100
1,8111000
0,7653700
1,7434700
1,7578000
0,7818900
1,7621700
0,7688600
0,7643700
1,7695800
0,7626000
1,7641400
1,7538700
0,7618900
0,7625100
1,7975100
0,7702300
0,7925000
0,7629500
0,7686900
1,7734800
1,7673600
0,7626800
1,7664700
0,7642500
0,7678000
0,7622400
0,7771100
0,7767300
0,7691200
0,7627700
0,7548200
0,7483700
1,7528900
1,7444900
0,7525700
0,7486300
1,8325700
0,7468200
1,7524800
0,7507200
0,7472200
1,7536300
0,7476300
0,7532000
1,7370100
0,7645800
1,7372400
1,7478100
0,7380700
1,7363300
1,7376000
0,7425600
1,7358800
0,7505800
1,7366300
1,7462200
1,7370200
0,7415200
0,7679600
0,7657300
1,7400000
0,7509500
1,7380000
0,7856300
0,7380300
1,7311800
0,7449700
0,7397900
0,7479600
0,7608400
0,7568100
1,7478100
0,7804500
1,7463100
1,7862200
1,7521800
1,7544900
1,7484100
0,7573400
1,7502800
0,7626500
0,7471300
1,7686000
0,7494300
0,8190500
1,8399900
0,9062200
0,8660600
0,7848600
1,7386400
1,7485900
1,7296200
1,7416400
0,7382500
0,7808600
1,7335300
1,7777500
0,7882700
0,7830500
0,7787600
1,7809700
1,7794200
1,7829500
1,7779000
1,8191400
1,7803400
1,7853300
1,7823400
1,7811800
1,8417700
0,7908800
0,8029900
0,8384600
0,7650100
1,7685700
0,7626800
1,7692000
1,7635000
0,7740300
1,7625200
1,7671700
0,7738200
0,7809000
0,7787600
0,7804000
1,7814000
1,7800300
0,7787300
0,7806900
1,7784500
1,7793600
1,7802700
0,7808500
1,7803400
1,7634200
1,7444400
0,7546400
1,7532900
0,8547000
1,8336600
1,8400000
0,7971900
1,7483400
0,7529200
0,7510700
1,7499000
1,7970300
0,7595700
0,7787400
0,7630400
0,7682600
0,7626100
1,7863700
0,7678200
0,7683000
0,7631400
0,7699500
0,7756600
0,8262500
0,7640000
1,7697500
1,7689800
0,7703200
0,7894700
0,7690600
1,7638900
1,7824000
1,7640200
0,7690600
0,7739800
0,7714200
1,7636600
0,7718300
1,7638700
1,7800300
0,7647200
0,7692500
0,7654300
0,7800200
1,7696300
0,7728500
0,7672200
0,7692800
0,7696400
1,7901400
0,7631300
0,7726200
0,7702200
1,7907900
0,7625200
1,7675000
0,7646300
0,7688900
0,7623000
1,7669000
1,7635800
0,7741500
1,7618600
0,7745200
0,7645000
1,7823900
1,7601600
0,7702200
1,7785500
1,7747400
1,7632900
1,7808600
1,7621800
1,7666700
1,7694000
1,8056600
0,7866700
0,7986500
1,7811800
1,9145400
1,8348100
0,7822200
0,7632900
0,7728700
0,7630000
0,7893800
0,7672000
1,7830400
1,7608100
1,7693500
1,7633900
0,8405000
1,7714400
0,8431000
1,7647800
1,7688300
1,7633200
0,7681400
0,7643900
0,7680700
1,7618000
1,7820600
0,7641800
0,7687500
0,7628900
0,7787300
0,7652300
0,7691500
0,7622700
1,7769800
1,7658200
0,7739800
1,7621100
0,7684900
1,7653600
1,7790500
0,7475100
1,7723100
0,7512500
0,7657800
1,7462700
1,7521900
1,7491900
0,7526300
0,7470300
0,7739000
1,7612000
0,7638300
0,7625400
1,7684400
0,7626600
0,7625700
0,7682400
1,7634200
0,7680000
0,7623400
0,7693300
1,7638500
0,7688900
1,7615600
0,7679300
0,7768900
0,7519100
0,7470000
1,7426600
0,7394200
0,7515100
1,7380300
0,7478500
1,7448600
0,7479800
0,7380800
0,7786000
0,7794200
0,7562200
0,8012900
1,7806500
0,7685300
0,7710000
0,7646100
1,7989500
0,8859000
0,8106700
1,7684500
1,7716000
1,7689700
1,7735000
0,7637000
0,7601900
1,7546000
1,7602000
1,7537400
1,7461200
1,7578400
1,7538100
1,7615800
0,7489100
0,7647700
1,7541600
0,7625300
1,7500200
0,7597600
0,7421400
0,7640900
1,7455700
1,7411000
1,7413500
0,7513400
0,7362000
1,7492800
1,7400800
1,7487800
0,7357900
0,7748300
1,7420600
0,7598900
1,7348500
0,7488800
0,7406700
0,7487100
1,7371600
1,7612800
0,7395100
1,7417100
0,7473600
1,7399700
0,7505200
0,7429900
0,7537000
1,7473400
0,7606000
1,7419600
1,7628800
0,7473600
1,7628500
0,7459000
0,7431000
0,7447800
0,8263400
1,8340800
0,8708000
1,8254500
0,8193900
0,8820000
1,9088200
0,8734500
1,7622300
1,7699200
0,7627100
0,7673600
1,7621200
0,7699000
1,7642200
0,7793100
1,7781700
1,7855300
0,7838400
0,7807900
0,7871800
0,7884100
0,7829000
1,7862300
0,7829500
1,7880800
1,7824400
0,7837800
1,7490600
1,7603400
0,7543100
1,7595000
0,7492900
0,7773700
0,7541900
0,7705300
1,7487200
1,7575500
1,8168600
0,7551500
1,7760500
0,7674800
0,7739200
1,7636800
1,7739900
0,7646300
1,7719500
0,7663800
1,8001200
1,7990600
0,8184200
1,7859400
1,7800000
1,7887600
1,7622600
0,7810700
0,7718300
0,7861800
1,7679500
0,7769700
0,7692600
1,7713200
1,7659900
0,7644100
0,7873100
0,7661900
1,7818600
1,7507800
1,7636800
0,7548300
1,7613900
0,7509800
1,8016200
1,7616600
0,8199700
0,7701800
1,7640800
0,7585300
1,7634100
0,7601400
0,7706400
1,7669200
0,8271000
0,7687000
0,7739000
1,7645000
1,7770400
1,7658200
0,7744700
1,7655700
1,7747400
0,7686500
1,7621300
0,7340800
0,7692000
0,7445600
1,7855100
1,7411200
1,7470700
1,7455600
1,7581500
1,7407800
1,7476000
1,7417000
0,7537700
1,7527300
0,7822000
1,7689400
1,7709000
0,7674800
0,7724600
1,7693300
0,7856100
1,7658800
1,7915700
0,7673500
0,7732400
0,7669600
1,7734800
0,7423000
1,7558400
0,7426600
1,7522300
0,7434500
1,7562300
0,7785600
0,7659000
1,7620500
0,7746200
0,7658800
0,8090300
0,7527500
1,7732100
0,7671900
0,7777400
1,7639200
0,7755800
1,7659200
1,7902100
1,7894700
1,8110400
0,8256700
0,8115900
1,7973700
0,7888800
1,7833000
0,7874400
0,7828100
1,7832400
1,7867500
0,7845300
0,7832000
1,7839900
0,7850900
1,7874400
0,7813100
1,7874300
0,7742700
1,7675400
0,7495100
1,7634300
0,7583400
1,7582700
0,7494000
1,7620200
1,7557700
1,7646300
0,7557500
0,7784200
0,7569600
1,7859600
1,7538800
1,7671800
1,7976600
1,7680200
0,7553300
0,7485100
1,7651300
1,7543400
1,7673800
1,7477000
0,7742700
0,7547500
0,7969500
1,7665900
0,7747300
1,7661500
1,7745600
1,7683900
1,7718200
1,7661600
1,7729700
0,7683900
1,7736900
1,7780000
1,7828500
0,7656700
0,7406500
1,7431600
0,7494000
0,7441400
0,7539900
1,7314100
1,7531900
0,7425000
1,8690500
1,7454300
0,7492800
0,7460800
1,7585700
1,7335300
0,7539800
0,7431000
0,8411200
1,8147800
0,7647100
1,7580100
1,7481500
0,7384900
0,7556700
1,7361700
1,7624500
0,7397200
0,7686000
0,7643000
1,7677100
1,7732300
0,7824300
0,7641000
0,7677900
1,7625800
0,7717400
0,7628500
1,7682500
0,7624800
1,7854700
0,7473900
1,7531900
1,7462900
1,7538000
1,7461100
0,7534800
1,7466600
0,7485600
0,7566500
0,7468600
1,7612800
1,7493600
1,7522800
0,7534500
1,7454400
1,7346600
0,7549400
0,7482900
1,7694600
1,7448200
1,7588200
0,7477100
1,7635000
0,7593300
0,7797000
1,7835500
0,7836600
0,7524400
1,7621900
0,7542600
0,7611800
0,7571300
1,7648800
1,7573900
0,7610600
0,7554300
1,7633500
0,7552300
1,7721700
1,7571200
0,7651700
0,7494300
0,7650100
0,7562900
0,7608700
0,7491200
0,7879400
0,7955300
0,8035200
1,7514100
1,7902300
0,7767200
1,7685400
0,7666800
0,7717000
1,7707800
0,7666800
1,7741400
1,7725200
1,7703800
0,7670300
1,7714000
1,7661400
0,8433500
0,7668800
1,7826900
0,7431400
0,7622200
0,7425300
1,7654000
1,7443100
1,7426800
1,7414100
1,7527100
0,7428600
0,7413000
1,7459100
0,8120200
1,8444700
1,8006200
0,8037500
0,7729900
1,7732000
1,7714500
1,7637000
1,7728600
0,7689900
0,7733900
0,7662400
1,7920500
0,7685000
1,7721100
0,7667800
0,7717400
0,7687200
1,7759100
0,7667200
1,7778800
1,7663200
1,7726200
0,7662200
1,7755600
0,7652000
0,7732400
1,7576200
1,7555300
0,7342800
0,7738900
0,7425100
0,7520600
1,7333500
1,7500400
1,7420900
1,7550200
0,7341700
0,7700600
0,8142300
1,7708100
0,7565100
1,7692100
0,7556300
0,8309700
1,7544700
1,7482100
1,7613800
1,7562700
1,7819500
0,7491700
0,7631000
0,7571200
1,7773200
1,7481300
0,7576900
0,7566700
0,7637500
0,7493400
1,7630800
1,7567600
1,7646600
0,7494900
0,7712400
0,7524200
1,7933200
1,7498700
1,7505400
1,7438900
0,7568100
1,7335200
1,7862900
0,7440400
0,8018200
1,8072500
1,8878000
0,9137000
0,8758000
0,8326700
0,7838500
0,7831200
0,7863400
0,7813300
0,7878500
0,7827400
0,7942800
0,7849600
0,7888400
0,7853700
0,7831100
1,7851700
1,7803300
0,7604100
1,7397000
1,7545200
1,7334300
0,7422900
1,7572800
1,7444500
0,7456700
1,7413300
0,7589500
1,7351600
1,7451600
1,7755700
0,7977100
1,7752300
0,9030300
0,8895100
0,9193800
1,8735300
0,8505000
0,8651700
0,7422000
1,7387300
0,7740100
1,7480800
1,7517200
0,7811700
1,7790000
1,7794600
0,7808500
0,7811500
0,7787900
1,7789900
1,7912300
0,7804200
0,7789600
1,7782300
1,7803200
1,8181100
1,7550500
1,7594500
1,7577900
1,7564400
1,7514900
1,7779600
1,7489100
0,7617100
0,7516600
0,7634200
1,7757800
1,7609800
0,7545900
0,7630800
1,7493000
1,7626800
0,7546000
0,7762000
1,7486500
1,7654500
1,7524900
1,8033400
0,7801400
0,12048000
0,7494900
0,7787600
1,7645900
1,9679400
0,9526700
1,11161500
0,11000600
1,11132000
1,8201300
1,7871000
0,7833200
1,7684700
1,7625500
0,7717400
1,7664700
0,7899400
0,7670600
1,7736500
1,7804800
1,8120900
1,7803500
0,7778800
1,7628600
1,7737900
0,7754200
1,7705600
1,7682600
1,7863000
0,7652500
0,7722200
0,7658500
1,7722100
1,7619900
0,7671900
0,7635800
1,7702500
1,7623200
0,7720200
1,7639200
0,7747900
0,7626200
0,7808300
1,7639500
0,7786600
0,7925400
1,7738700
1,7621800
0,7699400
0,7639700
0,7811200
1,7676900
0,7581600
1,7473800
1,7574600
0,7471300
0,7527200
1,7482400
1,7598600
0,7471300
1,7516600
1,7471100
0,7539400
0,7470500
1,7583400
1,7580700
0,7576800
1,7313500
1,7467200
1,7377000
1,7401700
0,7486300
1,7757000
1,7439500
0,7396200
0,7512200
1,7374700
0,7608900
0,7408100
0,7574900
0,7529700
0,7553900
0,7481100
0,7635900
1,7468100
1,7488500
0,7504400
0,8247600
0,7581000
0,7994100
0,7671100
1,7715600
1,7615000
0,7676200
0,7644700
0,7685100
1,7598800
1,7677200
0,7642200
1,7690800
0,7622700
1,7662200
0,7639800
0,7678300
1,7597600
0,7822300
1,7410300
0,8271100
1,8161000
1,8827500
1,8765500
1,7431700
0,7480800
0,7460300
1,7382100
1,7673200
0,7378600
1,7754400
1,7782800
0,7798700
0,7786200
1,7815300
0,7786800
1,7990300
1,7763900
1,7824800
0,7787000
1,7791900
0,7785400
0,7972800
1,7516500
1,7587400
1,7313300
0,7453200
0,7439800
0,7478900
0,7318500
1,7468000
0,7380700
0,7375500
0,7430400
1,7409000
0,7436100
1,7376100
1,7409800
1,7388300
0,7532900
1,7640600
0,7707400
1,7606300
0,7491600
1,7374300
0,7386900
1,7414100
0,7404400
0,7349200
1,7663200
1,7929300
0,7772600
0,7664900
0,7693200
0,7705600
0,7687800
0,7626200
1,7675300
0,7625900
1,7669500
1,7615900
0,7692100
1,7610700
1,7621300
0,9106100
1,7711900
1,7938400
1,7669500
0,7628400
1,7727200
1,7619200
1,7675000
1,7621800
1,7635100
1,7753000
0,7765400
1,8161900
1,7488900
1,8362500
1,8405100
1,8263200
1,8489400
0,8484300
0,9927800
0,8885700
0,7987300
1,7463200
1,7608000
1,7781900
0,7809000
1,7781400
0,7826200
0,7785900
0,7893900
0,7785700
1,7807200
0,7785900
1,7918200
1,7775800
1,7818500
0,7752700
0,7456500
0,7350900
1,7503200
1,7318100
1,7550100
1,7394800
0,7402200
0,7321800
0,7454900
1,7369800
0,7696300
0,8350500
0,7436700
0,7646600
0,7564300
0,7473100
1,7942700
1,8084800
1,7705300
0,7510600
1,7667600
0,7470500
1,7564300
1,7723000
1,8027700
0,8678100
1,8165700
1,8070300
0,7824600
0,7678200
1,7860700
0,7627200
0,8057200
1,7715400
1,7666100
0,7625400
0,7782500
1,7645600
0,7696100
1,7777000
0,7795400
0,7806700
0,7823600
0,7788600
0,7806100
1,7790500
1,8252700
1,7810300
1,7841200
1,7792600
0,7819100
1,7756700
0,7862800
1,7655900
1,7717600
0,7641000
1,7668100
0,7682500
1,7723100
0,7676000
1,7965100
1,7646300
0,7775900
1,7760500
0,7767100
0,7635700
0,7697700
0,7629900
1,7956300
1,7629200
1,7815300
0,7626300
0,7722800
1,7618600
0,7690000
1,7628600
1,7712500
1,7713100
1,7799500
1,7620700
0,7695000
0,7632400
0,7819900
1,7627500
1,7769400
0,7746000
0,7728600
1,7637300
1,7679200
0,7628100
1,7671700
0,7485600
1,7456100
0,7589200
1,7484800
1,7740200
0,7470800
1,7844700
1,7465700
1,7628800
1,7474500
1,7622100
1,7680300
1,7615600
1,7476400
1,7535700
1,7499800
0,8904800
0,7475200
1,8458700
1,7465100
1,7807900
0,7469700
0,7640300
1,7465600
0,7554200
0,7532900
1,7658400
0,7625100
0,7827700
1,7618200
0,7682200
0,7626900
1,7694800
1,7616400
1,7680600
0,7625400
1,7779100
0,7624200
1,7708300
0,7363100
0,7492600
0,7462300
0,7494100
0,7344200
0,7546400
0,7403500
0,7404600
1,7407400
1,7449600
0,7497200
0,7739900
1,7441600
1,7730600
0,7528700
1,7381200
0,7552300
0,7514900
0,7565200
0,7426500
0,7421200
1,7440300
0,7689000
1,7386500
1,8470800
0,7986900
1,7878900
1,7662300
1,7789800
0,7650700
0,7808500
1,7639600
1,7761300
1,7640000
1,7904700
0,8077700
0,7937000
0,8158000
1,7819900
0,7803800
1,7820700
0,7783900
0,7807300
0,7790100
0,7833300
0,7786900
0,7818800
1,7805400
1,7812800
0,7788800
0,7825700
1,7797500
0,7479700
1,7373700
0,7505500
0,7421700
1,7544800
1,7797700
0,8022400
1,7850400
1,7403200
0,7382200
0,7435400
1,7393500
1,7556200
1,7486500
0,7522100
0,7483400
1,7536400
1,7684900
1,7729900
0,7492800
1,7516400
1,7445300
1,7563700
1,7478800
1,7540300
1,7502300
1,7797000
1,7529300
0,7878300
0,8015100
0,7642900
1,7503300
0,7468600
1,7554200
1,7576500
1,7535900
1,7464200
0,7524500
1,7468400
1,7555800
0,7472000
1,8318300
0,7604600
0,7720000
1,7596000
0,7593700
1,7446200
0,7549900
0,7471700
1,7588900
0,7472600
1,7954900
1,7556500
1,7876200
0,7637000
0,7695300
0,7637000
1,7690000
1,7651900
1,8899800
0,7924000
1,7710700
1,7744900
0,7693000
0,7624400
0,7635400
0,7526800
0,7526500
0,7468400
0,7565900
0,7544200
1,7518700
0,7470000
0,7515400
0,7483400
0,7615500
1,7469600
0,7543500
1,7480400
0,7498100
1,7318300
1,7389900
0,7569000
0,7323900
1,7503200
0,7414100
1,7472800
1,7295600
0,7458000
0,7384200
0,7781700
0,7323500
0,7741700
0,7384500
0,7670000
1,7311300
0,7531900
1,7461700
0,7532900
0,7428300
1,7550300
0,7383500
0,7568800
1,7409900
0,7563000
0,7505400
0,7851900
0,7491300
0,7643100
1,7537100
1,7635800
0,7498100
1,7838600
1,7902300
0,7832300
0,7607900
0,7833300
1,7543600
1,7688100
0,7666500
0,7821600
1,7663800
1,7747900
0,7667200
1,7823300
1,7908700
1,7969800
1,8357600
0,8003700
1,7860000
1,8101600
0,7822600
1,7832800
0,7854100
1,7833300
1,7819600
1,7856500
0,7839500
0,7851900
0,7810000
1,8065400
1,7849200
0,7887200
1,7792700
0,7563600
0,7571800
0,7671700
0,7606500
0,7971500
1,7557100
1,7619900
1,7549500
0,7574600
0,7546100
1,7683900
0,7547600
1,7766600
0,8321500
0,7654400
0,7549500
0,7618300
1,7487800
0,7624700
1,7543800
0,7659700
0,7493100
1,7603200
1,7520800
1,7575000
0,7489200
0,7521400
0,7423400
0,7517000
0,7340600
1,7781200
0,7451300
1,7467900
1,7648300
0,7424500
0,7507200
1,7427900
0,9139600
1,8656900
1,7998000
0,7912000
1,7830600
0,7849700
0,7807600
1,7893600
1,7825800
0,7850200
0,7843000
0,7854600
1,7797400
0,7852100
1,7835500
1,7941900
1,7827300
0,8829000
1,8272200
1,7872600
1,7819000
1,7875100
0,7852600
1,7836800
1,7822100
1,7863000
1,7835900
0,7678100
0,7429900
0,7559800
0,7341600
0,7521500
1,7421000
0,7857200
1,7630000
1,7462700
0,7427000
0,7361400
1,7571400
1,7690100
1,7588100
0,7736800
0,7654300
1,7546900
1,7686400
0,7578300
1,7569200
1,7520800
0,7609200
1,7529500
1,7556600
1,7540600
1,7698600
0,7568400
0,7757500
0,7758800
0,7575700
1,7428100
0,7420700
1,7425700
0,7541100
1,7450300
1,7506600
0,7424300
1,7482900
1,7699000
1,7735400
1,7738700
0,8220600
1,8254000
1,7764500
1,7644500
0,7748800
0,7696300
1,7899800
0,7694100
0,7720300
0,7695600
1,7832700
0,7675300
0,7833400
0,7796800
1,7796100
0,7788300
0,7812700
1,7787100
0,7797400
1,7786100
0,7843300
0,7787100
0,8125700
1,7783300
1,7695200
1,7470300
1,7424800
1,7369500
0,7725800
0,7412500
0,7416000
1,7377800
0,7483200
1,7295500
1,7451000
0,7379200
1,7625500
1,7337200
0,7773600
0,7430600
1,7418200
0,7524400
0,7344400
1,7521700
0,7500400
0,7485800
0,7428500
0,7740300
1,7439400
1,7482300
0,7423600
0,7539500
0,7551000
0,7553000
0,7513800
1,7613500
0,7599700
1,7630000
0,7617500
0,7629400
0,7570900
0,7619700
0,7485500
1,7664200
1,7647700
0,7816400
0,7342700
1,7529700
0,7636900
1,8275300
1,7831500
1,7820300
1,7463700
1,7762200
0,7343600
1,7557400
1,7704600
0,7567700
1,7684700
0,7730600
1,7700500
0,7723700
0,7666800
0,7732200
1,7663300
1,7761100
0,7665500
1,7741200
0,7649300
0,8694500
0,8152900
0,7633000
0,7544200
0,7576200
0,7549800
0,7642800
1,7531300
1,7655900
1,7524800
0,7625700
1,7542600
1,8035700
0,8330400
1,7780600
1,7581400
0,7569900
1,7538900
0,7624100
1,7563900
1,8253500
1,7512800
0,7652000
0,7550200
1,7877800
0,7618900
0,7660700
0,7618400
0,7922400
1,7663800
1,7740000
1,7657600
1,7841800
1,7665100
0,7722900
1,7661700
0,7744200
1,7707400
0,7906400
0,7666200
1,7787700
0,7571600
0,7629600
0,7490200
0,7615900
1,7552900
1,7555800
0,7496200
1,7784700
0,8248900
1,7899700
1,7522500
0,9496700
0,7662200
1,7716800
1,7658700
1,7699500
1,7692900
0,7727200
1,7653900
0,7751100
1,7672200
1,7777600
1,7663500
0,7736900
1,7640400
0,8323000
0,9036100
1,8611100
0,9413300
1,8168800
0,8442600
1,7653900
1,7413500
0,7596600
0,7444100
1,7409800
1,7422800
0,7784400
1,7869600
0,7837500
0,7831500
0,7861200
1,7852800
0,8354600
1,7828900
1,7842400
0,7852600
0,7863400
1,7954000
1,7820100
1,7624500
0,7611900
1,7544800
0,7553700
1,7601700
1,7605100
0,7542200
0,7684400
1,7539600
1,7776800
0,7544100
1,7648200
0,7547100
0,7560000
1,7962100
0,7843800
0,7691500
0,7873600
1,7800000
0,8337600
0,8686300
0,8464800
0,9660900
1,8381800
1,8580000
1,8309600
0,8211800
0,7811800
1,7977600
1,7831200
1,7895000
0,7828500
1,7829100
0,7827600
0,7948500
1,7850300
1,7872900
1,7825300
1,9055300
0,7839100
0,7858800
0,7855000
0,7848600
0,7832600
0,7836100
1,7856300
1,9172100
1,7810500
0,8037300
1,7821200
0,7812000
1,7782500
0,7822000
0,7810400
0,7807200
1,7783800
0,7816100
0,7792900
1,7793100
0,7788500
1,7945600
0,7981800
0,7791300
1,7513100
0,8011200
1,7351000
0,7578300
1,7374300
1,7670000
0,7382300
0,7378600
1,7397200
0,7663200
0,7322200
0,7531600
0,7598000
0,7587800
0,7623100
1,7669900
0,7625600
1,7839100
1,7929800
0,7816700
0,8069000
1,7717900
1,7623500
0,7792500
1,7622000
0,7710100
0,7640300
1,7743600
0,7652900
0,8090100
0,7670600
1,8134400
0,7728200
0,7852900
1,7732700
1,7670900
1,7635200
0,7673200
0,7624100
0,7602000
1,7483700
1,7637600
0,7470500
0,7764600
1,7481300
1,7676000
0,7471100
1,7633600
0,7486800
1,7590600
1,7461500
0,7633400
0,7583600
0,7778600
1,7639700
0,7707000
0,7644900
1,7806900
1,7604200
1,7698100
0,7639300
1,7690200
1,7608300
0,7680500
0,7643900
1,7526700
1,7482400
1,7513700
1,7455000
1,7397700
0,7496800
1,7379600
1,7415500
0,7349200
1,7455400
1,7380300
0,7624800
0,7443100
1,7366700
0,7626500
0,7524100
0,7383200
0,7481700
1,7387700
1,7533000
0,7388500
1,7370200
1,7346300
0,7399000
1,7644600
0,7322900
1,7540800
1,7395200
1,7617100
1,7317200
1,7433200
1,7374700
0,7465100
1,7327600
0,8477700
1,8248000
1,8065000
1,7577600
0,7444800
0,7390600
0,7658900
0,7537800
1,7640800
1,7484600
0,7745300
1,7503800
0,7582900
1,7485200
1,8088300
1,8027400
1,7676900
0,7475100
1,7876300
1,7539700
1,7683900
0,7471500
1,7615700
1,7469200
0,7588700
1,7563100
1,7766500
0,8180100
1,7950600
1,7491900
0,7886300
0,7703300
1,7633600
1,7838600
1,7763000
0,7659500
1,7701300
0,7763100
1,7704800
1,7652200
0,12223100
1,8287900
0,8790900
0,10998400
0,10760500
1,9893800
0,8311200
1,8000800
1,7969300
1,7811400
1,7708400
1,7697600
1,7724800
0,7654300
1,7658600
1,7629800
1,8204300
0,7810100
0,7844800
0,7785900
0,7946300
1,7828100
0,7851900
0,7795200
0,7790200
0,7895600
0,7805500
0,7789400
1,7821700
1,7773700
1,7780900
0,7505200
1,7524500
1,7721100
0,7553300
0,7475200
1,7515800
0,7487000
0,7468400
0,7532400
1,7467600
1,7807200
1,7464800
0,7700000
1,7501600
0,7583100
1,7474200
1,7569700
1,7469400
1,7630000
1,8002200
1,8380600
1,8430800
1,8723500
1,8408100
1,7837100
0,7715800
1,7678400
0,7627800
1,7764200
0,7663600
0,7681700
0,7631400
0,7731300
0,7629400
1,7754200
0,7630500
1,7999600
1,7510900
1,8397900
0,7476000
0,7573400
0,7474600
0,7540600
1,7467900
0,7676100
1,7497900
0,7674800
0,7476100
0,7570900
0,7511900
1,7686100
0,7635500
1,7700600
0,7625700
0,7687100
0,7627300
1,7712500
0,7626600
0,7707000
0,7626100
1,7708000
1,7602700
1,7676700
0,7527000
1,7618600
0,7472400
0,8194500
0,7694700
0,7819800
1,7508600
1,7576000
1,7579200
1,7601500
1,7479600
0,7876500
1,7868500
0,7704800
1,7713000
0,7625600
1,7689900
0,7642600
1,7665300
0,7626600
1,7680200
0,7642000
0,7684300
1,7614300
1,7700000
1,7619800
0,7604200
1,7939400
1,7550600
1,7505400
0,7525100
0,7470500
1,7579700
0,7471500
0,7550400
1,7540000
0,7730000
1,7467900
1,7865100
1,7559500
0,7825500
0,7626800
0,7685900
0,7625900
1,7741800
1,7632900
1,7841800
1,7947200
1,7814500
0,8047500
0,7688000
0,7627200
0,7714600
0,7626800
0,7691200
0,7627100
1,7846400
0,7625200
1,7688700
1,7633300
1,7690300
1,7620400
1,7688800
1,7637600
1,7685100
0,7519700
1,7516600
0,7343900
0,7570500
1,7577100
0,7451000
1,7339300
0,7669100
0,8761500
0,8811000
0,7522900
1,7472500
1,7415200
1,7582800
0,7803800
1,7764400
1,7641800
1,7990000
1,7835400
1,7748900
0,7763000
0,7737800
1,7691500
0,7773700
0,7651000
1,7741000
0,7688800
0,7742200
1,7669400
1,7702500
0,7685900
0,7728500
0,7669100
1,7700500
0,7689100
0,7733200
0,7669000
0,7679100
1,7715800
0,7539000
1,7873600
0,7447500
1,8281800
0,8469700
1,9436000
1,9307300
1,8901100
0,8268600
1,7525400
0,7535000
0,7555200
1,7628000
1,7865100
1,7852600
0,7827900
1,7837600
1,7886500
0,7861100
1,7787000
1,7967400
1,7845500
0,7864000
0,7807400
1,7858500
0,7602100
0,7489600
1,7399000
0,7454500
1,7429800
1,7535300
1,7355600
0,7812400
1,7434500
1,7557400
0,7342800
1,8256600
0,8248300
1,7794300
0,7793400
0,8774300
1,7643200
1,8342500
0,7669900
1,7735700
1,7636900
1,7705400
0,7673900
1,7769700
0,7662300
0,7718100
1,7556900
1,8035500
1,7547200
0,9353100
0,7493000
0,7649500
1,7644500
1,7612700
0,7488400
1,7641400
0,7553100
1,8013800
0,7503000
1,7759900
0,7666400
0,7731000
1,7658500
1,7730000
1,7638300
0,7734800
0,7684700
1,7769800
0,7673500
0,7738300
1,7659700
1,7723400
1,7464100
0,11255700
1,7462400
1,7671500
0,7426600
0,7562100
1,7440600
1,7519100
0,7419500
1,7486300
1,7433900
0,7726500
0,7415600
1,7394500
0,7469300
1,7411100
0,7644100
0,7575500
1,7550500
0,7637000
0,7484500
0,7343500
0,7567400
1,7415400
0,7537500
1,7350400
1,7518800
1,7618100
1,8329100
1,7522500
0,7531100
1,7465200
1,7537600
0,7361500
1,7476100
0,7432900
1,7830800
0,7341300
0,7763400
1,7625000
0,7754900
1,7665100
0,7738400
1,7635100
1,7720200
1,7687300
0,7717700
1,7661000
0,7863200
0,7707700
1,7707400
0,7666200
0,7747200
1,7676300
1,7527000
0,8370700
0,8392700
1,9200500
0,8548800
1,8708600
1,8229500
0,8282500
1,7490600
1,7448700
0,7634000
1,7807100
0,7865500
1,7822100
0,7881300
1,7824000
0,7828400
1,7843100
1,7979100
0,7829800
1,7869600
1,7803700
1,7837800
1,7742600
1,7748000
1,7666700
0,7716800
1,7666400
0,7814100
0,7687600
1,7708900
1,7656500
0,7785200
1,7669800
0,7739400
0,7993300
0,7752400
0,7818200
0,7721600
0,7667300
1,7719800
0,7710400
0,8219500
0,7688300
1,7763600
1,7679800
0,8652000
0,7666700
1,7719700
1,7579300
0,8051500
0,7556100
0,7615400
1,7546600
1,7614900
1,7544100
1,7572100
0,7547100
0,7610000
1,7560300
0,7687500
0,7659800
1,9650300
0,8335200
1,7613600
0,7547400
0,7569900
0,7549200
1,7816000
0,7505800
1,7679700
1,7561100
0,7591100
1,7540900
0,8358200
1,8311700
1,8185100
0,8260300
0,7623700
0,7631400
1,7640800
1,7561200
1,7731400
1,7547600
0,7750800
0,7585800
1,7670600
1,7632700
0,7721500
1,7657100
1,7770700
1,7676900
1,7834600
0,7670000
1,7726600
1,7680900
0,7730500
1,7656900
1,7711900
1,7679700
0,7727700
0,7424600
0,7925000
1,7493900
0,7543400
1,7340400
1,9088300
0,7884100
1,7499500
0,7421900
1,8711800
1,7712700
0,7604000
0,7492200
1,7728900
1,7666100
1,7716600
0,7667200
0,7748700
0,7644600
0,7733300
0,7666400
0,7739100
1,7642900
0,7922800
0,7672300
0,7756300
1,8085500
1,7566800
1,7636500
1,7758400
0,7550900
0,7986900
1,7543300
1,7704000
0,7548100
0,8128200
0,8154400
1,9026700
1,8363900
0,8093200
0,8074100
1,8577700
0,8331800
1,8436800
0,8334000
0,7633700
0,7698300
0,7627900
1,7728600
1,7616900
0,7694500
1,7777000
1,7824400
1,7784000
0,7811700
0,7900500
0,7820500
0,7788000
0,7799100
0,7804900
0,7799500
1,7779200
1,7945500
1,7649300
1,7651400
1,7317900
1,7464600
1,7391700
0,7458000
0,7411500
0,7661500
1,7426700
1,7372800
1,7430700
1,7371700
1,7736800
1,7340200
1,8240900
1,7753300
0,7586300
0,7541900
1,7648800
1,7461100
1,7560500
1,7485200
0,7561400
1,7500000
1,7663500
1,7447300
1,7740900
1,7541800
0,7657800
0,7625000
0,7684000
1,7619600
1,7706300
1,7605000
0,7717600
1,7637900
1,7703000
1,7633100
1,7685000
0,7643600
0,7567600
0,7698100
1,7848900
1,9086300
0,7463400
1,7386100
1,7528900
0,7400800
1,7522200
1,7382900
1,7449700
1,7412000
1,7318600
1,7675400
1,7462300
0,7552900
1,7476700
1,7935000
1,7468300
1,7844300
0,7465600
0,7749600
0,7472700
1,7581300
0,7471000
1,7584000
1,7461400
1,7719700
1,7464000
0,7527000
0,7566700
1,7653600
0,7470900
1,7569400
1,7444700
1,7732700
0,7471000
1,7537700
0,7471000
1,7608700
0,7501600
0,7543800
0,7472900
1,7531300
0,8419800
0,7579100
1,7615200
0,7592600
1,7543500
1,7474600
0,7542800
0,7486900
1,7517900
1,7485400
1,7674600
0,7486700
0,7570000
1,7469700
0,7585900
0,7511800
1,7526500
1,7462400
0,7692900
0,7487200
0,7538300
1,7471400
1,7447700
0,7459100
0,7460300
0,7321700
0,7476900
1,7390700
0,7460400
0,7487700
1,7588600
1,7385800
0,7504900
1,8317300
0,8281100
0,8060200
1,7726500
1,7858400
0,8063300
0,7675300
0,7698900
1,7617500
1,7671500
1,7613400
0,7682300
0,7627000
0,7696200
0,7803300
1,7697600
1,7732300
1,7725700
1,7626000
0,7909700
1,7625100
1,7830500
1,7626400
0,7689200
0,7632900
1,7765700
0,7679300
0,7740700
0,7720900
0,8000800
0,7890800
0,7693700
1,7628600
0,7687200
1,7631100
0,7728200
0,7957600
0,7838900
0,7674000
0,7730400
1,7879100
1,7731100
0,7674000
0,7760200
1,7655100
0,7760500
1,7667600
0,7830300
0,7673300
0,7698800
0,7687800
1,7694000
0,7658100
1,7686300
0,7652100
1,7684300
0,7634400
1,8005200
0,7688600
0,8019700
0,8354200
0,7776500
1,7627100
0,7816900
1,7652000
0,7817900
0,7624900
1,7759700
0,7627200
0,7691200
1,7600500
0,7903200
0,7625000
0,7671300
0,7625600
0,7684200
1,7618300
0,7688100
1,7615600
0,7699000
0,7323600
1,7585800
0,7380200
1,7446600
0,7320600
0,7452800
0,7382500
1,7597700
1,7372800
0,7378800
0,7476000
1,7325600
1,7434300
0,7384300
1,7536900
0,7394300
1,7417800
1,7371800
0,7587600
1,7341300
0,7672100
1,7407800
1,7452700
0,7337900
1,7626700
0,8190700
0,7817300
1,7557800
0,7841800
0,7472200
0,7470000
0,7683200
1,7468700
1,7577900
0,7472600
1,7554300
1,7585600
1,7520400
0,7470300
0,7560800
1,7460200
1,7648400
0,7550800
0,7817300
0,7510600
1,7589000
1,7502300
1,7642400
1,7505300
1,7543100
0,7469800
0,7634200
0,7469400
1,7652600
0,7534700
0,7685900
0,7544800
1,7580800
1,7484400
0,7650400
1,7541700
1,7479400
0,7574600
0,7560400
1,7670500
1,7597300
0,7641100
1,7750500
1,7800300
0,7495300
0,7563500
1,7557600
0,7625700
1,7487100
0,7629400
1,7562400
0,7627300
1,7495300
1,7617200
1,7572100
0,8014000
1,7491200
1,7633900
0,7607300
0,7652400
0,7550000
0,7557500
0,7568100
0,7618400
1,7578300
0,7571500
0,7714200
1,7616300
0,7546400
0,7819000
0,7914400
0,8545800
1,7723800
0,7735000
1,7613200
1,7542700
1,7464300
0,7626000
0,7467600
1,7568500
0,7472200
1,7653900
0,7471100
1,8319700
1,12767600
0,7656600
0,7761500
0,7563100
0,7578900
1,7488200
1,7668500
0,7542700
1,7673700
0,7490400
1,7806400
0,7548100
1,7749200
1,7768100
1,7580300
1,7604700
0,7623400
0,7549100
0,8973800
0,7550000
0,7632600
0,7554000
1,7562900
0,7647800
0,7591700
0,7544800
0,7625800
0,7498100
1,7596300
1,7528600
1,7587800
1,7486900
1,7623100
1,7544700
1,7557800
1,7401500
1,7562800
1,7390300
1,7690100
0,7409900
1,7653000
1,7409000
0,7486800
0,7342000
1,7509400
1,7399400
0,7419000
1,7421400
0,7585800
0,7701300
0,7610600
1,7343600
1,7465400
0,7618500
0,7336100
0,8990400
0,8665600
0,8764100
1,9000600
0,8364500
0,8597500
1,7828200
1,7851200
1,7846900
1,7892300
1,7824800
0,7864600
0,7828800
1,7979300
0,7838100
0,7965100
0,7841800
1,7853900
0,7962200
0,8382600
1,7865900
0,7814200
1,7897900
0,7945600
0,7836500
1,7868100
1,7813800
1,7865500
0,7976500
1,7821000
1,7917100
1,7815500
0,7883500
0,7669400
0,7777500
1,7621800
0,7731800
0,7667500
0,7845700
1,7840600
1,7995400
0,8024100
1,8162800
1,8025800
0,7861500
1,7814800
1,7914100
0,7832700
1,7853900
0,7840900
0,7873600
1,7848900
1,7949100
0,7840800
0,7812500
0,7887200
1,7850500
1,7850800
0,7842500
0,7831700
1,7995100
0,7869000
1,7854900
0,7814200
1,7844300
0,7856500
1,7862400
0,7838300
0,9388100
0,10345200
0,7723000
1,7661800
1,7748100
1,7645300
0,8209900
1,7744700
0,8130400
1,8014000
1,7992400
0,7963400
0,7774400
0,7734800
1,7661100
1,7749500
0,7670700
0,7789500
1,7913700
1,7732900
0,7647100
1,7727000
0,7663600
0,7753300
1,7646200
0,7852800
0,7604800
0,7785000
0,8905700
0,7807500
1,7581700
1,7715600
0,7550000
0,7649600
1,7483700
1,7866700
1,7559600
1,7563300
1,7491300
1,7788900
1,7974500
0,7837200
1,7857200
0,7834300
1,7860200
1,7839200
1,7878100
1,7829900
0,7867700
1,8024000
1,7850500
1,8117200
1,7490400
0,7851100
1,8314300
0,7562000
1,7495300
0,7576300
0,7587900
1,7630900
1,7538800
1,7851800
1,7500100
1,7662900
1,7544100
1,7779100
1,7724400
0,7750300
0,7674200
1,7701900
0,7875700
1,8529500
0,7681500
1,7762700
0,7647200
1,7805600
0,7668800
1,7856900
1,7644900
1,7740000
1,7637700
0,7761300
1,7656600
1,7716400
1,7657200
0,7754600
0,7662700
0,7717200
1,7679400
0,7828900
0,7885400
0,7468200
1,7692400
1,7502900
1,7418300
0,7432100
1,7420900
1,7878800
0,7429100
0,7420800
1,7429500
1,7563000
0,7590200
0,7421500
0,7571300
1,7846200
0,7670600
0,7545300
1,7565400
0,7565100
1,7615200
1,7535400
0,7584800
0,7526900
1,7700100
1,7550900
1,7812600
0,7570600
1,7746900
0,7554100
1,7575500
0,7546400
0,7732200
0,7541300
0,7717800
1,7544100
1,7607300
0,7549000
0,7709300
0,7497500
1,7719000
0,7426900
1,7510400
1,7335400
0,8122500
0,7720700
1,9260800
1,7380300
1,7619400
1,7412700
1,7542900
0,7425300
1,7524200
1,7518800
0,7727800
0,7547300
1,7684900
0,7549600
1,7843100
0,7547100
1,7491300
0,7666500
1,7542600
0,7604600
0,7492500
1,7609200
1,7466200
1,7486000
1,7453200
1,8825900
1,7746400
1,7759500
0,7404400
1,7521900
1,7418500
1,7515300
0,7419200
1,7399800
0,7459700
1,7576400
1,7664700
1,7829300
1,7675300
0,7741500
1,7667500
1,7696500
1,7683300
0,7720700
0,7669200
1,7733900
0,7770800
0,8029300
0,7598300
0,7549800
1,7504600
1,7509800
0,7406400
0,7652400
1,7334200
0,7487300
1,7438000
0,8131000
1,10645200
0,7581000
0,7586500
1,7776300
1,7506400
0,7991500
0,7990000
0,9031400
1,8732300
0,8542900
0,8866500
1,8502300
1,8708700
1,9286100
1,8715400
0,7774300
1,7811000
1,7784500
0,7938700
0,7787600
1,7817100
0,7826400
0,7794600
0,7787000
1,7778100
1,7817500
0,7804900
1,7797200
0,8731500
0,7537200
1,7505600
0,7382200
1,7381100
1,7370700
1,7528400
0,7385500
0,7549400
1,7401200
1,7633200
1,7430900
0,7585300
0,7610200
1,7676800
1,7800200
1,7710600
1,7601900
1,7720400
0,7633400
1,7638400
1,7674700
1,7622000
0,7814300
0,7642700
0,7822300
0,7505600
0,7796100
0,7995600
0,8822900
1,8464100
0,8783800
1,8388700
0,8377600
0,7725600
1,7610400
0,7548400
0,7470700
1,8044100
0,7652400
1,7755000
0,7627900
1,7745900
0,7643300
0,7692700
0,7626900
0,7847700
0,7718200
1,7698600
1,7616700
1,7981000
0,8253000
1,8236700
0,8121700
0,8778400
0,7935500
0,8006000
1,7620500
0,7754500
1,7633700
1,7684900
1,7631600
0,7833300
0,7629400
1,7670400
1,7615200
0,7829900
1,7631800
0,7687200
0,7626700
0,7700000
1,7618900
0,7687800
1,7617400
0,7685000
1,7619100
0,7847200
0,7430700
0,7413600
1,7421200
1,7297100
1,7683800
1,7411400
1,7435400
1,7314200
1,7661100
0,7393800
0,7740800
0,7324900
0,7518900
0,7399100
0,7404700
1,7515100
0,7493200
1,7399000
0,7569200
0,7324500
0,7431600
0,7416700
1,7316300
1,7627800
0,7383900
0,7498600
1,7335100
0,7757700
0,7383000
0,7560100
1,7389100
0,7590300
0,7474500
1,7499500
0,7350900
1,7572600
0,7452100
1,7454600
0,7323200
0,7472600
0,7437600
0,7548300
0,7471700
1,7782600
0,7752000
1,8109100
1,7518700
1,7528300
0,7505600
0,7486300
0,7530500
0,7467600
0,7578800
1,7898300
1,7572900
1,7553700
0,7535200
1,7481500
0,7548900
1,7465000
0,7729800
1,7480900
0,7522800
0,7469500
1,7786100
1,7531600
0,7598000
1,7616100
0,7912900
1,7642200
1,7652200
0,7633800
1,7655500
1,7650100
1,7729400
1,7697600
0,7761000
1,7752600
0,7691700
0,7796900
0,7745100
1,7635600
1,7685600
1,7640300
1,7715800
0,7648500
0,7726700
1,7649300
0,7700200
1,7626300
0,7818900
0,7676900
0,7846900
1,7579200
1,7572800
0,7569200
0,7650500
0,7647400
0,7895700
0,7757900
0,8724200
1,8511100
1,7586400
1,7486200
0,7783700
0,7474000
1,7513200
0,7508400
1,7587800
1,7497000
1,7765900
1,7475500
0,7557200
0,8456700
0,7606900
1,7581100
1,7516000
0,7623200
1,7543200
0,7707500
0,7721600
1,7678300
0,7629800
1,7691400
0,7624000
1,7670500
1,7616100
0,7727400
1,7621800
1,7694100
1,7619500
0,7646200
0,7349600
1,7499800
0,7379100
0,7454300
0,7542500
1,7662800
0,7572200
0,7698300
0,7566500
1,7484200
1,7380900
1,7582200
1,7397800
0,7600400
1,7411900
0,7747200
0,7386100
0,7385100
1,7372700
1,7408700
1,7375300
0,7381500
1,8848900
0,7530700
0,7571200
1,7367700
1,7657800
1,7501900
1,7836400
0,7472700
1,7620400
1,7490500
1,7672500
0,7474200
0,7563800
0,7562300
0,7706000
0,7519600
1,7618600
1,7545700
0,7665600
1,7506400
0,7554000
1,7488400
0,7593300
0,7469800
1,7542100
1,7471800
0,7551400
1,7445400
0,7996000
0,7586500
1,7986600
0,7573400
1,7789900
1,7495800
1,7527100
0,7469000
0,7521700
0,7541400
0,7650400
1,7474400
0,7534900
0,7486400
0,7725600
0,7464900
0,7625700
0,7910900
0,7668100
0,7641800
0,7692600
1,7629000
0,7624500
1,7681400
0,7640800
1,7681100
0,7625000
0,7683500
0,7725900
1,7519700
1,7504500
1,7582800
0,7502800
1,7548100
1,7540200
1,7866800
1,7618500
0,7798400
0,8262400
1,8370800
1,8466200
0,8146700
0,7628300
0,7686100
1,7633900
1,7850200
0,7645300
1,8092700
1,7749500
1,7670100
1,7622200
1,8432800
0,7835200
0,8445600
0,7834700
0,7833800
1,7829100
1,7826600
1,7866100
0,7867700
0,7828300
1,7822200
1,7821800
0,7819400
0,7805400
1,7788900
1,7812900
0,7790800
0,7804600
0,7955400
0,7865500
1,7789900
1,7810500
0,7789500
0,7819300
0,7788400
1,7800600
0,7790100
0,7824000
1,7766400
1,7811500
0,7623500
0,7703100
1,7619900
0,7760400
0,7627600
1,7795200
0,7626200
1,7713800
1,7623000
0,7693500
0,7627700
0,7741200
0,7469400
1,7507000
0,8037700
1,7472400
0,7677100
1,7476400
0,7531300
0,7468400
1,7544900
1,7469100
0,8179500
1,8418100
1,8110400
1,8262600
0,7792700
0,8085200
0,8110200
0,7731700
1,7642400
0,7844500
1,7706300
0,8184900
1,9806800
0,8154000
0,7899300
0,7825700
0,7797200
1,7944300
0,7805300
1,7814600
1,7785000
1,7831600
1,7789100
0,7829500
0,7792700
1,7824200
1,7758000
0,8047300
1,8302200
1,7760300
0,7827200
1,7682500
1,7633700
1,7793600
0,7625300
1,7842000
0,7688700
0,7678500
1,7615900
0,7706100
0,7639800
0,7699000
0,7671100
0,7827900
1,7615600
1,7701000
0,7629800
0,7681000
1,7635600
0,7687100
0,7627200
0,7695500
0,7660300
0,7894400
1,7464600
0,7547000
0,7488400
1,7530900
0,7468500
0,7635400
1,7501100
1,7684500
1,7518500
1,7544000
1,7494900
0,7563600
0,7473500
0,7527600
1,7899500
0,7381800
0,7440600
1,7380600
1,7503800
0,7386200
1,7385400
1,7385600
0,8609900
0,7379400
0,7637100
0,7319300
1,7477500
0,7379200
1,7505000
1,7320200
0,7444400
1,7684400
0,7572500
0,7381700
1,7572900
1,7374200
0,7377300
1,7379600
1,7496600
1,7375700
0,7428300
1,7383700
1,7774800
1,7371400
1,7500200
1,7355200
1,7414900
0,7391300
0,7319800
0,7831600
0,7370000
0,8615200
0,7548000
1,7672600
1,7637800
0,7749700
0,7621800
1,7668200
0,7642300
1,7663900
1,7621000
1,7707400
0,7629200
1,7679400
1,7624400
1,7718700
1,7415800
1,7441800
0,7648200
0,7381700
1,7415800
1,7443700
0,7381200
0,7558900
0,7383300
1,7440300
1,7417600
0,7768500
1,7699100
0,7464200
0,7383000
1,7319000
0,7544200
0,7412100
0,7785000
1,7343400
0,7717400
0,7382100
0,7514400
1,7310800
1,7627500
0,7601500
1,7780000
1,7486700
1,7638400
0,7472600
0,7546500
1,7498500
1,7576900
0,7468800
0,7543600
0,7488500
1,7525300
0,7469500
0,7595000
0,7628300
1,7633700
0,7385600
0,7640500
0,7400200
1,7379500
0,7381400
0,7435300
1,7402600
0,7378400
1,7496700
1,7378600
0,7536600
1,7383500
0,7609200
0,7471000
0,8451300
1,7598300
0,7687600
0,7509600
0,7565900
1,7445400
0,7556300
0,7469000
1,7545000
0,7509600
1,7537100
0,7752700
0,7741700
1,7602300
0,7683400
0,7624700
0,7759700
1,7659100
0,7683800
0,7628000
1,7720200
0,7625100
0,7682100
0,7625200
0,7729800
0,7382800
0,7473100
0,7388200
0,7562500
1,7375300
1,7318900
1,7434800
0,7396200
0,7474500
1,7313400
0,8067700
1,7386600
1,7463300
1,7324900
1,7432400
0,7366700
0,7444600
0,7419900
1,8028700
1,7395900
1,7534200
1,7308700
0,8043000
1,8186600
1,8455600
1,8916700
0,7700800
1,7656800
1,7764500
1,7619200
0,7688000
1,7697600
1,7828500
0,7870700
1,8523500
1,7774000
1,7788000
1,7715600
0,7791200
0,7789900
0,7796700
1,7778700
0,7892600
1,7779400
0,7814200
1,7784100
1,7806400
0,7789000
1,7776700
1,7788600
1,7799500
1,7717500
1,7678300
0,7762900
1,7760400
1,7618200
1,9614800
1,10339500
1,10382300
0,9111900
0,7641500
1,7681900
0,7630200
0,7685100
1,7638400
0,7684100
0,7626200
0,7798300
1,7660200
0,7937300
1,8023200
1,8247800
1,8905000
1,7867900
1,8210500
0,7768400
0,7791800
0,8218300
1,7857500
0,7853200
0,7988000
1,7789300
0,7804800
0,7816500
1,7779900
0,7785900
1,7803500
1,7792000
0,7797700
1,7733600
0,7815100
0,7817000
0,7884500
0,7812900
0,7807300
0,7797700
1,7785800
1,7806400
0,7804200
0,7936000
1,7783600
0,7631300
0,7483400
1,7523800
1,7738800
0,7759200
1,7639800
0,7711400
0,7540700
0,7588000
1,7558900
0,8395500
1,7665100
0,7663400
0,7894500
1,7709200
0,7647500
0,7742800
0,7685200
1,7859100
0,7683100
1,7858200
1,7712700
0,7735900
1,7665100
0,7735400
0,7666400
1,7722100
0,7705500
1,7770900
0,7729700
1,7854500
0,7666700
1,7770500
0,7651100
1,7746600
0,7710900
1,8459000
0,7750700
0,7725300
1,7689600
0,7814400
1,7680400
0,7765800
0,7677300
0,7920700
1,7763200
1,7787200
0,7645400
1,7809300
0,7662900
1,7827500
0,7668500
0,7739800
0,7667600
0,8120200
1,7673800
1,7723300
1,7668100
0,7739300
1,7689600
1,7708600
1,7675900
0,7714100
0,7691500
0,7716800
0,7563100
0,7633000
0,7572600
0,7661200
0,7568800
0,7617100
1,7530600
1,7504600
0,7474900
0,7577000
1,7476100
0,7528100
0,7474600
0,8059200
0,8823800
0,7980600
1,7560200
0,7618700
0,7401200
0,7564300
0,7384600
0,7615900
1,7389800
1,7524100
0,7324000
1,7355100
0,7698000
1,7620300
1,7821400
0,7625600
0,7733000
1,7634000
0,7680800
0,7625400
1,8462300
1,7692300
1,7740500
0,7704600
0,7628200
1,7544200
0,7716100
0,7582000
1,7557500
0,7383700
0,9357400
1,7779600
0,7357300
0,7388000
0,7644200
1,7399900
0,7514800
1,7341800
1,7913600
0,7736300
0,7866400
1,7456700
1,7551400
1,7491500
0,7614400
0,7470400
0,7612300
0,7485300
1,7792100
0,7505900
1,7519100
0,7593700
1,7685000
1,7623300
0,7841500
0,7645800
0,7687700
1,7630100
0,7684900
0,7643400
0,7678100
1,7617100
1,7717500
1,7617400
1,7808200
1,7470100
1,7631900
0,7476900
0,8399800
0,7645400
0,7630200
0,7815000
1,7568800
1,7482700
1,7526700
1,7465600
0,7542900
0,7555700
0,7700500
0,7625000
1,7665800
1,7615200
0,7714300
0,7624600
1,7664900
1,7617200
1,7714400
1,7745000
1,7733600
1,7681300
1,7694600
0,7506200
0,7490700
0,7560400
1,7522700
1,7679800
0,7770000
0,7610600
1,7563100
0,7645700
0,7494300
0,7695000
1,7561300
1,7626000
1,7358400
0,8204500
1,9311100
1,8633100
0,8576200
0,7458100
1,7445900
1,7613400
0,7553800
1,7421700
1,7423600
0,7415400
1,7522700
0,7756100
0,7710500
0,7674800
0,7801500
1,7685700
0,7710300
0,7648300
1,7748700
1,7704000
1,7725800
1,7635400
1,7904300
1,7575700
1,8259500
0,8517600
1,8078100
0,8579500
0,7902000
0,7855700
0,8329100
1,7596400
1,7673800
1,7621900
0,7699200
1,7494000
1,7870200
1,7931200
1,7992000
1,7827700
1,7863400
1,7830700
0,7891200
1,7826900
0,7853400
1,7819300
1,7906700
0,7832400
1,7804500
0,7513300
0,7722800
0,7626800
1,7649000
0,7705000
0,7650400
1,7618200
1,7765000
1,7551300
0,7595600
0,7546600
1,7627200
1,7587400
0,7934600
1,7547000
0,7831300
0,7570600
0,7669500
0,7548800
0,7685600
1,7638800
0,8121600
0,7500200
0,7634600
0,7601600
0,7804100
1,7513000
0,7637900
0,7858400
1,7649800
1,7504900
0,7612100
0,7582700
1,7687200
0,7502900
1,7541500
1,7704700
0,7585100
0,7607600
0,7716700
0,7628300
1,7535400
0,7618600
0,7493100
1,7590200
0,7510700
0,7619400
1,7480000
1,7648700
1,7545400
1,8035400
1,7886400
1,7740400
0,7658600
0,7754500
1,7695400
0,7750600
1,7638000
1,7722400
1,7678900
0,7839400
1,7650200
1,8062000
0,7684900
0,7726400
1,7630000
0,7746000
0,7569100
0,7627900
0,7493600
1,8157700
0,7568500
0,7823800
0,7494200
0,7620000
1,7578800
0,7812700
1,7487600
1,7553700
1,7441400
0,7599500
1,7435800
1,7618200
1,7428700
1,7454900
0,7342000
1,7645200
0,7471300
1,7487000
1,7335100
1,7476800
0,7438500
0,7420300
1,7483200
0,7428100
0,7589600
0,7540700
0,7547100
0,7406700
1,7481700
1,7407500
1,7460600
1,7424700
1,7634000
1,7683100
0,7561400
1,7526100
1,7690800
1,7549300
1,7549400
0,7549100
0,7646700
0,7537700
1,7638800
1,7480700
1,7637000
0,7548400
0,7493500
1,7488100
0,7459200
0,8643100
1,9186600
1,8684100
1,9084600
1,8326200
1,8792800
0,8777100
0,8737400
1,7509400
1,7767300
0,7817200
1,7832700
1,7822400
0,7917500
1,7821800
1,7841000
0,7874800
0,7884000
1,7852200
1,7803400
0,7865700
1,7870000
0,8007900
0,7710900
1,7601200
1,7710400
0,7743100
1,7542400
0,7662500
0,7550400
1,7610500
1,7539300
0,7617700
1,7570100
1,7692800
0,7553600
0,7701500
1,7579000
1,8011300
1,7542300
1,7617300
1,7487500
1,7521100
0,7610400
0,7562000
0,7618400
1,7547400
0,7655900
0,7571900
0,7716100
0,7814700
1,7735600
0,7689700
0,7716000
1,7660400
0,7838000
1,7691700
1,7711400
1,7648000
0,7736400
0,7688900
0,7745600
1,7485700
1,7661400
1,7566500
0,7765800
0,7489100
1,7664800
0,7571500
1,7957000
0,7953800
1,7865200
1,7609200
1,7635100
1,7569200
0,7717000
1,7705000
1,7705100
1,7662800
1,7748500
0,7856800
1,7725700
0,7663700
1,7729800
0,7652800
1,7727300
1,7662700
1,7797000
1,7333400
0,7684500
1,7553600
0,7888600
1,8547700
1,9031500
0,8966100
1,8778100
0,8923500
0,7427700
0,7702400
1,7319500
0,7815900
1,7841900
1,8014000
1,7840200
1,7821100
1,7818000
1,8013100
1,7813900
0,7838300
0,7841200
1,7878800
1,7824400
0,7853300
1,7440100
0,7512000
1,7633000
0,7420400
1,7330000
1,7514600
0,7410200
0,7514800
0,7343300
1,7413800
0,7688300
1,7420100
0,7439200
1,7422500
1,7516900
1,7421600
1,7565300
0,7554200
1,7728600
1,7508700
1,7418500
0,7445400
0,8410500
1,8207000
1,9479400
0,8870500
1,7914200
0,7923200
0,7911500
0,7885000
1,7826900
1,8339000
0,7863800
0,7858600
1,7830700
1,7899900
1,7809500
1,7921800
0,7767700
0,7964300
0,7644500
0,7861300
0,7937200
1,7825400
0,7665100
0,7726100
1,7667200
0,7736500
1,7652400
0,7714200
0,7676700
0,7751100
0,7667300
1,7711500
0,7761200
1,8852800
0,7670700
0,7734100
1,7635800
0,7779400
0,7671600
1,7764000
0,7756800
0,7959800
0,7599400
0,7779300
1,7714400
1,7512000
0,7546000
0,7618200
1,7557100
0,7581200
0,7620600
0,8351100
1,8250500
1,7644300
0,7499600
1,7662200
1,7571300
1,7624200
0,7495100
0,7641000
0,7582800
0,7577700
1,7488300
1,7594400
0,7569100
0,10379800
0,7550500
0,7600400
1,7426600
1,8494100
0,7713400
1,7650900
0,7404500
1,7959500
1,7624400
1,7663700
0,7344600
0,7507200
1,7468600
0,7583600
0,7343100
1,7711100
0,7667900
1,7816400
1,7783600
1,7812800
0,7670100
1,7875300
0,7817900
1,7724000
0,7669900
0,7747000
0,7659600
0,7644100
1,7604000
1,7561000
0,7601600
1,7464500
1,7667500
1,7574400
0,7632600
1,7531000
1,7579800
0,7563500
1,7608400
0,7598500
1,7623800
1,7514700
1,7478000
0,7340900
0,7706300
1,7426200
0,7515300
1,7420300
1,7546100
0,7448300
0,7469700
1,7486000
0,7568900
1,7450600
1,7439500
0,7343500
1,7643600
1,7422000
1,7678800
1,7316500
0,7789400
1,8014200
1,7681700
0,7433600
0,7718400
1,8644900
0,8880000
1,8658800
0,8495500
1,8163000
1,7673300
0,7628400
0,8485100
1,8172000
0,8860600
0,9562200
1,7630000
0,7725000
1,7643400
1,7887700
0,7797800
1,7815500
0,7792900
1,7816900
1,7766300
0,7796700
0,7788500
1,7833600
0,7794500
0,7800200
0,7800600
1,7826700
1,7700100
0,7683800
0,7643600
1,7957500
1,7632900
0,7819200
1,7671400
0,7679700
1,7630500
1,7689600
1,7645600
1,7604800
1,7748500
1,7620800
0,7706100
0,7860600
1,7639600
1,7619900
1,7687500
0,7624100
0,7749000
1,7645500
1,7677300
1,7617200
1,10499400
1,7733800
1,7727700
1,7925200
1,7467800
0,7734000
0,7573000
1,7574100
1,7570600
0,7582700
0,7510100
1,7556700
1,7665400
1,7486800
1,7602400
0,7472400
0,7712800
1,7488800
0,7548100
1,7462400
0,7600900
1,7889500
0,7790700
0,7487000
0,7943800
0,8014400
1,7853400
0,7514600
1,7699700
0,7666500
0,7733300
0,7795900
0,7668400
1,7538600
1,7644600
1,7624100
0,7689700
1,7617000
0,7848800
0,8013800
1,7904500
0,8091600
1,7672600
1,7645000
1,7836600
1,7618400
1,7689700
1,7620300
0,7704200
1,7639500
1,7697600
1,7603600
0,7721000
0,7632000
1,7555700
1,7495800
1,7533100
0,7750100
0,7580600
1,7467600
0,7566100
1,7462100
0,7716900
0,7471900
1,7559000
1,7465600
1,7562600
0,7470400
1,7568900
0,7472600
1,7457900
0,7529800
1,7462500
1,7650600
0,7472000
0,7549700
1,7496100
1,7548100
1,7458400
0,7573700
1,7507400
0,7809800
0,7383400
0,7634600
0,7434100
0,7434900
1,7374600
1,7595300
1,7634500
1,7975200
0,7702500
0,7775100
0,7403500
0,8002700
0,7999000
1,7911700
1,7547800
0,7650800
1,7469600
1,7594400
1,7999900
0,8286900
0,8568100
0,8498500
0,8838100
1,8388500
1,7885700
1,7823600
0,7790500
0,7841100
1,7785900
1,7802300
0,7790600
0,7936200
1,7799600
1,7796900
0,7787300
0,7789100
0,7826300
1,8183900
0,7694000
1,7554400
1,7488400
0,7549500
0,7470500
0,7537700
1,7477700
1,7539400
1,7465700
1,7506300
1,7472900
0,7532600
0,7472200
1,7541600
0,7483600
1,7590000
1,7476000
1,7542000
0,7485200
1,7503100
0,7469600
0,7670300
0,7505100
1,11499300
1,7473700
0,7470900
1,7359500
1,8994700
1,7381300
0,7464800
1,7385700
0,8357500
0,7383700
1,7422400
0,7402800
0,7454600
0,7353600
0,7553300
0,7397300
0,7478500
0,7598500
1,8083500
1,7906000
1,7586500
1,7431200
0,7619500
1,7374900
0,7554000
1,7354800
0,7442700
0,7321900
0,7539900
0,7694900
1,7636000
0,7720100
1,7624100
0,7688600
1,7633600
1,7672000
1,7620800
1,7690100
0,7639300
1,7686500
1,7617000
1,7688400
1,7407600
0,7384200
0,7693300
1,7491400
1,7401600
1,7386600
0,7379300
1,7460400
1,7385900
1,7516100
0,7480700
0,7444000
1,7402100
0,7456700
0,7383800
0,7379500
1,7510500
0,7402400
1,7508600
0,7597200
1,7629700
1,7333800
0,7640400
0,7378700
0,7511200
1,7336800
1,7443300
1,7377900
1,7466700
1,7310000
1,7647600
1,7424500
1,7420500
1,7340100
1,7810600
0,7641700
0,7654500
1,7796600
0,7898800
1,7668900
1,8267800
0,7474200
0,7688200
0,7473400
1,7716100
1,7992700
0,7660500
1,7991500
0,7747200
0,7539100
0,7673700
1,7505500
0,7651000
0,7629800
1,7617500
1,7806800
1,7648100
0,7702800
1,7616500
0,7773100
1,7636200
0,7690200
1,7617600
1,7698800
0,7627500
0,7576700
0,7378100
1,7835300
1,7417000
0,7431500
1,7386000
1,7403300
1,7376000
1,7497100
1,7381500
1,7366500
1,7387700
0,7481300
0,7380000
1,7422700
0,7394600
1,7635200
0,7380700
0,7568300
0,7398600
0,7438100
1,7423300
0,7320000
0,7485100
0,7378600
1,8577800
1,7314100
1,7580700
0,7472100
0,7675300
0,7471200
0,8440900
0,7470800
0,8012200
1,7469100
1,7516800
0,7467200
1,7543800
1,7483800
0,7553300
0,7475300
1,7641600
1,7459100
1,7527300
1,7550600
0,7618900
0,7508100
0,7583700
0,7470600
1,7540900
1,7475000
1,8180500
0,7736900
1,7657900
1,7516900
1,8096200
1,7948900
0,8659100
1,8368700
0,8030500
1,7443800
1,7636700
1,7476300
0,7523800
0,7469200
1,7534000
1,7608800
1,7677700
0,7625300
1,7831700
0,7665800
0,7690800
0,7722800
0,7696900
1,7596600
1,7674200
1,7606500
1,7692800
1,7617800
1,7532300
0,7378300
1,7592800
0,7324300
1,7456900
1,7534900
1,7349600
0,8695000
1,8468000
1,8573200
1,8692600
1,8086100
0,8656300
0,8103000
1,7726000
1,7620100
0,7681300
0,7640000
0,7749700
0,7627500
1,7694700
0,7647200
0,7690400
1,7617500
1,7672000
1,7641400
1,7832700
1,8025300
0,7686000
1,7771600
1,7680500
1,7628200
0,7671900
1,7633800
1,7845900
1,7619400
1,7690800
0,7663400
0,7694400
0,7472700
0,8350300
0,7694300
1,8020300
1,7572200
0,7589400
1,7619800
0,7612600
1,7459600
1,7513100
1,7478000
1,7671800
1,7507700
1,7674900
0,7872900
0,7823600
1,7816400
1,7888800
0,7942100
0,7796100
0,7671600
1,7801700
1,7597800
0,7682200
1,7618400
0,7764300
1,7758500
0,7870300
1,7780600
1,7803300
0,7884200
1,7803300
1,7782200
0,7841700
1,7769800
1,7823700
1,7780300
0,7865800
0,7642400
1,7593100
0,7472600
0,7739700
0,7470900
1,7531900
1,7462700
1,8265800
0,7547000
0,7574200
0,7532600
0,7710600
1,7548200
1,7610400
0,7556400
1,7723000
1,7546500
0,7739400
1,7598700
0,7674500
0,7553000
0,7676700
1,7559700
1,7486600
0,7825500
0,7540800
0,7673400
0,7494400
1,7561900
1,7517100
1,7814700
1,7833600
0,7654600
1,7643900
0,8133400
0,8272200
1,7679500
1,7556500
0,7763400
0,7580500
1,7742100
0,7649100
1,7725300
1,7798100
0,7772800
1,7640100
1,7708400
0,7668500
0,7725100
0,7670800
0,7735000
0,7664800
1,7735500
1,7370600
1,7645400
0,7445300
1,7798000
1,7412900
1,7668700
1,7438700
0,7539300
0,7363100
1,7736600
0,7408000
0,7533600
1,7374200
0,7752100
1,7545300
0,7625400
0,7563100
1,7752300
1,7554100
0,7939900
1,8469500
1,8016100
1,7472900
1,7748600
0,7657000
0,7712300
0,7599900
1,7999300
1,7424500
1,7888100
1,7340100
1,7497000
1,7442700
0,7517200
1,7336300
1,7709100
1,7439700
1,7507600
0,7342300
0,7666900
1,7562500
0,7633800
0,7804600
0,7550800
1,7635500
1,7579900
0,7662200
0,7552100
1,7642600
0,7556700
1,7748300
0,8029700
1,7969700
0,7647000
0,7949400
1,7671600
0,7753600
1,7686700
0,7854900
0,7693200
1,7706500
0,7669100
0,7852800
0,7682600
0,7719500
0,7564200
0,7640500
1,7528000
1,7580100
0,7545600
1,7633800
0,7581200
1,7608500
0,7491200
0,7628800
1,7562100
0,7588300
0,7494900
1,7514600
1,7423700
0,7819200
1,7323100
0,7757100
0,7445200
1,8003100
0,7344200
1,7538100
1,7440100
0,7441000
0,7342200
0,7529600
0,7513800
0,7548000
1,7729500
1,7617200
1,7760200
0,7546700
0,7555900
1,7539900
1,7777800
1,7526900
0,9510500
1,7484800
1,7973600
0,7600200
0,7542500
0,7560700
1,7563600
1,7557000
0,7717100
1,7561300
1,8258200
0,8270000
0,8371000
0,8209500
0,7589100
0,7875500
0,7742700
0,8006100
0,7771400
0,7953200
1,7670500
1,7775300
0,7668100
1,7722600
0,7655600
0,7752000
1,7653100
1,7737000
0,7665300
0,7672300
0,7795800
0,7797100
1,7738300
1,7663400
1,7734500
1,7675200
1,7759400
0,7651100
0,7742800
0,7664600
0,7758100
1,7714300
1,7357800
0,7419100
1,7854300
1,7337800
1,8338200
0,8984100
1,8790000
0,8725000
1,7408800
1,8248500
1,8174700
1,8998300
0,7991700
0,7904400
1,7848300
0,7961800
1,7826600
1,7898200
0,7832300
1,7853300
0,7812400
0,7882700
0,7825500
0,7985400
1,7833900
0,7866000
0,7828600
0,8061800
0,7886300
1,7875500
0,7835800
1,7983400
1,7848200
1,7854800
0,7822100
0,7896800
1,7858100
1,7814200
1,7660900
1,8191100
1,8014400
0,8056700
1,7665100
1,7801900
0,7692500
0,7753700
0,7672500
1,7900500
1,7642200
0,7725000
0,7670600
1,7756400
0,7646400
0,7745300
0,7665000
0,7749100
1,7657800
0,7729200
1,7678800
0,7722300
1,7702000
0,7955000
0,7786400
0,8651300
0,8090000
1,7878100
0,7688600
1,7801800
0,7669700
1,8500700
1,7828600
0,7866200
0,7667600
0,7937000
0,7688800
1,7724200
1,7662500
0,7729700
0,7701500
0,8143700
1,7779700
1,7743100
0,7691800
0,7740500
1,7643700
1,7711800
0,7688800
1,7758300
1,7655500
0,7836900
0,7684200
0,7726700
0,7660700
1,7806900
1,7659200
0,7746400
1,7664900
0,7818200
1,7662500
1,7756200
0,7669900
0,7790000
1,7355700
0,8087500
1,8328500
0,7750600
1,7400700
1,7476400
0,7430800
1,7652100
1,7331700
1,8011400
1,8336100
0,7737300
1,7620000
0,7686000
1,7621400
1,7695000
0,7627000
0,7808600
1,7623200
0,7702000
1,7616900
1,7698800
0,7626500
0,7724400
0,7629900
1,7723400
1,7300800
1,7410900
0,7459700
1,7374000
0,7375800
1,7417900
1,7589100
0,7380800
1,7449800
0,7397900
1,7644900
1,7313700
0,7577500
0,7575600
1,8067900
1,7937500
0,7906100
0,7998600
1,7712400
0,7381000
1,7413800
0,7379900
0,7635700
0,7416000
1,7704100
1,7372600
0,7679000
0,7627700
0,7727000
0,7629200
0,7814700
0,7628300
1,7700800
0,7628400
1,7678000
1,7627400
1,7726000
1,7635400
1,7702900
1,7529500
1,7589600
1,7662500
1,7465100
1,7656600
0,7493400
0,7551700
0,7465800
1,7521800
1,7478500
1,7558900
0,7467500
1,7543800
1,7505500
1,8513300
0,7500200
0,7562200
0,7566700
1,7494800
0,7340900
0,7524200
1,7487700
1,7578700
0,7340900
0,7521800
1,7434900
0,7512400
0,7492200
1,7748500
1,7565500
1,7595100
0,7494700
0,7613000
1,7785900
0,7783900
1,7501000
1,7626600
1,7559400
1,7636300
0,7492000
1,7540800
0,7703800
0,7509700
0,7605900
1,7612200
0,7656100
0,7544100
1,7777900
1,7487000
0,7659500
0,7544800
0,7743100
1,7482000
0,7581200
1,7403700
0,7674700
0,7342800
0,7644200
1,7472900
0,7452400
1,7440200
0,7527500
1,7436400
1,7812800
0,8163900
0,8811200
0,8060700
0,7737200
0,7711000
1,7853100
0,7663100
1,7778900
1,7686300
0,7723300
1,7648600
1,7714500
0,7737300
0,7785600
0,7646400
1,7781900
1,7655300
0,7733200
0,7657000
0,7743600
1,7711400
0,7709900
1,7658600
0,7754400
1,7682900
0,7665300
1,7778500
0,7749800
1,7659800
0,7540900
0,7619100
1,7494700
0,7680800
0,7539400
0,7642400
0,7567600
1,7589600
1,7538700
1,7630100
0,7568300
1,7681800
1,7688200
0,8114600
1,7988300
1,7560600
0,7615600
0,7629900
0,7466400
1,7468800
0,7342200
1,7681300
0,7429700
0,7585200
0,7465700
0,7640700
1,7684500
0,7765400
1,7640200
0,7965800
0,7689000
0,7724200
1,7636100
1,7694700
0,7686700
0,7736100
0,7654200
0,7768000
1,7491100
1,7477600
0,7597400
0,7408700
1,7683800
0,7405200
1,7404100
0,7408500
0,7509900
1,7451000
1,7538000
0,7426400
1,7538000
1,7404200
0,7446400
1,7403500
0,7571400
0,7426500
1,7518200
0,7428100
1,8103000
0,7841900
0,7765700
1,7427500
0,7653600
1,7447800
1,7513300
1,7615500
0,9065600
0,7661900
0,7735000
1,7664900
0,7730500
1,7801700
0,7749600
0,7689200
1,7716600
0,7669000
0,7789500
0,7785200
0,7561400
1,7549000
1,8177500
0,7641700
0,7644600
0,7578300
0,8302800
0,8464400
0,8585800
1,8649400
0,8434200
1,8165200
0,7697600
0,7627100
1,7688500
0,7629400
1,7672000
1,7616400
0,7852900
1,7622300
1,7676200
0,7626000
0,7773500
0,7622800
0,8310300
1,7690000
0,7732700
0,7627500
0,7805000
0,7623600
1,8083700
1,7624300
1,7743300
0,7644400
0,7683200
0,7629400
0,7679600
0,7652700
1,7608500
0,7510300
1,7531600
0,7486800
1,7649400
0,7506700
0,7562400
0,7489600
1,8026700
0,8542400
1,8106000
0,8287200
0,8381500
1,8013700
0,8178400
0,8024700
0,8367100
0,8433200
0,8146400
0,7867100
0,8623800
0,8025200
0,8268300
0,8172000
0,7632400
0,7793500
0,7922800
1,8334200
1,7799800
1,7821800
1,7805700
0,7791600
0,7788500
0,7819500
1,7788600
1,7799200
0,7885000
0,7784800
1,7745800
1,7615300
1,7795700
0,8019300
0,7640000
0,7628200
1,7684900
0,7645500
0,7716900
0,7625500
1,7681400
1,7646600
1,7693100
0,7624100
0,7706800
1,7775800
1,7659300
0,7626200
1,7673900
0,7677600
1,7687800
1,7627900
1,7701600
1,7617100
0,7693600
0,7632800
1,7574200
1,7365300
0,7479400
0,7383900
1,7405300
0,7397000
0,7434600
0,7380700
0,7457900
0,7399800
0,7440800
1,7394000
0,7321400
1,7483700
0,7382100
1,8247900
0,7621800
0,7531900
1,7435800
0,7459100
1,7576300
1,7433300
1,7373700
1,7590600
1,7316500
0,7486400
0,7406200
1,7601200
1,7463600
1,7615500
1,7468300
1,7568400
0,7471200
1,7565500
1,7449000
1,7530500
0,7472400
1,7556300
0,7470300
1,7774900
1,7498900
1,7390300
1,7864700
0,7378300
1,7597100
0,7395800
1,7442700
0,7380500
1,7371900
0,7424300
1,7645000
0,7471800
0,7423100
0,7608200
0,8324400
1,8192800
1,8533900
1,8531900
0,7533300
0,7475700
0,7647900
1,7465600
1,7654300
1,7460500
0,7682400
1,7486200
1,7677000
0,7623100
0,7749800
0,7627500
1,7815400
0,7627200
1,7707200
0,7626500
1,7690900
0,7625600
1,7704500
1,7620900
1,7756800
1,7315200
1,7517600
1,7329100
1,7482200
1,7383100
0,7797500
1,8185400
1,7733600
0,7451600
1,7582300
0,7383200
1,7317200
0,7412600
1,7575100
0,7684700
0,7896000
0,8022300
1,7742000
1,7689000
1,7594500
1,7686900
0,7626000
0,7686200
0,7624400
1,7693900
0,7623500
1,7572800
1,7516400
1,8039900
1,7644700
0,7942500
1,7477300
0,7544500
1,7496800
1,7505500
0,7471100
1,7560900
0,7471600
0,7522100
0,7578600
0,7721800
0,7629800
0,7955800
1,7888600
0,7703600
1,7621800
0,7692700
0,7627800
1,7717600
1,7717600
1,7693300
1,7601800
1,7669700
0,7623700
1,7711000
0,7626000
1,7718200
1,7619500
0,7669600
1,7622300
1,7681000
0,7624100
0,7706400
0,7627500
1,7680200
0,7554100
1,7416000
0,7324200
1,7366800
0,8793100
1,7448600
0,7355000
1,7557700
0,7599800
1,7378500
1,8410900
1,7455000
1,7639500
0,7534600
0,7713300
1,7614100
1,7687700
0,7626900
0,7784900
1,7620300
0,7684000
0,7625400
0,7829300
1,7633600
0,7685100
1,7601200
1,7622400
1,7327000
1,7448200
0,7381500
1,7558100
0,7545500
0,7415400
1,7379300
1,7396200
0,7382000
1,7375900
0,7386400
0,7595400
1,7319900
1,7487300
0,8229200
0,8608500
1,8837000
0,8768400
1,9439400
0,8579400
1,8922900
0,7494100
1,7479100
1,7540900
1,7697400
0,7879300
0,7837100
1,7824400
0,7802000
1,7783300
0,7828200
1,7783200
0,7803100
0,7805600
0,7901600
0,7808200
0,7798200
1,7812600
1,7632800
1,7675200
0,7627000
0,7716000
0,7687600
1,7626200
1,7645200
0,7712000
0,7772200
0,8665200
1,8330000
1,8017300
0,8397300
0,7794800
1,7877200
0,7925400
0,7883600
1,7891100
0,7853200
0,7797500
0,7806400
1,7787400
0,7955100
1,7763800
0,7834600
0,7791600
1,7839800
0,7786500
1,7798800
1,7772600
1,7813300
0,7788000
1,7821600
0,7790300
1,7816400
0,7787600
0,7807100
1,7781800
0,7564500
1,7396600
1,7432500
1,7634700
0,7466800
1,7398700
1,7395100
1,7576200
1,7549200
1,7466700
0,7380800
1,7398600
0,7396100
0,7435100
0,7320600
1,7447600
1,7377600
1,7700300
1,7309500
0,7450900
0,7397200
1,7443800
1,7292000
1,7448200
1,7380800
1,7455500
1,7314600
0,7442100
0,7397200
1,7372800
0,7377600
1,7378200
1,7494600
1,7371000
0,7713600
0,7475500
0,7403900
1,7376100
1,7541800
0,7382500
0,7493800
1,7373600
1,7578200
1,7382600
1,7590600
0,8209400
0,7857600
1,8009900
0,7639100
0,7622500
1,7499500
0,7382400
0,7396000
1,7566600
1,7616300
1,7677700
0,7661700
0,7692300
1,7599000
1,7772400
1,7635800
1,7673100
0,7621500
1,7693100
1,7635400
0,7670500
0,7604300
1,7412800
0,7384000
1,7465900
1,7590500
1,7815200
1,7365200
0,8075000
1,8620400
1,8513300
1,8750100
0,7531800
1,7407000
0,7817600
1,7782800
1,7940000
0,7788300
0,7814300
1,7785200
1,7800600
1,7780800
1,7814600
0,7785100
1,7791500
1,7795700
1,7811300
1,7529900
0,7438100
0,7397200
1,7536700
1,7682900
0,7681200
1,7410500
1,7393700
1,7467800
0,7512900
0,7394200
1,7531200
0,7383400
1,7492100
0,7578900
0,7787000
1,7699500
0,7597100
0,7653300
0,7625400
0,7661200
1,7772300
1,7835200
1,8048800
0,7848200
1,9025800
0,8864800
1,7828200
1,9228100
0,7896100
0,8015900
0,9956200
1,10252500
0,10327700
1,7970000
0,7986100
1,7826300
1,7835800
1,7808100
0,7838700
0,7866200
1,7816400
1,7814500
1,7843500
0,7819800
0,7839800
1,7787400
1,7908700
0,7849100
1,7842700
1,7748900
1,7743000
1,7646100
1,7625500
1,7672600
1,7677400
0,7797000
0,7630600
0,7681900
0,7649700
1,7745400
1,7604100
1,7792400
0,7603300
1,7542000
1,7484500
0,7562000
0,7487200
1,8195300
1,7367100
1,7883900
0,7589100
1,7522100
1,7461000
0,7527500
0,7485000
0,7575500
1,7481600
1,7598700
1,7475800
0,7679600
1,7576600
0,7598400
1,7466300
0,7546500
1,7484400
0,7565200
0,7490300
1,7509800
0,7470400
0,8041900
0,7903900
0,7604200
1,7503100
1,7630600
1,7597900
1,8003800
0,7577700
1,7690200
1,7562400
0,7479400
0,7378000
0,7374400
0,7622900
1,7621400
1,7585100
0,7525900
1,7928300
1,7638000
1,7747600
1,7694800
1,7644700
0,7627100
1,7762900
1,7662900
0,7900300
1,7510900
1,7521800
1,7477700
1,7526400
1,7461700
0,7681700
1,7499600
1,7555100
1,7460000
0,7550800
0,7485500
1,7828900
0,8063600
1,8667300
0,8287300
0,9230900
1,8255000
1,8281600
0,8122900
1,7449200
0,7757100
1,7860000
0,8849700
1,7455200
1,7707000
1,7524000
1,8308700
1,7806200
1,7837400
1,7792900
0,7806000
1,7818200
1,7940100
1,7860400
0,7825000
1,7795400
1,7819500
0,7815600
1,7826400
1,7763200
0,7846400
0,7790400
0,7820500
0,7795200
1,7947600
0,7787700
0,9311300
1,7775200
1,7838200
1,7784900
0,7804500
1,7626900
1,7815900
0,7672700
0,7768500
1,7615400
1,7756500
1,7639700
0,7687400
1,7623000
1,7720800
0,7627300
0,7748800
0,7641300
0,7539500
0,7383500
1,7469900
0,7325200
0,7458300
0,7379200
1,7522800
1,7316300
0,7731200
0,7386100
1,7566500
1,7333800
1,7583900
1,7375600
0,7382600
1,7373600
1,7391300
0,7438100
0,7378700
1,7422200
1,7484400
1,7673300
1,7377100
1,7394300
1,7375600
1,7462200
0,7321500
1,7449600
1,7398900
1,7485900
1,7393300
0,7717200
0,8730100
0,8287000
1,7597800
1,7679900
0,7822000
0,8444400
0,8242100
0,8166800
1,7792900
0,7813100
0,7785200
1,7799000
0,7791300
0,7938000
1,7780900
0,8022000
0,7808500
0,7886700
0,7803300
1,7829100
1,7678200
0,7676700
1,7620700
1,7673900
0,7750300
0,7683200
0,7642300
1,7749100
0,7623900
0,7747200
1,7636600
0,8420700
0,7977800
0,7855600
0,8034500
0,7750300
0,7659700
0,7744600
0,7804200
0,7863700
1,7635200
0,7724700
1,7683000
1,7749900
1,7663400
1,7725200
0,7682500
0,7823000
1,7633100
1,8027800
0,8016000
0,7863000
0,8116400
0,7869400
0,8163700
1,7877200
0,7964400
0,7831800
1,7668000
0,7934800
0,7791200
0,7952400
1,7785900
0,7801900
0,7786900
0,7858100
1,7782100
0,7842900
1,7812900
1,7807000
0,7855900
0,7787100
1,7473400
0,7571400
0,7519300
1,7766100
0,7538500
0,7592900
1,7547500
1,7710800
1,7551900
1,7571200
0,7545500
0,8288800
0,7782900
1,7727700
1,7644200
1,7865500
1,7687300
0,8861000
0,7645100
0,7777500
1,7682300
1,7770200
0,7665000
0,7702700
0,7686800
1,7872500
1,7420700
1,7611000
1,7708800
1,7636300
1,7411500
0,7435300
0,7428700
1,7584900
0,7404900
0,7407500
1,7431100
0,7641200
0,7451200
1,7645800
0,7568300
1,7629400
1,7544800
1,7667200
0,8166400
0,7554600
0,7819200
0,7562600
0,7585700
1,7556000
0,7622400
1,7597500
0,7458000
1,7422500
1,7717100
0,7447400
1,7797200
1,7427000
0,7579500
0,7444300
0,7456500
0,7408200
1,7516000
0,7439400
1,7413400
0,7408600
1,7632100
0,7440900
0,7427400
0,7582500
1,7504400
1,7450300
0,7475900
0,7427800
1,7500200
1,7503900
1,7355800
0,7546000
1,7411200
1,7503200
1,7451100
0,8441800
0,7815600
1,7548700
0,7403900
0,7494500
1,7418800
1,7592600
1,7341700
1,7616900
0,7422200
1,7731700
1,7661400
1,7710300
0,7672700
1,7758800
1,7649800
1,7689600
1,7664300
1,7741500
0,7667700
1,7755100
1,7666700
0,7736900
0,7631800
1,7729000
0,7426600
0,7641500
1,7434700
1,7888400
1,7477100
1,7514400
1,7463200
0,7533400
0,7343400
1,7538500
0,7427700
0,7649500
0,7491600
1,7642800
1,7534100
1,8135600
1,7476300
1,7857300
1,7490300
1,7610600
1,7686200
0,8373700
1,8708700
1,8863900
0,8607600
0,7839900
0,7811600
0,7799600
0,7837700
1,7934000
1,7782600
0,7799100
0,7805200
1,7805800
0,7788300
1,7785900
1,7787600
1,7794800
0,7622800
0,7964400
0,7798000
0,7721600
1,7620200
0,7788800
0,7671400
1,7706900
1,7662100
0,7746100
1,7623000
0,7685700
1,7638300
1,9202900
1,7628700
1,7724400
0,7624400
0,7707600
0,7623700
0,7676800
1,7621100
0,7738700
1,7627900
1,7677700
0,7643100
1,7512000
1,7393700
0,7453500
0,7321800
1,7499600
0,7381000
0,7493400
0,7589600
0,7531300
0,7383000
0,7408200
0,7322700
1,7412400
0,7527900
0,7380200
1,7407600
0,7395600
1,7462400
0,7588100
0,7668600
1,7378500
1,7417400
1,7312800
1,7491800
0,7396600
1,7449200
1,7342100
1,7541600
1,7876300
0,7665900
1,7466600
0,7560600
0,7488700
0,7585600
0,7470600
1,7501300
1,7502900
0,7679300
1,7506100
0,7654000
0,8593000
1,7589000
0,7554800
1,7585100
1,8021700
0,7561100
1,7503100
0,7554700
1,7479500
0,7501700
0,8139400
1,7634900
0,7509300
0,7699800
0,7625500
0,7726000
0,7924700
1,8009000
1,7955300
0,8019600
0,7630500
1,7767000
1,7624000
0,7699200
1,7597600
0,7687400
0,7806100
1,7819900
1,7938900
0,7793900
1,7800600
0,7806300
1,7833700
0,7809200
0,7804400
1,7814200
0,7794300
1,7802000
1,7798600
1,7583800
0,8393300
1,8949000
1,8726500
1,8746200
0,7411600
1,7986500
0,8418300
1,9053400
1,9334000
1,8721200
1,7805200
0,7790200
1,7942900
0,7814000
0,7810300
1,7785500
1,7858000
1,7782100
0,7804400
1,7783300
0,7812300
0,7788500
1,7817800
0,7715100
1,7690700
1,7717600
0,7783700
1,7711900
0,7703600
0,7627900
1,7703200
1,7674600
1,7651100
0,7662500
0,7680700
0,7627800
1,7730200
1,8040400
0,7838800
1,7540100
0,7633600
1,7446800
0,7533700
0,7478200
0,7717800
0,7541500
0,8093600
0,7960700
0,7859800
0,7683400
1,7695700
0,7640400
0,7776500
1,7641400
1,8022900
0,7643600
1,7674000
1,8054700
1,7685900
1,7650700
0,7731600
1,7649400
1,7714400
0,7677400
0,7697300
0,7628500
1,7705000
0,7735200
1,7693300
0,7624400
1,7624500
0,7704800
0,7622100
0,7703600
0,7623400
0,7694700
1,7466800
0,7529400
0,7470000
1,7552700
1,7512200
1,7553300
1,7486000
0,7551000
0,7471500
1,7537800
1,7479700
0,7634200
0,7493200
0,7665100
1,7314300
0,7481800
0,7383900
0,7620800
1,7419700
0,7647200
1,7378700
0,7414300
1,7377900
1,7392700
1,7615600
0,7379800
0,7805100
1,7578800
0,7551200
1,7471100
1,7652900
0,7507400
0,8323400
1,7569700
1,7574400
0,7523500
0,7724700
0,7501500
0,7558000
0,7643100
1,7698200
1,7616100
1,7687600
0,7629600
1,7691100
0,7626900
0,7833700
1,7620300
1,7666800
0,7623600
0,7861900
1,7628100
1,7604900
0,7505500
0,7807400
1,7546300
0,7455900
0,7672300
0,7528600
0,7317700
0,7450100
0,7379800
1,7488800
1,7375700
0,7576200
0,7754100
1,7851400
0,7666500
0,7728300
0,7935400
0,7742100
0,8372000
1,7883500
0,7626900
1,7598000
0,7541600
0,7469900
0,7667400
0,7640100
1,7684200
0,7641500
0,7808000
1,7983500
0,7814200
1,8131100
1,8778900
1,8294600
0,8201000
0,7916600
1,7745800
0,8027400
1,7816500
1,7831800
0,7892100
1,7805500
1,7786000
0,7796400
1,7830500
1,7816600
0,7792600
0,7795100
1,7792500
1,7798300
0,7767000
0,7889000
0,7794100
1,7880500
0,7627700
0,7875900
0,7723400
0,8015300
1,7921700
0,7736500
1,7636200
0,7690800
0,7630300
0,7742100
0,7629100
0,7701100
0,7625700
0,7709100
1,7742100
0,7784300
1,7640000
0,7704000
1,7619100
0,7692200
0,7625400
1,7699500
0,7562300
0,7562400
1,7448000
1,7643800
0,7471800
0,7646600
0,7513000
0,7593700
0,7511600
1,7501500
1,7530200
0,7487000
0,7532800
0,7516200
0,7504500
0,7399300
0,7449000
0,7382100
1,7890600
0,7401500
1,7474400
0,7383900
0,7419500
0,7418000
0,7644900
0,7429100
1,7529500
0,7556600
1,7645400
0,7543800
0,7559100
1,7567000
1,7617100
1,7577900
0,7913300
0,7928800
0,8535600
1,8653300
1,7657000
0,7509500
0,7920800
0,7681700
0,7758500
0,7675900
0,8553700
0,7985700
1,7764400
1,7659200
1,7750100
0,7646700
1,7725700
1,7637800
1,7881000
0,7539900
1,7693900
0,7542200
0,7955200
0,7516000
1,7952800
0,7615700
1,7557100
1,7526700
0,7559400
1,7521600
0,8291500
0,7599600
0,7779500
1,7678300
0,7746000
1,7692400
0,8076500
0,7653700
0,8132000
1,7721700
1,7753000
0,7648400
0,7735200
1,7691800
1,7887500
0,7496600
0,7699600
0,7569900
0,7768800
0,7514100
1,7549700
0,7584400
1,7661500
1,7545400
0,7563300
0,7570700
1,7570600
0,7642600
1,7336900
0,7570800
1,7416400
0,7637300
1,7315500
1,7516000
0,7410700
0,7694400
1,7331300
0,7447400
1,7401500
0,7642400
1,7315600
1,7558400
1,7423500
0,7549300
0,7448500
0,8615000
0,7601000
1,8311400
0,7547500
0,7657500
1,7415900
1,7518100
1,7413600
0,7418800
0,7603400
1,7864800
1,7686900
1,7954700
1,7686500
0,7941000
0,7709200
1,7718700
0,7670900
0,7735300
0,7685500
0,7965400
1,7642800
1,7703200
1,7419900
1,7553400
0,7340200
0,7561000
1,7484300
1,7482400
1,7355700
1,7987900
0,7443800
0,7594400
0,7343800
0,7464100
1,7553500
1,7790100
0,7652900
0,7726900
1,7919000
0,7732300
1,7643300
1,7716800
0,7678300
0,7735500
0,7666100
0,7715200
0,7690900
1,7731600
1,7475900
1,7406000
0,7439800
1,7406400
0,7594300
0,7444200
1,7638300
1,7399600
1,7488800
0,7342100
1,7608200
1,7405500
1,7547900
1,7334900
0,7541500
1,7439600
0,7509100
1,7335800
0,7510800
0,7424500
1,8346000
0,8394300
1,8713300
1,8777500
1,10612400
1,9156000
0,7837900
0,7862600
1,7900400
0,7848700
0,7840200
0,7851000
1,7844400
0,7843400
1,7800100
0,7847600
0,7850400
1,7838200
1,7635400
1,8295500
1,7690600
0,7912900
0,7833500
0,7718200
1,7676400
1,7710400
1,7657200
1,7749100
1,7776500
0,7735800
1,7654700
1,7635800
0,7498100
0,7665100
0,7751000
1,7752400
0,7493300
1,7626100
0,7509600
1,7664500
1,7482800
1,7619000
0,7540800
1,7780800
1,7354700
1,7509200
0,7422600
1,7459600
0,7341600
0,7522900
0,7424900
0,7446100
0,7419300
1,7390700
0,7494900
0,7435600
0,7466300
1,7424900
0,9099200
1,8176000
1,9053800
0,8621200
1,9023200
1,8060800
1,8300800
0,7968800
0,7434000
0,8232800
0,7562200
0,7926800
0,7856900
0,7863700
1,7807600
1,7901400
1,7917500
0,7885400
0,7832900
1,7849800
1,7865100
1,7825600
0,7834400
1,9339700
0,7651100
0,7765900
0,7671500
0,7753600
0,7646100
0,7760600
0,7666100
1,7747500
1,7654200
0,7701700
0,7665000
0,7750200
0,7663100
1,7544900
0,7425100
1,7623400
0,7423900
1,7722800
1,7404700
0,7450200
0,7457900
1,7406200
0,7407400
1,7649200
0,7487700
0,7457800
1,7538400
0,7636600
0,7555300
1,7536400
1,7556200
1,7650900
0,7627600
0,7709200
0,7892600
0,7671000
1,7705400
1,7993100
0,8095100
1,8341600
1,8152800
1,7814000
0,7698600
1,7775300
1,7669500
1,7726200
1,7685800
0,7714200
1,7638500
0,7856200
1,7678500
1,7764200
1,7639400
0,7854400
0,7739500
0,7844700
1,7641800
0,8066100
1,7694200
1,7717200
0,7664900
1,7715800
0,7684500
0,7724700
1,7676900
1,7708800
0,7703700
0,8281400
0,8238900
0,7924100
0,7654800
1,7724100
0,7672600
1,7746700
1,7628900
1,7724200
1,7655500
0,7694800
1,7600200
1,7544700
1,7534900
1,7914300
1,7501500
1,7676600
1,7486500
1,7568800
0,7537800
0,7655400
0,7470400
1,8817800
1,7601000
0,7720800
1,7615800
0,7709800
0,7627100
1,7655900
1,7616100
0,7687900
0,7623800
0,7723800
1,7787900
0,7708600
0,7627000
0,7703700
0,7340700
1,7373700
1,7437200
1,7348400
1,7418700
1,7390700
1,13559500
1,7822700
1,8245300
1,7698900
1,7386400
1,7459900
0,8177800
0,7691500
1,7597100
1,7700200
1,7621700
1,7966600
0,7712100
1,7866700
0,7673700
1,7673500
0,7623400
0,7700600
0,7630300
1,9693400
1,9844400
1,7685500
1,7605000
1,7675700
0,7624900
0,7745300
0,7629800
1,7678100
0,7643300
0,7687600
1,7620100
0,7759500
1,7775100
0,7799000
1,7789100
0,7841800
1,7821200
0,7813000
0,7787100
0,7796200
0,7800600
0,7799700
0,7792500
1,7875400
0,7593400
0,8184200
1,7317000
0,7461300
1,7390700
0,7441000
0,7413800
0,7709800
1,7391700
0,7808400
0,7322100
1,7465800
0,7403300
0,7618500
0,7628600
1,7675500
1,7635200
0,7680200
1,7620800
0,7689300
1,7638300
0,7788900
0,7625300
1,7834200
1,7647500
1,7695200
1,7577300
1,7721600
1,7465600
1,8150700
0,8017900
1,7599600
1,7678000
0,7985900
0,8542700
1,8682300
0,9296900
1,9342400
1,8129600
1,7871600
1,8807600
1,7845600
0,7866600
1,8062400
0,7838000
0,8125800
1,7837900
1,7887800
1,7824700
0,7838400
1,7821800
0,7865100
1,7848900
1,7865000
1,7802700
1,7978300
0,7836000
1,7861000
0,7805100
0,7853000
1,7799300
0,7885500
1,7819800
0,7969000
1,7497000
0,7618100
1,7392400
1,7412900
0,7427200
1,7691000
0,7426600
1,7424700
1,7411400
1,7538200
1,7415600
0,7420200
1,7421000
1,7477900
0,7413000
1,7725700
0,7427600
0,7535900
1,7405200
1,7408800
1,7429100
0,7733700
1,7418200
0,7426100
0,7426300
1,7438500
0,7753100
1,7476000
1,7934500
1,7553500
0,7651100
0,7500400
1,7773900
1,7546600
1,7731300
1,7534700
1,7696500
0,7995800
1,8504600
0,8231500
0,8138500
0,8107600
1,8050300
0,7778100
1,7658800
1,7599000
1,7631100
1,7706700
0,7652600
0,7628000
0,7706400
1,7620100
0,7703200
1,7631700
0,7677500
1,7740500
1,7773700
1,7781700
0,9171600
0,7694900
0,7647700
0,7690700
0,7624700
1,7685000
1,7662400
1,7798600
0,7519000
1,7526500
1,7487000
0,7469800
1,7520900
1,7481900
0,7743400
0,7471300
0,7605800
0,7486100
0,7554600
0,7469400
1,7541200
0,7339200
1,7423800
0,7381700
1,8103300
0,8414200
1,8499400
1,8754900
1,7488000
1,7401800
0,7380600
1,7371700
1,7471800
0,7477700
1,7680000
1,7622900
1,7678700
1,7699700
1,7688000
0,7679700
0,7685800
0,7640600
1,7987300
0,7623800
0,7681400
0,7642400
1,7640200
0,7470500
1,7677900
1,7548200
0,7661500
0,7714600
0,8132300
1,8519900
1,8106600
0,8014000
1,7970000
0,7823800
1,8292100
0,7752500
1,7833000
0,7799600
1,7800100
0,7807900
0,7946800
1,7804000
0,7816000
0,7833000
0,7847900
0,7825800
1,7804800
1,7802800
0,7743300
1,7649300
0,8738100
1,9460200
0,9692400
0,9394700
0,9223700
0,9699500
1,10561100
0,10277100
1,8601500
0,7494300
1,7578200
1,7531500
1,7796300
1,7447800
1,7548500
1,7485700
1,9308200
0,7644800
1,7694800
1,7511600
0,7533000
1,7460200
0,7593900
0,7484000
0,7558700
1,7459500
0,7530600
0,7644200
0,7654000
1,7464200
1,7547900
1,7482100
0,7537200
1,7465700
0,7525700
1,7432400
0,7527300
0,7379900
0,7427700
1,7472500
1,7510100
0,7650700
0,7346200
1,7582800
0,7355000
0,8563100
1,7532400
1,7527700
0,7557900
0,7540300
1,7475500
1,7568000
0,7466900
0,8023000
1,7582300
0,7713900
0,7472000
0,7590900
0,7488100
1,7814700
1,7465500
0,7666900
1,7518800
0,7533500
1,7477500
1,7501800
1,7508600
0,7524300
0,7601800
0,7596100
0,7488600
1,7653400
1,7470200
1,7586900
1,7526800
0,7452300
0,7382800
1,7475300
1,7391300
1,7357600
1,7375700
0,7508100
1,7339100
0,7382300
1,7440300
1,7379000
1,7564200
0,7321800
0,7425400
0,7379100
0,7474000
0,7321900
0,7739200
0,7378800
1,7639000
1,7426800
0,7666900
1,8119100
1,9479700
0,7828400
1,7753300
0,7580500
0,7818500
0,7628900
1,7680500
0,7625400
1,7908100
1,7627500
0,7824900
0,7635500
0,7745200
0,7670300
0,7764300
1,7641500
1,8434900
0,7640900
1,7571000
1,7489200
1,7729500
1,7362500
0,7463200
1,7334200
1,7480900
1,7368800
1,7374400
1,7641800
0,7521400
0,7508300
1,7473200
1,7559300
1,7473200
1,7521300
0,7559700
0,7542400
1,7488500
0,7656800
0,7470500
1,7544000
1,7476000
0,7544100
1,7488900
0,7401900
1,7393700
0,7453200
1,7382500
0,7412000
1,7360200
0,7437800
1,7378100
0,8294200
0,8148000
1,7592300
0,7383300
0,7456800
1,7616900
0,7686100
0,7626200
0,7693600
1,7605800
0,7758000
0,7637300
0,7642300
1,7667700
1,7680800
1,7640100
1,7639600
1,7692400
0,7321100
1,7434600
1,7387300
0,7470700
1,7504600
0,7437500
0,7490800
0,7636700
0,7380000
1,7681400
1,7396800
0,7493000
1,7430400
1,7566100
0,7570600
1,7548700
1,7552900
0,8560000
0,8874500
0,8289100
1,8542500
0,8180500
0,8295800
0,7838200
0,7885300
0,7701200
1,7787400
0,7843700
1,7841000
0,9319400
1,7830000
0,7823200
0,7847200
0,7847300
1,7858300
1,7852400
0,7837400
1,7840800
1,7991600
1,7902600
0,7730900
0,7681700
1,7858100
0,7669000
0,7783700
0,7651500
0,7958300
0,7758000
1,8318900
0,8118700
1,7837900
0,7844700
0,7873500
1,7838800
0,7873100
1,7861100
1,7992200
0,7911900
0,7859400
0,7840200
1,7848200
0,7819800
0,8179600
1,7865900
1,7824900
1,7829300
0,8049400
0,7852900
1,7885400
1,7806200
1,7825000
0,7874400
1,7877100
1,7818900
1,7881900
0,7861600
1,7725900
0,7546300
0,7571200
0,7561400
0,7578800
1,7700500
0,7572100
0,7553900
0,8328100
1,7597800
1,7768800
1,7522800
0,7750200
0,7601300
0,7834200
1,7647900
0,7731400
1,7657000
0,7749100
1,7638400
1,7849500
0,7662600
1,7720900
1,7672700
1,7706200
1,7663400
0,7640100
1,7422600
1,7422700
1,7395100
0,7533200
1,7388000
0,7413200
0,7593000
1,8683600
1,7711000
0,7614900
0,7382200
1,7573300
1,7382800
1,7597500
1,7470800
0,7547700
1,7572700
0,7544500
0,7843400
0,7491100
0,7578900
1,7463000
0,7549500
1,7491200
0,7534500
1,7465700
0,7679500
1,7424900
0,7597300
1,7404600
0,7709700
1,7400000
0,7455800
0,7381400
0,7384300
0,7417200
1,7571000
1,7319500
1,7529900
1,7457200
0,7789600
1,7443400
0,7543100
1,7502400
1,7837900
0,7506600
1,7482600
0,7593200
0,7501900
1,7645900
0,7490300
0,8228200
1,7713000
1,7704200
0,7688600
1,7716200
0,7665900
0,7792000
1,7656100
0,7722300
1,7697600
0,7795900
0,7689400
0,7716300
0,7670400
0,9282000
0,7504600
0,7389200
1,7643200
0,7462000
1,7399100
0,7524400
0,7322400
0,7568100
1,7410400
0,7454600
0,7324000
1,7509400
1,7423000
1,7509200
0,7343800
1,7463900
1,7426900
1,7581200
0,7344300
1,7696500
0,7438400
1,7561200
1,7340500
0,7495500
0,7485400
0,7744500
1,7547100
0,7612000
0,7698800
0,7567500
1,7632700
1,7844600
1,7579600
0,7581100
1,7526100
1,7659200
1,7564900
1,7623500
0,7495400
0,7641700
0,7599700
0,7640900
1,7513700
0,7575300
0,7775900
0,7576300
1,7610000
1,7502200
0,7717900
0,7546200
1,7627700
1,7489400
0,7713300
0,7547100
0,8151700
0,7636900
0,7631700
1,7552900
0,7597300
1,7515300
0,7617300
0,7541700
0,7637200
1,7510400
0,7613700
0,7546500
0,7624100
0,7559600
0,7684900
1,7556600
1,7605300
0,7560400
1,7553500
0,7550100
1,7854000
1,7558100
1,7580100
1,7540000
1,7499300
1,7685900
0,7461200
1,7603600
0,7425300
0,7546100
1,7444000
1,7679200
0,7420500
1,7489900
1,7323000
0,7530000
1,7420300
1,7520300
0,7491500
0,7592300
0,7549200
0,7631600
1,7532800
0,7654400
1,7551600
1,7782900
0,7490500
1,7613700
0,7548200
1,7699000
1,7531700
0,7599200
0,7446900
1,7566100
0,7346000
1,7557700
1,7680300
1,7515500
0,7400800
1,7401000
0,7427100
0,7427500
0,7691500
1,7381600
0,7623300
1,7556300
1,8821200
1,7545400
0,7759200
0,7706200
1,8448100
0,7772300
1,7825000
0,7652600
1,7637800
1,7505200
0,7615400
0,7730100
1,7734800
1,7756000
1,7985600
1,7722300
1,8180800
0,7895500
0,7792200
1,7845700
0,7671900
1,7729200
1,7706500
1,7843700
0,7802300
1,8176300
1,7879800
0,7890200
0,7702100
0,7733900
1,7871000
0,8012600
0,7667000
1,7730200
1,7663400
1,7877100
1,8044900
0,7911900
1,7814300
1,8263500
1,7845200
0,7936200
1,7850700
1,7866000
0,7836400
0,8240600
0,7832200
0,7861100
0,7835500
0,7884600
0,7842200
1,8472600
0,7838900
1,7846600
0,7835900
0,7850800
0,7855600
0,7835900
0,7832600
0,7857100
0,7858100
0,7969000
0,7720600
0,7850300
0,7680600
0,8024700
0,7655500
0,7736200
1,7708400
0,7736700
1,7647100
1,7983700
1,7738000
1,7789200
1,7667900
0,7749600
1,7658000
1,7735700
1,7653600
1,7736300
0,7660000
0,7715400
0,7664400
0,11335700
1,7666800
0,7785300
1,7681700
1,7685100
0,7540900
1,7628200
1,7489400
1,7658900
1,7549700
1,8114700
0,7492100
1,7651400
0,7549800
0,7611800
0,7496200
0,7607200
0,8179200
1,7760500
1,7699700
0,7721200
1,7747400
0,7792100
1,7677000
0,7719700
1,7661400
1,7743900
0,7702300
0,7773700
0,7670300
1,7677700
1,7541500
0,7612100
1,7532100
0,7756800
1,7705900
1,7570100
0,7493300
0,7562200
1,7620500
0,7541800
1,7540800
1,7540700
1,7847200
1,7545100
1,7553600
0,7545800
0,7737800
1,7543300
1,7569700
0,7651500
0,7683100
1,7541200
0,7680400
1,7483400
0,7781900
0,7604100
1,8689900
1,7609600
1,7894400
0,7550300
1,7530900
0,7341800
0,7586200
0,7424300
1,7494600
0,7330200
0,7765800
1,7436500
1,7622000
1,7674600
0,7742000
1,7665500
1,7735600
0,7739900
1,7724200
1,7775200
1,7705000
0,7686300
1,7702200
1,7643800
0,7712300
1,7672500
0,8602300
0,7495600
1,7712300
0,7568800
0,7959000
1,7493200
1,7678200
0,7558900
1,7611100
1,7473000
1,7939600
0,7574300
0,7758400
0,7694600
0,7725000
1,7679000
0,7734700
0,7807500
0,7850300
1,7679600
0,7722100
0,7665200
0,7740700
0,7667500
1,7847800
1,7662600
0,7963800
1,7639200
0,7778200
1,7665100
1,7732300
1,7636800
0,7690100
0,7627600
0,7720900
0,7697300
0,7722900
0,7670000
0,7650700
0,7467700
0,7691600
1,7403300
1,7577900
1,7406000
0,7769800
0,8296600
0,7498200
1,7631000
0,7342900
0,7430900
0,7445700
0,7681100
1,7615400
0,7720700
0,7686200
1,7738400
0,7669600
0,7851300
1,7681400
0,7733200
0,7667900
1,7712800
1,7686800
0,7750100
0,7583800
0,7456000
1,7462500
1,7495200
1,7407000
1,7479500
0,7427700
0,7651700
1,7644800
0,7600000
0,7429300
1,7450300
1,7400300
0,7445900
1,7449500
1,7521800
1,7422000
0,7705000
1,7422900
0,7955900
1,7420200
1,7513800
0,7423700
0,7479100
0,7415800
1,7496500
1,7530600
0,7574000
0,7733400
0,7665100
0,7862800
0,7663400
0,7736000
1,7660700
1,7841000
0,7668500
0,7739900
1,7676100
0,7712800
0,7672200
0,7597000
1,7438500
1,7466500
1,7451700
0,7529800
1,7482600
0,7587200
0,7341200
0,7580200
0,7448300
0,8300200
1,7583300
1,7561600
1,7641700
1,7713900
0,7653600
1,7754000
0,7692000
0,8401500
1,7887600
1,8204500
1,8191100
0,7717400
1,7851500
1,8029000
1,7833900
1,7975800
1,7857100
0,7944400
0,7873200
0,7911500
1,7895100
0,7873000
0,7835700
1,7980000
0,7854100
0,7878800
1,7846800
1,7892700
1,7661900
1,7822500
0,7672400
1,9133100
0,7904700
0,7654200
0,7722100
0,7664900
1,7754100
0,7646400
1,7669700
1,7746300
1,7726700
0,7732400
1,7693600
0,7691700
0,7772400
0,7675000
0,7654900
0,7719400
1,7664000
0,7825200
0,7650500
0,7723300
0,7687600
1,7682300
0,7403800
0,7446900
1,7464000
0,7503300
0,7339000
0,7637800
1,7600400
0,7484100
1,7853800
0,9448900
1,7422400
0,7510900
0,7431000
0,8234100
0,7570300
1,7702600
0,7660400
0,7690100
0,7598200
1,7847100
0,7546100
0,7723400
1,7492700
0,7607500
0,7512100
1,7752100
1,7638400
0,7735800
0,7671500
0,7727900
1,7657600
0,7826600
1,7688100
1,7726400
1,7659100
0,7755700
0,7772700
0,7765900
1,7665900
0,7492600
0,7340400
1,7560800
0,7423600
1,7421600
1,7664300
1,7538100
0,7425600
1,7455400
1,7369200
0,7535500
1,7428600
0,7460400
0,7548500
1,7636600
1,7556300
0,7488800
1,7583300
0,7565000
0,7706000
1,7538400
1,7564100
0,7565900
1,8381100
1,7956900
0,7612900
1,7851100
0,8481700
0,7674400
1,7684800
0,7658200
1,7621800
1,7504400
1,7681000
1,7482300
1,7729800
1,7567800
0,7774900
0,7509500
1,7871100
1,8023300
0,7870500
1,7918200
1,8301100
0,9127600
0,8429700
0,9108100
0,8529600
1,8047400
1,8000400
0,7722800
0,7834400
1,7869000
1,7825100
1,7843200
1,7817800
0,7932700
1,7847700
0,7855200
0,7831700
1,7856300
1,7826600
0,7856300
1,7809700
1,7576200
1,7561000
0,7643400
0,7588800
1,7580600
0,7850300
1,7709700
1,7571500
0,7672000
1,7559800
1,7808700
1,7573000
0,7731000
1,7672000
1,7742100
1,7721000
1,7637000
0,7628200
0,7732700
1,7659700
0,7693100
1,7597000
0,7812100
0,7661200
0,7671500
1,7629600
1,7565100
1,7389400
1,7431800
0,7321500
1,7447500
1,7374500
1,7449500
1,7314900
1,7437000
0,7811300
1,7376400
1,7414700
1,7416700
0,7547400
1,7373800
1,7479300
1,7374000
0,7567700
1,7379500
0,7866800
1,7572900
0,7665700
0,7631600
1,8085300
0,7947600
0,7794900
0,7624100
1,8636800
1,7887800
1,7760700
1,7790200
0,7684200
0,7671800
0,9853900
1,7571800
0,9964000
0,10909800
0,10540900
1,7931600
1,7920800
0,8232500
1,7890800
1,8150700
0,7969900
0,7889900
0,7838200
0,7739000
1,7713800
0,7670700
0,7702100
1,7724300
0,7835500
1,7783000
0,7828400
1,7820100
1,7855200
1,7770200
1,7804400
1,7784200
1,7922700
1,7808600
0,7824200
0,7819000
1,7803200
1,7618300
1,7915300
0,7724000
1,7765600
1,7661400
1,7786700
1,7643700
1,7721600
0,7667600
0,7752200
1,7674700
0,7751500
0,7671600
0,7821400
0,7646700
0,7738800
1,7636200
0,7979700
0,7634900
0,7847900
1,7617500
1,7974200
0,7626300
0,8251700
1,8038600
0,7883200
0,7821800
0,7808300
0,7788200
0,7825500
1,7810800
0,7808200
0,7808800
0,7823300
0,7794200
1,7820300
0,7810400
0,7809600
1,7611000
1,7668600
1,7663200
0,8159600
0,7637700
0,8147500
1,7760900
1,8145100
1,8350200
1,8121000
0,8382000
1,7873100
1,7859000
0,7965900
0,7790900
0,7818400
1,7760300
0,7830400
1,7784900
0,7827100
1,7796800
0,7847300
1,7792500
0,7741300
0,7686500
0,8265000
1,7468100
1,7643100
1,7486000
0,7557000
1,7447100
1,7522000
0,7469500
1,7624300
1,7791300
0,8320900
1,7483500
1,7557600
1,7576800
0,7689200
0,7641300
1,7844300
0,7628800
0,7689700
1,7656700
1,8073200
0,7623900
0,7693600
0,7645800
1,7685700
1,7622000
0,7700400
1,7480800
0,8110400
1,7557900
0,7678200
1,7770600
0,7739500
1,7467500
1,7591200
1,7521000
0,7574400
0,7534500
1,7677900
1,7574400
1,7697100
1,7627800
1,7709300
1,7675700
1,7676100
1,7709100
1,7676200
1,7616400
0,7683200
1,7641600
0,7814800
1,7633400
0,7703700
1,7371500
0,7447800
0,7400700
0,7538900
0,7446600
0,7319100
1,8013300
0,8159500
1,7524300
1,7316200
1,7487800
1,7410500
0,8769500
1,7709200
0,7626200
1,7799600
0,7648600
0,7706300
1,7628000
0,7687100
0,7628200
0,7729100
0,7627900
0,7685800
1,7620200
0,7610900
1,7443800
1,7379800
0,7473600
1,7396100
1,7372300
0,7585000
1,7573900
0,7681300
0,7380800
1,7378400
0,7507500
1,7412300
1,7667300
0,7485200
0,7644800
0,7488900
0,8383900
0,8049400
1,8840700
0,8853700
1,9292800
0,8521400
0,9022500
0,9129100
0,7493200
0,7815500
1,7815000
0,7801500
1,7784200
1,7811200
1,7800300
0,7829900
1,7766000
1,7812100
1,7777500
0,7803700
0,7786800
1,7897100
1,7445200
0,7589700
0,7470700
1,7546600
0,7469700
1,7534000
1,7471200
1,7660700
0,7469900
0,7548500
0,7471400
1,7523800
1,7622900
0,7408700
1,7466500
1,7413600
1,7504400
0,7378900
1,7504300
1,7389100
0,7375100
1,7359900
0,7839500
1,7393000
0,7706000
1,7377000
0,7494200
1,7333400
1,7410000
1,7375400
1,7395400
1,7389600
0,7402300
0,7612200
1,7559900
1,7465200
0,8119800
0,7383000
0,7462300
0,7398800
0,7446100
1,7427700
1,7373200
0,7500300
1,7556200
1,7539900
0,7685400
0,7632200
1,7310800
0,7828900
0,7411500
0,8254700
0,7504200
1,7737800
0,7627500
1,7713900
0,7625800
0,7786000
0,7624700
0,7798600
1,7617000
0,7680800
1,7611400
1,7705300
1,7600900
1,7829700
0,7546500
1,7613500
1,7504500
1,7618900
1,7479000
1,7749900
0,7551600
0,7570100
0,7523200
0,7659800
0,7541900
1,7574500
1,7532300
1,7618000
0,7427200
1,7436400
0,7379900
0,7497500
1,7441800
0,7438200
1,7335900
0,7445500
1,7563900
1,7405100
0,7471900
0,7432400
1,7526300
0,7345100
0,7532000
1,7429400
1,7501300
1,7315100
1,7786500
1,7515400
0,7630700
1,7345100
1,7505400
0,7464600
0,7509400
1,7392200
0,7834300
0,7572600
0,8146600
0,8149800
0,8316300
1,8415000
0,7971700
0,7551500
1,7673200
0,7528100
0,7626900
1,7533200
1,7687400
0,7810800
1,7858200
1,7825700
0,7871900
1,7826500
1,7975700
1,7832800
1,7845400
0,7833200
0,7840500
1,7836500
1,8005800
0,7765800
1,7751400
1,7699700
0,7728700
1,7671100
1,7704900
1,7670700
1,7734900
1,7667900
0,7732400
1,7671300
1,7728500
0,7661800
1,7621000
0,7466100
0,7620500
0,8770900
1,8753800
1,8985800
0,8794400
0,8859000
0,8120400
0,8678900
1,7403500
1,7515200
0,7561500
0,7831700
0,7817000
0,7876600
1,7854900
1,7826200
1,7803100
0,8077600
0,7852900
1,7859700
1,7847400
0,7835900
1,7848700
0,7831400
1,7632800
0,7555300
0,7561100
1,8164500
1,7544600
0,7650900
1,7491600
0,7707200
1,7536400
0,7730300
0,7495200
1,7618800
1,7507900
0,7516200
1,7342500
0,7415200
1,7630200
1,7452400
1,8359700
1,7487400
0,7581300
1,7560200
1,7496100
1,7544700
1,7534700
1,7506200
1,7731900
0,7665500
1,7717500
0,7683500
1,7831300
1,7641500
1,7758900
1,7692800
0,7805800
1,7640800
0,7721100
1,7684400
0,7698800
1,7341000
1,7484200
1,7446500
0,7433800
0,7437600
1,7501500
0,7445000
0,7509000
0,7341100
1,7428500
0,7675300
0,7425900
1,7435200
1,7473000
0,7546300
1,7367200
0,7420800
1,7424000
1,8049100
1,7623700
1,7817500
1,7422300
1,7431200
0,7426500
1,7413400
0,7482000
1,7774600
1,7596100
0,7561300
0,7545700
0,7840500
0,7551500
1,8050300
1,7563700
0,7688100
1,7587600
1,7711200
0,7498800
1,7646600
0,7548800
1,7599700
0,7554800
0,7626700
0,7550900
1,7623300
0,7782400
0,7798100
0,7517300
1,7707000
0,8105900
1,7757200
0,7523200
1,7668300
1,7684100
0,7710300
0,7669700
0,7730700
0,7686400
1,7726000
1,7644200
0,7715300
0,7739900
1,7666900
0,7735100
0,7668200
1,7579800
1,7453100
0,7479700
0,7426800
0,7649700
0,7424400
1,7434200
0,7411400
0,7570600
1,7451900
1,7841100
0,7430600
0,7556200
1,7426900
0,7446900
1,7377200
0,7491100
1,7405500
0,7443200
0,7422900
0,7750200
1,7473500
1,7385000
1,7431800
0,7487100
0,7559300
0,7342000
1,7507400
1,7452300
0,7501900
1,7362700
0,7495200
0,7421800
1,7447900
0,7345900
0,7456200
0,7412000
0,7629900
0,7342000
1,7502600
1,7436700
0,7491300
1,7355300
0,7586800
0,7444600
1,7538000
0,7344400
1,8564600
1,7591200
0,7495500
0,7344600
0,7562700
0,7441000
0,7805100
1,8285200
1,7686500
1,7654900
1,7507900
1,7346900
0,7432900
0,7404700
0,7509500
0,7402600
1,7345200
0,7655200
1,7370800
1,7387500
0,7483000
0,7572200
0,7504300
0,7529400
1,7444300
1,7568300
0,7473900
0,7532200
0,7471700
0,7576300
1,7457200
0,7793300
1,7467000
1,7549800
0,7380600
0,7375800
1,7467700
0,7474500
0,7381400
0,7547400
0,7727700
0,7532300
1,8800500
1,8714300
1,8858900
0,8519100
1,7803000
1,7813200
1,7820100
1,7800000
1,7778800
0,7820000
1,7803400
0,7942600
1,7776000
0,7819500
1,7796300
1,7877000
0,7791700
1,7843000
0,7789500
0,7811500
0,7791000
0,7830500
0,7795000
1,7788400
0,7789400
0,8238900
0,7791400
0,7826500
1,7782800
1,7702300
1,7400300
1,7451100
0,7383300
0,8390800
1,7828000
1,7483700
0,7443200
0,7595700
1,7395700
1,7391600
1,7364200
1,7410200
0,7488100
0,7471000
0,7553600
1,7481400
0,7559800
0,7466700
0,7543200
1,7485900
1,7517900
0,7471100
1,7818000
0,7486100
0,8719200
0,7532500
0,7392900
1,7392800
1,7446400
0,7349800
0,7446300
0,7394100
1,7444000
1,7628300
1,7639900
0,7430100
1,7538400
1,8591400
1,8440600
0,7899700
0,8005900
1,8103700
1,9536600
1,11123000
1,10575600
0,11731400
0,9198500
1,7706000
1,7834500
1,7636300
0,7861600
0,7801500
0,7820800
0,7801800
0,7853500
1,7808400
0,7863700
0,7822000
0,7843800
0,7817500
0,7822300
0,7812600
0,7852900
1,7684100
1,7713900
0,7683400
0,7713900
0,7656400
0,7821400
1,7741800
1,7732700
0,8019400
1,7863200
0,7794000
1,7672800
0,7674400
0,7687700
1,7615000
1,7692600
0,7663900
1,7664900
1,7669100
1,7688700
1,7651100
0,7693800
0,7629600
0,7678300
1,7645200
0,7614500
1,7613800
1,7470100
0,7596300
1,7464000
0,7668900
0,7469900
1,7923300
1,7545700
1,7529500
1,7515800
1,7758200
1,7464800
1,7744800
1,7624800
0,7760300
0,7624400
1,7669900
1,7618300
1,7845500
1,7771300
0,7687100
1,7621800
1,7691800
1,7599100
0,7686400
1,7635400
1,7631500
0,7597000
0,7622600
0,7486300
1,7633900
0,7473900
1,7694800
0,7488100
1,7512700
0,7527300
0,7597400
0,7641200
1,7766900
1,7598300
1,7608300
0,7568300
1,7467600
1,7549100
1,7468000
0,7567900
0,7472000
1,7498700
0,7468800
0,7562300
0,7471500
0,8317600
1,7611100
1,7615200
0,7505700
0,7525400
1,7487000
1,7498000
1,7366100
1,7610900
1,7464200
1,7520400
1,7695800
1,7500000
1,7462400
0,7563300
0,7470500
0,7520400
1,7483000
1,7591900
1,7483900
0,7726600
1,7540900
0,7539000
1,7459600
0,7469200
1,7576800
0,7486100
0,7538500
0,7321900
1,7644400
0,7386800
1,7969100
1,7947800
1,7719700
1,7832800
0,7815500
0,7552400
0,7462500
1,7387100
0,7479700
0,7504400
0,7741300
1,7461600
1,7664700
0,7470000
1,7520900
0,7486900
0,7793400
0,7473500
1,7766000
1,7487600
1,7538500
0,7471000
1,7567500
1,7503900
0,7671700
0,7471700
0,7551300
1,7486600
1,7505900
0,7466600
1,7468200
0,7758900
0,7509600
0,7703400
1,7471600
1,7560900
0,7551700
1,7643200
0,7325400
1,8448600
0,7555400
1,7802100
1,8998100
1,8461800
0,7687600
1,7625900
0,7401000
1,7356600
1,7372600
0,7629000
1,7631300
1,7730100
1,7614700
1,7672800
0,7639100
0,8467400
1,7711400
1,7680600
0,7645800
1,7679600
0,7629200
1,7794300
0,7572400
0,7567900
0,7530700
1,7578300
1,7485200
0,7572800
0,7929600
1,7498900
1,7503100
0,8412300
0,8237900
0,8907800
1,8386400
0,8189200
0,7859700
1,7850800
0,7994200
1,7833000
0,7877100
1,7902100
1,7822500
0,7859900
1,7813000
0,7862800
1,7843900
1,7871100
0,7815500
0,7851600
0,7833400
0,7853000
0,7853400
1,7974000
1,7831400
1,7829400
0,7883000
0,7828500
0,7810300
1,7858100
0,7819700
1,7469000
1,7549000
1,7952400
1,7958900
1,7785400
1,8131100
1,9291300
1,7890700
1,7911400
0,8333700
1,8008700
0,11183100
1,7680300
1,7742400
1,7675600
1,7801000
0,7680300
1,7779300
0,7896800
1,7724000
0,7712800
0,7737700
1,7664200
1,7853500
1,7665000
0,7772700
0,7652300
1,7739700
1,7662900
1,7724700
0,7665600
0,7838900
1,7659000
0,7753900
0,7665300
0,7802800
1,7672000
0,7710200
0,7412000
0,8057600
0,7341400
1,7574400
0,7423200
1,7565000
0,8351700
0,8418500
0,8955700
1,8982300
0,8787900
0,8325200
1,7858300
1,7852500
1,7859900
1,7849500
1,7834600
0,7871200
0,7837000
0,7916800
1,7827300
1,7899600
0,7809200
0,7895000
0,7862400
1,9514200
1,7615600
1,7468300
1,7633800
0,7577200
0,7608500
1,7551000
1,7539700
1,7655200
0,7546200
1,8172600
0,7742600
1,7791600
1,7671300
0,7732900
0,7657400
1,7770900
1,7642100
0,7913300
0,7760800
1,7755300
0,7666500
0,7728400
1,7696300
1,7839200
0,7669400
1,7879300
1,7681200
0,7722700
0,7670500
0,7734900
0,7888200
1,7737100
1,7645200
0,7734800
0,7683100
0,7781600
1,7653600
1,7720900
0,7685400
0,7787900
0,7652900
1,7796800
1,7653300
1,7870000
1,7619700
1,7679400
0,7665200
1,7831200
1,7617900
0,7690300
1,7517100
0,8014000
0,7557100
1,7624000
0,7631300
0,7583000
0,7553600
1,7648200
1,7506700
0,7637400
1,7521900
1,7560800
0,7471300
0,7582900
1,7481900
1,7667900
0,7471600
0,7591300
0,7498300
1,7767800
1,7467500
0,7567100
0,7471600
1,7772000
0,7471300
1,7674800
1,7500200
0,8243800
1,8272700
0,7723400
1,7520800
1,7662300
1,7468500
0,8143900
0,7674200
1,7545900
0,7469600
1,7696700
0,7473300
0,7676200
0,7628000
0,7695200
0,7623900
0,7692900
0,7627900
0,7686700
0,7624600
1,7690500
1,7623900
1,7680600
1,7617300
0,7758300
0,7526000
1,7368400
1,7391600
1,7370500
0,7636600
1,7373700
0,7597900
1,7710800
0,7522200
0,7380200
1,7474000
0,7396800
1,7628600
1,7438300
0,7723400
0,7642700
0,7697200
1,7640600
0,7704200
0,7627300
1,7806400
0,7627900
1,7739200
1,7626900
1,7702000
0,7626300
1,7732400
1,7320100
0,8005600
1,7355300
1,7503400
1,7322700
1,7559700
0,7477000
1,7486700
0,7320700
1,7473300
1,7370200
1,7438200
1,7353400
1,7377700
1,7459700
0,7394400
0,7404300
1,7372800
0,8347500
0,7620200
0,7922300
0,7674800
0,7454800
1,7418400
1,7396800
1,7470900
0,7565900
1,7634600
1,7686200
1,7616600
1,7689300
1,7634700
1,7896300
1,7623300
0,7688800
1,7643900
0,7682400
1,7701000
1,7819000
1,7537000
1,7435200
0,7321400
1,8331600
0,8231900
0,8682700
0,8992000
1,8328900
0,7320400
1,7468900
1,7384700
0,7488200
1,7325200
0,7718300
1,7779600
1,7892900
1,7781200
1,7797600
0,7788700
0,7830500
1,7783600
0,7802600
1,7783500
0,7829300
1,7793700
1,7947200
1,7395600
1,7472700
0,7382300
1,7432700
0,7379400
0,7508100
0,7380800
0,7392400
1,7399700
0,7601700
0,7660700
1,7427700
1,7342900
1,9973500
1,7400300
1,7536600
0,7321600
0,7581700
0,7383700
0,7510200
0,7537600
1,8645000
0,7910500
0,7567700
0,7422400
0,7442000
0,7560500
0,7675000
0,7642000
1,7660500
0,7624500
1,7737600
1,7631400
1,7695500
1,7638500
0,7685500
1,7627300
1,7682700
0,7621500
1,7676700
0,7415500
1,7315400
1,7442500
0,7381400
1,7446900
0,7320100
1,7797500
0,7380700
0,7569400
0,7411500
0,7466600
0,7379800
0,7559000
0,7472100
1,7526000
0,7469400
0,7602900
0,7471300
1,7790400
1,7538200
0,7572300
1,7520800
0,7660500
1,7463500
0,7542300
0,7480700
1,7463200
0,7396300
1,7418300
1,8892200
0,8257900
0,8970600
0,8521000
1,9297400
1,8742700
1,8541000
1,7899100
1,7316400
1,7720700
0,7764600
1,7736600
1,7605900
1,7732400
1,7640500
1,7760000
0,7758700
0,7773300
0,7664700
1,7805700
1,7706300
0,8728200
0,7817000
1,7817800
0,7807100
1,7835200
0,7801100
0,7833500
1,8480500
1,7826200
0,7788400
0,7810800
1,7780300
1,7844800
1,7778300
1,7800400
1,7846300
0,8015800
1,7841500
1,7833700
0,7811600
1,7953400
0,7849800
1,7820500
1,7847700
0,7810300
0,7849000
0,7686900
0,7662600
0,7492500
0,7543800
1,7920100
0,7571200
0,7576300
0,7552800
0,7585900
0,7671100
0,7572300
0,7545200
1,7610600
1,7516900
1,7641200
0,7343000
1,7433500
1,7509300
0,7512000
1,7329600
0,7653700
0,7445500
0,7436000
1,7419600
0,7655300
1,7440600
1,7451600
0,7546400
1,7611700
0,7533200
0,7753800
0,7491500
1,7616100
0,7563500
0,7845400
0,7493700
1,7637100
0,7580000
1,7659000
0,7492900
1,7579800
1,7400000
0,7482900
1,7354600
1,7915400
0,8297900
1,7788800
0,7402400
1,7573000
1,7510000
0,7422400
0,7485500
1,7303900
1,7638000
0,7626900
0,7692400
0,7625800
1,7683000
1,7617600
0,7681100
1,7772200
1,7693800
1,7619700
1,7805200
0,7640200
1,7681400
1,7482500
1,7416900
0,7394500
1,7394100
0,7353800
1,7452300
1,7293400
1,7550800
0,7381600
1,7445400
1,7341100
1,7447600
0,7383800
0,7452100
1,7332300
0,7417000
1,8057000
0,7383400
0,7421300
1,7394000
0,7647100
0,7471400
1,7497400
1,7390500
0,7976500
1,7368300
1,7395000
1,7484500
1,8987400
0,7476800
0,7675600
1,7476600
0,7525700
0,7635200
0,7755100
1,7614600
1,7532000
0,7467400
1,7537900
1,7501000
0,7576500
1,7461600
0,7550100
0,7509900
1,7523900
0,7469500
1,7843500
1,7466000
0,7800300
0,7797600
1,7700800
1,7504700
0,7553500
0,7589100
1,7827500
0,7631600
1,7681900
0,7624500
0,7861600
1,7876500
1,7919100
1,7850100
1,8356400
1,7933400
0,7900100
0,7649200
1,7858700
0,7824300
1,7827600
0,7848600
1,7856700
1,7822000
0,7837000
1,7852600
1,7820400
0,7837000
1,7859100
1,7823300
0,7843600
0,7338700
0,7502200
1,7464700
1,7551900
0,7346900
0,7570900
1,7616100
0,7521100
0,7345000
0,7582900
0,7773600
0,7481600
0,7323200
1,7530600
0,7488000
0,8801700
0,7470100
0,7541800
1,7484400
1,7722900
1,7672100
0,7578800
1,7459500
0,7526700
0,7470900
1,7481800
0,7567500
0,7471700
0,7526700
1,7468100
1,7521900
0,7531400
1,7557700
0,7471000
1,7541100
1,7468100
1,7557800
1,7465600
0,7873500
1,8124800
1,7652500
1,7581900
0,7600900
0,7528800
0,7432100
0,7321900
0,7621800
1,7439800
1,7564800
0,7327700
1,7544900
0,7385600
1,7520900
0,7705200
0,7627700
1,7673500
1,7618400
0,7690200
0,7640700
0,7688800
1,7639400
1,8051800
0,7688100
0,7829500
0,7690300
1,7734400
0,7720900
1,7728200
1,7630600
0,7807200
0,7626900
0,7755300
0,7627800
0,7855400
1,7618800
1,7693200
1,7658500
0,8505500
1,7630300
0,7699000
1,7628300
0,7719500
1,7603000
0,7808300
0,7629700
0,7957000
1,7738200
1,7671300
0,7626100
0,7711300
1,7612000
1,7672600
1,7788200
1,7938900
1,7713800
0,7989700
0,7749500
1,7731500
1,7899400
1,7680600
1,7642200
1,7738900
0,7790900
1,7686800
0,7649500
1,8176900
0,8121300
0,8809000
0,8887700
0,8703200
0,8386000
1,8357900
1,8748400
0,7630500
0,7851500
1,7668200
0,7720000
0,7789700
0,7878800
1,7822500
0,7816700
0,7789500
0,7860700
1,7794700
0,7804600
0,7798500
0,7887900
1,7816400
0,7856900
0,7692100
1,7649300
1,7501500
0,7624300
0,7541300
0,7641200
1,7480300
0,7604600
1,7494700
0,7636600
0,7497100
0,8283500
1,7540600
0,7649700
0,7544300
0,7698200
1,7555500
1,7641800
0,7510600
0,7557100
1,7565600
0,7717100
0,7614700
1,7486800
0,7699400
0,7563800
1,7609200
0,7342600
0,7463500
1,7423600
0,7492100
1,7397800
0,7738100
1,7427500
0,7536800
1,7338400
0,7502900
0,7443200
0,7546800
0,7343300
1,7552100
1,7471300
0,7515900
0,7338300
1,7471400
0,7444500
0,8014700
0,8040300
1,7654400
0,7455800
1,7480600
0,7345600
0,7929300
1,7647200
0,7729900
0,7663600
0,7786600
1,7710300
0,7732300
1,7665100
0,7778500
0,7687700
1,7727900
0,7666800
0,7666400
1,7805200
1,7435900
0,7519300
1,7360900
0,7407000
0,7384200
0,7649700
0,7400700
0,7423200
1,7398000
0,7440200
0,7333100
0,7460000
1,7499800
0,7460400
0,7356000
1,7572100
0,7383000
1,7471900
1,7312800
0,7456200
1,7654700
1,7595100
0,7663400
1,7379500
1,7682900
1,7376900
0,7763000
1,7631900
0,7858400
0,7636300
0,7742400
1,7648500
0,7858900
0,8112000
0,7737900
1,7609500
0,7686300
0,8394200
0,7695100
1,7633100
1,7683100
1,7682000
1,7773900
0,7669300
1,7698300
1,7641300
0,7903300
1,7645600
1,7709200
0,7636400
0,8116200
1,7721300
0,8387500
0,8259500
1,7962800
0,8597100
0,7631100
0,7826600
0,7674300
1,7670200
1,7736200
1,7707800
0,7626300
1,7677900
1,7607500
0,7758800
0,7790000
1,7784200
1,7783800
1,7816500
0,7789800
1,7934300
1,7782900
1,7824000
1,7787000
0,7820400
0,7809500
0,7815700
0,7556000
1,7466700
1,7562100
0,7468500
0,8858700
0,7586300
0,7491900
1,7458100
1,7757100
1,7463200
0,7711500
0,7468100
1,7519700
1,7557000
1,7582400
0,7319100
0,7456000
0,7379300
1,7545800
1,7377700
1,7495200
1,7412100
0,7547500
1,7322000
1,7464600
0,7384500
0,7395900
0,7597800
0,7380700
0,7594900
1,7699700
0,7627000
0,7381700
0,7445700
0,7731800
1,7570900
0,7460600
1,7544300
0,7609500
0,7592600
0,7551300
1,9157100
0,7702500
1,7853600
1,7466300
1,7539800
0,7562700
0,7609000
1,7476200
0,8002100
0,7578200
1,7540100
0,7536500
1,7872400
1,7565000
0,7623300
1,7510300
1,7698200
1,7480900
0,7931500
1,8283700
1,8783600
1,7472500
1,7563700
1,7465000
0,7655400
0,7629900
1,7678900
1,7609100
1,7687900
1,7625000
0,7821600
0,7760200
1,7839300
0,7753200
1,7859800
1,7620100
1,7695600
0,7643800
1,7765800
1,7616100
0,7685100
0,7626300
0,7677000
0,7623000
1,7933700
0,7629700
0,7685900
0,7624300
0,7719200
0,7626700
1,7647500
1,7488500
0,7567300
0,7470300
1,7601700
0,7486700
1,7554200
1,7614600
0,7928900
0,7819400
1,8246000
0,8403900
0,9505100
0,8374100
1,7825300
1,7677700
0,7723200
0,7673000
1,7907500
0,7648900
0,8016800
1,7713100
0,8481500
1,7641800
1,7694400
1,7623100
0,7732000
1,7619300
0,8079200
1,7613400
0,7687800
1,7655300
0,7713900
1,7619800
1,7685200
0,7626900
0,7695500
1,7814800
0,7696100
1,7629800
1,7799600
1,7634500
1,7793400
1,7626400
0,7755800
1,7627100
1,7661400
0,7712000
0,7689100
0,7625200
1,7685600
1,7639000
1,7598600
0,7473400
1,8444600
0,7616200
0,7571500
1,7485900
0,7629600
1,7478500
1,7613800
1,7490100
1,7658500
0,7507400
0,7523800
1,7580200
1,7712200
1,7640500
0,7811400
0,7628500
1,7659200
1,7641100
1,7807100
0,7626400
1,7707300
0,7643400
1,7861200
1,7625400
0,7554100
0,7396100
0,7438100
0,7382500
0,7444400
1,7407400
1,7505200
1,7374100
1,7373500
1,8629400
0,7641400
1,7555800
1,7500800
0,7428600
1,7522500
1,7528600
1,7496600
1,7553300
1,7467500
0,7543600
0,7469300
0,7609500
1,7449000
1,7643500
1,7462500
0,7645800
0,7521900
0,7430300
1,7381300
0,7509900
0,7324700
0,7470500
0,7378600
1,7495900
0,7754600
1,7652300
0,7379600
0,7449700
0,7323800
0,7638800
1,7497500
0,7619400
0,7665000
1,7909000
0,8152400
0,8586300
1,8701800
0,8218200
0,8220200
1,8125900
1,8389400
1,7638500
1,7690000
0,7815800
1,7822200
1,7851100
0,7855400
1,7854200
1,7827800
0,7861300
1,7853900
0,7852400
1,7814900
0,7962400
0,7851400
0,7586600
0,7421300
0,7623400
1,7459800
0,8468400
0,8506200
1,8734000
0,8416300
0,7342600
1,7401800
0,7544500
1,7337900
0,7507900
0,7630700
0,7811800
0,7910100
0,7705500
1,7767700
1,7787800
0,7627200
1,7682900
1,7619300
0,7735700
0,7628400
0,7850300
0,7625000
1,7653300
0,7475400
1,7532000
1,7462300
1,8870900
1,7466200
0,7534500
1,7480500
0,7672800
1,7484100
1,7633000
0,7569000
1,7587100
1,7469900
0,7596800
1,7432400
0,7693500
0,7415200
0,7648600
1,7451300
0,7444600
0,7465900
1,7430700
0,7530200
1,7334700
1,7513800
0,7418600
0,7503200
0,7587200
0,7562700
1,7409700
0,7498100
0,7384900
0,7454900
0,7662900
0,7388300
0,7383800
0,7573900
0,7385600
1,7466900
0,7321100
1,7473100
1,7358800
1,7505200
1,7366900
0,7566200
0,7380200
0,7421100
0,7400400
0,7502800
0,7646900
1,7324800
1,7434000
0,7381100
0,7468300
1,7302800
1,7745200
1,7379400
1,8384300
1,7524000
0,7620300
0,7500500
1,7484100
0,7360000
1,7461000
0,7382300
1,7491800
1,7630500
0,7685000
1,7624100
0,7681800
0,7641400
1,7671000
0,7671200
1,8013800
0,7734000
0,7683200
1,7623800
0,7788800
0,7602000
0,7582600
1,7472700
1,7665400
1,7521500
0,7547700
0,7469900
0,7822900
0,7508200
1,7525100
0,7469200
1,7564300
0,7488400
0,7605900
1,7345500
1,7372200
1,7521900
0,7413100
1,7806800
0,7412300
0,7684800
1,7666700
1,7454200
0,7560500
1,7444600
1,7373000
0,7489400
1,7461900
1,7710800
0,7470100
0,7572400
0,7469600
1,7777500
1,7449200
1,7505400
1,7463900
1,7855300
0,8567000
0,7872400
0,7557600
1,7698800
0,7916300
1,7815000
1,7690500
0,7882400
0,8844600
0,8336100
0,8845500
1,9067700
1,9544500
0,9383800
0,8855700
0,7801400
1,7804000
1,7825700
0,7852300
0,7790700
0,7827800
1,7849700
0,7857900
0,7801600
0,7847000
1,7850900
1,7848500
0,7826900
0,7701700
0,7688900
1,7729000
1,7659600
1,7814400
1,7659900
0,7730200
1,7658000
0,7782700
0,7560300
0,7753000
0,7627300
1,7712300
0,7473100
1,7522900
1,7462600
1,7629200
0,7470900
0,7534800
1,7447000
1,7781900
0,7472900
0,7553200
1,7473500
0,7485100
1,7512900
1,7380900
0,7548800
1,7431700
0,7463100
1,7355700
1,7543100
1,7384100
0,7562900
1,7394800
0,7430500
1,7452200
1,8198800
0,7418000
0,7773700
1,7470600
0,7546000
0,7472900
0,7686200
1,7481200
1,7555700
1,7464300
0,7546000
1,7503400
0,7566700
0,7469100
0,7938100
0,7932000
1,7742600
1,7568600
1,7616700
1,7467100
0,7572400
1,7464900
1,7991100
0,7706600
1,7649000
0,7475700
1,7469900
1,7533900
0,7520300
1,7531100
1,7439300
1,7543000
1,7467400
0,7614200
0,7469200
0,7936600
0,7501000
1,7840700
1,7461600
0,7741800
0,7471800
1,7548600
1,7623100
1,7712200
1,7621500
0,7777200
1,7602400
0,8108200
0,8201500
0,8546600
0,8754200
0,8160800
0,8285800
1,8530100
1,8358900
1,7784900
0,8478300
0,8348700
1,7799100
0,7791900
1,7914600
0,7806000
0,8072900
1,7776000
0,7835400
1,7823300
1,8134800
1,7784900
0,7808400
1,7804800
0,7812700
1,7779400
1,7806800
1,7798300
1,7815000
0,7789200
0,7831700
1,7792900
1,7821900
1,7752200
1,7586100
1,7464900
0,8117500
0,7812900
0,8499200
1,7536800
0,7546600
0,7623100
1,7567000
1,7475300
0,7620200
1,7462100
1,7962400
0,7550200
0,7685400
0,7553300
0,7651200
0,7592900
1,7559300
1,7483300
1,7654200
0,7522700
1,7583400
0,7545200
1,7579100
1,7525600
1,7434000
1,7446100
1,7633500
1,7432800
1,7456000
1,7433900
0,7604600
1,7716900
0,7443100
1,7439300
1,7530800
0,7431300
0,7526200
1,7572900
0,7625600
0,7509400
0,7560200
0,7544800
1,7651600
0,7622500
1,7713100
1,7540200
1,7718800
1,7594900
0,7580100
1,7532900
1,7703500
1,7402100
1,7440900
0,7338000
1,7571400
0,7424000
0,7339400
1,7506800
0,7437700
1,7693000
1,7421900
1,7591200
1,7446600
1,7546300
1,7332900
0,7550900
1,7475500
0,7502100
1,7404900
1,8607700
1,7644000
0,7973400
0,7641300
1,7460400
0,7384500
0,7582000
0,7481700
1,7827300
1,7682800
1,7747300
0,7666000
0,7757400
1,7675000
1,7937000
1,7656100
0,7791000
0,7652800
0,7808800
0,7679200
1,7833900
1,7740700
0,7711000
0,7667900
0,7903100
1,7685100
1,7735100
1,7845000
1,7765300
1,7706200
0,7742700
1,7681000
1,11194500
0,8598000
0,10633200
0,11043800
1,11102200
0,8809400
1,8103500
1,7853400
0,7959300
1,7724700
0,7720300
1,7625000
0,7936900
1,7650000
0,7745900
0,7631300
0,7540000
0,7398700
0,7401000
0,7475100
1,7372400
1,7482800
0,7321700
1,7680900
0,7415600
0,7548100
0,7469200
1,7581200
1,7476300
0,7685800
1,7476800
1,7666400
0,7467100
1,7642200
0,7575200
1,8193200
0,7588900
0,7610200
0,7537200
1,7660400
1,7691600
0,7802000
1,7799700
1,7929000
0,8146200
1,7803500
0,7669400
1,7801600
1,7678200
1,7803000
1,7625800
0,7755200
0,7809000
1,7936000
0,7789700
1,7924800
0,7805600
1,7797400
0,7785100
1,7787200
0,7804600
0,7898100
1,7904800
0,7896100
1,7799600
1,7727900
1,7619000
0,7733400
0,7686700
1,7766000
0,7643300
1,7788600
1,7681300
1,7800100
0,7639900
1,7678900
1,7662000
1,7669600
0,7503200
0,7611300
1,7549100
1,7543800
1,7444400
0,7535000
1,7644600
0,7548500
1,7467800
0,7654200
1,7531200
0,7609100
0,7474100
1,7706900
1,7491600
0,7467000
0,7540800
0,7485700
1,7772500
1,7460100
1,7991000
1,7657800
1,7563700
1,7442600
1,7529400
1,7550600
0,7721100
1,7739400
0,7684500
0,7684500
0,7686900
0,7623100
0,7678400
1,7884700
0,7684100
0,7623300
1,7698700
1,7636100
0,7693700
0,7631700
0,7688200
0,7646000
0,7696100
1,7599100
1,7751400
0,7649800
0,7854400
1,7633800
0,7786000
1,7646600
0,8138300
1,7610400
0,7530800
0,7509100
0,7662100
0,7469800
0,7546500
0,7488700
0,8065000
1,7462300
1,7743400
1,7485200
1,7558700
0,7470600
1,8211800
0,8352200
1,9452400
0,8738000
0,7671200
0,7512500
1,7644700
1,7533000
0,7628200
0,7583200
0,7633100
1,7823300
0,7602300
1,7610800
1,7801600
1,7778300
1,7929900
0,7789500
0,7801400
0,7803600
0,7798700
1,7785700
1,7829800
0,7806500
1,7823500
0,7790800
1,7710700
1,7390000
1,7497900
1,7382800
1,7489900
0,7554500
1,8292500
0,7549200
1,7552900
0,7600100
1,7637500
1,7313500
1,7460600
1,7464500
0,7685800
1,7630500
1,7688700
1,7635300
1,7681300
1,7615600
1,7671600
0,7771100
1,7693000
1,7623800
1,7729100
0,7639300
1,7680200
1,7320700
1,7423600
0,7397800
0,7381200
0,7379300
1,7370200
1,7493200
0,7378700
0,7461100
0,7457500
0,7544000
1,7358200
0,7393500
0,7380200
0,7444400
1,7374200
0,7381600
1,7372000
0,7478600
1,7377100
1,7412400
1,7405500
1,7576000
0,7384300
1,7314100
1,7587400
1,7410400
1,7710800
0,7322500
1,7541700
1,7395000
0,7477200
0,7321000
1,7697400
0,7859800
1,7732500
1,7567300
0,8358100
0,8417100
0,8454000
0,7988700
1,7943100
0,8456400
1,7753600
0,8234300
0,7998100
0,8137100
0,7644500
1,8396000
0,8302400
0,8011800
1,7986400
1,7825600
1,7808700
0,7811200
0,7786300
0,7815100
1,7784200
1,8389900
0,7793000
1,7835900
1,7780800
0,7798800
0,7788700
0,7781300
0,7626800
0,7802900
1,7619300
1,7711100
0,7625100
1,7697800
1,7645200
0,7738300
1,7603400
1,7670500
0,7628200
1,7699600
1,7597700
1,7391300
0,7385600
0,7701800
0,7369800
0,7405400
0,7383000
0,7457900
1,7342000
0,7469200
1,7376300
1,7475700
1,7687600
1,7453900
1,7372400
0,7472700
1,7397200
0,7417200
0,7381000
1,7494000
1,8835300
0,7450800
0,7547100
1,7478300
1,7393000
1,7315500
0,7653900
0,7549000
0,7722800
1,7638800
0,7675600
0,7641700
1,7675400
0,7625800
0,7731300
0,7635300
0,7689600
0,7627600
0,7694700
1,7658900
1,8333800
1,7721200
1,7601300
1,7468500
0,7509400
0,7381100
1,7439100
0,7321300
0,7661200
1,7383200
0,7469900
0,7326200
0,7483000
1,8253300
1,7837300
0,7843100
0,8026200
0,8134200
1,7797400
1,7682900
1,7701700
1,7600900
0,7895100
1,7630900
0,7686700
0,7627000
0,7699300
0,7624300
1,7829000
1,7597900
0,7704000
0,7626200
1,7907000
0,7625700
1,7746300
1,7598100
1,7678000
1,7624300
0,7789100
1,7617000
1,7765900
1,7615500
0,7701800
0,7628900
0,7680700
1,7631400
1,7812500
1,8456100
0,7763400
0,7648900
0,7683700
1,7619200
0,7750900
1,7647300
1,7668000
0,7626700
1,7674900
0,7640900
0,7690200
0,7804200
0,7675900
0,7644100
1,7674100
1,7605300
0,7704800
1,7570400
1,7471000
1,7572100
1,7463700
0,7760000
0,8121300
1,7736300
0,7503100
1,7849500
0,7647000
0,7598500
1,7471500
0,7681000
1,7585800
1,7671800
0,7622700
1,7692500
1,7619700
1,7679100
0,7635600
1,7715500
0,7626800
1,7675200
0,7657400
1,7677000
1,7627600
0,7599500
0,7398200
0,7727100
0,7385500
0,8526300
0,8683800
0,8601700
0,8678000
0,7356300
0,7408400
1,7598900
0,7697100
1,7475600
1,7628800
1,7676600
1,7615500
0,7670200
0,7666600
1,7817400
1,7623000
0,14072100
0,8029200
1,7620500
1,7695900
1,7617500
1,7730000
1,7710500
0,7931200
1,7702100
0,7740900
1,7626500
1,7714000
0,7720700
1,7657200
1,7694900
1,7693200
0,7659600
1,7720500
1,7620200
1,7769800
0,7629700
0,7806800
1,7621800
0,7705600
0,7625000
0,7950800
1,7893500
1,7723500
1,7599200
0,7688700
1,7623300
1,7694500
1,7479500
0,7468700
0,7756800
1,7502200
0,7533000
1,7467400
1,7606200
0,7504500
1,7957200
1,7626300
1,7927400
0,7747800
1,7658400
1,7661700
0,7712700
0,7688200
1,7715400
0,7661900
0,7764500
1,7649600
1,8039000
0,7669000
1,7820000
0,7646300
1,7740800
0,7538800
0,8063000
0,8564200
1,7552300
0,7453800
0,7499500
1,7388200
0,7446700
1,7828200
1,7973000
1,7377900
1,7378100
1,7437500
0,7720800
0,7627200
0,7686400
1,7617600
1,7702400
1,7665400
0,7687600
1,7764600
0,7739400
0,7627600
1,7674400
1,7619700
0,8184200
1,7638000
1,7684000
1,7661800
1,8164400
1,7619900
1,7696200
0,7746100
1,7758100
0,7803000
1,7916800
1,8144200
0,8672600
0,8710200
0,7923200
0,7884400
0,7878100
1,8155100
0,7879500
1,7868800
0,7858800
0,7829400
0,7883100
0,7808500
1,7851900
0,7830000
1,7883000
1,7826200
1,7945900
0,7831800
1,7842900
0,7833600
1,7931400
1,7833800
1,7830000
0,7835700
1,7850200
1,7848500
1,7892900
1,7675900
0,7744000
1,7523400
1,8009000
0,7544000
1,7899600
0,7494800
0,7539100
1,7466600
0,7748800
1,7480000
0,7562700
1,7468100
1,7636300
0,7643800
0,7774600
0,7624500
1,7676400
1,7679600
1,7675800
0,7624000
0,7688600
1,7640200
1,7714100
1,7622600
0,7689400
0,7565400
0,7430400
0,7318800
1,7443100
1,7403200
1,7674800
1,9762400
1,7514000
0,7672800
1,7444200
1,7322000
0,7459500
0,7418100
0,7552700
1,7417100
0,7380400
0,7861800
1,8343300
0,7618000
1,7470400
1,7580100
0,7379400
1,7511700
0,7441500
0,7587900
0,7382300
1,7519500
0,7643000
0,7683500
1,7617700
1,7694600
0,7640200
1,7683400
1,7631200
1,7679700
0,7713400
0,7943800
0,7972000
0,7973500
1,7749600
1,7818100
1,7781700
0,7691200
0,7651500
1,7688700
0,7626100
1,7746400
0,7813700
0,7766500
0,7626500
0,7789500
1,7639800
0,7717400
1,7605400
1,7979400
0,7666200
1,7725400
1,7614400
1,7683400
0,7643600
1,7876600
1,7632400
0,7695000
0,7626700
0,7758200
0,7627100
1,7711600
0,7630300
1,7767100
0,7628700
0,7811900
0,7707800
0,7778400
1,7756300
0,7698400
0,7636800
1,7689000
1,7621800
1,7809700
0,7653300
0,7709700
1,7640100
1,7869300
1,7646600
1,8059200
1,7694800
1,7704200
0,7696100
1,7726900
0,7687500
1,7710700
1,7628400
1,7754500
0,7653800
1,7823100
0,7744300
1,7786100
0,7645300
0,8136300
0,7680200
1,7808300
1,8033600
0,9571400
0,8434900
0,7829500
1,7809400
0,7802400
0,7784100
0,7935500
0,7806000
1,7789200
1,7778900
0,8337500
1,7790300
1,7763100
1,7899800
0,7808100
1,7408400
1,7414300
0,7378700
1,8575800
1,7786600
0,7636300
0,7564900
1,7777100
1,7529600
1,7449800
0,7377700
0,7486700
0,7339200
1,7586400
1,7503200
0,7558500
1,7460900
1,7517700
1,7483000
0,7716400
0,7474200
0,7835100
1,7463700
1,7527800
1,7528900
0,7529900
0,7472800
0,8646300
0,9056900
1,7573300
0,7471200
0,7593000
1,7462300
0,7534800
1,7445600
0,7655900
0,7506200
1,8061200
1,7638900
0,7828100
1,7466500
0,7568500
0,7492900
1,7565200
1,7470900
0,7562200
0,7488900
0,7544700
1,7482200
1,7568300
0,7508900
1,7597500
0,7479900
1,7569800
1,7484800
0,7658900
1,7467100
1,7519200
0,7580500
0,7473900
1,8108200
0,8136000
0,7497000
0,7567100
1,7501900
1,7474600
0,7573200
0,7470200
0,7537900
0,7469800
1,7516400
1,7462200
1,7521200
1,7760800
1,7594200
0,7467000
0,7519200
1,7442800
1,7608700
1,7299500
1,7416500
0,7379600
1,7607300
1,7406000
0,7687700
1,7583400
0,7763800
1,7348000
1,7443800
1,7380400
0,7397800
1,7414600
1,7467200
0,7543800
0,7531200
1,7685300
0,7473600
0,7559000
1,7483000
0,7548300
1,7463400
0,7601200
0,7393100
1,7466600
1,7482100
0,7526900
0,7397900
0,8169900
0,7659200
0,7642200
1,7563000
1,7430200
1,7382600
1,7690500
1,7667700
1,7814300
1,7716800
0,8073900
1,7532100
0,7680400
0,7627200
1,7680600
1,7635100
0,7811400
1,7619800
0,7678900
1,7653200
1,7796600
0,7625600
0,7678500
0,7641000
1,7623900
1,7387200
1,7386500
0,7486200
1,7362600
0,7639300
0,7318700
1,7456800
0,7380800
1,7502100
1,7313000
1,7710700
0,7379300
0,7593600
1,7342700
1,7461600
1,7434200
1,7538700
1,7382700
0,7497100
1,7406300
1,7488200
0,7473800
0,7676600
1,7405600
0,7620400
1,7336300
1,7555400
0,7407000
1,7428000
1,7408200
1,7555700
1,7402600
0,7342200
0,7672100
0,7423800
0,9621200
0,8315000
0,8786400
1,8284200
0,7893000
1,8044000
0,7844400
1,7891700
0,7848300
0,7874600
1,7839300
0,7847200
1,7835700
0,7962600
1,7878600
1,7855800
0,7786800
1,7849800
1,7648600
0,7745100
0,7666200
1,7800600
0,7648600
1,7745500
1,7850200
1,7853700
0,7651500
1,7713500
0,7666700
1,7752000
0,7645700
0,7740500
0,7669500
0,7740000
1,7732000
1,7889800
0,7974400
0,8203500
1,7768200
1,7894600
0,7693200
0,7885200
1,7878400
1,7893600
1,8196700
1,7910900
0,8138500
1,7909400
1,8015500
1,7707300
0,7998100
0,7802700
1,7688700
1,8073300
0,7646400
0,7859600
0,7854000
0,7856100
1,7821000
1,7833300
1,7850900
1,7851000
0,7828400
0,7905400
1,7826000
1,7843900
0,7830200
1,7824000
0,7337000
1,7538000
1,7418800
1,7553400
0,7342800
0,7607100
1,7457700
0,7510600
0,7337800
0,8010100
0,7769700
0,8160100
0,7478100
0,7844300
1,7978700
1,7802600
1,8015000
1,7705400
0,7668700
1,7757000
0,7664900
1,8808000
0,7668800
0,7730100
1,7662100
0,7743600
0,7663100
1,7749600
0,7670900
1,7855500
0,7747000
0,7730300
1,7660900
1,7709000
0,7687500
0,7725200
0,7691200
1,7732400
0,7648000
0,7436300
1,7781000
0,7459900
1,7440800
1,7571900
1,7418900
1,7546700
1,7454300
0,7616600
0,7428800
1,7523100
1,7600000
1,7464200
1,7508000
1,7698300
0,7580200
0,7581100
1,7508600
0,7657600
0,7662800
1,7614800
1,7483600
0,7724300
1,7880800
1,8142500
1,7534700
0,7864500
0,7694100
0,7730500
1,7680200
1,7828600
1,7684200
1,7730900
0,7661600
1,7697200
1,7682400
1,7732600
0,7660700
1,7650600
1,8371700
1,7771500
0,7444200
0,7544300
1,7349600
0,7422400
0,7631100
0,7461500
1,7924100
0,7585900
1,7552300
1,7442100
0,7759400
0,7671700
1,7752300
1,7690000
0,7704600
1,7664800
0,7732300
1,7687800
1,7936300
0,7654900
1,7748300
1,7731200
1,7717900
1,7526300
0,7607900
0,7515600
0,7577400
1,7497500
1,7543100
1,7520700
1,7775700
1,7487700
0,7807100
0,7529200
0,7646100
0,7472100
1,7533900
0,7625600
0,7680700
0,7623500
1,7811600
0,7642200
1,7709500
0,7624700
1,7699400
0,7628100
0,7683700
0,7624700
1,7728600
1,7632300
1,7649200
0,7382600
1,7394400
0,7382900
0,7465800
1,7398700
1,7376300
1,7395700
1,7383400
0,7603200
1,7318600
0,7853100
0,7845700
1,7441800
0,7341600
1,7429200
0,7381300
0,8335300
0,7502600
1,7578900
1,7535200
1,7611400
0,7360200
0,7636400
0,7382400
0,7449700
0,7387800
0,7687700
0,7623800
0,7683600
0,7643900
1,7817200
1,7643800
0,7762500
1,7642000
1,7675900
1,7623900
0,7689400
1,7630100
0,7664100
0,7483700
0,7471800
0,7544600
0,7470500
1,7560500
1,7456300
1,7559500
1,7466900
1,7686500
0,7472600
0,7669700
1,7462700
1,8404100
1,7370700
0,7475900
0,7382500
1,7385200
1,7375400
0,7469800
0,7382200
0,7641900
0,7382100
0,7564900
1,7376500
1,7499700
1,7819100
1,7876500
1,7736500
0,8049100
1,7549500
1,7616200
1,7465500
1,7469600
0,7542800
1,7487400
1,7506700
0,7470100
1,7513200
1,7472600
0,7687800
1,7472600
0,7545800
1,7495500
1,9879800
1,7915800
0,7512400
1,7630300
0,8375600
1,7747900
1,7540400
1,7633300
0,7541500
1,7626900
0,7644200
0,7625300
1,7808200
0,7624600
1,7678500
1,7627500
0,7758500
1,7779700
1,7693800
1,7623100
0,7682500
1,7625900
0,7601900
0,7380800
1,7404200
0,7376500
0,7495800
1,7471100
1,7446700
1,7373000
1,7740600
0,7574700
0,7407300
1,7377200
1,7514900
1,8688600
1,8556400
0,8894100
0,8898700
0,8826100
1,9178300
0,8828400
0,8718800
1,8706900
1,7595000
0,7624900
1,7563800
0,7705500
0,7850000
0,7834900
0,7841300
1,7954500
0,7846300
1,7869300
0,7832000
1,7883300
1,7827400
0,7865900
0,7832400
0,7962900
0,7930500
1,7760900
0,7711300
0,7839200
0,7673600
0,8156100
1,8074500
0,8308900
0,8406700
0,7913500
1,7993800
0,7967900
0,8137400
0,7978100
0,7841400
0,7886700
0,7841000
1,7863100
1,7832500
0,7838400
0,7831800
0,7854800
0,7882300
1,7830300
0,7826100
0,7786800
0,7690200
1,7740700
0,7677200
0,7730300
0,7685100
1,7843800
0,7644700
0,7732400
0,7800000
0,7735900
1,7639100
0,7861000
1,7549800
1,7612000
0,7340800
0,7493700
1,7448300
0,7749100
0,7346900
0,8420100
1,7878800
1,7648800
1,7418200
1,7605500
1,7442400
0,7552800
1,7544500
0,7570100
0,7555200
1,7746700
1,7518500
0,7623400
1,7516600
0,7623100
0,7550300
1,7462600
1,10008500
0,7713300
0,7546900
1,7590400
1,7557500
1,7646600
0,7533700
1,7578900
0,7473700
1,7513500
0,7653200
0,7712400
0,7677100
1,7461600
1,7551300
0,7523900
0,7745300
0,7479700
0,8143300
1,7621800
1,7753200
0,7503500
0,7579100
0,7802600
0,7559100
1,7486900
0,7641000
0,7510400
0,7652900
0,7625700
0,7680200
0,7640100
1,7679700
0,7626900
1,7698900
1,7642900
0,7824900
1,7621000
0,7706900
1,7620000
0,7737200
0,7602900
1,7449100
1,7398000
1,7853800
1,7539800
1,7393700
0,7527700
0,7485600
1,7373300
1,7386700
1,7393600
1,7421100
0,7380500
1,7358600
1,7395800
1,7439200
0,7382000
1,7297300
0,7551100
0,7378600
0,7641500
1,7318000
1,7466900
0,7382800
1,7500700
1,7319900
0,7733100
0,7379700
1,7885000
1,7593700
1,7643100
1,7886000
1,7860500
0,8206200
0,8159900
0,8177800
0,7793500
1,7619900
0,7410900
1,7374200
0,7611200
0,7709400
0,7721100
0,7669400
0,7758400
1,7678700
0,7754400
1,7685600
0,7913700
0,7650200
0,7725300
0,7625400
1,7680100
0,7575600
0,7470700
1,7602100
1,7461900
0,7541400
1,7446100
0,7528200
0,7471700
0,7871900
1,7687300
0,7612300
1,7448100
1,7602600
0,7470400
1,7562200
0,7470300
1,7553700
0,7467300
0,7527600
1,7465800
0,7539600
1,7463900
0,7559400
1,7465000
0,7602700
0,7505100
0,7582200
0,7320100
0,7394000
1,7472300
1,7310300
0,7419500
1,7413200
0,7500900
1,7314400
0,7502500
1,7390000
0,7466000
1,7313400
1,7672400
1,7400300
1,7507800
0,7353900
0,7451900
0,7398600
0,7455100
0,7320900
0,7708000
1,7546600
1,7789900
0,7559300
0,7485600
0,7394100
0,7575000
1,7619100
1,7621100
1,7901100
0,7627400
0,7685000
1,7635100
0,7690700
1,7640600
0,7778900
1,7615300
0,8019700
0,7669700
0,7722500
1,7643100
0,7677600
0,7624400
0,7790400
1,7665000
1,7680400
1,7613900
0,7797200
0,7680700
0,7683500
0,7626300
0,7684200
0,7606200
1,7554200
0,7468700
1,7536800
1,7483500
0,7528600
1,7500700
0,7545800
1,7478000
1,7543500
1,7553700
0,7813800
0,7508800
0,7600600
1,7311900
1,7433200
0,7399600
1,7389900
1,7375200
0,7511600
0,7397400
0,7524200
0,8308200
1,8468600
1,9199600
1,8646300
0,8785300
0,7796000
1,7677600
0,7779800
1,7607200
0,7698700
0,7627100
0,7679100
0,7625000
1,7723400
0,7627400
1,10901600
1,7878800
0,7787800
1,8134300
0,7899800
0,7693500
1,7623200
0,7621600
1,7715500
1,7650200
1,7706000
0,7626000
1,7685300
1,7628000
1,7669400
0,7626100
1,7839800
1,7738700
0,7789100
1,7628600
0,7675700
1,7642500
1,7783800
1,7620700
0,7794600
1,7647800
1,7684400
0,7628600
1,7667400
0,7640300
0,7682000
1,7616900
1,7664200
0,7641600
1,7663600
0,7622800
0,7817400
1,7657000
0,7690200
0,7627900
0,7755500
0,7446500
0,7529400
1,7376400
0,7422200
0,7401400
0,7460700
0,9248500
0,7681000
0,7416000
1,7471700
0,7380600
0,7607400
1,7318100
1,7717800
0,7473000
0,7650600
1,7462300
1,7511200
0,7501900
1,7536300
1,7461600
0,7751500
1,7640500
0,7653600
1,7459700
1,7576200
0,7502600
1,7655200
0,7468700
1,7574100
1,7454600
0,7536100
1,7468200
1,7516400
1,7681200
1,7869400
1,7530500
1,7470800
0,7529900
0,7522100
0,7555400
1,7464700
1,8164000
1,8485800
0,9207000
0,9318100
1,7976700
0,10287200
0,9810000
1,7569400
0,7497600
0,7689000
0,7786100
1,7905300
0,7808100
1,7797000
0,7787400
1,7827500
1,7781500
0,7806300
1,7767000
1,7807900
1,7776200
0,7800200
1,7615500
1,7561400
0,7471900
1,7520200
1,7474500
0,7550200
1,7475700
0,7562800
1,7464400
0,7566000
1,7465400
0,7741100
0,7527900
1,7822000
1,7469100
1,7532800
0,7470400
1,7590200
0,7470100
1,7537800
1,7450700
0,7700300
1,7474600
0,7544800
1,7621200
0,7552500
1,7524100
0,7528800
1,7378100
0,7636900
1,7390500
0,7579800
0,7417400
1,7603900
0,7628600
0,7320800
1,7430100
1,7396800
0,7398400
1,7353000
1,7444200
1,7406700
1,7564400
0,7412700
1,7535700
0,7413500
1,7564900
1,7369600
1,7471200
1,7745400
1,7918800
0,8243800
0,7546300
0,7599900
1,7675100
1,7609900
0,7681500
1,7630600
0,7916500
1,7615800
0,7681800
0,7641900
0,7679800
1,7623500
0,7680400
1,7637300
0,7674900
1,7367900
0,7519000
1,7404700
1,8038600
1,7374300
0,7570800
0,7412400
1,7425100
1,7387800
0,7536100
0,7406900
0,7381500
0,7489500
1,7459400
1,7529400
1,7470800
0,7531700
0,7466000
0,7534200
1,7487100
0,7520900
1,7684000
1,7898500
0,7474100
0,7579100
0,7506200
1,7612600
1,7488100
0,7844600
1,7483100
1,7575300
1,7468200
1,7523000
1,7627700
0,7781400
1,7493100
0,7572500
1,7484100
1,7459000
1,7563200
1,7463500
1,7529300
0,7470800
1,7514700
0,7468800
1,7577200
1,7483800
1,7936400
1,7467200
0,7675700
0,7500700
0,7523900
1,7481000
0,8131300
0,7606200
0,7709700
0,7572900
0,7551100
1,7471400
0,7547200
0,7471000
0,7589100
1,7464300
0,7559200
0,7469800
0,7620400
0,7625400
1,7656300
0,7626900
1,7700300
0,7627300
1,7663500
0,7628900
1,7679200
0,7624700
0,7684400
0,7625300
1,7673100
0,7807800
1,7463500
0,7377500
0,7457000
1,7369900
0,7317400
1,7931900
0,7538100
0,7959000
1,7780600
0,7959000
1,7995100
1,7411500
1,7403000
0,7988200
0,7645100
1,8191500
0,8238600
0,9383100
0,8701700
1,8555700
1,8636200
1,8342400
1,8300000
1,8022600
1,7737400
0,7788600
1,7793400
0,7788000
1,7827700
1,7788000
1,7916500
1,7785000
1,7804200
1,7777700
1,7843800
0,7788800
0,7868600
1,7732100
0,7553100
0,7469100
0,7548800
0,7472800
1,8287100
1,7533900
0,7612000
0,7564500
0,7840600
1,7496100
1,7929600
1,7571600
0,7839500
1,7605000
0,7786400
0,7631800
0,7689400
1,7630900
1,7703900
1,7622600
0,7685100
0,7642700
0,7682000
1,7619100
0,7767600
0,7644100
1,7559300
1,7469500
1,7519800
1,7498400
0,7531200
1,7460700
0,7659200
1,7498200
0,7719000
0,7880000
1,7521500
0,7494600
0,7705300
0,7474900
0,7688200
1,7486800
1,7590800
0,7471400
1,7470200
1,7563800
0,7512500
1,7846900
1,7489500
0,7563200
0,7473700
0,7700400
1,7566700
1,7593300
0,7955400
1,8663900
0,8187700
1,8536800
0,7725500
1,7534000
1,7951200
0,7777800
1,8364700
1,8118800
1,8231400
1,7733700
0,7633400
1,7710200
0,7641800
0,7929500
1,7727300
0,8798600
0,9004800
0,8509900
0,8702800
1,8091000
0,8253900
0,7871700
1,7802300
1,7823500
1,7815000
0,7789700
1,7816900
1,7802000
1,7787400
0,7789900
1,9282500
0,7806800
0,7955500
0,7792900
0,7828800
0,7792000
0,7801400
0,7785600
1,7965700
1,7763900
1,7835000
1,7782200
1,7835800
1,7784300
0,7833500
1,7778000
1,7669000
0,7765300
0,7831800
0,7471700
0,7790600
0,8002400
1,7744200
0,7735600
1,7614600
0,7470600
0,7585400
1,7467800
0,7557600
1,7560500
0,7683000
0,7639400
1,7690400
1,7604700
1,7694400
0,7661000
0,7702500
1,7641800
0,7871900
0,7647200
1,7682500
0,7627500
0,7766900
0,7395500
1,7589800
1,7395800
1,7423800
1,7396100
1,7434500
0,7413700
0,7523600
1,7426800
1,7316500
0,9556800
0,8010800
1,7484600
0,7794200
1,7627400
1,7624400
1,7806200
0,7626100
0,7692800
0,7626200
0,7711100
1,7622000
1,7700300
0,7626600
0,7885000
1,7599800
1,7660300
1,7558900
0,7545100
0,7468800
1,7664100
1,7466700
0,7639600
1,7489000
0,7785400
1,7719300
1,7584000
0,7476100
1,7627700
0,7628500
0,7731800
0,7628800
0,7887100
0,7646500
1,7819800
0,7629600
1,7678900
0,7932800
0,7681900
0,7628100
0,7674500
0,7642200
1,8324200
0,7630700
0,7680900
1,7656900
1,7696700
0,7626200
0,7681300
0,7666600
1,7838700
1,7628500
1,7661900
1,7659900
1,7748500
0,7355800
0,7515300
1,7412800
1,7541400
1,7318800
1,7459900
0,7398100
1,7375900
0,7418800
0,7704500
0,7550900
1,7398700
0,7411900
0,7381500
1,7444700
1,7375100
1,8388000
1,7537800
0,7739400
1,7456000
0,7802600
1,7351000
0,7434800
1,7377500
0,7413400
1,7586800
0,7669400
0,7627200
1,7668800
1,7711800
1,7690500
1,7627800
1,7680300
0,7626200
0,8160200
1,7632700
1,7698300
1,7777200
1,7669800
0,7606600
1,9070600
0,7550900
1,7662200
1,7742500
0,8067700
1,7917200
1,8565300
0,8725700
0,7549900
1,7493100
0,7546700
1,7515300
1,7682300
1,7638200
1,7678500
1,7602200
0,7759100
1,7636200
1,7676900
0,7630700
1,7775200
1,7800300
0,7682400
1,7619400
1,8739400
1,7893400
0,8401200
1,8297900
1,8544400
0,8523500
0,8261700
0,8419700
1,7574800
1,7454800
1,7607500
0,7489300
1,7556700
0,7603900
1,7825000
0,7715900
1,7864500
0,7670900
0,7737200
0,7686600
1,8410900
1,7682000
1,7700400
1,7684700
1,7753800
1,7640000
1,7725300
0,7687100
1,7724600
1,7641300
1,7719600
0,7685200
1,7840900
1,7655500
1,7911700
0,7915900
1,7847800
0,7670600
1,7744000
0,7671700
0,7925100
1,7794800
0,7798400
0,7662200
0,7804000
1,7680100
0,7798700
1,7868900
1,8046700
1,7680400
1,8103400
1,7661300
0,7715300
1,7645600
0,7752500
1,7639200
1,7828900
1,7663000
0,8279200
0,7669500
1,7804800
0,7651900
1,7749100
1,7662000
0,7709300
1,7348300
0,7576500
1,7428000
0,7522400
0,7345600
0,7630500
1,7414500
1,7465200
1,7351900
1,7466300
1,7681300
1,7397800
0,7488900
0,7460500
0,7505500
1,7420500
0,7564000
0,7446200
1,7529100
0,7426400
1,7380500
0,7447200
0,7474100
0,7427800
0,8290600
1,7855500
1,7730900
0,7667400
0,7765400
0,7648800
0,7739300
0,7674700
1,7867500
0,7649600
1,9515100
0,8232500
1,8177100
0,7665700
1,7805100
1,7334500
0,7655100
1,7417300
1,7428400
1,7484300
1,7498700
0,7637500
1,7627400
1,7376500
1,7640900
1,7383000
1,7517400
1,7387800
0,7619700
0,7548700
0,7729900
1,7492300
0,7783600
0,7549100
0,7767900
1,7495200
0,7629300
0,7548400
1,7782400
0,7487900
0,7636900
0,7531800
0,7503600
1,7335900
1,7493700
0,7453100
0,7406700
1,7486900
1,7418100
1,7562300
0,7434200
1,7417300
0,7444000
0,7604800
0,7500000
1,7398500
0,7458100
0,7491900
1,7340800
1,7520600
0,7425100
1,7568700
1,7401100
1,7444300
0,7428300
1,7523300
0,7424400
0,7631800
0,7441300
1,8445100
1,8024100
0,7604700
0,7409200
1,7579900
1,7418300
0,7462200
1,7544000
1,7639200
0,7585200
1,7417300
1,7459800
1,7585400
1,7732800
1,7677000
0,7711200
1,7646400
0,7738600
1,7679800
1,7784200
1,7661000
1,7925500
0,7691800
1,7748800
1,7619100
0,7725300
0,7583600
0,7618100
1,7491100
1,7602200
0,7563400
1,7604300
1,7514000
0,8076300
0,8592700
1,8876200
1,8685200
1,8370200
1,7861100
0,7926300
0,7871700
1,7863600
1,7817500
0,7832500
1,7867300
0,7858100
1,7840900
1,7806300
1,7869600
0,7868200
0,7842700
1,7656100
0,7717200
1,7676700
0,7742400
0,7673300
1,7698800
1,7681700
1,7692100
0,7667400
1,7707300
0,7669100
0,7752700
1,7863500
1,7431200
0,7430600
1,7419700
1,7699800
0,7493200
0,8326800
0,7449100
0,7668300
0,7492700
0,7446200
1,7613700
1,7753300
0,7636000
1,7711900
1,7670200
1,12175300
0,7690500
1,7811800
0,7668200
1,7946500
1,7639900
1,7776000
1,7617400
0,7865900
1,7929500
0,8013800
0,7820400
1,7862300
0,7626000
0,7682900
0,7626300
0,7702100
0,7624600
0,7753800
0,7722000
1,7743300
1,7632800
0,7694600
1,7629300
0,7693100
1,7629000
0,7703300
1,7600600
1,7822900
1,7634300
1,7694100
0,7641200
1,7827500
1,7627200
0,7800100
1,7656500
0,7509700
0,7379900
0,7460200
0,7335200
1,7673400
0,7381900
1,7477800
0,8918300
1,8738900
1,8054800
0,8808600
1,8966200
0,8595300
1,7791700
0,7701000
0,7726700
1,7624000
1,7717400
0,7663100
1,7676300
0,7625700
0,7681400
1,8017100
1,7711700
1,7618200
1,7866800
1,7802900
1,7814400
1,7806600
1,7813200
1,7788700
0,7801400
0,7787400
0,7817200
0,7814200
0,7800700
0,7793000
0,7816900
1,7695600
1,7680900
0,7629900
0,7686900
1,7633800
1,7700900
1,7635100
0,7768600
0,7625200
1,8035900
1,7658400
0,7645200
1,8311600
0,7495700
1,7699400
1,7494600
0,7534600
0,7471900
1,7537800
1,7465500
1,7548100
1,7458400
0,8539400
1,7502700
1,7579300
1,7461300
1,7504600
1,7415200
0,7428400
1,7386100
0,7429700
1,7458900
1,7376300
0,7384900
0,7439400
1,7387000
0,7527100
1,7384500
1,7478900
0,7846900
0,7485800
1,7380700
0,7442600
1,7400600
1,7315100
1,7454700
1,7380000
1,7477600
0,7318500
0,7511600
0,7379700
0,7651200
0,7322900
0,8572600
1,7847900
0,8045200
0,7874000
1,7856000
0,7380900
1,7513200
0,7380100
1,8471400
1,7710000
0,7558000
0,7460200
1,7878200
0,7628800
1,7692300
0,7624700
1,7823200
0,7626500
0,7720000
1,7596200
0,7686300
0,7622300
1,7863200
1,7631600
1,7683100
1,7675500
1,7446500
1,7372400
0,7507100
0,7337000
0,7634800
0,7380900
1,7459300
1,7355500
0,7766900
0,7577400
1,7625400
0,7343400
1,7550400
1,7556800
0,7656100
0,7567200
1,7768400
1,7495800
0,7467000
0,7601800
1,7485100
1,7545700
1,7481000
0,7544200
1,7532500
0,7590700
1,7527300
0,7569900
0,7471800
0,7594500
0,7471200
0,7543400
1,7465400
0,7628700
0,7470600
0,7738000
0,7610600
0,7705600
0,7563800
1,7599500
0,7471400
1,7579300
1,7528900
1,8171200
1,7791500
1,7573300
1,7511800
1,7655200
1,7494100
1,7928400
0,7501000
1,8034800
0,7531900
0,7685100
1,7607000
0,7702200
0,7624900
0,7683400
1,7621900
1,7696300
1,7615000
1,7873100
1,7659700
1,7737000
0,7671200
0,7788600
1,7380000
1,7474100
0,7426600
1,7413700
0,7787600
0,7480300
0,7471600
1,7434700
1,7517300
1,7431100
1,7509300
1,7413000
0,8343100
1,8599400
0,9111400
0,8754300
0,8737100
1,8115000
0,7632300
1,7695100
0,7652200
0,7683800
0,7628400
0,7684400
1,7639800
1,8022600
0,7795500
1,7797600
1,7768200
0,7797300
1,7783000
0,7839700
1,7793800
0,7797100
0,7787400
1,7800600
1,7779700
0,7799600
1,7469000
0,7514800
1,7541000
1,14758900
1,7658900
0,7531100
1,7321900
0,8031400
0,7876700
1,7559600
0,7474100
1,7515200
1,7549600
1,7735600
0,7718000
0,8047800
1,7937300
0,7804800
0,7626800
0,7675300
0,7644600
0,7688000
0,7755600
1,7677500
1,7619400
1,7743200
1,7696100
0,7926700
0,7631300
0,7705100
0,7631400
0,7698100
0,7631000
0,7629600
0,7690000
0,7638300
0,7688500
1,7627400
0,7615200
1,7497800
0,7630800
0,7472900
0,7526600
0,7486400
1,7529400
0,7469600
0,7520000
0,7516400
0,7531900
1,7455100
1,7542500
0,7511200
1,7454500
0,7379100
1,7555600
1,7404200
1,7401400
1,7374400
0,7583600
1,7399300
1,7389000
0,7731300
1,8153200
1,7411900
0,7606900
0,7476300
1,7464900
1,7575600
0,7474800
0,7888900
1,8238600
1,8660800
1,8428000
0,8987000
1,8297800
0,8398300
1,8312600
0,7704800
1,7828800
1,7802500
1,7804600
1,7793600
1,7785500
1,7784300
0,7795300
0,7787100
0,8493600
0,7889300
0,7817400
1,7802900
1,7701300
0,7624300
1,7804900
0,7640300
0,7683000
1,7634200
0,7685400
1,7636500
0,7681900
1,7614400
0,7675700
0,7642700
0,7685100
1,7412700
1,7965300
0,7400700
1,7428100
0,7381900
1,7467400
1,7413800
0,7394200
1,7383700
1,7446000
1,7386800
1,7477800
0,7413900
0,7895000
0,7488500
0,7471800
0,7561700
1,7463900
1,7554700
0,7472500
1,7562200
0,7499100
0,7558600
1,7458800
1,7530700
0,7741700
0,7548300
1,7470600
1,7631800
1,7561300
1,7755500
1,7738900
0,7575800
0,7557800
1,7627700
1,7551400
1,7612700
0,7468400
0,7542600
0,7470200
1,7572500
1,7476300
0,7937600
1,7601500
1,7588900
1,7456400
1,7642800
1,7453200
0,7562100
1,7446100
1,7758600
0,7472400
0,7747100
0,7630900
0,7713800
1,7620300
0,7747100
1,7637500
1,7660600
0,7623300
0,7681200
0,7627800
0,7802900
0,7628100
1,7673800
0,7627900
0,7437800
0,7539400
1,7372400
1,8887400
1,7357300
0,7520900
1,7376300
0,7475300
0,7381900
1,7430400
0,7379400
0,7646400
1,7372500
1,7462300
0,7381800
0,7449000
0,7396700
0,7489400
1,7487800
0,7389200
1,7376700
1,7630400
0,7521500
1,7678700
1,7663200
1,7438500
1,7481900
1,7685400
1,7636400
0,7667600
0,7624400
0,7694100
1,7593300
1,7687100
0,7627600
1,7664900
1,7769000
0,7728500
0,7627000
1,7835100
1,7377600
1,7444300
1,7433400
1,7373800
1,7374300
0,7383100
1,8543400
0,7571500
1,7589100
1,7657100
1,7452700
0,7416400
1,7425100
0,7624500
0,7685200
0,7645400
0,7681800
0,7621400
0,7681000
1,7633400
0,8044400
1,7628300
0,7824700
0,7644000
1,7675700
1,7625700
0,7454200
0,7395200
0,7514600
0,7320200
0,7473700
0,7393900
0,7520500
1,7381500
0,7605800
1,7412300
1,7484900
0,7352400
0,7410700
0,7869100
1,7440200
0,7397400
0,7378800
0,7593900
0,7378700
0,7378300
1,7378900
0,7490100
0,7380900
0,7418300
0,7381100
0,7936100
0,7364900
0,7527500
1,7463200
0,7628900
1,7448200
0,8963800
0,7480300
0,7598700
1,7460900
0,7527900
1,7467100
1,7767800
1,7547500
0,7542300
1,7318000
0,7395300
0,7482500
1,7329500
0,7382700
0,7394500
0,8263800
1,8379700
0,8416600
0,8354100
0,8869000
1,7615300
0,7652600
0,7797400
0,7787300
0,7821300
1,7819900
1,7821400
0,7798400
0,7797400
1,7802100
1,7818200
0,7787900
1,7807500
1,7797700
0,7670000
1,7370500
1,7392900
1,7415400
1,7359300
1,7681700
0,7317900
0,7476600
1,7380100
1,7679600
1,7385400
0,7496300
1,7344000
0,7686800
0,7467800
1,7587100
0,7468000
0,7598000
1,7483600
0,7558800
1,7475100
1,7667300
0,7470000
0,7702700
1,8047900
1,7781600
0,7526700
0,7563500
1,7474700
1,7522600
0,7504700
0,7528600
1,7462300
0,7519900
0,7484300
1,7810500
0,8243100
1,8662800
0,8026200
0,8236600
1,7821400
0,7883000
1,7822900
0,7840400
1,7798900
0,7878000
0,7810600
0,7811400
1,7779100
1,7814500
0,7809400
1,7824900
0,7806200
0,7895700
0,7851400
0,8078500
0,7894600
1,7941200
1,8036900
0,7923400
0,7875500
0,7889800
1,7848300
1,8347600
0,7825600
1,7853800
0,7831900
0,7883000
1,7800100
0,7997900
1,7825000
1,7831000
1,7833400
1,7836400
0,7826900
0,8633600
0,7881500
0,7938400
0,7674100
1,7625400
1,7566400
0,7637700
1,7478200
0,7773600
0,7559000
0,7629200
0,7493800
1,7679700
1,7565900
1,7747900
1,7508000
0,7760100
1,7684800
0,7858500
0,7664200
1,7823600
1,7677900
1,7879600
0,7670900
1,7727700
1,7664500
0,7817000
0,7628700
1,7742900
1,7334900
0,7502600
1,7474000
0,7426200
1,7359300
1,7497500
0,7383800
0,7991400
1,7303700
0,7507900
0,7603700
0,7439600
1,7378700
0,7462700
0,7497400
1,7372100
0,7453400
1,7373500
0,8299800
0,7576500
1,7586900
0,7474200
0,7511700
0,7396500
0,7431600
1,7371200
0,7595900
0,7645100
1,7674000
1,7628700
1,7697400
1,7642900
1,7712400
0,7671200
0,7734500
1,7696000
1,7731400
1,7635300
1,7742900
1,7574600
1,7477700
0,7394900
1,7504900
0,7425100
1,7561900
1,7314100
0,7690100
0,7445000
0,7448600
0,7612500
1,7969600
1,7454100
1,7462400
0,7725100
0,7668300
0,7756700
1,7663300
1,7710100
0,7667300
1,7758900
0,7665700
1,7728400
1,7806400
0,7767000
0,7667700
1,7710400
0,7524700
1,7438400
1,7403200
1,7628100
0,7343900
0,7759900
0,7615900
0,7726400
1,7323100
1,7835100
1,7513800
1,7581300
0,7345300
0,7771900
0,7673000
0,7758600
0,7643900
1,8675100
1,7741400
0,7725400
1,7686100
1,7921400
0,7698600
1,7704300
0,7694100
1,7766800
1,7469300
1,7558000
0,7572600
0,7732800
1,7483800
0,7622300
1,7556000
0,7577500
1,7507900
1,7609600
1,7561400
0,7615800
1,7501000
1,7771700
1,7443600
1,7455700
0,7449500
1,7418500
1,7499200
0,7427400
1,8333200
1,7403300
0,7715700
1,7424000
0,7420200
0,7582400
1,7596700
0,7547200
0,7617900
1,7557200
1,7700000
0,7612100
1,8774400
0,7495800
1,7749300
0,8038300
1,7595800
0,7762700
0,7601200
1,7640700
0,7773000
0,8323600
0,8605500
0,7977200
1,8759500
0,8681700
1,8744800
1,7705700
0,7563000
0,8701600
1,8490100
0,8261600
0,7870800
1,7852000
0,7844300
0,7853100
0,7962700
0,7925000
1,7840700
1,7850600
1,7870400
0,7966600
0,7853300
0,7861800
1,8138500
1,7866700
1,7973500
1,7865200
0,7843800
0,7844800
1,7851000
1,7865200
0,7855700
0,7812400
1,7992200
1,7850500
0,7843300
0,7828400
0,7835700
1,7864300
1,7847100
0,7833600
0,7842500
1,7850400
0,7854500
1,7832800
0,8296200
1,7836200
0,7854700
1,7747300
0,7758500
0,7650500
0,7866400
1,7676200
1,8449500
0,8400800
0,7848100
0,7650800
1,7787700
0,7838800
0,7762300
1,7660600
1,7731700
1,7588600
1,7622800
0,7493900
1,7649800
1,7520200
1,7634300
0,7509700
1,7613000
1,8039500
1,7636800
1,7562100
1,7484700
0,7620500
1,7535900
1,7788700
0,7499300
1,7628200
0,7510500
1,7654300
0,7492600
1,7641000
0,7510600
1,7668000
0,7474400
1,7536100
0,7459300
0,7458100
1,7312900
0,8150600
0,8626200
1,9436800
1,9258700
0,8739200
0,8970400
0,8504300
1,8541900
1,8945800
0,8122000
1,7824900
1,7836800
0,7809000
1,7837900
0,7787300
0,7798600
0,7804000
1,7778600
1,7795400
0,9282300
1,7872200
1,7782900
0,7683400
1,7625700
0,7713100
0,7861000
0,7698500
0,7626600
0,7840700
0,7639400
1,7706200
0,7648900
1,7896300
0,7635100
0,7680700
0,7628400
1,7658600
1,7757500
0,7629500
0,7700800
1,7618800
1,7654600
1,7596200
0,7704900
1,7640700
1,7874100
0,7628200
1,7743600
1,7465000
0,7686200
1,7544500
1,7649100
1,7500000
1,7595400
1,7537700
0,8338600
1,7482200
0,7626700
0,7550800
0,7673500
1,7584400
0,7560100
1,7421800
0,7463000
0,7432400
1,7558200
0,7406200
0,7687700
0,7401300
0,7876500
0,8051900
1,7620400
1,7476300
1,7533700
0,7659500
0,7753000
0,7670200
0,7824600
0,7666900
1,7776500
0,7663900
1,7705300
1,7635300
0,7820300
1,7762400
0,7855800
0,7732700
1,7554600
0,7695300
1,7535200
0,7625900
0,7577000
1,7671400
0,7548000
0,8121900
1,7484300
0,7715300
1,7996200
0,8171700
1,7976000
1,7666000
0,7675100
0,7785900
0,7688300
1,7723000
1,7672900
1,7790700
1,7698800
1,7772800
1,7882000
0,7769000
0,10434800
1,11165800
0,8987100
0,9073900
0,8006300
1,7956100
1,8329900
0,8007100
0,10885700
1,10210100
1,7649700
0,7744300
1,7649500
0,7837300
0,7625900
1,7803000
0,7637000
0,7919200
0,7626300
0,7702100
1,7637200
0,7680600
0,7625100
0,7678200
1,7637400
0,8986100
0,7690300
0,7825600
0,7793100
0,7678500
0,7624800
1,7649100
1,7656000
1,7670900
1,7618400
1,7681200
0,7622800
0,7896200
1,7601100
1,7724900
0,7627800
1,7758900
0,7625600
0,9466800
1,9985000
1,7625900
1,7772000
0,7649900
0,7745400
0,7683100
0,7926300
0,7661800
0,7664000
1,7609600
1,7597900
1,7589500
0,7722100
0,7471900
1,7619900
1,7464700
0,7467500
1,7725200
1,7482000
1,7615000
0,7534700
0,7623900
0,7569800
1,8133900
0,8297600
0,8233400
0,8397300
0,7551200
1,7541500
1,7636100
0,7564600
0,7617200
1,7482700
1,7727400
0,7705800
0,7747300
1,7666400
1,7788100
0,7681200
1,7743400
1,7657100
0,7724600
0,7688200
1,7710300
1,7659900
1,7766100
0,7430700
0,7544100
1,7407100
1,8508200
0,7604100
1,7691200
1,7568500
0,7796500
1,7334600
1,7781700
1,7876900
0,7650700
0,7403400
1,7798800
0,7670700
1,7735800
0,7665700
0,8206900
0,7674000
0,7755500
0,7668800
1,7695300
1,7666600
1,7953900
0,7681100
1,7746800
1,7460700
1,7797500
0,7554600
1,7592300
0,7492600
0,7669900
1,7668600
0,7670200
0,7490700
1,7763200
1,7702000
0,8185800
0,7517200
1,7617000
1,7550900
0,7650400
1,7560600
0,7581200
1,7543000
1,7571500
1,7475900
1,7610300
1,7544400
0,7639100
0,7636200
0,7576700
0,7465800
1,7387500
1,7646000
0,7342600
1,7528700
1,7403900
1,7535700
1,7331000
0,7533200
0,7403200
0,7579100
1,7333900
1,7481600
1,7796300
0,8154300
1,7321800
1,7620100
0,7427100
1,9100400
1,7419200
1,8523900
0,7577300
1,7951800
1,7467700
1,7387300
0,7652700
0,7851200
1,7790800
0,7814600
1,7786600
1,7868300
1,7844600
0,7834600
1,7815500
1,7857500
0,7841100
1,7876600
1,7876500
1,7847400
1,7814600
0,7816300
0,7815200
0,7920900
0,7788500
0,7809500
1,7823100
0,7841800
1,7780700
0,7815800
1,7876600
1,8485500
0,7816500
1,7830600
1,7686300
0,7734500
0,7670800
0,7768900
0,7673300
1,7757100
0,7669600
1,7735900
1,7641600
0,7905900
1,7621400
0,7706900
1,7667300
1,7545800
1,7449600
1,7524700
0,7473300
0,7815600
1,7459700
0,7597600
0,7471900
1,7678800
0,7485700
1,7571300
1,7473500
1,7652200
0,7382300
1,7414700
1,7312500
1,7433700
1,7379000
1,7408500
0,7597800
1,7359000
0,7450000
0,7622100
0,8191600
1,8447500
0,7723700
0,7646500
0,7923200
1,7625400
0,7683300
0,7645000
1,7848300
0,7623300
0,7692900
0,7639100
1,7821800
0,7623700
0,7681700
1,7448900
1,7479800
0,7413900
0,7376100
0,7418000
1,7446000
0,7321800
0,7590400
0,7398600
0,7643600
0,7542600
0,7561000
1,7384500
0,7523900
0,7611100
1,7627500
0,7488500
1,7984700
1,7994300
0,8918900
0,9221300
1,8416500
0,8884200
1,7579100
0,7471000
0,7563900
0,7880500
1,7837700
0,7783800
0,7816600
1,7809600
0,7805900
1,7763800
1,7835800
0,7808300
1,7939600
1,7802800
1,7792300
0,7741600
1,7864200
1,7395300
1,7421700
0,7397700
0,7856900
0,7545800
0,7667900
1,7610700
0,7489200
0,7598200
0,7648500
1,7401500
1,7796200
0,7627000
1,7893500
0,7679700
0,7772600
1,7660700
0,7685100
0,7646200
1,8221000
0,7624200
1,8673500
0,7648100
1,7778400
1,7637100
0,7761600
1,7641800
1,7697500
1,7622600
1,7727200
0,7632200
1,7669500
0,7627600
0,7705800
0,7627600
1,7829700
1,7605700
1,7736600
1,7343200
0,7465200
1,7358900
0,7519000
1,7320200
1,7573400
1,7538800
0,7520000
0,8520800
0,8751300
1,8953000
0,7985900
1,7513600
0,7690700
0,7628600
1,7718600
0,7628600
1,7808800
1,7605700
1,7708200
1,7622100
0,7816600
1,7639500
0,7703900
0,7627500
1,7737100
0,7485100
0,7548400
0,7470500
1,7652100
0,7522900
0,7546000
1,7467500
0,7547000
1,7504100
0,7545800
1,7739800
1,7757400
1,7638200
0,7376700
0,7506600
0,7469500
1,7623100
1,7500100
0,8085100
1,7582100
1,7652400
1,7491600
0,7530700
1,7737400
1,7594700
1,7507700
1,7683000
1,7642600
0,7725800
1,7602400
0,7688100
1,7602000
0,7735200
0,7623700
1,7684900
0,7627400
0,7801200
0,7626500
0,7806000
1,7466200
0,7627700
0,7472100
1,7522600
1,7467500
0,7952900
1,7473700
0,7530200
0,7472000
1,7663400
1,7605100
0,7469800
0,7561800
1,7490200
1,7567100
1,7310100
1,7436000
0,7399300
1,7552200
0,7319800
1,7439000
1,7389100
1,7468500
0,7322900
0,7474000
0,7397200
1,7534800
0,7564000
1,7526800
1,7410200
1,7453400
1,7314800
0,7489600
0,7419300
0,7507100
0,7319900
0,7408900
1,7507100
1,7467800
0,7642000
1,7475200
1,7515700
1,7475100
1,7541500
1,7501400
1,7547400
0,7539700
0,7535800
1,7482700
1,8762200
0,8260800
0,9031200
1,7780400
0,9406700
1,7757600
0,7772800
0,7720300
0,7880600
0,7683800
0,7627400
1,7690400
1,7623300
0,7677400
1,7755200
0,7644500
0,7722300
1,7806600
1,7928700
0,7858100
0,8028000
1,7748000
0,7736200
1,7818800
0,7625600
1,7742400
1,7650100
1,7664200
1,7624700
1,7677000
0,7643300
1,7697400
1,7620800
1,7618100
1,7698200
0,7936800
0,8996000
0,7689100
1,7647700
1,7683800
0,7631100
1,7669200
0,7645300
0,7696500
0,7625900
1,7674300
0,7662200
0,7686500
1,7624500
1,7680300
1,7634100
1,7759200
1,7676500
1,7852700
1,7949800
1,7635800
1,7469900
1,7604400
1,7500100
1,7476700
1,7520600
0,7487300
1,7673500
0,7468700
0,8580300
1,7545700
0,8111500
1,7555500
1,8212500
0,7820500
0,7790800
1,7798800
1,7790800
0,7813600
0,7787800
0,7793400
0,7787400
1,7796200
0,7801100
1,7837100
1,7764100
0,7688200
0,7470500
0,7606200
0,7471700
1,7572000
0,7472400
0,7465400
1,7536600
1,7500300
1,7533800
1,7461800
1,7705500
0,7488200
0,7536500
1,7373300
1,7513100
1,7895600
1,7565100
0,7380700
0,7449400
1,7544500
1,8196200
0,8578500
1,9048300
0,8680600
0,9195600
0,8162000
0,7826400
1,7807000
0,7797300
0,7847500
1,7806100
0,7819500
0,7800200
1,7822100
0,7806800
0,7826300
1,7783600
1,7982700
1,7803200
0,7812900
0,7800600
1,7845200
0,7808100
0,7947700
1,7816700
1,7840700
0,7806000
1,7830100
0,7804300
1,7828300
1,7702100
0,7803100
0,7674100
0,7928400
0,7628200
0,7978900
0,7677200
0,7675700
0,7625300
0,7675900
0,7736200
1,7861300
1,7626300
0,7687900
1,7640400
0,7945600
1,7619700
0,7689200
1,7663100
0,7674700
0,7625500
0,7688500
1,7643100
1,7681200
1,7614100
0,7857900
0,7949000
0,7864800
1,8115900
1,7676200
0,7650700
0,7703100
1,7620900
0,7757900
0,7628500
0,7780700
1,7623900
0,7790800
0,7629400
1,7685400
1,7623600
1,7719000
0,7627300
1,7716300
0,7634800
0,7703800
1,7623100
0,7674300
0,7621700
1,7734100
1,7732700
0,7792700
0,7629900
0,7703900
1,7615400
1,7869700
1,7620000
0,7696400
0,7627600
0,7686200
0,7626500
0,7675900
0,7624400
0,7880100
0,7627700
1,7695900
0,7632300
0,7700900
0,7634400
1,7807400
1,7635500
0,7827400
1,7649800
0,7766900
1,7759900
0,8033100
1,7732400
0,7744000
1,7645200
0,7804000
0,7664400
1,7754000
1,7619500
0,7688700
1,7646100
0,7697800
1,7622800
1,7756600
0,7642800
1,7717500
0,7626300
0,7672600
1,7391100
1,7370200
1,7356200
1,7391400
1,7566800
1,7316600
1,7454900
1,7383800
1,7484000
0,7466200
1,7643900
1,7492100
0,7813900
1,7778200
1,7511100
1,7456800
0,7579900
0,7470900
1,7535300
1,7466500
0,7651600
1,7443300
1,8813500
0,7648000
1,7543000
1,7595500
1,7593900
0,7540100
1,7750300
1,7677900
0,7641800
0,7470500
0,7751300
1,7451800
0,7530400
1,7475500
1,7539200
1,7444100
1,7532500
0,7469500
0,7487100
1,7656900
0,7476000
1,7699600
0,7566800
0,8379200
1,7538900
1,7768500
1,7499400
0,7547400
1,7623300
1,8397900
1,7720500
0,7695700
0,7666400
1,7745300
0,7644000
1,7749800
1,7641400
0,7712400
1,7639800
0,7783400
0,7675300
0,7777400
1,7629300
1,7961400
0,7651100
1,7701700
0,7634400
0,7768100
1,7628000
1,7672400
0,7628400
0,7920300
1,7675100
1,7880800
1,7878200
0,7860300
0,7999900
0,7802800
1,7696100
1,7715100
1,7637400
0,7686600
0,7626100
0,7761400
1,7654800
1,7835400
1,7668800
0,7891200
0,7727300
1,7799000
0,7784200
1,7805900
1,7805600
0,7812200
0,7788000
0,7913400
1,7867400
1,7807400
1,7790700
0,7827300
0,7810100
0,7762900
1,7616100
0,7707900
1,7615000
1,7691200
1,7619500
1,7691000
1,7617000
0,7698400
1,7623300
1,7698200
1,7875400
0,7686200
1,7576900
0,7602300
0,7474400
1,7591300
1,7709700
0,8040400
1,7575100
0,7512400
0,7580600
1,7464000
0,7667300
0,7470500
1,7781900
0,7578300
1,7811400
0,7625200
0,7676400
0,7645600
1,7687500
1,7624200
1,7678900
0,7659000
1,7746600
0,7625400
0,7684100
0,7644400
1,7633400
0,7616300
0,7394900
1,7370100
1,7525600
0,7319200
0,7575500
1,7401800
0,7537100
1,7311500
1,7536500
0,7393100
0,7526000
0,7654400
1,7545700
1,7521900
1,7490400
1,7459700
0,7610200
1,7540100
1,7766900
0,7558300
0,7472600
0,8006300
1,7441100
0,7661000
1,7470100
1,7642900
0,7470300
1,7546500
0,7473500
0,7572900
0,7550400
1,7729700
0,7467500
1,7637100
1,7466300
1,7539000
1,7630400
0,7538800
0,7467000
0,7540100
1,7466700
0,7550600
1,7466100
1,7529700
0,7484300
1,8109100
1,7704800
1,7639900
1,7592300
0,7648600
0,7469700
1,7618600
1,7519600
0,7536400
0,7471700
0,8009100
0,8070500
0,8543800
0,8623700
1,7564500
1,7502400
0,7559800
1,7465600
1,7685400
0,7593800
1,7788200
0,7629400
1,7683100
1,7658700
1,7672000
0,7624300
0,7679500
1,7657300
1,7658500
1,7686600
0,7727100
1,7777500
1,7760700
0,7475100
0,7675100
1,7464400
0,7513100
1,7443000
0,7470300
0,7811800
1,7464400
0,7632600
1,7515400
1,7858100
0,7624300
1,7575800
1,7476100
1,7521300
0,7471700
0,7531700
1,7465200
0,7567000
0,7471200
1,7556000
1,7491500
0,7514900
1,7632500
1,7526200
1,7546400
0,7407500
1,7374600
0,7729500
0,7462200
1,7569500
0,7352000
0,7553500
1,7372200
1,7314600
0,9334100
0,9183100
0,8850000
1,8664100
0,7824800
0,7825900
0,7788100
1,7798800
0,7785700
1,7840600
1,7758700
0,7802000
0,7785900
1,7842400
1,7790200
0,7804700
0,7687700
1,7843900
0,7622500
1,7671700
1,7601500
0,7713100
1,7597400
0,8312200
1,7631100
1,7673900
0,7627900
1,7765000
0,7628100
1,7785300
0,7628000
1,7682200
0,7621600
0,7765800
0,7626300
0,7721500
0,7626400
1,9988600
0,8539900
0,7629400
1,7694900
1,7702500
1,7321500
1,7505700
1,7508300
1,7588400
0,7323200
1,7579900
1,7392100
1,8699500
0,7328300
0,7559500
1,7400800
0,7796400
1,7299600
1,7551800
0,7489300
1,8240800
0,7558500
0,7548800
0,7514100
1,7550800
1,7476800
0,7570600
0,7490400
0,7543300
1,7466700
1,7553000
1,7488300
0,7985000
1,7660900
1,7686900
0,7526000
0,7643700
1,7465500
1,7597000
0,7851100
0,7731400
0,7471800
1,7553500
1,7467300
1,7630800
1,7617600
0,7689500
0,7645900
0,7669600
0,7621000
0,7690700
1,7616600
0,7689200
1,7667000
1,7691500
1,7763200
0,7865400
1,7631300
0,7700400
1,7640500
1,7623800
1,7677900
1,7694900
1,8033500
0,7889700
1,7967100
0,7886900
0,7683100
1,7839100
0,7636400
0,7792500
1,7785900
0,7939700
0,7791100
1,7804800
1,7780500
1,7797300
1,7800200
1,7770900
1,7786000
0,7924700
1,7825300
1,7819200
1,7663500
0,7686700
0,7642800
0,7735100
0,7626600
0,7778800
0,7642600
0,7792400
0,7627400
0,7627100
0,7706200
1,7622500
0,7733800
0,7420900
0,7484700
1,7361600
0,7382500
1,7385200
0,8377700
0,7528900
0,7732000
1,7472600
1,7531000
0,7379000
0,7405800
1,7381300
0,7563700
0,7734300
1,7680300
1,7475400
1,7562200
1,7470600
0,7531800
0,7471100
0,8137100
0,7964900
0,7747300
0,7472700
1,7586300
1,7710700
1,8568400
1,7767900
0,7696700
0,7623600
0,7682200
0,7643200
0,7821500
1,7611000
1,8062000
0,7643000
0,7681700
0,7623100
0,7690000
0,7647100
1,7728400
1,7621000
1,7696000
0,7643100
0,7826600
0,7637600
0,7691800
1,7644700
1,7888300
0,7760000
0,7721700
1,7681200
1,7664500
0,7627100
1,7814700
0,7646700
0,7690400
1,7613800
0,7678500
0,7640500
1,7730300
1,7624400
0,7892600
1,7654700
1,7558900
0,7495200
1,7328400
0,7439000
0,7480900
0,7479000
1,7315400
0,7560400
1,7387300
1,8808400
0,8518600
0,8665100
0,9132100
0,7794100
1,7831200
0,7788600
0,7801700
0,7786900
1,7825800
0,7790300
1,7791000
0,7804200
1,7785100
1,8342500
0,7803100
0,7759800
1,7521900
0,7471900
1,7533600
1,7750900
1,7534400
1,7472300
1,7465900
0,7551400
1,7447000
1,7581700
1,7520000
0,7871200
1,7465100
1,7535500
1,7471900
0,7602900
0,7473400
0,7548000
1,7463200
1,7548800
1,7501300
0,7669900
0,7611200
1,7617400
0,7653900
1,7586000
1,7463600
1,7565100
0,7467500
1,7536900
0,7498900
0,7791000
1,7836500
1,8046000
0,7504300
0,7736100
0,7470800
1,7529600
1,7617500
1,7709000
0,7709900
0,7682700
1,7627100
0,7707800
1,7598200
0,7825800
0,7626600
0,7720500
1,7622500
1,7691700
0,7642100
1,8027000
1,8047400
0,8923100
1,8499900
0,9329300
0,8972900
1,8783700
1,7677600
0,7738300
0,7668600
1,7767300
1,7644100
0,7736400
1,7775300
0,7876400
1,7807500
0,7846900
0,7826400
1,7873800
1,7820800
1,7840600
1,7807300
1,7874000
0,7828400
0,7858200
0,7812600
1,7671400
0,7420200
1,7574000
1,7339700
0,7650000
1,8798200
1,7876100
1,7412700
0,7588200
0,7419200
0,7703100
0,7365900
1,7879100
0,7632800
0,7851200
0,7707000
1,7713000
1,7653700
0,7719200
0,7694400
0,7721500
0,7662800
1,7737700
1,7678900
0,7738100
1,7657100
0,7597000
0,7537900
0,7512900
1,8088000
1,7784800
0,7443000
1,7505000
1,7342100
0,7637100
0,7435000
1,7740800
1,7342000
0,7984300
0,8254800
0,7743900
0,7710700
1,7907700
1,7708400
0,7715400
0,7669700
1,7732800
0,7666100
1,8321500
0,7720200
0,7902700
0,7825400
0,7779300
1,7641200
0,7875800
1,7647700
1,7822400
0,7664800
0,7782900
0,7665700
0,7753100
0,7672100
0,7785000
1,7851100
0,7792600
1,7661300
1,7742800
0,7702600
1,7687600
0,7669300
1,7736400
1,7660300
1,8760600
1,7680400
1,7779200
0,7788400
1,8077100
1,7969700
0,8283900
1,8184200
1,8225400
1,7820300
0,8040500
1,7748300
0,7733800
1,7684000
1,7748500
1,7656900
1,7806300
1,7695800
0,10871900
1,7965900
0,7941900
0,8105300
1,7929100
0,8592000
0,7968700
1,7984500
0,7734200
0,9257200
1,8825300
0,7821700
0,7808800
1,7871400
1,7798900
1,7780100
1,7783400
0,7810200
1,7775800
0,7829300
0,7787800
0,7816500
0,7788600
0,7805300
0,7787400
1,7957900
1,7621000
0,7685300
1,7614000
1,7727500
1,7621000
1,7663600
0,7642600
0,7699000
1,7623200
1,8056400
0,7644700
1,7688400
0,7375400
0,7459600
1,7488200
0,7435300
0,7381200
1,7442200
1,7391100
0,7522000
1,7376700
1,7410700
1,7667000
0,7834900
1,8039500
1,7716000
1,7504700
0,7640400
0,7477100
1,7513700
1,7489900
1,7603500
1,7561600
0,7471000
1,7570600
1,7474600
0,7615600
1,7465200
0,7556000
1,7462000
0,7588000
1,7464400
1,7525500
1,7440700
1,7615400
0,7470800
1,7578800
0,7472100
0,7624000
1,7472000
1,7630900
0,7475500
0,8112800
1,7961000
1,8606200
1,8790600
1,7602900
1,7318400
0,7564800
0,7383400
1,7549200
1,7324000
1,7699900
1,7648300
1,8053500
1,7820700
1,7811500
0,7788000
1,7815400
0,7828100
1,7786100
0,7786300
1,7911600
1,7817400
0,7803100
0,7787300
1,7799300
1,7737700
1,7671000
0,7625900
1,7667500
0,7641100
1,7661800
0,7624300
0,7675700
0,7637900
1,8200700
1,7631200
1,7812900
1,7619900
1,7620200
1,7448800
0,7720400
0,7419800
0,7577100
0,7383500
1,7406000
1,7381700
0,7588100
1,7354400
0,7575100
0,7393300
0,7514400
0,7383800
1,7433000
1,7396400
0,7485100
1,7334700
1,7371100
0,7521100
0,7381100
1,7369800
1,7385600
0,7471900
1,7393300
0,7422700
0,7378900
1,7467500
0,7337400
1,7784000
0,7382900
1,7462900
0,7379100
0,7377300
0,7384300
1,7508600
0,7382100
1,7467200
1,7368800
1,7489800
0,7383000
1,7621400
1,7374800
1,7358500
0,9052600
0,7663100
1,7412400
1,7756100
0,7448900
0,7323500
1,7548900
0,7400300
0,7579900
0,7341300
1,7669900
0,7638600
1,7842500
1,7597900
1,7681600
0,7641500
0,7690800
0,7625800
1,7668800
0,7641400
1,7757600
0,7680200
1,7657100
0,8024300
1,8142200
0,7661200
1,7535000
1,7318400
1,8055000
1,7378100
0,7518800
0,7320800
1,7530800
0,7380600
1,8184100
1,7338400
1,8080500
1,7603800
1,7684400
0,7624500
1,7690300
1,7611700
0,7683800
1,7617200
0,7681600
0,7628900
1,7683300
0,7625400
1,7718100
1,7481000
0,7595600
0,7604100
0,7506600
0,7502500
0,7486000
1,7520700
0,7469300
0,7524400
1,7473300
0,7577300
0,7618100
0,7618800
0,7684300
1,7602500
1,7469700
1,7503900
0,7509000
0,7526400
0,7468500
0,7977000
0,8004400
1,7687800
1,7615400
1,7616200
0,7749100
1,7597700
1,7619100
1,7685100
1,7624000
0,7683800
1,7621000
0,7702200
1,7626500
1,7673500
0,7624200
1,7689000
0,7716100
0,7692000
1,7543700
0,7592100
1,7317700
1,7447900
1,7374500
1,7331100
0,7446700
0,7382700
1,7451300
0,7364100
0,7623000
1,7358400
1,7540800
1,7310800
1,7983700
1,8483700
0,8755900
1,9100200
0,8684200
1,8690700
0,7469500
1,7404100
0,8106300
1,8314900
1,9074200
0,8622700
0,7824300
1,7819900
0,7815100
1,7782900
0,7788600
1,7893100
1,7800300
0,7814900
0,7788000
1,7788800
1,7802300
1,7812200
1,7817900
1,7689000
0,7642300
0,7892500
0,7628800
1,7726800
0,7628600
1,7683300
0,7628000
0,7730000
1,7625200
0,8802500
0,7710400
1,7692700
0,7629200
0,7748600
0,7627700
0,7712600
1,7640300
1,7727800
0,7627800
0,7699400
1,7614300
1,7757900
0,7633400
0,7651300
1,7619000
1,7612000
0,7679800
0,7552500
0,7634100
0,7470000
1,7551900
0,7493600
1,7537300
0,7473000
1,7566100
1,7491200
1,7527800
1,7511100
1,7376300
1,7481200
0,7587700
0,7383800
1,7526000
1,7368100
0,7453100
1,7373300
1,7383100
1,7431400
1,7518500
1,7311700
1,7471700
0,7417400
1,7456800
0,7324600
0,7379500
0,7510900
1,7374500
1,8638800
1,8482500
1,8674300
1,8064200
0,7379600
0,7922400
0,7475500
0,7835700
0,7623900
1,7684000
0,7625000
1,7659100
0,7621900
1,7940500
0,7632500
1,7715000
0,7669000
0,7795500
1,7885300
0,7729000
0,7672400
0,7945100
0,7721100
1,7719800
0,7646400
1,7937200
0,7667400
1,7782000
1,7654600
0,7754800
1,7682300
0,7826200
1,7668000
1,7734000
1,7657800
1,7729800
1,7704800
1,7763500
0,7668000
0,7763100
0,7690200
0,7715400
0,7674100
0,7792800
1,7698400
1,7717200
1,7530600
1,7825800
0,7625700
0,7588600
0,7536300
1,7626700
0,7558400
0,7546300
0,7589600
1,7553900
1,7638600
0,7540200
0,7620400
0,7438000
0,7639700
1,7620000
0,7419800
1,7433200
1,7633000
0,7428100
1,7398500
1,7417800
1,7539000
1,7604200
1,8180300
0,7458700
0,7771600
1,7517700
1,7554100
0,7553100
0,7671400
0,7550100
0,7635300
0,7489900
1,7683200
0,7552400
0,7657200
0,7598300
1,7624700
1,7628900
1,7459800
0,8283200
0,7510200
1,7416600
1,7812400
0,8344200
0,7756300
1,7494600
0,7621300
1,7333700
0,7380600
1,7739800
1,7418700
0,7877800
1,7627200
1,7603900
0,7471000
0,7732500
1,7546500
0,7547900
1,7467100
0,7598000
1,7464000
1,7788000
0,7468700
0,7714100
0,7498700
1,7676200
1,7537400
0,7597300
1,7483100
1,7626400
0,7542100
1,7689700
1,7563200
1,7754200
0,7542200
0,7983700
1,7593800
0,7611600
1,7541400
0,7656900
1,7538000
1,7638800
0,7548400
1,7748900
1,7547500
1,7536800
1,7547700
1,7602100
0,7670500
1,7637600
0,7813000
1,7564100
0,7628000
1,7538400
0,7560400
0,7556800
0,7617300
1,7524700
1,7604300
0,7562700
0,7613100
1,7564300
0,7959300
0,7717200
1,7728400
0,7664300
0,7867800
0,7663200
0,7720600
1,7659300
1,7755400
0,7656800
0,8063100
1,7773500
1,8462000
1,7716300
1,7703500
0,7626700
1,7665300
0,7724900
0,7665100
1,7631500
1,7758500
0,7629600
1,7680600
0,7644700
0,7699300
0,7628700
0,7732200
0,7548200
1,7692400
1,7467300
0,7550800
1,7464600
1,7647200
0,7470900
0,7527400
0,7470100
1,7564300
1,7469600
0,7525200
0,7471700
0,7655400
0,7377800
1,7656800
0,7382200
0,7533800
1,8401500
1,8671100
1,8655000
0,9193800
0,8751500
0,8886800
0,7416800
0,7700400
1,7799900
1,7792800
1,7799400
1,7802100
0,7815200
1,7805900
1,7811200
1,7834600
0,7814300
1,7862100
1,7803400
0,7807400
1,7689900
1,7708100
0,7626200
0,7689100
0,7631100
1,7709000
0,7626500
0,7688000
1,7620200
1,7703800
0,7762000
1,7929500
0,7625800
1,8519700
1,7758500
1,7829100
0,7511900
0,7559500
1,7460200
1,7608000
0,7574700
0,7536200
0,7567400
1,7576500
0,7472600
1,7570400
1,7597300
0,7686300
1,7643800
1,7689900
1,7631100
1,7682300
0,7639800
1,7686300
1,7617000
1,7716500
0,7643200
0,7817400
0,7629400
0,7604600
1,7393100
0,7593000
0,7579800
0,7661200
0,7405900
0,7417100
0,7395800
1,7379200
0,7547800
1,7338300
0,8520200
0,8816500
0,8627000
1,8158200
0,7629500
1,7800900
1,7649600
0,7693700
0,7628400
1,7811500
0,7645800
1,7719000
0,7631000
0,7702600
0,7893700
0,7681800
1,7612100
1,7687200
0,7626700
0,7730200
0,7629700
0,7721000
0,7629000
0,7685700
1,7617900
0,7643100
1,7904900
1,7681600
1,7527900
0,7486300
0,7542500
0,7471100
1,8269600
1,7692500
1,7503000
0,7604200
0,7472800
0,7490700
0,7637700
0,7469500
1,7529400
1,7511600
1,7789500
0,7470600
1,7565300
1,7503700
0,8305200
1,7473400
0,8115400
1,7586800
1,7544800
1,7473400
0,7557100
0,7491900
1,7530800
0,7382000
1,7897200
1,7398100
0,7459300
1,7375200
0,7719600
0,7404000
1,7873700
1,7380600
1,7418300
1,7417600
1,7607700
0,7363200
0,7549200
1,7771100
1,7525600
1,7461700
1,7605500
0,7488700
0,7501900
0,7580200
0,7473700
0,7545800
0,7472000
0,7527100
0,7467200
0,7479800
1,7408900
1,7442700
1,7309800
0,7455900
1,7378200
0,7636600
1,7313700
0,7476400
0,7379400
1,7419600
1,7316200
0,7411100
0,7566000
1,7865300
1,7397700
1,7399500
0,7487700
1,7362100
1,7533700
0,7398600
1,8595400
0,7565500
0,7519300
0,7469300
1,7469200
1,7411500
0,7695000
0,7632200
0,7683000
0,7626700
1,7742500
1,7601400
1,7681800
1,7618900
0,7842900
1,7623600
0,7705100
1,7605800
0,7718400
0,7325500
0,7501000
0,7392700
1,7603900
1,7323200
0,7445200
0,7382700
1,7817600
1,7325100
1,7449900
1,7349800
0,7856600
0,7586900
1,7733600
1,7618200
1,7655300
0,7834200
0,7674400
1,7709400
1,7750200
0,7735900
1,7636700
0,7734200
1,7662000
0,7744100
0,7824900
0,7598200
1,7563100
0,7616700
1,7518400
0,7588600
1,7548400
0,7602200
0,7492900
0,7695100
1,7578800
1,7561500
1,7678600
0,7603200
0,7507400
0,7698600
0,7444100
1,7508700
1,7431300
1,7435100
1,7304200
1,7454600
0,7404900
0,7548800
0,7322800
0,7707000
0,8298300
0,7889800
0,7611900
1,7597400
0,7514400
0,7544200
0,7472900
1,7464300
1,7651200
0,7470500
1,7735800
0,7476500
1,7543800
1,7471200
1,7576200
0,7320200
1,7417500
1,8190600
0,7568300
0,7341000
0,7470100
1,7368600
1,7499400
1,7334500
1,7601500
1,7463200
1,7443000
0,7322400
0,7541000
0,7578100
0,7487000
0,7322100
0,7591200
0,7379200
1,7420600
0,7413800
1,7769800
1,7381200
0,7478200
0,7530800
1,7397300
1,11273400
1,7588100
1,7579800
1,7671700
0,7506800
1,7696900
1,7677200
1,7638300
1,7481700
0,7630700
0,7562900
0,7614800
1,7551800
1,8218100
1,9105100
0,8404300
0,8926100
1,8383500
1,8511600
1,7679100
1,7566600
1,7610300
1,7585600
0,7607300
0,7423300
0,7818500
1,7823700
1,7857400
1,7808600
1,7970000
1,7828700
0,7879500
0,7807900
0,7856100
0,7851500
1,7850700
1,7823600
0,7855500
1,7704600
1,7807500
1,7667200
1,7749900
1,7662600
0,7737700
0,7702700
1,7754800
1,7657500
0,7734500
1,7670900
1,7846100
0,7732300
1,7901200
1,7566900
1,8419600
0,8274000
0,8392400
1,8524800
1,7540800
0,7616800
1,7508600
1,7504100
0,8296100
1,7532200
1,8102700
1,7819700
1,7845900
1,7820400
1,8022200
1,7814800
1,8352400
0,7850800
1,7875800
0,7844300
1,7874500
1,7831500
1,7912300
1,7894800
1,7829700
0,7952300
1,7806900
1,7837100
1,7814400
0,7840900
1,7825000
0,7988500
0,7817000
0,7864000
0,7806900
0,7879300
1,7707700
0,7771200
1,7684200
0,7762600
1,7664300
1,7959200
1,7858900
0,8835000
1,8971100
0,8160800
0,8300100
1,7883900
0,7769300
0,7868300
0,7874700
0,7835100
0,7848800
1,7827300
1,7813200
0,7849500
0,7851900
0,7868800
1,7830300
0,7840000
1,7867200
0,7705100
1,7719400
1,7660300
1,7486500
1,7588500
0,7552000
0,7600500
1,7548200
0,7574400
1,7554500
0,7651000
1,7487600
0,7572700
1,7518000
1,7493800
1,7429600
0,7596600
0,7408500
1,7550900
0,7342600
0,7509400
0,7422100
0,7521800
0,7348800
1,7525500
0,7465500
1,7416900
0,7444000
0,7911200
0,7668800
1,7553900
0,7514400
0,7909600
0,7603000
1,7626200
0,7342600
0,7353400
0,7702700
0,7518000
1,7543000
1,7615900
1,8007200
1,7715600
0,7742100
0,7906100
0,7705400
0,7794500
0,7738700
1,7651400
0,7773700
1,7809000
0,7758900
0,7637400
1,7729400
0,7650900
1,7687500
0,7627300
1,7717300
1,7639900
1,7812700
1,7616600
1,7680000
1,7636800
0,7692000
0,7782600
1,7922300
0,7697000
0,7488400
1,7377400
1,7428900
1,7374300
1,7420600
1,7378700
0,7379300
0,7380800
1,7475200
1,7370800
0,7538200
1,7733700
0,7507100
1,7459700
1,7527800
0,7470300
1,8560000
1,7475500
1,7656900
0,8534700
1,8163500
1,7536800
0,7695400
1,7465000
1,7785600
0,7602900
0,7918800
1,7628300
0,7676800
1,7616200
0,7692800
1,7614100
0,7684400
1,7621700
1,7689900
0,7630000
1,7688100
0,7627900
0,7571700
0,7383400
0,7431500
0,7385200
1,7710400
1,7430500
1,7473500
1,7444400
1,7390200
1,7532900
0,7322400
0,7430700
0,7401700
1,7473400
1,7314700
1,8753800
0,8072000
0,7827600
1,7820800
1,7728600
1,7671100
1,7859600
1,7610200
1,7634100
0,7657400
1,7703100
0,7681700
0,7718600
1,7863600
0,7734100
1,7671400
0,7777500
1,7630300
0,8076500
1,8082700
1,7742000
0,7700200
1,7619300
1,7708000
0,7653500
0,8588800
1,7616000
1,7692000
0,7644600
1,7788600
0,7628400
1,7776500
0,7749600
0,7687100
1,7645100
0,7697200
0,7628800
0,7597800
1,7593500
0,7334300
0,7406100
0,7382300
0,7717900
0,7579800
1,7937800
1,7379400
0,7510800
1,7446800
1,7569600
1,7391600
0,7917200
1,7667500
1,7721700
0,7664300
0,7730100
0,7704100
0,7731700
1,7668700
0,8875000
0,7775800
1,7923600
0,7839600
1,7941100
1,7979500
0,7881700
0,7711800
0,7850400
1,7686300
0,7881800
1,7707700
1,7798900
0,7674000
0,7739700
1,7677400
0,7883300
0,7741900
1,7866100
0,7669500
1,7997600
0,7650600
0,7741200
0,7663800
0,7881900
1,7937900
1,7810900
1,8078000
1,7742000
0,7664600
0,8015800
0,7833200
0,7864900
1,7844500
1,7931700
1,7804000
1,8012300
0,7836600
0,7943400
1,7857900
0,7850000
0,7832000
0,7896000
1,7810200
1,7725500
1,7476900
1,7698800
1,7556100
1,7677900
1,7484100
0,8660300
0,7579000
1,7620900
1,7483000
1,7627800
1,7560900
0,7678400
0,7642900
1,7728400
0,7689000
0,7736900
0,7665900
0,7823000
0,7689400
0,7737300
1,7667600
1,7725100
1,7679100
1,7744900
0,7658800
0,7734300
0,7493600
0,7804300
0,7544600
1,7676400
1,7508700
0,7761900
1,7541300
1,8915500
0,8754500
1,8204100
1,8319300
1,8030300
0,7963800
1,7951000
1,7957100
0,7797800
1,7838700
1,7790100
1,7814800
1,7806900
1,7910600
0,7788900
1,7797900
1,7781000
1,7808900
1,7781800
0,7823400
0,7787800
1,7823600
1,7778900
0,7833000
0,7788700
1,7786400
1,7763000
0,7965900
1,7777000
0,7849900
1,7355100
0,7905700
0,7384100
1,7537800
0,7554200
0,7707100
1,7680600
0,8222400
0,8116600
1,8589100
0,7999300
0,7600600
0,7562100
0,7727100
1,7616300
0,7711600
1,7667200
1,7723900
1,7620600
0,7693200
1,7630000
0,7755500
1,7617500
0,7840100
1,7716700
0,7678400
1,7547300
0,7633900
0,7715900
0,7648300
1,7539800
1,7480000
0,7646600
0,7550700
1,7621800
0,7489100
1,7624500
0,7791400
1,8452300
1,7832200
1,7686900
1,7664100
0,7744300
0,7693400
1,7766500
1,7672500
0,7771400
0,7687900
1,7709900
1,7662900
1,7742000
1,7904500
1,7727700
1,7771100
0,7707100
1,7681900
1,7867900
1,7648800
1,7729000
1,7700600
0,7739500
1,7656700
1,7709200
1,7881800
1,7729700
1,7397000
0,7573700
1,7440500
1,7495700
1,7416700
1,7522200
0,7447800
1,7457400
1,7392300
1,7423400
0,7445700
0,7492600
0,7342900
1,7498000
1,7457700
0,7503300
1,7429800
1,7338200
1,7540900
1,7566100
0,7751700
0,7339200
1,7505900
1,7427300
0,7614000
1,7346400
0,7470900
1,7386300
1,7822600
1,7346000
0,7536400
1,7412900
0,7674900
0,7341700
0,7590800
1,7421000
0,7493700
1,7406100
0,7577200
1,7423500
0,7473500
0,7636400
1,8239600
1,7846500
1,7790700
0,7401300
1,7490300
1,7481800
0,7537700
1,7352900
1,7464300
1,7423200
0,7482400
0,7497800
0,7568200
0,8455100
1,7610500
1,7528800
0,7542000
1,7745400
0,7551000
0,7673900
0,7491700
0,7576600
0,7539000
0,7805300
1,7391400
1,7886800
1,7421900
0,7527400
1,7318400
0,7605200
0,7401200
1,7714700
0,7597700
1,7687900
1,7343500
1,7440000
1,7316300
1,7626500
1,7587600
0,7830400
0,7779100
1,7603400
0,7476400
0,7625000
0,7465700
1,7475900
0,7550100
0,7487700
1,7660100
1,7461700
1,7537400
0,7487800
1,7525500
1,7481800
1,7548400
1,7480900
1,7520000
1,7470200
0,7565000
1,7479900
1,7615800
1,7464400
0,7845200
1,7756900
1,7751100
0,7322000
0,7515500
0,8812900
1,8363500
1,9059800
1,9257400
1,9208500
0,8652200
0,8942700
1,8268700
1,8290900
0,7833200
0,7823500
0,7789300
0,7929700
0,7785500
0,7814600
1,7758200
0,7787600
1,7776600
0,7833900
0,7804800
0,7936100
1,7662700
0,7746200
0,7624500
1,7689000
1,7616200
0,7703500
0,7625100
0,7796200
0,7623200
0,7706500
0,7629100
0,7747100
1,7627700
1,7586400
0,7382100
1,7503100
1,7316100
1,7488200
0,7381100
1,7377800
1,7390400
0,7396600
0,7728200
1,7316700
0,7481500
1,7403700
0,7462000
1,7323100
0,7466700
0,7714300
1,7421700
1,7310600
0,7468800
0,7402200
1,7544000
1,7319000
1,7518400
0,7417300
0,7494100
1,7345700
0,7492000
1,7396900
1,7791900
0,7446400
0,7491500
0,7837100
1,7374400
1,7453800
1,7373000
0,7516400
1,7352700
1,9304100
0,7679100
0,7719300
1,7647000
0,7749800
1,7666000
1,7718000
0,7666100
1,7728800
1,7700300
0,7746200
1,7661400
1,7740800
0,7689900
1,7848400
0,7479100
0,7760700
1,7521600
0,7408800
1,7418400
1,7718800
0,7405000
1,7412800
0,7382100
1,7767200
0,7625300
1,8260900
0,8644300
1,7880500
1,7674700
1,7739500
0,7628900
1,7687200
1,7640300
1,7658900
1,7623800
0,7706300
1,7622900
1,7689600
0,7627100
1,7883400
1,7640400
1,7664600
1,7625200
1,7706600
1,7624100
1,7679100
1,7620900
1,7704600
1,7601500
0,7685400
1,7620300
1,7702100
1,7741800
1,7714500
0,7800700
0,7453400
1,7314700
0,7639300
0,7416600
1,7483700
1,7407700
1,7395100
0,7597400
1,7388800
0,7394500
1,7376900
1,7853600
1,7467400
0,8184100
1,7685200
0,7654800
1,7598400
1,7551800
0,7469600
1,7501700
1,7457500
0,7528400
1,7462800
0,7677600
0,7534100
0,7552100
0,7472100
0,7654500
1,7487300
0,7536700
0,7471800
1,7531500
1,7461800
1,7554200
0,7473900
0,7502400
0,7587200
1,7442700
0,7389600
1,7379700
1,7499600
0,7320400
1,7422200
1,7373900
1,7489100
1,7317600
0,7468200
0,7408600
0,8081700
1,8245600
1,9137200
1,8903500
1,8199500
0,8271300
0,7685200
1,7649200
0,7684300
0,7623000
1,7663000
0,7637700
0,7703900
0,7626000
0,7784400
1,7710900
0,7806600
1,7781100
0,8170300
0,7807800
0,7833000
0,7790800
0,7808200
1,7799200
1,7798700
0,7787100
1,7804000
1,7804300
0,7742800
0,7548500
0,7718100
1,7557700
1,9355000
1,7718200
1,7655900
1,7793700
1,8076900
0,7730600
0,7612200
1,7612400
1,7538500
1,7585600
1,7699400
1,7482800
1,7585800
0,7510200
0,7627600
0,7491500
0,7759800
0,7547900
1,7611700
1,7540900
0,7590700
1,7549500
0,7625700
1,7393500
1,7414000
0,7548700
0,7535700
1,7399000
0,7548400
1,7423700
0,7832500
1,7449400
0,7517900
1,7539200
1,7928200
0,7975400
1,7894900
0,7639400
1,7781300
1,7627300
0,9018500
1,7729400
0,7674800
0,7638400
1,7691300
0,7662300
0,7714600
1,7756100
0,7818200
0,7933300
0,8848000
0,7932300
0,8066400
0,7920700
0,8122900
1,7951100
1,8483400
1,7878400
0,7981900
0,7928000
0,7866500
1,7835500
0,7801200
0,7833600
1,7834100
1,7831700
1,7817400
1,7825800
1,7812300
0,7807100
1,7789700
0,7936800
0,7838900
1,7836200
1,7810500
0,7896000
1,7838000
0,7950900
1,7827900
0,7859100
0,7806100
1,7795200
0,7787700
0,7823500
1,7784600
0,7810600
0,7704100
0,7699800
0,7626800
0,7685700
1,7639700
1,7700100
1,7619100
1,7901900
1,7604200
0,7712400
1,7645400
1,7728100
1,7622400
1,7863700
0,7473200
0,7533100
0,7745700
1,7548600
1,7443900
0,7682400
0,7470200
1,7481800
0,7540400
0,7474400
1,7610600
1,7488100
0,7575800
0,7513800
0,7672400
0,7510200
1,7521400
0,7506900
0,7686300
0,7541900
1,7504200
0,7472600
1,7596800
0,7486200
0,7567200
0,7471100
1,7610600
1,7464500
1,8337100
0,8295300
0,7638500
0,7476000
0,7586600
1,7442000
0,7560500
0,7566400
0,7568300
0,7470300
0,7627000
0,7497600
0,7872200
0,7942600
0,7709700
0,7504200
1,7627500
0,7472400
1,7546300
0,7470100
0,7470700
1,7938000
1,8400600
0,7596600
0,7690500
0,7631900
1,7643300
0,7690000
1,7615800
1,7749600
1,7657000
0,7680600
1,7626900
0,7687600
1,7656100
1,7676100
1,7621200
1,7463000
0,7396500
0,7486400
1,7321100
0,7483100
0,7395100
1,7417900
1,7327700
0,7442400
0,7398300
0,7483300
1,7335900
1,7914300
1,7669700
0,7635300
0,7655800
0,7473600
1,7585000
0,7420500
1,7335100
0,7437000
1,7397000
1,7430200
1,7324300
1,7642300
0,7393900
0,7881800
1,7619500
0,7676100
0,7639700
0,7694000
0,7629000
0,7624800
1,7729800
1,7644100
1,7806800
1,7619500
1,7686100
0,7625200
1,7805500
0,7626600
1,7705700
0,7629000
1,7677600
1,7627300
1,7853900
0,7668900
1,7646100
1,7727800
1,7680100
1,7617800
0,7692800
0,7614500
1,7538800
1,7460800
0,7523700
0,7480900
0,7539000
0,7471500
1,7629600
1,7473400
1,7505000
0,7466300
1,7621600
0,7496900
0,7628300
0,7401400
0,7597800
0,7594000
0,7544200
0,7380600
0,7381700
1,7484800
0,7321400
0,7444500
1,7387000
0,7571200
1,7559600
1,7603900
0,7842400
0,8403900
0,8309200
1,8002700
1,8490600
0,8209000
1,8328000
0,8759200
1,8934000
1,7683700
0,7743900
1,7676600
0,7788100
0,7800500
0,7821500
0,7803400
0,7909500
0,7804700
1,7889400
1,7788500
0,7839800
1,7794000
0,7801200
0,7786100
1,7860200
0,7695200
1,7678700
0,7768300
1,7712600
1,7662800
0,7715900
1,7672600
1,7697700
0,7660100
0,8509600
1,8185100
0,8953100
1,7869200
1,7898600
0,7878600
1,7893100
0,7850500
1,7841100
0,7879100
0,7846500
1,7862100
1,7965400
1,7845900
1,7798500
0,7927100
1,7855600
0,7845100
1,7836000
1,7877800
0,7835400
0,7775400
1,7774400
1,7829100
1,7843200
0,7839900
1,7833500
0,7983100
0,7942700
1,8309900
1,8052100
0,8760900
1,7851000
0,8183300
1,7854600
0,7842000
0,7792400
1,7798500
1,7789200
0,7905700
1,7816500
1,7930800
0,7864300
0,7928900
1,7802700
1,7833400
1,7779400
0,7842700
1,7827900
1,8257000
0,7875500
1,7900900
0,7851700
0,7844600
0,8076500
1,7820200
1,8398900
0,11161100
1,10821300
1,8641300
0,8037900
1,7834800
1,7812600
1,7853700
1,7826200
1,8041500
0,7875000
0,7911700
0,7861000
0,7835900
1,7793500
1,7874700
0,7840000
1,7832700
1,7832600
1,8311900
1,7894400
0,8032400
1,7982600
1,7987000
1,7979400
0,7979200
1,7856400
1,7856900
1,7860500
0,7860800
0,7971300
0,7889500
0,7851000
1,7978300
1,7840600
0,7857400
1,7841400
1,7963700
1,7925200
1,8191800
1,7837000
0,7828400
1,7816900
0,7956500
0,7831400
1,8275800
1,7802700
0,7824700
0,7808300
1,7824100
1,7793900
0,7808000
1,7765600
0,7804500
0,7804900
0,7810000
0,7797200
0,7969000
0,7823700
1,8316800
1,7820300
1,7523800
1,7674800
0,7803500
1,8039300
1,8551800
1,7904500
1,8210200
0,8245500
0,7552900
1,7581100
0,7541200
1,9331600
1,7692700
0,7741200
0,7634400
1,8000300
0,7923800
1,7742800
1,7642000
0,7757700
1,7682900
0,7689400
0,7624000
0,7677300
0,7645500
1,7691300
0,7624200
1,7692200
0,7641300
0,7693000
1,7596500
1,7680700
1,7502200
1,7623500
1,7627900
0,7863500
1,7609800
0,7686200
0,7655800
0,8075300
0,7312200
0,7462200
1,7432500
0,7558800
0,7326300
1,7530400
1,7379300
1,7391800
0,7374200
0,7384600
0,7497000
0,7581000
1,7695800
1,7485000
1,7581000
1,7473600
0,7611700
1,7461000
1,7509200
0,7507000
0,7545500
0,7471000
1,7614000
0,7486400
1,7690400
0,7472600
0,7588300
0,7489600
0,7546600
0,7471300
0,7545200
0,7487200
0,7577200
0,7469300
1,7570500
1,7482800
0,7563900
0,7467900
0,7487800
1,7394400
1,7445900
1,7376000
0,7380600
1,7518100
0,7321500
0,7455200
0,7379500
0,8503700
1,7556900
0,7725400
0,7470900
0,7498100
0,7473500
1,7547800
0,7803400
1,7573300
1,7462800
1,7536500
1,7473400
0,7560000
1,7468000
1,7593700
1,7469500
0,7559700
0,7474100
0,7485600
0,7378000
0,7713400
1,7311900
0,7601900
0,7447200
1,7472300
1,7333700
0,7448600
0,7381900
1,7372100
0,7392800
0,7383300
1,7549700
1,7478600
0,7586500
1,7491300
0,7548600
1,7492800
1,8253800
0,7471300
0,7523400
0,7484700
1,7781700
0,7471800
0,7568800
0,7498200
0,7472600
0,7534800
1,7517400
1,7426800
1,7529000
0,7564500
1,7704500
0,7400600
0,7759300
1,7319800
1,7386600
1,8076500
0,7491700
1,7687600
1,7611100
1,7702500
0,7628300
0,7736400
0,7692600
1,7749300
0,7666900
0,9785900
0,7746000
1,7659200
1,7787200
1,7769300
0,7857300
1,7534700
0,7715500
1,7569200
0,7642600
1,7482100
1,7630300
1,7570100
0,7621000
0,7490800
1,7543500
1,7610900
1,7699800
0,7799900
0,7796000
1,7586300
0,7600200
0,7645200
1,7490700
1,7619900
1,7490400
0,7524200
1,7468200
0,7544800
0,7482700
1,8006300
1,7468500
0,7653600
0,7505700
0,7546000
1,7461200
0,7533000
1,7500700
0,7581300
0,7467200
0,7557100
1,7485500
0,7784100
1,8240200
0,8170200
0,7997000
1,7764200
0,7631700
1,7697800
1,7716900
1,7675200
0,7623800
0,7701400
0,7623300
0,7688800
0,7625500
1,7713500
1,7624900
0,7683800
1,7630300
1,7661800
0,7625600
0,7736600
1,7601000
0,7699300
1,7626400
0,7684200
0,7626000
1,7829000
0,7990500
1,7667100
1,8513800
0,8652300
1,8887800
0,8869300
1,9034800
1,7389100
1,7351100
1,7435100
1,7418900
0,7440900
0,7382100
0,7650600
1,7802400
1,7822100
1,7778200
0,7809900
0,7809800
0,7849000
1,7811500
0,7815400
0,7828200
0,7951000
1,7790100
0,7799300
1,7807100
0,7789200
1,7772800
1,7798900
1,7837100
1,7820100
0,7789300
1,7807100
1,7776100
0,7807300
0,7790100
1,7844300
1,7791100
0,7556600
0,7633900
0,7600900
1,7459100
0,7620200
0,7503700
0,7551800
0,7472700
1,7695500
1,9457300
1,8016500
1,7469300
0,7570400
1,7620700
0,7713600
0,7630000
0,7684400
0,7717000
1,7774200
1,7621400
0,7729700
0,7627000
1,7726700
1,7628200
0,7822100
1,7617500
1,7577400
0,7469900
0,7871400
0,7673500
0,7987800
0,7477100
1,7977200
1,7803300
1,7722300
0,7575900
0,7531500
0,7492300
1,7637100
0,7795500
0,7758600
0,7708200
0,7624200
1,7719500
1,7620600
0,7698300
0,7628100
1,7681200
0,7624900
0,7696500
1,7622700
1,7986200
0,7692600
1,7580900
0,7474500
0,7517700
0,7502600
0,7814100
0,7474200
1,7524300
0,7471700
0,7560400
0,7672000
0,7549300
1,7462100
0,8019400
1,7521200
0,7974700
0,8176000
0,8642500
1,8195100
1,7661000
1,7555000
1,7567800
1,7536800
0,7654800
0,7581000
0,7606600
0,7673200
1,7787100
0,8380000
0,7896900
1,7833600
0,7754400
0,7679500
0,7730500
0,7670100
1,7706100
1,7673800
1,7724300
1,7713200
0,7840500
0,7841900
1,7835100
1,7953500
1,8930400
1,7819200
1,7864500
1,7889900
1,7829600
0,8016200
1,7810300
0,7803500
1,7693500
1,7682600
1,7616400
0,7828700
0,7648800
1,7657400
1,7654600
0,7625500
0,7705000
0,7626000
0,7818600
1,7621700
1,7677600
1,7535100
0,7486800
1,7315100
1,7469400
1,7374700
1,7572900
0,7323800
0,9861300
0,7411500
0,7438800
0,8033700
1,7697900
1,7398900
1,7854800
0,7522600
1,7857500
1,7591400
0,7783300
1,7624700
1,7882200
0,7563900
0,7681300
1,7598000
0,7578100
0,7468600
0,7574700
0,7596000
1,7692200
1,7622300
1,7802700
0,7646800
0,7693000
0,7632500
0,7687100
1,7654600
0,7696500
0,7635200
0,7745100
0,7654400
1,8422900
0,7666900
1,7874900
1,7908800
0,7676800
0,7472000
1,7721700
0,7474200
1,7598800
1,7549000
1,7754400
1,7501900
0,7630800
1,7779200
1,8029200
0,7808100
1,7892500
0,7796300
1,7793400
1,7774500
0,7802400
1,7785000
0,9353400
0,7791100
1,7801400
1,7812900
1,7947900
0,7630400
1,7675800
1,7646900
1,7653200
1,7616100
1,7671400
1,7634300
1,7715100
1,7666900
0,8225800
0,7641500
1,7657800
0,7820300
0,7739500
0,7646400
1,7873700
1,7937100
1,7891100
1,8089100
1,7701000
1,7615000
0,7685300
0,7642100
1,7687300
1,7627300
0,7686500
0,7643200
1,7677300
0,7624400
1,7685100
1,7623700
1,7655900
0,7621900
1,7719700
1,7599200
1,7662100
0,7624700
0,7678800
0,7381300
1,7636300
1,7372900
0,7833500
0,7319300
1,7791200
0,7437900
1,7492700
0,7419200
1,7381300
0,7525600
0,7394500
0,7523100
0,7454100
1,7520000
0,7512600
1,7676900
0,7471900
0,8151200
1,8688700
0,8512200
0,8777300
1,8469000
0,8478400
1,9508900
0,8218800
0,7838400
0,7908400
1,7795300
1,7796400
1,7794300
1,7789900
1,7758000
0,7787300
1,7799500
1,7807800
0,7785800
1,7932500
1,7673900
1,7871600
1,8304500
0,9435800
1,10436000
1,10332200
0,8754800
1,7601000
0,7709300
0,7626400
0,7729900
0,7628900
1,7802500
1,7782100
1,7814300
1,7787700
0,7823700
0,7787300
0,8057900
0,7802500
0,7819900
0,7787900
0,7833000
1,7786200
1,7805600
1,7471900
0,7622200
1,7459400
1,7602200
0,7470000
0,7567800
1,7574800
0,7546500
1,7474600
0,7507300
0,7533400
0,7472300
1,7599600
0,7763200
1,7773200
1,7507100
0,7724800
1,7497800
1,7631700
1,7459800
0,7565400
0,7471100
1,8692800
1,7570200
1,7619300
1,7508600
1,7983100
0,7634900
0,7691800
1,7627900
0,7836900
1,7816500
1,7770000
0,7641000
0,7688300
0,7636600
0,7694700
1,7672600
1,7829200
1,7879900
1,7874100
0,7653800
1,7703200
1,7617100
1,7705600
1,7644800
1,7774500
1,7661100
0,7832300
0,7664800
1,7713900
1,7688700
1,7787700
0,7745700
1,7728800
1,7557300
1,7597600
0,7532800
1,7651100
0,7493600
0,7573100
0,7472900
0,7547100
0,7489100
1,7523300
0,7530100
1,7463000
1,7543800
0,7736000
1,7510900
0,7472100
1,7604400
1,7467100
0,7935600
1,7462000
1,8958500
0,7560100
0,7830100
1,7668600
1,7638800
0,7670500
0,7785700
0,7671000
0,7715600
1,7696800
0,7976700
0,7689000
0,7668000
0,7672300
0,7640000
0,7629300
1,8043700
0,7572800
0,7576900
0,7544200
0,7541400
1,7459300
0,7567900
1,7487700
1,8315200
0,7471400
0,7528800
0,7484100
0,7567500
1,7477200
0,7527900
1,7608700
1,7568800
0,7473300
0,7523800
0,7485600
1,7759100
1,7459800
0,7789800
0,7579000
1,7620200
1,7711000
0,7777500
0,7559200
1,7669100
0,7554100
0,7578300
1,7731700
1,7467100
1,7505400
1,7440400
0,8049700
1,7632000
1,7614600
0,7550300
1,7626000
1,7508600
1,7594700
0,7550700
1,7525700
0,7511400
1,7582400
0,7467800
1,7629700
1,7465600
0,7763800
0,7499500
0,7672100
0,7674200
1,7803600
1,7576100
0,7578400
0,7472700
0,7598500
0,7550400
0,7673200
0,7550600
0,7570400
1,7536000
1,7690600
1,7569500
0,7578600
0,7687900
1,7758600
1,7549200
1,7757700
0,8013300
0,7738600
0,7531000
1,7702100
1,7506700
1,7613100
0,7573600
0,7556900
1,7687700
0,7910500
0,7668700
1,7748300
0,7689100
1,7636500
0,7737000
0,7660600
0,7935700
0,8055200
1,7930000
0,7915600
1,7693200
0,7725100
0,7651000
0,7730200
0,7715600
0,7875100
0,7647500
1,7652700
0,7752800
1,7721000
1,7656300
0,7648000
0,7780900
0,7663900
0,7859500
0,7340700
0,7517600
1,7445800
1,7848300
1,7341600
0,7524200
1,7401900
1,7597600
1,7337900
1,7671300
0,7407900
0,7553100
1,7329200
1,7631500
1,7518600
0,7667200
0,7633800
0,7869900
1,8189200
0,7842900
0,7571400
0,7571800
0,7542500
1,7638300
0,7569300
1,7778700
0,7664200
1,8264300
0,7966900
0,7730700
0,7645100
0,7731700
0,7706700
1,8086300
0,7744200
0,7785100
0,7696100
1,7730300
0,7650000
1,7733100
0,7820200
1,7814400
1,7629000
0,7693900
0,7648100
1,7672500
0,7624800
0,7706100
0,7627800
0,7732400
1,7638700
0,7669700
1,7377400
0,7447500
1,7370700
1,7440000
0,7463600
1,7376900
1,7507000
1,7352900
0,9410300
1,8471400
0,9104000
1,8742400
0,8546700
0,7783500
0,7729400
0,7941800
1,7629100
1,7692800
1,7651700
0,7691200
1,7612300
1,7674600
0,7663900
1,7672900
0,7712100
0,7831300
1,7637200
1,7821800
1,7841000
0,7731200
0,7647000
0,7735400
1,7622300
1,7670500
1,7633200
0,7680700
1,7628700
1,7829500
0,7638600
1,7838100
1,7597900
1,7679000
1,7655200
1,7704800
1,7687500
1,7822000
0,7665300
0,7689000
0,7626200
0,8045200
0,7867800
0,7941100
1,7708700
0,7786700
1,7621600
1,7725500
1,7622600
0,7694300
1,7615000
1,7656100
0,7631900
0,7714700
0,7623500
0,8073300
1,8491300
0,7671200
1,7475200
0,7588500
0,7473400
1,7722100
0,7469200
1,7618800
0,7471600
0,7485000
0,7543700
1,7484600
0,7606000
0,7439000
0,7585600
0,7325700
1,7430200
1,7640400
1,8396200
0,8431000
1,9351700
1,8798900
1,8828600
1,8083000
1,7420900
0,7592800
0,7788900
0,7802700
1,7809500
1,7796000
0,7788800
0,7815300
1,7796700
1,7784000
0,7785100
1,7811800
1,7895800
1,7799700
0,7678600
0,7389600
0,7382300
1,7538100
1,7352000
0,7416100
1,7406400
0,7470000
1,7372200
1,7294500
1,8241500
1,7435300
1,7378400
0,7336000
1,7420900
0,7383800
0,8593900
1,7559300
0,7482200
0,7474900
1,7809800
0,7366100
1,7439900
1,7427600
0,7854100
0,7360000
1,7527500
1,7570600
1,7700500
1,7645900
0,7730400
1,7690000
0,7697200
0,7648500
1,7733800
0,7624600
0,7682700
0,7643800
0,7896900
1,7627300
1,7755700
1,7467100
1,7567900
0,7470800
1,7610900
0,7497000
1,7557100
1,7463700
1,7535200
0,7506900
1,7536900
0,7467900
0,7642400
0,7678200
1,7707300
0,7566000
1,7374100
1,7507100
0,7383000
0,7383800
0,7380000
0,7451100
0,7381000
0,7369100
0,7380500
0,7612600
1,7386200
0,7784500
1,7489800
1,7545400
0,7471200
1,7524100
0,7497700
1,7731300
0,7470500
0,7773300
0,7466200
1,7677500
0,7470500
0,7578900
0,7644100
1,7564200
1,7462400
1,7508700
1,7463400
0,7996800
0,7821500
0,7641500
0,7508000
0,7629100
0,7472800
1,7607100
1,8140100
1,8119000
0,8067800
0,7859400
0,7648800
1,7660800
0,7625000
0,7668800
1,7654000
0,8206500
0,8515200
1,7688800
1,7638200
1,7664300
1,7519600
0,7681100
1,7642500
1,7829800
1,7597600
0,7694000
0,7644100
0,7721200
0,7626300
0,7795500
0,7662200
0,7693700
1,7601600
1,7544700
1,7479000
1,7512900
0,7774700
1,7494700
0,7536800
0,7472800
1,7557400
0,7472000
1,7504000
0,7472200
1,7526200
0,7469900
1,7688100
0,7459800
1,7470800
0,7322100
0,7638600
1,8118100
1,7609400
1,7322700
1,7450800
1,7396500
0,7443000
0,7317500
0,7446800
0,7404400
0,7649100
0,7647000
0,7572600
0,7468500
1,7662900
0,7472500
0,7543800
1,7470000
0,7563400
1,7549600
1,7504300
0,8375600
0,7650800
1,7688100
1,7626900
0,7724000
1,7618900
0,7709800
0,7624800
1,7674500
1,7627800
0,7702100
1,7618400
0,7793800
1,7603400
0,7857600
1,7463900
0,7958500
1,7750200
1,9117700
1,8114000
0,8223800
0,8242800
0,7606200
0,7451000
1,7381300
1,7317300
0,7864600
1,7613800
0,7808300
1,7737400
1,7718800
0,7625900
1,7687900
1,7707100
0,8024400
1,7747400
0,8169000
1,7748900
1,7799300
0,7628800
0,7823200
1,7835200
1,7810900
0,7788300
1,7928600
0,7806100
0,7939500
0,7790200
1,7792100
1,7798300
0,8310800
1,7807900
0,7853200
0,7784200
1,7750900
1,7621200
0,7701200
1,7604500
1,7692800
1,7626400
1,7690200
1,7660700
1,7633800
1,7618800
1,7711900
0,7630900
0,7447900
1,7395400
1,8559600
1,7498600
0,7677200
0,7382600
1,7507700
0,7380800
0,7607700
0,7410300
0,7536300
0,7352200
0,7471000
1,7556000
0,7869400
1,7614800
0,7804300
1,8474100
0,9194500
1,7685900
1,7722300
0,7665500
1,7737800
1,7668200
0,7738700
1,7708600
1,7554300
0,7533500
1,7599300
0,7847500
0,7615200
0,7548500
1,7582200
1,7564900
0,7557100
0,7513500
1,8107800
1,8150300
1,8237100
0,8111500
1,8616100
0,8296300
0,9393800
0,9664800
0,7665700
0,7627200
0,7831900
0,7629200
1,8477300
1,7661600
1,7620600
1,7810300
1,7800200
0,7805900
1,7774600
0,7827500
1,7809100
0,7802600
0,7791000
1,7830800
0,7790400
0,7809500
0,7790500
0,7830600
0,7323100
1,7470300
1,7753100
1,7355800
1,7420800
1,7357800
1,8707800
0,7564500
0,7519000
1,7454300
0,7545900
1,7414700
0,7417100
0,7628400
0,7720400
0,7644500
0,7821800
0,7628300
0,7688400
0,7662600
1,7840100
0,7625900
0,7908300
1,7641400
0,7687700
1,7623700
0,7832600
0,7598600
0,8097100
1,8753900
1,7704800
1,7376200
0,7536700
1,7378200
0,7391600
0,7400800
0,7439400
0,7378100
1,7368400
0,7622800
1,7892400
1,7626200
0,7786900
1,7630700
0,7739300
1,7633600
0,7723000
1,7635200
0,7731900
1,7758000
0,7772900
1,7720600
0,7999300
1,7633700
0,7790300
0,8554400
0,8028400
0,7876800
0,7897700
0,7889800
1,7870000
1,8187100
1,7827900
1,7821300
1,7751200
1,7665200
0,7722400
1,7651200
0,7881000
1,8223200
1,8336500
0,8490100
0,7851700
1,7638500
0,7974000
0,7710700
1,7709900
1,7794600
0,7837300
1,7814900
1,7796400
1,7844400
1,7951000
1,7765700
0,7811900
1,7792300
1,7797700
1,7781900
1,7794200
1,7787700
0,7697600
1,7625600
0,9154700
1,7782800
0,7632900
0,7635500
1,7953200
1,7663900
0,7644100
0,7685500
0,7645500
0,7623000
1,7822500
1,7459200
0,7578200
0,7471000
0,7548800
1,7491900
1,7628800
0,7471000
0,7532600
1,7469000
1,7622400
0,7472900
1,7536800
1,7492100
0,7536900
0,7413000
1,7746100
0,7384000
1,7473100
1,7382900
0,7404300
1,7392500
1,7564100
0,7394600
0,7320500
0,7544000
0,7415200
0,7502900
0,7502100
1,7451600
0,7395000
1,7443800
0,7413500
1,7553300
0,7396600
0,7539900
1,7310100
0,7440100
1,7391100
0,7436400
0,7319200
0,7832000
1,7804400
1,7731900
1,7668700
1,7790700
0,7726700
0,7820300
1,7686500
0,7784300
0,7794200
0,7895000
0,7383000
1,7390000
1,7706500
0,7820700
0,7692200
1,7636400
0,7686500
1,7618000
0,7885500
0,7646300
0,7680300
1,7698300
0,8024700
0,7701700
1,7629300
1,7517000
1,7729700
1,7491600
0,7545800
0,7467500
0,7634700
0,7581000
1,7535300
1,7484100
1,7548200
0,7550800
1,7532900
0,7472200
0,9107200
1,8110900
1,9224400
0,8540500
1,9295200
0,8613700
1,8636300
0,8459100
0,7406700
0,8022500
0,7412500
0,7563900
0,7755300
1,7793700
1,7783000
1,7802800
1,7786900
0,7816300
1,7782300
0,7839100
0,7796500
0,7821300
0,7790500
1,7829400
1,7794500
0,7592500
0,7472700
1,7556300
1,7448500
1,9449300
0,7616500
0,7646300
1,7508600
0,7579900
0,7469700
0,7560800
0,7535400
0,7548300
0,7640800
1,7837800
0,7629300
0,7763000
0,8280300
1,7719400
0,7626600
1,7670100
0,7643100
1,7702700
0,7625900
1,7731600
1,7660300
1,7609500
1,7467700
1,7516300
0,7502100
0,7524900
1,7459400
1,7534400
0,7482100
0,7572700
1,7605700
1,7449700
0,8061900
1,7467500
1,7468600
1,7408500
0,7678400
0,7322500
0,7459500
0,7471500
1,7446100
0,7324900
1,7603800
1,7395000
1,8058400
0,7321300
0,7488300
0,7409000
0,7539300
0,7471000
0,7537200
0,7467800
0,7646700
0,7475700
1,7473300
1,7594200
1,7485300
1,7594800
0,7573500
0,7529500
0,7531900
1,7383400
0,7381500
0,7716500
0,7396700
0,7474700
0,7563700
1,7464600
0,7398100
0,8132300
1,7565800
1,7942700
0,7647400
1,7631900
1,7718200
1,7762000
0,7712400
0,7693600
1,7617800
0,7682200
0,7644400
1,7668000
0,7625000
0,7677800
1,7634300
0,7689500
1,7637100
1,7657800
0,7840400
0,7690500
0,7472400
1,7525100
1,7525100
0,7658200
0,7471200
0,7542200
1,7482300
1,7499500
1,7466300
0,7469700
1,7545200
1,7684800
1,8768200
1,8415700
1,7874900
0,8510400
0,8181300
0,9440200
0,8224400
1,8190900
0,8492200
1,7566100
0,7684500
0,7937600
1,7815600
0,7792400
0,7886700
0,7801800
0,7804900
0,7937700
1,7791600
1,7809600
0,7812600
1,7833100
0,7798400
0,7681900
0,7649200
1,7676600
0,7624300
0,7844800
1,7649000
0,7687700
1,7615500
0,8308800
1,7663500
1,7983300
0,8026600
0,9151300
0,7834000
0,7820000
0,7826100
0,7816800
0,7818200
0,7786100
1,7911100
0,7808800
1,7782800
0,7787700
0,7784300
1,7818300
1,7791000
1,7788400
0,7795800
0,7805400
1,7810400
1,7782300
1,7789700
1,7837800
0,7932900
0,7786500
0,7839900
1,7783100
0,7801500
1,7574900
1,7435300
0,7559400
0,7490300
1,7377200
1,7386400
1,7682200
1,7343000
0,7528600
1,7408800
1,7436800
0,7378400
0,7472500
0,7391100
0,7583900
1,7468200
1,7525800
0,7482700
0,7646600
0,7467800
0,7632000
0,7482000
0,7525200
0,7469600
1,7566200
1,7455900
1,7538900
1,7403700
1,7446800
0,7395700
1,7595800
0,7379400
0,7496400
0,7400200
0,7539700
0,7445000
0,7380700
0,8312100
0,7320400
1,7562800
0,7672200
0,7618700
1,7711800
0,8050600
1,7582400
0,7588300
0,7497200
1,7567800
0,7469900
1,7563300
0,7471300
1,7646600
0,7466900
1,7636900
1,7668800
1,7784800
0,7628900
1,7711900
1,7602100
0,7670300
0,7627200
1,7710400
0,7624100
0,7674500
1,7653900
1,7668700
1,7593200
0,7840600
0,7470100
0,7568000
0,7470200
1,7818700
0,7470600
0,7564300
0,7498400
0,7519700
1,7461100
0,7651900
0,7468700
0,7584500
1,7478300
1,7515900
1,7462400
1,7476000
1,7533800
0,7484800
1,7530200
0,7469100
0,7542100
1,7473200
1,7788700
0,8008500
1,8580000
0,7854800
0,8092500
0,7741800
1,8207700
1,7768700
1,7662100
1,7629100
1,7713400
0,7624000
1,7856800
1,7746800
0,7878600
1,7718200
0,7861100
1,7864800
0,7957800
1,7895800
0,7847700
1,7857600
0,7835600
1,7839300
1,7820500
1,7839200
0,7809700
0,8130800
1,7763800
0,7763200
1,7665600
1,7728600
1,7645100
0,7752700
1,7645800
0,7732800
1,7656200
0,7755400
0,7665800
1,8867200
1,7690700
0,7624400
0,7439900
1,7715800
0,7343900
1,7789100
0,7431200
1,7639000
1,7519900
1,7676200
1,7448400
0,7451100
1,7330500
1,7455000
0,7692200
0,7541300
1,7680900
0,7550100
0,7607800
0,7583100
1,7590500
1,7562100
1,7633200
0,7550900
0,7544900
1,7536000
1,7732400
0,7523100
0,7461200
1,7401200
1,7474100
0,7425200
0,7439000
1,7456500
0,7528400
1,7560400
0,7652800
1,7592100
1,7658000
1,7422900
1,7601400
1,7797300
1,7794800
0,7642000
0,7574300
0,7555100
1,7625500
1,7549200
1,7581200
1,7486300
0,7521100
1,8378200
1,7791800
0,7532500
1,7802500
0,7939700
1,7794600
1,7663500
1,7644300
1,7839500
0,7689500
1,7725700
0,7651600
0,7745800
1,7693700
1,7768800
1,7623800
1,7581500
1,7806900
0,7637800
0,7490600
0,7627400
1,7558000
0,7815800
0,7548300
1,7560700
1,7596800
0,7665600
1,7542000
0,7627300
0,7466400
1,7479500
0,7422800
1,7554700
1,7410600
0,7541000
1,7422200
1,7406500
1,7438200
0,7480100
1,7415100
1,7435700
0,7447300
1,7428200
1,8610900
1,8457200
0,8933400
1,8972000
1,7432700
1,7502900
1,7336700
0,7515000
0,7410900
1,7665300
0,7461200
1,7613800
1,7619000
1,7753400
0,7668500
0,7714500
1,7805700
0,7751700
0,7673700
0,7641200
0,7769300
0,7741100
0,7686300
0,7770800
0,7732000
0,7422900
0,8232600
1,7575800
1,8545900
0,8332400
0,8660700
1,8511000
1,8050900
0,8919900
1,8759100
0,8818100
1,7378300
0,7716700
0,7885200
0,7881000
0,7786000
0,7809800
0,7789600
1,10536600
1,7879300
0,7792900
0,7824100
1,7819200
0,8162400
0,7693500
1,7584800
0,7532000
0,7664100
0,7614900
0,7593500
1,7447800
1,7573900
1,7485600
0,7488100
1,7791100
0,7471500
0,7529500
0,7490900
1,7738900
1,7472700
1,7547100
1,7524200
0,7548800
0,7471300
1,7562200
0,7506600
1,7632500
0,7605900
0,8082100
0,7983500
1,7798000
1,7869300
1,7984100
0,7748800
1,8002900
1,7693100
1,7787100
0,7647200
1,7684800
0,7627200
1,7725500
0,7643100
1,7681700
0,7627900
1,7855400
0,7841200
1,7729400
0,7625000
1,7735400
1,7689200
0,7750800
1,7621500
0,7710200
1,7625700
0,7690800
0,7626100
0,7696800
1,7638200
1,7941600
0,7640000
0,7701900
1,7782100
0,7739000
0,7757800
0,8218100
1,7634100
1,7679300
1,7610400
0,7639200
0,7739200
0,7753900
0,7791200
0,7677000
0,7707200
1,7649000
0,7697500
1,7690600
1,7791800
0,7680900
0,7878700
1,7696000
1,7722600
1,7666800
1,7897900
0,7686700
0,7806900
0,7639800
0,8403300
0,7653400
0,7711300
1,7619000
1,7705600
0,7627600
1,7693800
1,7615000
1,7701000
0,7623100
1,7694400
1,7621000
1,7741700
0,7635800
0,7884100
1,7636800
0,7807300
1,7968900
0,7927900
0,7713900
1,7928300
0,7794900
1,8332100
1,7661300
1,7670600
0,7625900
1,8003600
1,7867400
1,7785000
0,7629200
1,8202700
0,7689800
1,7667400
1,7600900
0,7813100
1,7819800
1,7914000
0,7787900
1,7814300
1,7803600
0,9510600
1,10098600
0,7826500
0,7858900
0,7791800
1,7808300
1,7757200
0,7747900
1,7617100
0,7737600
1,7631400
1,7652200
1,7530500
0,7597900
0,7640900
1,7767300
1,7626700
1,7779500
0,7636000
1,7883800
0,7382100
1,7472000
0,7399200
1,7397100
1,7437600
1,7326400
0,7475700
0,7383400
1,7375600
1,7370600
0,7764400
0,7446700
0,7944200
1,7896600
1,7909400
0,7792800
0,8045700
1,7614400
0,7794900
1,7704600
0,7773000
0,7345800
0,7408900
0,7336000
0,7491300
0,7357600
0,7683100
1,7761200
0,7685500
0,7642100
0,7684600
0,7626000
0,7685300
1,7659800
0,7684400
0,7621700
1,7671300
0,7638700
0,7965900
0,7751800
1,7726400
0,7532700
0,7547800
1,7475900
1,7516400
1,7484500
0,7546200
0,7473400
1,7457900
0,7564300
0,7469900
0,7661000
0,7468200
1,7545800
1,7475900
1,7615500
1,7461800
1,7557200
1,7443700
0,7576700
0,7471300
1,7554300
0,7469000
0,7541200
0,7469300
1,7566700
0,7410100
0,7438100
1,7379200
1,8373000
0,8355400
1,8765700
0,8814100
1,7432100
0,7380500
1,7447300
1,7389800
0,7465300
1,7624900
0,7930600
0,7804600
0,7804400
1,8226200
0,8117700
1,7823400
1,7791300
1,7758100
1,7814200
0,7806800
0,7848600
1,7790300
1,7500700
0,7395500
0,7441500
1,7311200
1,7421400
0,7395500
0,7447600
0,7317900
0,7578300
1,7409000
0,7493900
1,7515200
1,7580900
0,7531800
0,7649100
1,7335500
1,7626000
1,8883800
0,7686100
1,7386400
0,7471700
0,7497500
0,7382200
1,8517300
1,8634400
1,8711200
0,8042500
1,7788100
0,7872800
1,7798700
1,7831600
1,7800300
1,7816900
0,7812600
0,7810000
1,7757800
0,7826300
1,7784100
0,7867400
1,7599400
0,7758600
1,7622700
1,7778700
1,7641500
1,7708400
0,7627900
0,7733500
0,7629300
0,7840700
1,7627000
1,7732100
1,7663200
0,8040000
1,7485400
0,7845400
0,7491700
1,7609600
0,7475500
0,7526700
0,7492800
0,7526500
1,7466600
1,7642100
1,7476100
1,7541100
0,7504500
0,7468400
0,8204200
0,7591900
0,7532900
1,7460300
0,7576500
0,7470000
0,7538800
0,7471000
0,7540500
1,7465200
0,7580900
0,7468500
1,7581500
1,7745100
0,7828700
0,7472700
0,7752000
0,7378800
1,7506500
0,7471200
0,8061600
1,7583800
1,7652400
0,7565300
1,7669200
1,7621100
1,7687300
1,7602400
0,7717300
1,7611600
0,7692800
0,7622100
1,7697500
0,7628700
1,7680800
0,7625100
1,7670700
0,7553900
0,7462500
0,7319500
1,7525400
0,7380200
0,8013100
0,7364000
1,7392500
1,7648600
1,7369100
1,7386300
1,7410600
1,7451400
1,7318000
1,8324000
1,8634300
1,8674700
1,8747000
1,8344300
1,8775600
0,8918300
1,7502600
1,7406300
0,7469000
0,7323100
0,7783500
1,7715900
1,7790500
0,7789000
0,7799100
1,7815300
1,7784500
1,7784500
0,7814600
0,7790200
1,7799100
1,7850800
0,7938000
1,7781700
0,8639000
0,7349500
1,7997500
1,9044500
0,8905100
0,8615500
1,8830500
0,8476100
0,8366300
1,8326200
0,7425600
0,7754200
1,7800100
1,7886600
1,7834100
1,7872200
0,7811000
0,7879800
1,7824400
0,7859800
1,7798600
1,7876700
0,7832900
1,7852600
1,7834800
1,7732700
1,7684000
0,7733900
0,7686000
1,7699700
1,7644700
1,7700800
1,7647300
1,7677700
1,7626600
1,7604000
1,7580900
1,7676200
0,7538700
0,7452000
0,7890300
1,7627700
1,7314100
1,7587900
0,7505900
0,7485000
0,7321700
1,7435100
0,7400200
1,7541100
0,7485400
0,7653800
1,7655200
1,8022000
1,7634400
1,7680600
1,7658900
0,8020800
0,7628300
1,7705400
1,7646600
1,7689600
0,7628200
1,7613300
1,7549500
0,7469900
0,7724900
1,7459800
1,7592000
1,7462500
0,7532800
0,7471600
0,7542400
0,7566100
0,7546200
0,7483800
1,7657100
0,7454100
0,7486500
0,7324000
1,8259900
1,7692200
0,7615600
1,7393300
0,7625700
0,7383600
1,7582900
0,7336500
0,7442700
0,7379700
1,7460500
1,7464500
1,7545900
1,7487400
1,7468400
1,7694500
1,7462800
1,7725200
0,7472900
1,8346300
1,8381200
1,8520400
1,8242200
1,7699500
1,7816700
1,7788600
0,7941300
0,7813100
0,7878800
0,7788900
0,7813700
1,7856600
1,7851900
0,7828000
0,7842200
0,7841600
0,7779600
0,7585100
0,7630900
1,7554200
1,7610500
1,7538100
0,7559200
0,7853700
1,7548400
1,8634200
1,7587900
1,7622400
1,7488200
1,7586800
0,7565000
0,7712200
0,7656100
0,7623700
1,7576300
1,7648200
1,7483400
0,7764200
1,7559400
1,7623100
0,7490000
1,7700800
1,7582600
0,7846600
1,7484600
0,7668900
0,7597000
0,7632800
1,7466100
0,7930100
1,8061900
0,7945200
0,7565500
1,7533500
1,7485500
0,7534000
0,7470000
0,7581700
0,7476300
0,8410700
1,10206300
0,8869700
1,7744400
0,8023200
0,7581400
0,7635400
1,7463000
1,7562400
1,7766200
0,7750100
0,7736400
0,7689900
0,7635300
0,7785500
1,7628800
0,7885700
0,7656100
1,7673700
0,7626400
0,7685300
1,7633800
0,7819600
1,7667000
0,7940700
0,7645300
0,7720100
1,7626500
1,7719400
0,7664700
1,7693300
0,7629200
0,7818600
1,7634700
1,7690600
0,7626900
0,7783400
0,7663000
1,7730600
1,7647600
1,7750800
0,7665400
1,7665800
1,7600500
1,7649500
0,7644000
1,8259700
0,7649900
0,7526800
0,7325300
0,7395900
1,7312700
0,7513500
1,7428300
0,7409700
0,7325000
1,7599600
0,7515400
1,7902500
0,7837300
0,7603300
0,7545000
1,7765000
0,7543700
1,7552500
0,7616800
0,7766300
1,7768600
0,7622400
0,7746800
1,7504600
1,7702700
1,7555300
1,7620200
0,7643900
0,7743500
1,7668000
1,7756600
1,7649900
0,7883400
1,7688900
0,7818700
0,7680700
1,7717500
1,7822800
0,7739200
0,7668600
0,7727800
1,7761800
0,7760900
0,7666200
1,7728200
0,7683800
0,8835500
0,8994800
1,8624600
1,8281100
0,8263000
0,8692600
1,8007100
1,8123000
0,7878700
1,8107300
0,7823500
0,7805900
1,7765400
0,7822000
0,7788800
0,7991600
0,7797300
0,7845600
0,7788800
1,7877300
0,7792700
1,7792600
1,7785200
0,7759300
1,7681700
1,7783600
1,7775300
1,7811900
0,7788000
0,7832200
0,7790800
1,7803100
1,7674200
0,8716600
1,7799900
1,8063200
1,7758500
1,7730400
1,7673700
0,8331600
0,7698500
1,7641200
0,7690200
0,7629300
0,7733600
0,7877800
0,7792400
1,8070800
0,7807100
1,7801800
0,7791600
0,7930900
0,7808700
1,7820000
0,7796500
1,7795900
0,7811300
1,7840800
1,7625900
0,7947800
0,7707000
0,7631700
0,7683300
1,7657800
1,7667300
0,7640400
0,7629800
1,7777900
1,7662700
1,7619700
1,7547700
0,7572800
0,7682300
0,7554800
1,7445000
1,7555000
1,7471200
1,7619600
0,7543900
0,7606800
1,7520600
1,7990600
1,7806100
1,8281600
0,8086700
1,7702000
1,7645100
0,7855500
1,7629000
0,7700800
0,7624800
0,7784600
0,7666700
1,7695800
1,7671800
0,7759600
1,7673900
0,7700000
1,7649100
1,7704100
0,7634200
1,8513000
0,7799500
1,7741400
0,7728600
1,8020400
1,7641800
0,7926500
1,7660200
1,8197100
0,7872000
0,7852300
1,7823700
0,7850300
1,7883700
0,7822700
0,7841700
1,7821000
1,7864000
0,7840400
0,7870800
1,7861700
1,7852500
0,7831400
1,7916700
1,7824500
1,7885500
0,7907000
1,7917800
0,7802300
1,7809100
1,7780700
0,7803800
1,7821500
0,7834000
1,7790500
1,7934800
1,8262000
0,8179900
0,7837900
1,7880200
0,7819500
0,7805400
0,7785600
0,7849200
0,7787800
0,7799600
1,7596700
1,8348800
0,7476300
0,8089700
1,7578300
1,7577100
1,7499900
0,7537600
0,7469200
1,7671100
1,7464500
0,7553300
1,7459300
0,7560300
1,7375000
1,7413000
1,7393900
0,7473000
0,7321800
1,7361400
1,7654800
0,7393800
1,8328400
1,7558800
1,7619400
1,7640500
1,7433400
0,7686800
1,7659600
0,7859000
0,7699900
1,7632800
0,7691900
0,7647600
0,7692200
1,7618800
1,7744000
0,7650200
1,7665200
1,7604200
0,7528600
1,7512100
0,7747100
1,7504300
0,7542300
0,7503100
1,7559600
1,7476800
1,7534700
0,7468700
0,7584600
0,7508600
0,7650700
1,7311300
1,7471300
1,7633800
1,7400200
0,7382500
0,8183200
0,8163300
1,7472300
1,7323900
0,7458600
0,7384600
1,7523200
0,7325000
1,7449200
0,7383800
0,7460300
1,7320600
0,7352700
1,7582000
0,7323300
1,7476900
0,7382000
0,7653300
0,7336400
1,7514500
0,7381600
0,7484300
0,7335000
0,7450200
1,7379500
1,7595400
0,7534000
0,7529900
1,7382700
0,7447500
1,7325900
1,7523500
0,7381800
0,7382800
1,7537200
0,7399000
0,8384900
0,7598900
1,7407000
0,7750300
1,7730400
1,7367400
1,7415500
1,7375300
0,7463800
0,7376700
0,7506000
0,7381400
1,7623000
0,7625900
0,7705600
1,7618600
0,7821200
1,7640000
0,7737200
1,7624900
0,7686300
1,7596600
1,7819500
1,7624400
1,7676700
1,7492200
0,7626600
0,7321800
1,9492100
1,7377600
0,7526900
0,7382500
0,7603300
0,7381200
0,7621500
1,7373400
0,7470800
1,7398200
1,7492700
0,7383700
1,7375200
0,7382200
1,7412200
0,7496400
1,7497100
0,7458600
0,7394800
1,7438600
0,7380800
1,7500200
0,7417200
1,7402500
1,7374400
1,7527100
0,7396800
1,7384100
1,7373900
0,7442900
1,7386500
0,7542700
1,7374200
0,7575300
1,7399200
0,7452700
1,7379100
0,7640600
1,7680800
1,7312500
1,7846800
1,7374900
1,8654100
1,7686500
1,7862900
0,7827100
0,9339100
0,8949800
0,9006100
1,8318700
0,7819100
0,7829800
0,7858200
0,7827300
1,7782000
1,7807800
0,7786400
0,7834900
1,7778700
0,7819400
0,7788200
0,7846300
0,7788700
0,7814400
0,7830900
0,9195300
0,8254000
0,7812800
0,7832200
1,7792000
1,7755200
1,10568800
1,7813700
0,7790100
1,7758000
0,7642600
0,7682700
1,7621000
1,7658900
1,7638000
0,7692200
0,7626900
1,7680500
1,7629400
1,7677100
0,7624800
0,7687600
0,7641400
1,7390300
0,7378000
1,7446300
1,7485100
1,7372800
0,7755900
1,7338900
1,7464300
0,7318600
1,7563600
0,7379800
0,7470700
1,7334500
0,7465800
1,7382800
0,7559800
0,7323000
0,8472000
1,8196500
0,8944100
0,9215600
1,8850900
0,8790300
0,9031500
0,8048800
0,7662300
1,7849400
0,7787900
1,7789700
0,7789500
1,7916200
0,7788000
1,7818800
0,7787800
1,7832400
1,7791500
0,8320800
0,7789100
0,7583500
0,7431500
0,7440300
0,7621500
1,7484300
0,7381100
0,7719100
1,7428800
0,7911200
1,8130800
0,7769600
1,7481400
0,7503000
1,7443900
1,7535300
1,7541600
0,7630200
1,7966500
1,7681000
0,7565200
1,7615900
1,7486900
0,7540000
0,7542800
1,7462000
0,7552000
0,7580600
0,7701800
1,7636800
0,7677400
0,7623700
0,7696500
0,7623500
0,7697100
0,7626400
0,7848900
0,7621500
0,7679400
1,7642900
1,7581200
0,7528600
0,7598100
0,7978900
1,7489600
0,7381000
1,7425700
1,7377700
0,7465700
0,7382800
1,7366900
1,7375700
1,7883800
1,8014500
0,7717100
0,7627000
0,7910700
0,7630800
1,7657400
0,7625000
0,7722900
0,7629000
0,7767700
1,7615200
0,7720800
0,7627500
0,7584000
0,7586000
0,7468500
0,7781400
1,7461400
1,7540600
0,7470700
0,7535000
1,7466500
1,7556900
1,7463000
0,7618600
1,7465400
1,7631800
0,7323400
1,7429600
0,7382700
0,7429100
0,7380200
0,7544000
0,7688200
1,7419800
0,7382600
0,7452100
1,7379000
0,7408000
1,7391000
1,7505800
0,8727100
1,7494000
0,7324300
1,7450100
0,7691000
1,7333800
1,7553200
1,7356300
0,7493000
0,7356400
1,7717100
1,7378700
1,7500800
0,7642900
1,7651900
1,7628100
1,7670800
1,7661800
1,8422800
0,7630600
1,7680300
0,7646900
1,7685500
0,7628400
1,7663100
1,7577300
1,7570200
0,7478400
1,7833500
1,7932300
1,7597400
0,7445000
1,7713200
1,7431400
0,7460900
1,7358800
0,7446300
0,7394300
1,7434600
1,7466700
1,7513400
0,7520100
0,7637600
1,8247600
0,7375200
1,7538300
1,7464700
0,7660900
1,7474700
0,7573600
0,7472300
1,7743300
1,7654400
1,7726100
0,7736500
1,7546400
0,7385200
0,7465400
1,7477200
1,7412900
0,7381000
0,7514200
0,7562800
1,7577200
1,7316300
1,7527600
0,7471500
1,7564700
0,7470200
0,7549800
0,7501000
0,7542100
0,7474100
1,7545500
1,7463100
0,7547800
0,7469100
1,7585300
1,7477000
0,7390600
0,8136700
1,7885200
1,7379000
0,7380600
1,7391700
1,7429400
0,7814500
0,7476200
1,7860000
1,7786300
1,7986000
1,7580000
1,7920200
1,7469100
0,7730400
1,7512400
1,7581200
1,7508900
0,8019500
1,7742700
1,7698100
1,7563000
1,7669600
0,7572600
1,7589100
0,7723600
0,7689300
1,7779500
0,7716200
0,7631000
1,7863100
0,7872700
0,7777800
0,7945200
1,7811100
0,7710500
1,7745800
1,7619400
1,7718800
0,7627400
0,7886300
1,7634300
1,7694000
1,7633900
0,7716200
0,7627400
1,7686900
0,7623500
1,7825100
1,7708800
1,7641800
1,7493400
0,7808100
1,10982300
0,7891000
0,7838500
0,7526600
0,7476300
0,7524400
1,7482800
0,7629900
0,7472400
1,7670800
0,7612600
1,7703300
1,7616800
0,7686300
0,7639800
1,7776600
1,7632900
0,7685400
0,7670800
0,7807700
1,7749600
0,8139600
1,8101100
0,7712500
1,7620300
0,7734200
1,7642100
0,7723100
1,7617300
0,7699800
0,7626300
1,7729200
1,7626200
0,7750800
0,7673600
1,7793200
0,7835800
1,8320300
0,8427500
1,8240100
1,8255100
0,8451300
0,9064700
1,8357200
1,7636500
1,7710800
0,7630800
0,7711300
1,7818300
0,9314600
0,7790300
1,7929500
1,7804600
1,7845500
1,7782900
0,7823900
0,7788300
1,7793900
0,7788000
1,7946700
1,7772700
1,7489000
0,7382700
0,7564500
0,7471600
0,7465600
1,7373100
1,7502000
0,7509900
0,7450800
1,7379400
1,7488500
1,7320900
1,7543700
0,7380600
1,7602000
0,7633800
1,7959100
0,7385800
1,7494400
1,7317300
1,7436800
1,7388800
0,7398300
0,7564500
1,7387800
1,7460300
1,7369100
0,7625800
0,7474300
1,7853400
1,7516000
1,7581300
1,7472300
1,7545900
1,7514900
0,7544700
1,7463400
0,7559900
0,7487700
0,7652300
0,7473900
1,8010200
1,7775800
0,7659800
0,7510900
0,7566800
1,7464400
1,7841500
0,7471700
0,7529700
0,7508100
0,7564300
1,7494200
0,7672400
0,7646800
1,7834200
1,7604200
1,7685400
0,7643500
1,7728100
1,7638800
0,7691000
0,7643100
1,7688700
1,7621100
1,7905200
0,7480700
0,7454800
0,7340400
0,7503100
1,7390100
0,7639100
0,7539400
1,7344000
1,7493200
1,7381500
1,7417000
1,7379100
1,7607000
1,7404200
0,7480200
0,7383900
0,7454400
1,7381500
1,7560900
0,7644400
0,9239800
0,7452800
0,7573300
1,7298600
1,7479400
0,7382900
0,7458600
1,7464600
0,7580400
0,7471900
1,7621500
0,7468700
0,7565000
1,7461100
0,7711800
0,7470800
1,7757700
1,7466000
1,7593300
1,7444400
1,7600700
0,7472400
0,7547000
1,7472300
1,7773200
0,15296000
1,7672100
0,7503100
0,7697100
0,7471500
1,7581400
0,7606300
1,7628900
1,7618900
0,7723500
1,7626100
1,7778000
0,7627200
1,7723100
0,7628100
1,7683000
1,7612100
1,7672700
1,7618400
1,7695600
1,7473900
0,7519000
0,7325100
1,7483100
0,7382000
0,7451900
1,7315400
1,7480900
1,7385900
1,7467200
0,7322500
1,7538100
1,7482700
1,7387400
1,7657900
1,7590100
0,7685300
1,7630000
1,7434000
0,7385100
0,7465100
0,7400800
1,7370500
1,7380100
1,7704500
0,7688600
1,7857900
1,7602300
0,7738800
1,7829700
0,7960600
0,7578400
1,7641400
0,7579700
1,7589400
0,7472100
1,7545400
1,7499900
1,7512800
1,7481200
1,7572400
0,7483800
1,7568300
1,7605400
1,7529400
1,7540300
0,7471000
1,7524400
1,7462100
0,8157800
1,7563900
0,7645400
1,7602100
1,7754900
1,7623900
0,7677700
1,7615400
0,7701400
1,7613900
0,7704000
1,7625200
1,7723000
1,7626400
0,7688800
0,7623800
1,7705300
1,7791600
0,7821900
0,7779800
0,8171900
0,7692400
0,7955100
0,7710800
0,7684500
0,7624900
0,7808900
0,7645900
0,7683500
1,7615400
1,7739200
0,7648100
1,7688300
1,7615300
1,7723600
0,7644200
1,8103700
1,7645100
0,7724600
1,7622200
1,7803700
1,7704900
1,7676300
0,7664800
1,7771000
1,7970700
0,9374600
0,7837400
1,7709500
1,7621800
1,7709300
0,7621600
1,7682100
0,7623500
0,7716700
1,7615200
1,7701700
1,7611200
0,7682000
0,7788000
1,7679100
0,7626900
1,7695000
1,7620300
0,7686200
0,7624200
0,7710000
0,7627400
1,8158600
0,7666200
0,7693700
0,7628400
1,7666200
1,7619700
1,7701500
1,7634100
1,7667300
0,7626000
1,7703600
1,7625700
1,7675200
0,7692300
1,7399100
0,7415400
1,7571300
0,7381400
1,7611800
0,7382200
0,7456300
1,7357900
1,7457700
0,7382200
0,7509400
0,7358700
1,7501200
1,7437500
1,7499300
0,7796200
0,7798400
1,7510200
0,7422800
0,7507200
0,7423400
1,8032300
1,7379800
0,7427300
1,7439500
1,7477900
1,7486500
1,7742400
0,7670900
0,7988200
1,7667600
0,7800900
1,7620100
1,7749100
1,7674400
0,7750400
1,7768700
0,7716000
1,7664000
0,7733500
1,7534800
0,7572500
1,7784600
1,7733400
1,7537600
1,7614700
1,7540900
0,7690500
1,7529700
1,7527600
0,7549900
1,7656100
1,7537100
0,7626900
1,7545300
1,7607800
1,7535400
1,8244700
1,7702200
1,7746900
0,7587500
1,7671700
0,7488700
0,7762900
0,7549600
1,7624300
0,7507900
1,7669100
0,7548800
1,7559900
1,7484100
1,7854700
1,7543600
0,7629500
0,7511900
1,7710800
1,7528200
1,7535900
1,7640200
0,7491600
0,7748800
1,7524900
1,7681500
1,7500000
0,7835600
1,7545500
0,7757000
1,7489200
1,8137500
0,8308400
1,8262100
0,8373500
0,7845600
0,8037000
0,8106000
1,7884600
1,7674600
0,7711800
1,7682600
1,7669900
1,7707500
1,7667500
0,7773700
0,7664200
0,7813300
1,7678400
1,7759500
0,7673900
1,7907000
1,7686800
0,7701600
1,7652600
0,9058100
1,7792500
1,7821600
1,7649500
0,7721400
1,7642500
0,7644100
0,7598600
0,7715600
0,7711300
0,7643500
0,7532200
1,8441700
0,7858700
0,7626600
0,7542500
0,7623600
0,7549600
0,7728800
1,7644600
0,7792200
1,7671400
1,7710800
0,7670700
1,7766700
1,7655500
0,7803200
0,7667600
0,7769400
0,7646000
1,7740600
1,7542300
0,7856800
0,7593700
1,7730400
0,7412300
0,7496500
0,7401000
1,7479300
0,7427300
1,7499900
1,7404400
1,7590600
0,7422900
0,7587300
0,7556900
1,7597000
1,7869700
0,7748000
1,7582800
1,7607500
1,7540800
0,7919200
0,7548600
0,7555700
1,7576900
0,7731600
0,7553100
1,7557000
1,7490400
0,7752300
1,7562700
0,7539300
1,7567000
1,7577500
1,7712900
0,7499500
0,7637200
0,7584700
0,7627600
0,7555000
0,7424100
1,7439600
1,7633300
0,7415200
0,7412400
0,7443100
0,7505000
1,7402300
0,7523100
0,7418800
1,7484600
0,7406500
1,8278800
0,7659100
1,7587800
0,7492000
0,7781200
0,7411100
1,7526900
1,7741300
0,7493300
0,7427400
1,7671000
1,7416000
0,7440300
1,7418400
0,7629100
1,7676900
0,7683700
1,7711900
0,7662800
0,7737400
0,7777900
1,7700400
0,7812200
0,7865200
0,7883200
0,8277900
1,7829600
1,7950600
0,7810300
1,7663100
0,7718700
0,7668600
1,7815300
1,7741600
0,8211100
1,8180900
0,7990300
1,7659200
0,7719200
0,7719500
1,7993100
1,7832300
0,7851900
1,7860000
1,7846100
0,7828900
1,7858000
0,7870000
1,7851500
1,7805700
1,7872700
0,7847900
0,7914500
0,7663900
1,7817300
0,7689700
1,7713300
0,7676500
0,7719600
1,7683500
1,7765800
1,7667800
0,7740500
0,7669600
1,7809000
0,7651700
1,7600500
1,7483100
1,7536300
0,8217000
0,7666100
0,7735600
0,7739000
0,7654700
1,7530300
0,7580800
0,7545500
0,7616700
1,7543100
0,7643800
0,7609400
0,7818400
0,7697700
1,7712400
1,7490300
0,7571000
1,7558400
0,7637500
1,7516800
0,7644600
1,7575800
0,7713300
1,7640200
1,7978100
1,7700500
1,7779100
1,7654300
0,7792700
0,7697200
1,7792900
0,7665700
0,7804800
1,7731200
0,7756500
1,7663100
0,7788500
1,7672600
1,7858800
0,7677600
1,7712700
0,7671400
0,7735900
1,7658700
1,7788200
0,7652100
0,7737100
1,7660400
0,7944000
1,7496100
1,7626300
1,7549000
1,7659100
0,7542800
1,7550400
0,7543200
0,7664700
1,7500100
1,7686200
0,7552200
1,7565000
0,7540800
1,7446000
1,7404100
1,7649600
1,7438900
1,7464500
0,7411900
1,8196300
0,7910400
1,7644200
1,7560200
1,7809400
0,7425100
0,7468900
0,7720500
0,7683800
1,7808000
1,7656000
0,7798200
0,7887800
0,7770700
0,7667300
0,7710600
0,7685400
0,7734800
1,7650200
0,7818500
1,7482200
1,7635300
1,7513500
1,7641800
0,7495000
0,7614800
1,7514900
0,7713200
0,7491800
1,7636300
0,7550000
0,7804400
0,7492200
0,7562200
1,7427700
0,7643300
1,7308100
0,8220100
1,8033900
0,8593700
0,8987300
0,8158500
0,8237200
1,9491400
1,9100800
1,8075600
0,7861100
0,7791800
1,7803600
0,7789200
0,8881000
0,8226700
0,7846600
0,7831700
0,7867700
1,7832200
1,7986400
0,7817000
0,7565100
0,7545400
1,7616200
0,7579500
0,7565000
1,7511800
0,7736100
0,7581400
1,7614300
0,7508700
0,8053700
1,7854400
1,7610000
1,7561700
0,7765900
1,7746300
1,7946300
1,7470300
0,7714200
1,7530100
1,7601500
0,7493200
1,7676300
0,7581800
0,7647500
1,7510900
1,7770200
0,7712400
1,7890300
1,7912500
0,7729300
1,7798000
0,7742600
1,7660900
0,7660500
0,7800700
1,7661700
0,7820700
1,7746300
1,7637800
1,7793100
0,7689800
0,7897300
0,7646000
1,7659800
1,7815000
0,7758300
0,7668200
0,7726000
0,7672900
0,7691500
1,7756800
1,7487700
1,7600300
1,7535200
1,7659500
0,7490300
1,7631500
0,7564500
1,7820900
1,7488400
1,7591400
0,7572300
0,7614400
1,7556000
0,7430000
0,7437900
0,7489700
1,7335500
0,7489300
1,7423200
1,7845200
1,7334100
0,7623800
1,7459700
1,7632700
1,7347900
1,7679300
0,8106400
1,7859000
0,7685500
1,7708500
1,7697600
1,7720400
0,7733500
1,7721700
0,7689500
0,7865000
0,7663300
1,7717800
1,7652300
0,7684500
1,7537200
1,7660000
0,7493500
0,7658400
0,7550000
0,7670900
1,7483900
1,7709000
0,7548900
0,7990800
1,7953700
1,8591600
0,8175700
0,7768100
1,7706300
1,8090400
1,9506000
0,8093600
0,7911800
1,8112300
0,7775600
0,7744700
1,7678700
0,7946700
1,7796300
1,7857100
0,7821800
1,7823000
1,7811300
0,7907300
0,7828700
1,7873500
0,7831900
1,7859200
0,7812900
1,7817000
1,7801900
1,7749600
0,7643800
0,7705600
0,7641500
1,7687500
0,7641800
1,7731600
1,7637300
0,7711800
1,7646600
0,7877000
1,7644900
0,8185600
0,7818100
0,7827600
0,7960700
0,7805400
0,7472800
0,8108400
0,7635600
1,7695100
1,7481700
0,7549000
0,7472100
0,7537800
1,7461800
0,7686600
1,7620000
1,7722200
1,7796700
0,7729700
1,7641900
0,7686800
0,7633600
1,7723200
0,7633800
0,7754400
0,7663500
0,7685300
1,7529900
0,7582200
1,7484700
0,7804300
1,7463300
1,7652300
0,7489100
0,7565300
1,7459800
1,7525600
0,7493600
0,7716900
1,7478700
0,7472400
1,7617100
1,7319000
1,7571000
0,7379700
0,7554800
1,7319200
0,7689900
1,7371900
1,7384900
0,7381200
1,7598100
0,7379800
0,7617400
1,7313000
1,7477700
0,7383600
1,7585800
1,7323400
1,7414800
1,7671400
1,7380900
1,7382600
1,7485100
0,7382100
1,7427300
1,7347900
1,7418500
0,7711600
0,7363200
1,7500000
1,7384300
1,7498600
1,7501400
1,7634200
1,7359000
1,8354300
0,7615600
1,7605700
0,7491100
1,7731000
0,7642500
0,7700300
1,7632100
0,7684900
0,7660900
0,7688700
0,7625400
0,7668700
1,7632300
0,7699500
1,7642200
0,7778000
0,7549600
0,7609100
0,7385700
0,7513100
1,7538300
1,7736700
1,7314700
0,7514500
1,7392800
0,10953200
0,8613900
1,7407500
0,7352300
1,7540300
1,7466900
1,7562700
1,7463900
1,7531400
0,7467100
1,7552900
1,7519800
1,7596200
0,7468900
1,7574200
1,7465200
0,7580000
0,7457800
1,7332300
1,7895200
0,7382200
0,7691700
0,7334800
1,7511800
1,7526700
0,7489000
0,7413800
0,7532100
0,7381400
0,8948600
1,7382600
1,7561800
1,7467400
0,7655600
0,7614000
0,7857600
1,7468900
0,7533900
0,7485500
0,7542600
1,7462200
1,7507200
0,7482600
0,7747300
0,7944000
1,7726600
0,7622900
0,8032500
0,7471600
1,7675200
1,7570700
1,7511400
0,7506600
0,7593600
1,7486400
0,7612900
1,7509000
1,7694300
1,7641400
0,7687800
0,7806600
1,7768900
0,7648300
1,7687500
0,7625800
0,7710500
1,7646800
0,7693200
0,7624800
0,7816900
1,7679100
1,8069000
0,7683700
1,8088900
0,7917000
0,8239000
0,8000900
0,7942500
0,7917100
0,7680800
0,7623500
1,7698900
0,7670100
1,7793600
0,7788700
0,7811800
1,7780700
1,7793800
1,7789500
1,7844100
1,7780900
1,7935700
1,7780300
1,7849200
1,7779300
0,7730800
0,7338400
1,7555700
0,7452600
1,7688600
1,8456200
1,7643000
1,7447600
0,7540700
1,7417000
0,7416800
1,7362100
1,7383500
1,7443600
0,7470900
0,8317500
1,8257400
0,9015700
0,8795500
0,8088800
1,8714800
0,8561200
0,7611900
1,7465100
1,7620200
1,7464300
0,7757300
0,7790000
0,7829500
0,7799000
1,8005900
1,7816700
0,7843300
0,7790000
1,7829800
0,7788700
0,7825600
1,7785200
0,7822200
1,7624500
1,7899000
0,7627600
0,7681500
0,7624800
1,7709000
1,7639800
1,7689600
0,7624600
0,7703500
1,7629100
0,7909000
1,8060500
0,7830400
1,7983800
1,7920600
0,7667900
1,7698400
0,7630100
0,7678200
1,7657300
0,8288700
0,7628600
1,7661100
0,7644600
1,7736400
0,7628200
0,7685000
1,7683100
0,8084900
1,7750700
0,7683400
0,7650200
0,7677900
0,7627400
0,7840100
1,7637300
1,7829000
0,7626800
0,7820900
0,7736700
0,7693500
0,7857000
1,7678700
1,7626500
0,7864000
1,7822200
1,7910900
1,7652300
1,7715500
1,7668400
0,7806000
1,7630300
0,7824800
0,7671900
0,7921100
1,7675600
0,7645100
1,7720200
0,7801500
0,7752500
0,7679100
0,7627700
1,7693100
1,7571500
0,7321100
0,7669200
1,7409300
0,8527200
1,7490100
0,7686900
1,7598000
1,7562000
0,7382400
0,7456400
1,7391100
0,7454600
0,7399700
1,7817700
0,7642100
0,7680600
0,7626500
0,7690300
1,7636700
0,7840800
1,7615400
0,7680500
1,7667300
0,7757800
0,7626100
0,7669600
1,7468000
0,7527400
1,7470300
0,7610700
0,7507700
1,7549100
1,7642600
1,7544000
1,7464300
1,7559000
1,7461900
0,7623700
0,7470600
0,7522600
0,7564900
1,7432100
1,7312500
0,7491800
0,7381100
0,7417900
1,7420500
1,7358900
1,7469100
1,7336000
1,8573500
0,7558200
0,7594100
0,7621100
0,7553900
1,7465600
0,7889700
1,7610900
1,7551300
1,7527400
0,7586200
0,7488000
1,12326600
1,7566600
0,7770100
1,7619600
1,7683000
1,7633500
1,8680400
1,8838500
0,7702700
0,7628400
1,7744200
0,7624800
1,7803300
1,7631700
0,7811800
0,7610700
1,7548600
0,7470400
0,7585800
1,7442400
1,7580800
1,7461000
1,7544200
0,7469600
0,7549400
1,7524200
1,7712900
0,7644800
0,7934100
1,7581800
0,7553400
0,7622200
1,7648000
1,7616200
0,7491500
1,7518300
1,7460600
0,7546500
0,7484800
0,7575300
0,7471000
1,7517000
1,7478300
1,7632900
1,7468100
1,7746600
0,7502800
1,7648000
0,7472400
1,7650400
1,7519900
1,7576100
0,7648800
0,7617500
0,7481300
1,7708900
0,7627200
1,8032200
0,8092800
1,7668800
1,7620600
0,7819900
0,7629200
1,7749100
0,7628000
1,7725100
0,7627700
1,7679600
1,7693500
0,7700000
0,7626500
0,7680100
1,7620500
0,7785900
0,7643100
0,7682300
0,7628300
1,7696400
0,7626000
1,7695300
0,7625300
0,7449400
0,7452700
0,7320100
1,7604100
1,7406100
0,7438700
0,7493200
0,7982400
1,8031400
0,7647800
1,7414200
0,7472400
1,7502100
1,7526500
0,7624600
0,7668200
0,7637900
0,7808200
1,7619500
1,7736700
1,7811300
1,7682400
1,7618100
1,7685200
1,7617200
0,7679200
0,7563400
1,7544500
1,7462500
0,7531200
1,7469200
1,7600200
1,7469500
1,7513500
0,7471700
0,7484600
1,7542200
0,7499700
1,7545000
1,7577800
1,7395100
1,7371800
1,7441800
0,7334500
1,7887700
0,7382500
0,8557500
1,8355000
0,8940400
0,8920600
1,8382900
0,8604000
1,7695300
0,7906800
0,7862100
0,7870500
0,8366600
1,7981900
1,7848600
0,7839100
1,7798300
1,7859100
0,7855000
0,7881600
0,7915100
0,7867400
1,7840000
1,7849500
1,7851100
0,7819700
0,7846500
1,7876400
1,7818600
1,7947200
1,7813900
0,7913800
0,7830700
1,7790000
0,7404200
0,7639300
1,7637300
1,7676100
1,7494100
1,7627600
0,8572900
1,8549200
0,8847700
1,8683900
1,8460200
1,8014200
1,7939700
0,7838300
0,7900100
0,7817600
0,8075500
0,8152900
0,8315700
1,8667900
1,7861200
1,7856200
0,7854000
0,8323000
0,8326400
1,10862200
0,11109500
1,9708400
0,7898300
1,7869400
1,8055400
1,7868100
0,7785200
1,7725600
0,7657900
1,7719100
0,7802700
0,7862800
0,7819800
1,7825800
1,7865300
0,7845800
1,7833500
0,7909400
1,7845000
0,7829700
1,7859800
1,7832500
0,7799600
1,7661100
1,7651800
0,7744900
0,7667600
0,7679000
1,7620800
1,7942000
0,7626000
0,7686500
0,7627000
1,7667800
0,7723300
0,7691100
0,7626800
0,7697300
0,7627800
0,7687400
1,7600400
1,7841500
1,7849800
0,7745400
0,7641700
1,7676100
1,7627500
0,7686200
0,7659800
0,7540200
0,7383200
1,7462700
0,7339100
0,7449300
0,7381000
1,7450700
1,7303000
1,7593700
0,7385700
0,7441400
0,7323900
1,7423600
1,7610700
1,7469000
0,7399700
0,7399400
1,7438300
0,7635800
0,7416100
1,7429600
0,7513600
1,7325100
1,8232800
0,7650100
0,14055900
0,7983900
0,7700200
0,8126500
1,8128900
1,7601800
1,7467200
1,7517600
0,7505500
0,7580000
0,7473600
0,7551400
0,7468300
1,7593100
1,7622900
0,7681600
1,7640600
0,7679400
1,7620800
0,7683800
0,7626500
0,7699500
1,7599500
1,7710900
1,7617800
0,7693400
0,7613200
0,7660900
0,7385900
0,7703100
0,7692700
0,7637200
0,7857200
1,7402300
1,7508000
0,7324000
1,7475000
1,7393800
1,7590200
1,7344300
0,7526800
0,7484700
1,7497200
1,7459000
1,7807100
1,7490400
1,7579900
1,7496900
1,7741700
0,7520500
1,7769000
0,8243100
1,7525600
1,7535800
0,7596200
0,7469800
1,7649900
1,7634500
0,7597600
1,7464900
1,7545100
1,7487200
1,7458100
0,7540700
1,7444900
1,7710700
1,7468200
0,7558200
1,7463300
0,7624300
0,7467400
1,8091100
1,7600000
1,7627600
0,7544100
1,7649800
0,7472500
0,7568700
1,7460900
0,7770400
0,7694700
0,7739600
0,7668900
0,7738000
1,7688800
1,7706800
0,7842700
0,7856900
0,7684000
1,7714500
1,7664700
1,7732300
0,7658400
1,7403300
0,7500900
1,7624400
1,7447700
0,7488600
0,7410000
1,7766800
1,7423800
0,7563700
0,7452600
1,7460600
0,7490200
0,7342900
1,7533300
0,7420700
0,8861300
1,8473800
1,7350300
1,7600700
1,7883000
1,8547000
1,7957100
1,8654400
1,8118400
1,9195000
1,7695700
1,7994300
0,7840000
1,7830200
0,7831500
0,7900900
0,7828400
0,7826200
0,7829200
0,7887100
0,7828200
1,7866200
0,7822100
1,7998900
0,7991100
0,7747700
0,7694800
0,7858300
0,7670300
0,7735600
1,7689500
1,7941300
0,7687200
1,7699500
0,7689500
0,7739300
1,7650800
0,7749800
1,7644100
0,7856800
0,7625500
1,7684200
0,7665000
0,7674900
1,7622100
0,7700100
0,7645100
0,7818700
0,7626700
0,7586800
1,7481500
1,7511400
1,7627700
1,7708400
1,7721300
0,7540300
0,7469800
0,7526300
0,7483700
0,7518500
1,7463300
0,7546200
1,7461900
0,7528000
1,7463600
0,7675900
1,7780000
0,7580800
0,7507500
0,7543900
1,7487100
1,7821900
0,7538400
1,7660900
1,7596100
0,7675500
0,7613900
0,7528300
1,8793200
1,8060200
0,8832100
0,8531900
1,8540300
0,8319400
0,8373800
0,8307600
1,7478200
1,7922700
1,7857500
0,7846900
1,7803300
0,7875600
1,7844500
1,7967200
1,7831300
1,8120300
1,7848300
0,7896900
1,7842300
0,7828200
1,7847800
1,7995300
1,7724600
0,7521900
1,7661000
0,7537800
1,7486100
1,7864500
1,7660500
0,7540800
1,7518900
0,7623300
0,7554300
1,7677500
1,7641800
1,7751200
1,7668600
0,7861600
1,7664400
0,7935900
1,7707900
1,7726600
0,7667200
0,7753400
0,7644400
0,7733600
1,7517200
1,7665300
1,7342900
1,7808800
1,7502700
0,8484900
1,8497700
1,8548800
1,8277700
0,8680000
1,8658700
0,8842700
0,7970900
1,7795300
0,7936600
0,7785100
0,7836000
0,7792800
0,7940500
0,7787300
0,7817200
0,7788800
0,7847000
0,7787000
0,8152100
0,7561400
0,7917500
1,7479800
0,7921600
1,7478300
0,7690200
1,7471300
1,7720600
1,7556600
0,7542400
1,7489200
0,7539200
0,7475300
0,7604500
1,7480500
0,7560000
1,7484700
1,7895900
0,7885400
0,7724900
0,7559100
0,7652500
0,7517300
1,7625600
0,7472800
1,7587500
0,7847400
1,7643200
1,7708600
0,7772900
0,7917500
1,7792500
0,7714700
0,7662100
1,7741900
0,7665700
1,7704800
1,7651800
1,7715000
1,7564600
1,7495700
0,7348500
0,7548900
0,7580200
1,7545900
1,7336700
0,7636800
1,7413500
1,7628200
1,7336500
1,7672000
1,7513000
0,7728900
0,7647400
0,7802400
0,7674200
0,8227300
1,7669600
1,7737900
1,7666500
1,7755500
0,7713500
0,7719400
0,7666200
1,7718900
0,7650200
0,7444100
1,7403000
1,7548700
0,7447300
1,7484300
0,7429000
1,7483900
0,7426300
0,7509100
0,7356300
0,7554000
0,7435300
1,7436000
1,7399700
0,7468400
0,7493400
1,7332700
1,7455800
0,7421100
0,7489900
1,7763600
0,8530000
1,7550600
1,7687700
1,7482000
1,7412000
0,7599400
0,7740700
0,7653400
1,7724100
1,7669400
0,7789700
1,7829000
0,7799200
1,7662700
0,7771800
0,7665800
0,7757500
1,7649700
1,7898300
1,7682000
0,7694900
1,7525700
1,7640600
1,7502900
0,8050100
1,7611300
0,7819800
0,7547700
0,7618600
0,8011800
1,7556900
1,7633000
1,7783300
0,7690000
1,7715700
1,7644700
1,7744500
1,7678600
0,7714500
0,7664200
0,7885100
1,7715700
0,7821700
1,7645800
0,7815100
1,7677700
1,8133400
0,7734900
0,8117400
1,8269700
1,7760100
0,7679400
1,7712800
0,7677300
0,7718600
0,7656000
1,7707100
1,7662000
0,7742700
1,7690000
1,7759800
0,7651100
0,7760900
1,7683600
0,7747200
0,7646800
1,7735600
0,7666400
1,7849700
1,7755600
1,8856100
0,8599500
1,8149000
1,7507500
1,7874100
0,7645400
0,7746400
1,7534000
0,7612100
1,7505100
1,7525000
0,7756300
0,7560100
0,7754500
0,7646700
0,7810000
0,7666500
0,7990900
0,7650100
0,7760700
1,7697800
0,7710400
0,7713300
1,7674900
0,7665600
1,7760200
0,7533100
0,7665600
0,7514700
1,8019100
0,7627400
0,7612600
1,7529700
1,7622200
1,7519300
1,7622900
1,7537900
1,7673500
1,7526400
1,7566000
1,7540300
0,7594900
0,7553300
0,7579600
0,7547800
1,7713300
1,7558400
1,7648100
1,7483400
0,7642000
1,7534700
0,7644100
1,8098400
1,8394400
0,8939900
1,8542800
1,9149800
1,9995000
1,8413300
0,7342800
0,7579300
1,7498200
0,7483000
1,7440400
1,7831100
0,7858400
0,7858900
0,7848700
1,7828000
0,7828800
1,7826500
1,7868400
1,7848700
0,7824200
1,7861700
0,7854700
1,8060000
1,7675300
1,7874600
1,7687000
0,7852300
1,7640300
0,8056100
1,7675800
0,7794200
1,7676800
0,7709100
1,7686400
0,7727600
0,7665100
0,7731500
0,7666000
1,7723400
1,7666800
1,7742400
0,7674500
0,8563800
1,7674200
1,7753800
0,7647300
1,7741400
1,7637500
0,8185700
1,8042900
0,13123200
0,8595700
1,7513200
1,8025100
1,8177000
1,8953900
1,8667100
1,8938200
0,7574600
0,7579000
1,7813400
1,7880700
0,7854400
0,7889000
0,7839500
1,7862800
0,7869400
0,7862000
0,7809100
1,7843600
0,7849700
1,7959000
1,7826100
0,7703800
1,7413000
1,7462700
0,7607700
0,7681200
1,7512100
0,8613600
1,7548700
0,7695700
1,7438900
0,7432200
1,7374900
1,7427700
0,7627000
0,7676700
0,7624800
0,7772500
0,7833800
1,7673400
0,7623900
1,7687000
0,7625500
0,7686900
0,7663700
1,8732400
0,7694400
0,7748300
1,7542600
1,8149500
0,8270700
1,8138500
0,7498500
0,7695100
1,7542400
0,8756400
1,7508900
0,7836100
1,7637600
1,8713300
0,7698400
0,7766800
0,7687400
0,7776400
1,7718600
0,7723300
0,7699800
0,7920600
0,7765200
1,7756700
1,7712500
0,7720000
1,7784900
0,8026600
1,7867300
0,7505400
0,7575500
1,7673000
1,7554400
1,8042000
0,7627400
0,7618300
1,7542200
1,7578900
1,7572600
1,7691600
0,7666700
1,7707300
0,7669800
0,7767700
1,7670400
0,7756900
0,7803900
1,7722400
1,7657900
0,9315800
0,7885900
1,7636000
0,7739800
1,7701200
0,7730500
1,7668200
1,7730000
1,7707700
0,7761300
0,7680000
1,7645100
0,7695400
1,7727000
0,7651700
0,7739200
0,7634900
1,7510900
1,7423600
1,7402200
1,7476500
1,7422700
1,7480200
1,7543600
1,7527800
0,7402100
1,7597100
0,7340900
1,7486600
0,7356300
0,7578000
1,7314000
0,7504500
0,7352200
0,7759500
1,7335900
1,8036400
1,8626900
1,8711700
0,8788700
1,7403500
0,7381200
1,7661100
0,7645100
0,7686500
0,7624600
1,7668500
0,7659800
1,7683000
1,7618900
0,7694500
1,7640600
0,7862500
0,7650600
0,7761500
0,7553300
0,8073800
1,7420800
1,7710500
0,7633100
0,7518200
0,7670700
0,7453800
0,7431400
0,7503200
0,7343200
1,7929500
1,7429100
1,7721100
0,7702800
1,7881000
1,7745600
0,7724900
0,8560600
0,7822500
0,7652100
0,7710600
0,7663800
0,7758100
0,7646500
1,7744900
1,7660000
0,7775900
0,7647300
0,7800500
0,7843700
0,7832900
1,7668800
0,7714800
1,7655000
1,8130200
1,7667800
0,7802500
1,7627900
1,7893000
1,7645700
1,7811300
1,7658000
0,7811000
0,7665000
0,7738500
1,7641000
1,7730800
1,7670500
0,7845600
1,7678700
0,7722500
1,7459000
1,7655700
0,7427600
1,7599800
0,7462600
0,7501000
0,7474500
0,7569400
0,7427600
1,7500800
1,7462500
1,7464600
0,7424000
1,7439400
1,7430000
1,7385200
1,7416900
0,7472700
0,7581400
0,7438700
1,7643600
1,7584200
1,7415500
1,7453800
0,8283100
0,8235600
1,8374700
1,7955000
1,8122100
0,7849700
0,7746100
1,7940000
1,7661200
1,7783600
1,7684200
1,7719000
0,7665600
1,7758000
0,7692600
1,7709000
0,7663800
1,7733300
1,7658700
1,7975300
0,7670800
0,7731500
0,7798800
0,7728200
0,7663900
1,7742300
1,7626200
0,7739500
0,7668900
0,7735400
0,7647500
1,9741400
1,7644300
1,7988700
1,7645400
1,7748200
1,7674200
1,7754100
0,7655700
1,7712800
0,7648300
0,7695300
1,7541400
1,7879500
1,7812500
1,8093000
0,8054600
0,7861400
1,7860800
0,9183700
0,8787700
0,7594800
1,7557000
1,7741700
0,7828000
0,7847400
0,7961700
0,8145700
0,7836700
1,7852400
1,7849300
0,7851400
1,7889600
1,7853000
1,7776300
1,7849200
0,7762400
0,7605300
0,7622600
0,7489600
1,7615600
1,8052200
0,7746800
0,7535500
1,7606600
1,8249100
0,7719700
0,7579400
1,7505200
0,7810100
1,7672900
1,7717600
0,7647000
0,8067400
1,7681700
1,7761800
0,7663300
1,7727600
1,7668200
0,7734800
1,7681800
1,7708100
0,7581300
0,7635200
1,7562900
0,7578800
1,7522700
0,7679500
1,7561700
0,7558500
0,7548400
1,7770600
1,7577300
1,7554800
0,7550000
1,7595400
0,7439900
0,7504200
1,7422900
0,7491200
1,7431500
1,8521500
1,7517500
0,7487100
0,7426600
0,8689100
0,7441600
0,7493300
1,7563800
1,7735700
0,7645400
0,7740500
1,7718400
1,7733000
1,7646000
1,7858800
1,7669800
1,7712000
1,7652200
0,7715900
1,7700100
0,7681700
0,7545200
0,7659800
0,7571200
1,7761600
1,7637600
1,7745800
0,7472900
0,7610700
0,7474900
1,7601900
0,8172200
0,8679100
1,8562000
0,8304300
1,8066400
1,9615300
1,8017500
1,7681400
0,7626800
0,7776000
0,7645200
0,7721200
1,7601800
0,7685100
0,7689000
0,7799500
1,7785000
0,7807200
1,7794700
1,7844800
0,7792200
0,7812000
1,7817000
1,7820500
1,7765600
1,7822600
1,7819800
0,7914800
0,7914500
0,7688900
1,7642000
1,7651800
1,7640400
1,7788700
0,7687400
0,7747300
0,7755400
0,7823200
1,7662300
1,7750400
1,7617500
0,7718100
1,7624100
0,7679400
1,7723400
0,7812800
1,7753100
0,7749200
0,7623900
1,8258500
1,7624300
0,7681900
0,7626100
0,7668500
0,7471100
0,7532400
0,7467300
1,7564000
0,7785100
1,7534700
1,7563400
1,7777600
1,7459200
1,7576900
0,7501300
1,7597300
1,7527800
1,7858100
0,7626600
1,7761800
1,7620500
1,8170800
1,7732300
1,7721500
0,7628100
0,7675900
0,7641700
1,7701300
1,7628900
1,7664700
1,7636400
1,7731400
1,7615900
1,7669100
0,7646800
1,7691800
0,7625000
1,7685800
0,7663000
1,7666400
0,7623300
1,7685300
0,7618400
1,7390800
0,7382100
1,7453400
0,7391600
1,7373100
0,7352800
0,7553400
0,7748800
1,7315600
1,7562900
1,7374800
0,9156400
0,7925000
1,7644400
0,7625400
1,8806500
0,7693700
1,7621800
1,7703600
1,7668900
0,7833600
1,7619400
0,7686100
0,7646500
0,7815900
0,7631000
0,7686100
1,7634500
1,7615600
1,7688200
1,7639800
0,7684700
1,7630800
1,7705400
1,7636400
0,7685000
1,7624100
0,7692500
0,7634900
1,7443500
0,7523900
1,7519200
0,7459300
1,7456800
0,7364400
1,8270900
1,8319400
1,9386600
1,8809800
1,8740300
0,8622100
0,8024000
0,7974500
0,7818500
1,7794800
1,7787200
0,7880200
0,7809000
1,7801700
1,7780500
0,7804600
0,7825500
0,8867200
0,7733500
0,7557700
0,8158500
1,7518300
0,7469000
0,7553700
0,7469200
1,7520300
1,7462400
1,7517200
0,7486800
1,7536200
0,7469100
0,7679400
1,7713500
0,7532300
0,7469000
1,7595000
1,7642500
0,7700400
0,7547100
1,7626800
1,7464500
1,7466100
0,7540100
0,7618300
1,7687900
1,7449100
1,7615800
0,7483800
0,7533900
0,7469200
1,7759100
0,7483700
1,7687200
1,7461900
1,7660500
1,7581800
1,7642700
0,7474400
0,7533300
0,7523400
0,7672000
0,7470500
0,7528100
0,7804600
1,7672800
0,7557200
0,7635500
1,7586900
1,7589400
0,7470100
1,8233300
0,7822800
0,7787000
1,7653700
1,7767600
1,7640300
0,7691200
1,7625600
1,7693500
1,7664100
0,7682300
0,7626800
0,7680400
1,7646900
0,7786400
1,7398900
0,7319500
0,7641700
1,7387900
1,7418900
1,7404500
0,7700800
1,7437800
1,7512600
1,7310700
1,7526900
0,7380500
0,8593400
1,7447800
0,7567500
1,7496400
0,7654800
0,7520800
1,7544500
0,7470800
0,7670300
1,7462500
1,7586600
0,7505700
1,7662400
0,7494000
1,7485800
1,7374300
0,7427300
1,7322000
1,7380500
0,7454300
0,7380400
1,7535700
1,7703500
0,7735600
1,7373200
1,7652000
0,7394500
0,7440600
0,7428400
0,7618300
0,7385100
0,7547200
0,7382700
0,7399700
0,7383900
0,7808900
1,7357500
1,7433700
0,7400800
1,7387500
0,7458200
1,7316400
1,7683700
0,7382700
1,7883200
1,8379300
0,8868900
0,8611000
0,8811600
1,8753700
0,7444700
0,8134800
1,8528500
1,7919600
0,7875900
0,7913900
1,7835200
1,7809300
1,7805500
1,7794900
0,7816300
0,7809600
1,7780200
1,7803400
0,7926000
0,7810200
0,7786400
1,7795100
0,7808300
0,7811300
0,7822600
1,7816700
0,7836900
0,7801900
1,7780000
0,7803100
0,7804100
0,7812100
1,7681000
0,7540600
1,7465500
0,7572500
1,7466400
0,7776200
0,7541000
0,7543500
0,7506800
1,7566400
0,7509100
0,7550400
1,7465700
1,7601900
1,7302700
0,7591100
0,7384000
1,7424600
0,7644400
1,8101700
1,10491800
0,10672300
1,10886300
1,10589600
1,8034100
1,7964200
0,7701700
1,7648300
1,7696900
1,7627000
0,7749400
1,7924800
1,7963300
1,7741600
0,7694900
0,7672300
0,7710100
1,7624800
0,7710600
0,7660900
1,7716000
1,7656300
1,7735400
1,7708800
1,7732900
0,7800900
1,7724700
1,7650300
1,7763100
0,7630600
0,9083400
0,9490100
0,9309500
1,7669700
1,7645400
1,7727000
0,7631300
1,7686700
0,7808700
0,7686800
1,7617400
1,7797500
1,7643000
1,7630100
0,7467400
1,7507800
0,7484700
0,7531200
1,7482600
1,7541100
1,7516700
0,7746300
1,7462100
0,7752000
1,7565800
0,7645800
1,7572300
1,7694900
1,7421800
1,7478000
0,7407500
1,7333500
1,7513900
1,7840900
1,8458000
1,7555000
0,7947200
1,7410300
0,7831000
1,7416300
0,7761700
0,7661400
0,7729400
1,7679800
1,7729200
1,7662700
1,8301700
0,7691700
0,7927700
0,7669500
0,8207900
0,7708100
1,7853000
0,7719400
1,7697600
1,7635100
0,7688400
1,7783700
0,8019000
0,7781300
0,8049000
1,7726800
0,7775500
0,7811900
1,7626400
1,7683100
0,7855100
1,7788100
0,7793200
0,7814700
1,7802100
0,7789500
0,7802900
1,7765100
1,7814300
1,7777400
1,7927700
1,7803100
0,7853700
1,7627800
1,7807300
1,7626300
1,7721000
0,8539800
0,7817100
1,7628000
0,7843900
0,7686700
1,7727500
1,7808700
1,7657600
1,7695500
0,7624800
1,7810200
0,7628400
1,7676100
1,7697800
1,7570000
1,7635000
0,7625000
0,7833400
0,7642100
0,7722200
1,7679500
0,8695700
0,7642400
1,7527000
1,7581500
1,7487400
0,7597600
0,7473200
0,8328700
0,7492800
0,7587600
0,7474400
0,7469100
0,7585700
1,7612100
1,7855300
0,7662200
0,7677800
0,7644100
0,7675000
0,7799700
0,8221800
0,7627100
1,7667100
0,7625400
0,7728400
0,7627000
1,7675000
0,7625300
0,7710200
0,7626100
0,7680800
1,7619200
1,7727300
0,7755800
1,7682800
0,7625300
1,7743400
1,7632500
1,7687000
0,7474900
0,7605600
0,7321300
0,7439700
0,7383600
0,8216800
1,7375100
0,7392500
1,7346100
0,7426300
1,7398100
0,7486300
0,7378800
1,7388100
1,7565800
0,7535000
0,7831400
1,7503200
0,7556000
0,7472600
0,7528700
1,7677300
0,7625900
0,7472200
1,7636500
0,7489000
1,7526400
1,7491500
0,8100200
0,7508300
1,7737600
0,7469600
1,7575900
1,7600300
0,7556200
1,7563000
0,7752400
0,7494100
0,7790900
1,7490500
1,7706400
0,7644300
1,7747000
0,7625500
0,7983000
0,7784300
1,8253700
0,8102100
0,7864000
0,8078600
1,7667300
1,7629500
1,7671600
1,7642700
0,7713900
0,7628800
0,9238100
0,7710900
0,7811600
0,7767000
1,7684200
1,7604400
0,7690900
1,7623900
0,7711200
1,7558100
0,7565000
1,7477600
1,7538400
0,7470500
1,7923700
0,7472100
1,7574800
1,7459600
1,7544700
1,7441500
0,7602800
1,7464200
1,7652100
1,7458200
1,7620300
1,7470800
0,7702000
0,7465500
0,7798300
0,7470600
1,7550000
0,7470700
0,7560900
0,7543000
0,7635400
1,7519900
1,7539200
1,7464100
0,7559700
1,7495400
1,7546400
0,7472700
0,7472000
1,7629300
0,7582400
1,7616900
1,7473600
0,7544500
0,7488900
0,7520200
1,7351900
1,7410700
1,7396200
0,7433500
1,7353700
0,7485300
0,7394400
0,7859000
0,7380100
0,8419200
0,7565700
1,7641600
1,7537500
0,7700800
1,7619300
0,7679300
1,7624200
0,7717400
0,7628400
1,7709100
1,7749000
1,7685200
0,7622800
1,7732300
0,7629700
1,7607900
1,7317500
0,7442400
0,7381600
1,7476500
0,7518800
0,7382400
0,7472000
1,7490600
1,7418300
1,7368400
0,7464100
1,7391800
1,7613600
0,7382600
0,8322900
1,8597800
0,8642400
0,8810800
1,8422900
0,8878200
1,8857100
1,7624900
1,7418400
1,7419400
0,7384900
0,7681000
1,7783500
0,7850200
1,7769000
1,7812000
1,7828100
0,8032700
1,7788700
0,7819800
0,7807700
1,7832600
1,7785600
0,7820800
1,7446600
0,7437600
0,7382800
1,7384000
1,7412100
1,7598800
1,7383600
1,7422400
1,7481400
1,7377800
1,7580900
0,7323300
0,7563200
1,7375900
0,8430000
1,7454800
1,7591800
1,7555400
1,8070500
1,7467500
1,7553500
0,7383500
1,7461300
0,7323500
0,7759300
1,8718500
1,9718400
0,7905700
1,7878900
1,7791500
0,7857000
1,7985500
0,7696100
1,7613700
1,7789400
0,7649400
0,7681900
0,7623200
1,7812000
0,7807700
1,8198100
0,7788900
1,7802300
1,7761300
1,7851100
1,7782500
0,7827000
1,7779000
1,7788500
0,7787300
0,7952600
1,7744700
0,7653600
1,7468600
1,7575100
1,7470000
0,7532000
1,7460400
0,7559700
1,7464700
0,7560300
0,7471600
1,8232900
1,7499100
0,7554900
0,7431100
1,7435500
0,7377600
1,7359300
0,7379500
0,7488800
1,7375500
0,7365100
1,7737900
0,7417700
1,7625300
1,7385500
1,7446900
0,7402800
0,7596700
1,7318800
1,7431400
0,7396100
0,8362500
1,7474200
1,7738900
0,7670200
0,7460900
1,7325400
1,7497600
0,7399600
0,7511300
1,7641100
0,7694400
0,7662700
1,7655900
1,7626600
1,8733300
0,7645300
1,7685700
1,7639300
1,7704000
1,7625600
0,7679100
1,7615600
0,7461100
0,7409600
0,7582000
0,7404000
0,7423200
0,7449300
1,7605100
1,7499800
0,7830100
0,7432900
1,7689700
1,7423900
1,7527000
0,7703900
0,7827900
0,7669700
0,7744600
0,7662400
1,7746500
0,7688500
1,7738500
0,7653500
0,7771200
1,7661000
1,7876100
1,7707300
1,7415900
1,7396800
1,7633700
0,7343900
0,7515900
1,7443200
1,7729000
1,7490600
1,7413000
1,7427500
1,7440000
0,9257300
0,8410800
0,8253200
1,8039100
0,7686600
0,7950100
0,7843900
1,7858200
1,7789400
0,8758100
1,7738500
0,7950900
0,7771300
0,7668900
1,7733300
0,7815000
0,7790800
1,7805400
1,7814300
0,7802300
0,7872300
1,7784400
0,7812600
1,7853500
0,7791400
1,7818300
0,7792500
1,7652700
1,7461000
1,7605800
1,7461100
1,7517000
0,7788100
0,7673500
0,7508800
0,7521500
1,7465800
0,8329800
0,7625700
0,7646200
1,7617200
0,7683000
0,7692200
1,7979400
1,7542700
1,7627100
1,7474900
0,7603600
0,7548100
1,7624700
1,7494500
1,7661100
1,7521400
0,7642200
1,7549200
1,7486500
1,7807500
0,7565300
1,7671800
0,7492800
0,7721400
0,7834000
1,7605300
1,7487400
0,7586300
1,7491300
0,7579200
1,7486600
1,7563400
0,7490300
1,7708000
1,7473000
1,7571300
1,7482000
1,7766100
1,7457200
1,7534800
1,7507200
0,7802600
0,8025500
0,7713000
0,7665600
1,7576900
1,7587700
0,7527200
0,7517900
0,7524900
1,7475800
1,7541700
0,7547100
0,7529100
1,7484500
0,7552500
1,7413900
1,7434300
0,7380200
1,7335500
1,7702700
0,7469800
1,7427300
0,7534300
1,7781300
1,7423000
0,8112400
1,7341100
0,7538500
0,7575800
1,7731300
1,7650700
0,7755300
0,7666700
0,7865700
1,7659100
0,8353900
1,7694200
1,7734900
1,7675500
1,7958900
0,7996700
1,7985100
1,8112700
0,7718800
1,7875400
0,8310800
0,8675300
1,9037400
1,8692200
1,7703600
1,7730700
1,7648800
0,7954200
0,7787600
1,7908900
0,7808500
1,7887000
1,7814300
1,7884900
1,7790000
0,7807500
0,7809300
0,7930700
0,7788600
0,7814200
1,7779200
1,7685300
0,7624300
1,8205100
0,7651300
1,7865600
0,7844000
0,7955900
1,7622800
1,7772300
1,7619400
1,7702800
1,7635900
0,7688600
1,7620200
0,7711400
0,7626400
0,7694900
0,7624900
1,7792100
1,7597900
0,7705100
1,7783400
1,8085100
0,7848700
1,8134400
0,7731200
1,7944500
0,7796500
0,7818800
0,7824400
0,7913100
0,7789900
1,7844700
0,7808500
0,7811200
0,7801200
0,7815300
0,7798600
0,7895700
1,7614100
1,8236700
0,7687400
1,7697900
1,7671600
0,7741600
1,7629900
1,7902600
1,7647500
1,7699100
1,7649100
1,7746100
0,7687000
1,7804500
0,7637800
1,8480500
0,7652600
1,7882400
0,7645500
0,7703100
0,7858000
0,7738100
1,7627100
0,7684400
1,7616300
1,8339500
1,7626400
0,7824900
0,7626200
0,7818900
1,7628500
1,7829600
1,7658600
1,7810900
1,7619800
1,7676600
1,7614300
0,7696500
0,7555900
1,7606900
0,7470900
0,7561600
0,7468300
0,7921400
1,7486300
1,7571100
0,7470300
1,7718200
0,7469500
1,7563300
1,7470300
0,7573200
0,7321000
1,7503300
0,7543900
0,7659500
1,7321500
1,7466000
1,7382500
0,7383000
1,7463600
1,7382100
1,7507500
0,7378200
0,7669500
1,7485000
0,7693900
0,7474500
1,7638800
0,7505400
1,7627100
1,7460600
0,7577100
1,7469800
1,7652800
1,7372800
1,7562400
1,7476700
0,7517300
1,7498500
0,7914400
1,8154800
1,8638700
1,9432700
0,7756400
0,7673200
1,7602500
1,7464400
0,7674900
0,7468600
0,7635300
1,7782500
1,7809100
0,7788900
1,8211600
1,7778000
1,7844600
1,7788400
1,7798800
1,7785600
0,7869900
1,7802700
1,7789300
1,7758400
1,7678800
0,7627600
1,7684100
0,7643600
1,7685600
0,7759700
0,7688600
0,7663400
1,7715500
1,7622500
0,7682400
1,7653300
1,7666900
0,7471100
1,8378200
0,8107000
0,7744500
1,7500900
1,7663600
0,7520400
1,7715600
0,7474500
1,7598500
0,7491900
1,7604800
1,7461600
0,7611100
0,7488000
0,7519100
1,7466000
0,7528400
1,7479500
1,7544100
1,7497900
0,7862600
0,7511800
0,7468800
0,7532200
0,7471800
1,7484000
1,7376300
0,7618600
0,7322300
1,7689900
1,7380600
0,7641100
0,7318200
1,7795700
1,7378600
1,7480800
1,7312300
1,7480600
0,7413000
1,7668500
0,7472800
0,7670700
0,7472600
0,7671000
0,7470600
0,7575000
0,7472900
1,7527900
0,7470100
0,7544800
0,7472500
1,7616600
0,7325400
0,7424300
0,8604800
1,7505600
0,7416300
0,7602100
1,7382200
0,7382700
0,8893600
1,7408100
0,7570000
1,7413700
1,7471500
0,7625000
1,7682300
0,7626900
1,7699700
0,7627400
0,7685900
0,7625000
0,8424600
0,7683600
1,7632100
0,7626000
0,7711000
0,7634200
1,7394900
0,7382600
1,7921100
1,7372400
0,7375500
0,7381800
0,7866500
1,7380100
0,7478200
0,7383000
1,7487900
1,7353700
0,7551100
1,7450700
1,7607100
0,7473200
0,7544800
0,7472900
1,7771100
0,7609100
0,7605900
0,7469500
1,7703500
1,7461900
1,7560500
1,7463800
0,7547400
0,7469600
0,7598400
0,7470800
0,7671200
1,7458800
0,8133300
1,7536700
1,7649900
1,7500800
0,7507100
1,7668800
1,7486900
1,7546800
1,7466800
0,7562000
0,7487000
1,7653100
1,7460000
1,8354100
0,7767000
0,7571700
1,7584100
0,7546100
1,7482400
0,7553600
1,7532500
0,7736300
1,7626200
1,7781300
1,7620900
0,7705500
0,7627300
1,7666800
1,7609800
0,7798500
1,7684600
0,8170700
1,7715600
1,8075500
1,7845400
1,8841500
1,8377500
0,8593800
1,9203700
0,7763900
0,7962200
0,7915200
1,7700100
0,7676700
1,7650700
1,7718700
0,7785700
1,7802200
0,7806200
1,7826000
0,7788900
0,7823900
0,7806900
1,7804300
1,7783100
0,7822200
1,7795800
1,7797800
0,7765400
0,7683500
1,7636900
1,7686600
0,7627400
1,7767300
1,7622300
0,7722300
1,7602600
1,7690100
1,7618300
1,7694000
0,7626700
0,7805400
1,7411100
0,7473400
1,7388100
0,7467900
1,7315800
1,8296700
0,8589700
1,9047800
1,8876700
0,9257000
0,9063800
1,8930800
0,7851900
0,7791700
1,7824900
0,7786700
1,7837100
1,7786700
1,7904500
0,7788000
0,7799900
0,7812200
1,7849100
0,7792200
0,7878800
1,7673900
1,7642800
1,7622000
0,7727200
0,7696800
1,7620000
1,7693600
0,7665100
1,7777200
1,7629700
1,7715300
0,7678400
0,7597000
0,7468200
1,7380500
1,7459500
0,7394500
1,7727800
1,7385000
0,8486200
1,8551700
0,8573900
0,8359800
0,7449400
0,7408900
0,7615100
0,7785200
0,7940900
1,7823100
0,7798600
0,7791300
1,7816100
0,7788400
1,7829100
0,7807300
0,7855500
0,7818900
1,7918600
0,7691100
0,7707900
0,7625900
1,7698400
1,7626000
1,7700600
0,7786300
0,7685400
1,7615800
0,7720100
0,7627800
0,7734200
0,7625400
1,8187300
0,7625200
0,7653100
0,7508600
1,7625000
0,7476200
1,7578600
1,7462800
1,7570300
1,7467300
0,7802800
1,7579400
1,7850300
1,7638100
0,7673800
1,7596900
0,7875000
1,7617700
0,7685700
0,7645500
0,7724500
0,7802800
0,7695500
1,7662100
0,7706400
1,7666400
0,7854700
1,7571800
0,7577300
1,8036900
0,7732600
1,7587800
1,7643400
0,7491400
0,7676200
1,7739100
1,7740000
0,7499900
1,7601000
1,7614500
0,7797700
0,7652800
0,7736900
0,7692400
1,7716300
0,7647900
0,7731600
1,7696900
0,7731700
1,7661500
1,7709600
0,7689500
1,7618000
0,7431300
1,7708000
0,7431800
0,7492300
0,7426200
1,7886300
0,7783800
1,7662300
1,7678800
0,7491600
1,7481000
0,7596500
1,7471300
1,7623200
1,7506600
1,7624300
1,8098200
1,7707800
1,7501900
1,7621700
0,8634600
0,7661600
1,7483700
0,7550300
0,7647000
1,7666700
0,7700800
1,7463200
1,7630900
1,7557600
0,7668400
1,7488200
1,7567700
0,7555400
1,7589700
0,7489700
0,7676700
1,7581600
1,7698900
1,7399800
1,7484500
1,7445400
0,8003100
0,7646600
0,7815500
0,7648100
0,7743600
0,7340200
0,7532700
0,7446000
1,7440100
1,7352700
1,7657800
0,7563100
0,7574800
1,7484000
0,7549000
0,7752700
0,7840900
0,7627100
0,7495400
1,7958100
1,7587800
0,7784200
0,7526700
1,7833700
1,7600600
0,7693800
1,7623100
0,7700500
1,7637900
0,7918700
0,7644000
1,7804400
0,7624400
0,7690200
0,7640300
0,7705100
1,7402900
0,7454100
1,7392700
1,7443400
0,7394000
0,7655400
1,7648200
0,8400500
0,8171800
1,7725300
0,7652500
0,7684200
0,7348400
0,7696900
0,7683300
0,7716400
0,7644500
1,7779500
1,7687500
0,7737700
0,7648400
1,7950600
0,7674100
0,7751900
0,7782700
1,7710500
0,7606900
0,7640300
0,7543100
1,7588400
1,7600300
1,7608900
0,7540400
0,7613700
0,7617200
1,7604000
0,7547200
1,7743400
1,7683600
0,8200400
0,8691600
0,8092500
1,8650600
0,7725200
1,7897100
1,7651200
1,7540700
0,7636300
0,7546900
0,7642000
0,7549700
1,7727000
0,7649000
0,7741300
0,7668200
1,7792300
0,7642600
0,7900200
0,7753800
1,7716300
0,7786500
0,8101000
1,7682700
0,7782100
1,7696500
0,7749800
1,7683900
0,7872500
1,7701900
0,7730200
1,7659600
0,7772800
0,7685900
0,7750300
0,7730100
1,7827500
0,7827200
1,7775400
1,7650600
1,7669700
0,7973300
0,8050300
1,8004100
1,7876000
1,7695900
1,7902900
1,8268600
1,8608500
1,9322800
1,8870200
0,7791900
1,7825000
0,7788800
1,7904000
1,7786500
1,7865600
0,7789000
0,7860600
1,7801700
0,7814900
1,7870900
1,7877800
1,7862700
1,7925600
1,8011800
0,7900200
0,7652500
0,7732400
1,7799100
0,7679700
1,7643500
0,7679900
0,7627000
0,7689000
0,7644200
1,7727100
0,7625900
0,7684900
1,7613100
1,7687500
0,7623900
0,7680500
0,7736200
1,7802300
1,7625300
1,7669600
1,7612100
1,7739200
0,7564100
1,7390600
1,7399000
1,7445700
0,7381000
1,7429700
1,7391600
0,7669100
0,7382400
0,7499500
0,7552800
0,7739400
1,7634100
1,8042000
0,7976100
1,8690800
1,7964500
0,7694700
0,7553100
1,7784800
1,7963400
1,7766100
1,7864200
1,7856800
1,7921700
1,7926800
0,8087500
1,8045600
1,7928900
1,7964200
0,8088300
1,9959500
1,10764900
0,7774600
1,8738700
1,7844100
1,7791300
0,7686000
1,7839500
0,7827500
1,7900600
0,7819200
1,7805500
0,7816700
1,7822400
0,7800400
1,7802700
1,7793500
0,7890600
1,7772400
0,7800700
0,7701200
1,7673400
0,7628800
1,7671800
1,7646000
1,7672300
1,7621000
0,7690000
1,7633100
1,7832300
0,7628800
1,7686000
1,7619900
0,7780600
1,8764700
1,8312600
1,7319500
0,7478100
0,7382600
1,7522200
1,7314500
0,11813500
0,7511000
0,7529300
1,7362100
0,8855300
1,7479700
1,7589500
0,7469000
1,7579900
0,7488800
1,7539400
1,7461100
0,7799800
0,8027200
0,7794500
0,7611300
1,7710000
1,7543400
1,7827300
1,7622400
1,7732300
0,7664100
0,7777800
0,7626100
0,7758500
0,7765800
0,7687600
1,7617200
1,7685400
0,7642200
0,7656900
1,7468600
0,7524800
1,7511900
0,7529500
1,7466400
0,7535500
0,7813200
0,7556000
1,7465900
0,7599300
1,7705900
0,7533800
1,7463200
0,7608000
1,7508800
0,7664500
0,7474200
0,7540200
1,7482000
1,7873500
1,7474800
0,7514400
1,8222900
1,7541300
0,7473900
0,7656500
1,7553400
0,7470900
1,7740100
1,7460800
1,7546100
1,7455800
1,7577000
0,7467200
1,7609300
0,7473700
1,7604100
1,7553900
1,7719400
1,7538700
0,7661300
1,7529500
0,7629300
0,7471300
0,7526700
1,7481900
1,7591100
1,7484300
1,7809700
1,8300100
0,7678900
1,7505700
1,7678000
0,7646900
0,7685500
0,7628700
1,7676600
1,7635800
0,7700200
1,7622500
0,7671900
1,7755300
1,7711300
1,7615300
1,7679500
0,7580700
1,7632200
1,7463400
1,7950700
0,7773600
1,7536000
1,7463100
1,7528500
0,7488700
0,7571800
1,7468400
1,7523000
1,7479500
0,7607600
1,7314000
1,7453100
0,7423800
1,7349300
0,7425900
1,7351400
0,7579700
1,7377500
0,8075800
1,8949000
1,9083100
0,8917100
1,8244200
0,7877400
0,7781200
0,7802800
0,7623800
0,7710000
1,7616300
1,7800100
1,7710200
1,7738400
0,7625800
0,7818700
1,7618400
0,7744900
1,7646100
0,7689000
1,7852100
0,7775400
0,7625400
1,7685200
1,7597800
0,7741400
1,7626100
0,7694900
0,7629200
1,7697400
1,7548000
1,8000400
1,7848200
1,7697500
1,7507000
1,7855600
0,7511600
0,7738600
0,7572100
1,7541300
1,7490000
0,7528200
1,7487700
1,7616200
0,7642300
1,7738700
1,7649400
0,8048100
1,7859200
0,8083400
0,7626200
0,7683300
1,7642500
1,7698300
1,7619600
1,7769000
0,7637200
0,7879600
1,7624300
0,7679600
1,7648600
1,7675100
0,7724300
0,7798800
0,7835200
1,7617700
0,7687000
1,7615400
0,7789600
1,7538000
0,7528900
1,7480200
0,7569800
1,7463200
1,7540000
0,7483600
1,7530500
1,7464100
0,7558800
0,7574300
1,7621700
1,7485600
0,7570900
1,7314600
0,7572800
0,7380300
0,7484700
1,7322700
1,7439400
0,7383400
1,7641900
1,7759400
1,7586400
0,7384100
1,7557400
1,7312700
0,7400100
0,7539500
1,7374600
1,7432000
1,7488800
0,8553300
0,7541100
1,7617100
0,7446500
1,7730100
0,7380400
0,7517200
0,7321800
1,7639700
1,7622200
0,7703700
1,7631200
1,8193900
1,7598900
1,7689500
0,7626000
1,7687500
0,7625800
0,9459500
1,8669000
1,7740400
0,7322600
1,7617100
1,7390700
1,7433000
0,7321700
1,7588700
0,7593200
1,7427500
1,7325600
0,8337800
1,8326600
1,8540100
1,8717100
0,7955200
1,8065500
0,8081000
0,7837500
0,7697400
0,7627200
0,8179300
1,7641700
1,7780600
0,7628600
1,8587900
1,7722300
0,7628300
1,7613400
0,7720800
0,7627200
1,7759700
1,7600400
1,7694300
1,7614000
0,7689700
1,7617400
1,7743900
0,7626100
1,7689400
0,7519700
0,7684200
0,7537500
0,7504600
0,7381000
1,7739100
0,7322300
0,7743200
0,7566400
1,8279200
0,7508200
1,7564300
0,7424900
1,7641000
1,7621000
0,7676500
1,7616100
0,7690200
1,7618900
1,7688700
0,7864400
1,7692200
1,7621800
1,7669800
0,7624900
1,7680200
1,7571500
0,7534400
0,7470300
0,7669700
0,7471200
1,7527300
0,7467700
0,7839900
1,7457900
1,7562200
1,7484600
0,7486400
0,7548500
0,7529600
0,7439100
0,7395300
0,7456800
1,7322800
1,7536300
0,7395600
1,7471300
1,7316200
0,7452100
0,7396700
0,7530400
0,7322900
1,7483700
0,7415000
0,7578600
1,7321600
1,7595200
0,7397700
1,7405400
1,7320200
0,7476800
1,7393400
1,7719500
1,7583800
1,7383800
1,7651900
1,7379900
0,7617400
1,7440600
0,7567900
0,7472400
0,7598600
1,7465300
0,7715100
0,7469800
1,7504300
1,7669800
1,7569600
0,7469600
0,8563600
0,7632700
0,7700000
1,7620800
1,7700500
0,7627000
0,7935100
0,7627600
1,7673100
1,7633400
1,7689200
1,7621200
1,7685500
1,7670400
0,7535200
0,8688800
0,7520400
1,7386500
0,7398800
1,7393500
1,7478600
0,7540500
1,7587100
1,7663300
0,7644700
0,7409700
1,7649900
1,7551800
1,7779700
0,7902100
1,7609400
0,7473000
0,7552300
1,7522200
0,7529500
1,7451100
1,7468700
1,7621300
0,7469200
0,7531900
1,7444800
1,7533700
1,7470700
1,7523300
0,7465900
1,7665900
0,7961500
1,8308200
1,8326900
0,8645700
1,8488400
1,8113300
0,7924500
1,8632200
0,7686700
1,7623000
1,7709000
1,7686600
1,7723500
0,7786800
1,7738500
1,7681700
1,7616200
0,7827900
0,7642400
1,7939200
0,7625100
1,7672700
0,7662500
1,8057000
1,7662200
1,7673800
1,7845000
0,7926600
1,7894000
1,8001000
1,7864000
0,7680700
1,7717100
1,7824100
0,7802300
1,7790600
1,7812900
1,7911700
1,7800000
0,7824600
1,7765100
0,7827500
1,7778400
1,7784300
0,7814200
1,7559800
0,7454700
0,7325700
1,7375600
0,7489500
0,7380900
0,7423700
1,7588100
0,7459100
0,7380400
0,7369600
1,7378000
0,7607400
1,7628900
1,7719700
0,7383400
0,7499200
1,7372800
0,7713800
1,7373900
0,7508900
1,7363800
1,7657000
0,7603800
0,7516800
0,7609600
0,7412100
0,7522300
0,7489800
0,7611100
0,7471000
0,7576100
1,7480400
1,7512400
0,7472100
1,7522100
0,7579100
1,7630500
0,7469100
0,7547500
0,7456000
1,7464300
1,7352400
0,7494700
1,7407500
1,8077400
1,7489700
0,8174300
0,7939000
0,8068300
0,7937000
0,7973100
0,7852000
1,7741600
0,7630900
0,7712500
1,7623500
0,7682400
0,7624100
0,7735500
0,7625600
1,7679200
1,7753600
1,7668700
1,7621600
1,7679900
1,7538500
1,7563200
1,7464900
1,7551000
1,7593100
0,7630500
0,7473100
1,7451400
0,7521400
1,7498500
0,7556100
0,7539300
1,9144100
1,7508900
0,7383000
1,7315400
1,7450100
0,7521900
1,7439200
1,7290900
1,8175400
0,8580700
1,8906800
0,8937400
0,7403000
0,7561200
1,8321500
0,7853100
1,8756100
1,7918600
1,7785400
1,7812800
0,7858200
1,7812000
0,7832000
0,7938200
1,7801300
1,7815100
0,7789200
0,9058100
0,7792000
1,7808200
1,7789900
1,7833200
0,7790900
1,7824900
1,7775400
0,7817300
0,7790500
0,7818800
1,7784800
0,7749300
1,7618900
0,7684600
0,7626600
1,7693700
0,7629100
0,7679600
1,7714600
1,7713000
0,7632100
0,7698000
1,7616500
1,7718700
0,7514100
1,7592700
1,7295500
0,7510300
0,7382600
0,7527400
1,7315600
1,7390200
1,7510300
0,7379600
1,7508600
0,7398600
0,7476600
1,7372000
0,7781300
1,7513300
0,7759200
0,7509500
1,7515400
1,7392000
1,7565300
1,7502500
1,7468800
1,7684000
1,7452700
1,7378100
1,7539700
0,7479100
1,7675600
1,7463100
0,7533800
0,7558200
0,7559800
0,7469000
0,7529700
1,7513200
0,7628300
1,7471900
0,7558900
0,7490600
0,7451100
1,7610000
1,7311300
0,7524300
1,7383300
0,7500300
0,7324800
0,7558600
1,7378600
0,7470300
0,7322000
0,7548000
1,7353800
0,7475100
1,7610500
0,8399900
1,7627700
0,7554300
0,7383300
1,7548200
0,7383100
0,7505400
0,7349600
0,7669700
0,7411700
0,7451900
1,8043400
1,7696300
0,7627000
1,7626200
0,7729300
0,7624300
1,7735800
1,7641300
1,7693700
0,7628200
0,7711100
0,7631600
0,7702900
0,7639900
1,7562700
0,7471300
1,7576400
0,7470200
0,7538000
1,7464300
0,7668500
0,7472500
0,7555500
0,7469800
1,7580100
0,7471400
1,7727600
1,7483500
0,7716700
0,7470100
0,7633300
0,7469600
0,7665500
1,7470100
1,7729100
1,7708400
0,7678900
0,7471800
1,7532300
0,7472600
0,7663900
1,7775100
1,8159200
1,8648900
1,8313200
0,9015500
0,8403900
1,8304600
1,7611900
0,7468300
1,7569700
1,7518000
0,8249700
0,7808800
1,7963200
1,7825200
1,7800400
1,7777300
0,7804200
0,7810800
0,7837100
1,7792500
1,7811000
0,7835300
0,7807900
1,7731100
1,7698800
0,7627000
1,7674400
0,7624900
0,7716400
1,7608800
1,7895700
0,7626400
0,7843900
0,7625000
0,7685200
1,7626100
1,7675700
1,7311200
1,7560400
1,7626900
0,7845800
1,7664300
1,8050300
0,7690000
1,7889100
1,7875800
1,7409500
0,7380800
0,7529700
0,7378400
0,7635900
1,7447000
1,7614000
1,7469200
1,7604900
0,7471200
0,7575000
0,7467600
0,7545400
0,7637700
1,7596400
0,7471500
0,7539800
0,7381800
1,7721800
0,7477800
1,7629200
1,7374600
1,7494000
0,7381800
0,7454900
1,7356800
1,7396400
1,7457600
1,7298300
1,7702200
0,7443300
0,7626900
0,7472300
1,7587900
1,7478300
0,7533100
1,7471000
0,7613200
0,7501800
1,7621500
1,7630400
0,7671700
0,7961400
1,7617000
1,7614900
1,7567100
0,7586800
0,7540400
1,7462500
1,7613700
1,7481400
1,7681800
1,7454700
0,7519900
0,7489900
0,7987900
1,7463900
1,7524700
0,7507600
1,7506400
1,7477700
0,7467400
1,7686500
1,7461500
1,7516700
0,7470000
1,7705500
0,7533900
0,7537600
1,7474900
0,7601500
0,7445300
0,7659100
0,7321600
0,8946900
0,7644000
1,7481300
1,7606200
0,7902800
1,7379500
0,7451100
0,7417400
0,7396500
1,7446200
1,7522500
0,7484300
1,7610500
0,7472100
1,7556900
0,7488100
1,8008800
1,7466100
0,7757300
0,7588000
0,7551700
1,7484500
1,7771500
1,7711100
0,7709000
0,7625500
0,7669400
1,7652200
1,7623700
0,7936500
1,7629900
1,7767000
1,7636700
1,7689600
0,7631000
0,7595700
0,7470500
1,8213000
0,7605500
1,7584700
1,7506700
0,7566600
0,7474000
0,7637900
0,7471000
0,7557600
0,7469100
1,7576700
1,7464500
0,7585300
0,7471700
0,7624500
1,7588400
1,7636700
1,7458900
0,7615500
1,7469000
0,7757000
1,7496900
0,7489000
0,7525200
1,7466700
0,7560800
1,7481000
0,7750200
1,7465000
0,7604400
1,7480400
0,7589600
0,7468200
0,7696100
0,7646200
0,7548800
0,7472600
1,7551700
1,7465900
0,7564900
0,7470200
1,7537800
0,7470800
1,7599000
0,7472400
1,8252600
0,7872200
1,7624800
1,7471000
0,7581200
0,7473300
1,7476800
0,7411200
0,7462100
1,7342400
0,7455000
1,7355400
0,7334800
0,7455700
1,7384100
1,8118800
1,7678100
1,7456800
0,7413500
1,7665600
0,7488700
1,8141400
1,8315500
1,8945300
1,8931100
1,9026900
0,8556400
1,7533100
1,7515200
0,7811400
1,7520200
1,7835500
0,7801200
0,7799100
0,7797600
1,7821000
1,7805400
1,7786900
0,7798800
1,7795100
1,7783100
1,7782600
1,7789200
0,7805400
0,7802200
1,7622700
0,7724100
1,7647300
0,7682800
1,7622200
0,8108400
0,10370200
0,7910600
1,7602800
1,7727400
0,7626800
1,7681300
1,7641000
0,7828200
1,7639200
1,7676200
1,7623900
1,7699000
0,7628700
0,7867100
0,7628700
1,7703500
1,7626400
1,7717100
0,7627300
0,7732900
0,7473100
1,7480600
1,8433500
1,8309800
1,8449900
1,7843000
0,7725500
0,7540600
0,7743600
1,8141300
1,8547800
0,8273400
1,7822400
0,7831600
1,7805300
0,8029300
0,7789200
1,7874800
0,7810600
0,7803000
1,7781100
1,7812100
1,7784800
1,7806400
1,7882600
1,7809200
0,7788400
0,7821100
1,7765600
0,7835900
1,7780000
1,7822700
1,7759300
1,7875900
1,7783500
1,7804900
0,7788100
0,7881000
0,7627800
1,7812800
0,7628900
0,8350600
0,8903000
0,7689400
1,7641000
1,7687000
0,7625000
1,7970600
1,7637100
1,7662000
0,7489200
0,7568400
0,7485400
0,7525600
1,7467800
1,7743400
1,7512600
0,7541700
0,7473400
0,7542300
0,7486500
0,7613700
0,7472300
1,7528300
1,7390000
0,7435200
1,7380700
1,7355500
0,7507900
1,7310900
0,7516900
1,7566100
0,7963400
1,7510400
1,7445300
0,7380500
0,7504500
1,7502800
0,7659100
0,7799000
0,7682500
0,7470300
1,7541300
0,7499400
1,7576900
1,7458000
0,7585800
0,7472500
0,7686600
1,7463200
0,8407900
0,8480400
1,7599800
0,7554200
1,7521200
0,7472700
0,7566200
1,7468800
0,7651100
0,7473900
0,7554000
1,7581800
0,7563600
0,7628600
0,7781100
0,7628600
0,7768300
0,7628600
1,7725300
0,7703700
1,7723700
1,7867300
0,7625800
0,7688200
0,7624300
0,7699400
0,7625700
1,7696100
0,7627400
0,7831300
1,7615200
0,7692000
0,7624300
1,8018100
0,7625100
1,7682100
1,7626900
1,7856700
1,7618000
0,7686700
0,7627200
1,7718600
0,7628200
1,7668300
0,7624800
0,7692800
0,7774600
1,7686000
1,7619900
1,7682000
0,7626700
0,7686900
0,7382200
1,7502500
0,7379900
0,7427800
0,7442700
0,7523100
1,7372400
1,7389600
1,7403200
0,7468400
0,7383700
1,7550200
1,7390400
1,7409500
0,7508700
0,7318100
0,7432800
0,7395300
0,8252100
1,8537300
1,8316700
1,7945400
0,7843800
1,7375100
0,7484200
1,7418600
0,7684000
1,7618200
0,7698800
0,7624700
1,7675900
0,7625400
1,8382700
0,7632500
0,7684100
0,7628100
1,7829400
0,7723500
0,7690500
0,7472900
0,7578100
1,7315700
0,7437100
1,7382400
1,7433600
0,7321900
0,7449800
0,7385100
1,7497100
1,7320600
1,7375400
0,7470800
0,7393400
1,7425200
0,7407800
0,7438600
1,7390900
1,7362700
0,7348900
0,7622800
1,7388000
1,7441300
1,7358400
1,7739500
0,7334900
1,7437100
1,7379300
1,7418800
1,7416700
1,7540600
1,7388300
0,7384600
1,7485500
1,7382800
0,7459200
1,7372800
0,7379100
0,7430300
0,7617700
1,7375500
1,7497400
0,7583000
0,7587700
1,7360500
1,7505900
1,7348200
1,7624400
0,7379400
1,8294100
0,7826600
0,8316100
0,8536500
0,8277300
1,8093100
0,7691000
0,7626100
1,8245100
1,8769800
1,8845500
1,9957100
0,7804500
0,7688400
1,7628300
0,7707800
0,7670200
0,7807000
0,7790300
0,7822300
1,7785500
0,7934800
1,7786100
0,7804200
1,7814100
0,7783900
0,7888500
0,8369900
0,11103100
1,10868500
1,10866700
0,10765600
1,8333500
1,7643500
1,8500600
0,8467400
1,8305000
0,8507600
0,7544400
0,7830700
1,7747900
1,7836800
0,7831700
1,7840000
1,7817100
0,7841300
0,7809300
0,7841600
0,7812800
0,7874700
0,7834200
1,7862800
1,7825900
1,7859600
1,7717800
1,7800800
1,7505300
1,8244200
1,7926600
1,8498800
1,8556600
1,8667200
0,8521900
0,8353400
1,8232800
1,8142700
1,7838900
1,7793400
1,7789500
1,7768600
0,7859500
0,7802400
0,7923600
0,8192500
1,7832100
0,8360200
1,7803000
0,7798000
1,7747300
0,7624600
0,7671300
1,7628000
1,7698600
0,7628400
1,7679900
1,7675600
1,7711200
1,7632200
0,7747100
1,7646800
0,7819900
0,7427700
0,7632000
0,7430100
1,7324500
1,7432100
0,7381300
1,7396300
1,7560500
0,7606900
0,7480300
0,7840500
1,7314400
0,7451100
0,7415400
0,7578300
1,7468800
1,7668600
1,7473600
0,7572600
0,7475200
0,7690100
1,7460900
0,7573100
0,7470200
1,7538700
0,7506700
1,7499600
1,7503700
1,7355200
0,8233000
1,7390600
0,7382900
0,7379500
1,7458100
0,7394100
1,7489700
1,7357900
1,7463100
1,7416800
1,7821500
1,7614300
1,7692600
1,7629000
1,7861200
0,7669600
0,7843400
0,7651500
1,7830200
0,7627300
0,7947300
0,7649200
1,7654400
0,7625700
0,7682600
0,7640700
0,7684600
1,7600500
1,7707900
1,7624700
1,7740100
0,7753800
1,7675200
1,7656500
1,7679800
1,7621800
0,7694700
0,7426300
0,7999800
0,7391000
1,7510600
1,7393900
0,7452800
1,7375500
1,7314700
1,7757100
1,7388200
1,7445300
1,7312900
0,7502400
1,7377600
1,7615600
0,7321400
0,7565700
0,7416100
1,8769000
0,7471900
0,7516300
0,7477400
0,7624600
1,7331000
0,7579900
1,7354000
1,7564600
1,7380300
0,7439700
0,7382100
1,7562700
0,7338900
1,7448600
1,7377800
1,7382400
0,7921800
0,8084900
1,7824800
0,7772300
0,7826800
1,7593600
0,7504100
0,7687300
1,7508700
0,7508000
0,7520800
1,7523900
1,7722700
0,7956500
0,7721300
0,7637200
1,7639200
1,7509100
0,7684000
0,7626900
0,7847900
1,7632600
0,7797800
1,7624600
0,7717100
1,7614900
0,7705700
0,7624300
1,7719600
0,7630000
1,8259500
0,7628400
0,7716300
1,7615800
1,7687700
0,7628400
0,7702100
0,7626900
0,7682700
1,7601000
1,7692700
0,7797800
1,7669800
1,7689000
1,7372800
1,7373300
0,7404800
1,7323400
1,7515700
0,7351700
1,7426600
0,7366600
1,7378300
0,7440800
0,7381700
0,7570600
1,7474400
1,7433400
0,7380700
0,7504000
0,7394300
0,7685300
1,7371900
0,7417000
0,7368500
1,7510800
0,7382000
1,7408200
0,7416700
0,7418400
0,7378900
0,7410500
0,7456200
1,7438200
0,7316600
1,7480700
1,7661200
1,7374600
1,7759300
0,7321300
1,7708100
1,7381700
0,8464100
0,7459100
1,7694100
0,7626400
0,7688000
1,7640200
0,7736000
1,7618300
1,7667700
1,8548200
0,7742200
1,7620200
1,7666500
1,7638200
0,7779700
0,7471000
0,7528600
1,7459500
1,8039100
1,7444600
1,7660600
0,7487800
1,7549200
1,7760600
1,8521300
0,7494800
0,8102400
0,8154600
1,7863200
1,8034300
0,7687800
1,7596600
1,7728100
1,7666200
0,7680300
0,7631200
0,7696600
1,7615800
1,7661500
1,7598800
1,7699200
0,7627500
0,7696100
1,7620600
1,7694300
0,7624200
1,7680500
1,7616200
1,7695700
1,7631000
1,7805900
0,7623400
1,7737500
0,7611900
1,7456500
1,7371400
0,7486600
1,7309300
0,7668500
1,7376000
1,7592500
1,7319000
0,7380000
0,7488300
1,7646900
1,7971100
0,7321800
0,7798600
0,7979600
1,9284200
0,8400700
0,8647000
1,8577500
0,8493700
0,7840500
1,7487900
1,7592000
1,7466400
1,7557600
1,7634700
0,7823000
0,7794400
1,7792700
1,7797000
1,7776500
1,7782100
1,7825000
1,7802200
0,7816800
1,7782300
0,7804300
0,7810600
0,7640300
1,7456900
1,7621800
0,7487700
0,8007600
1,7673900
0,8039100
0,8290600
0,9028200
1,8568600
0,9023300
0,8545500
0,7584600
0,7798400
1,7800100
0,7832400
0,7789900
1,7803600
0,7788800
0,7789700
0,7935000
1,7805800
1,7784600
1,7792900
0,7787100
1,7948200
1,7358400
1,7518900
0,7460600
1,7393900
1,7406100
1,7547000
1,7444000
0,7651300
1,7426400
0,7514600
0,7567600
0,7397700
0,7431200
1,7595500
0,7681400
1,7656100
0,7739100
0,7624400
1,8118400
1,7713100
0,7884900
1,7618200
0,7683700
0,7644600
1,7855800
0,7630800
1,7686200
1,7656500
1,7685400
0,7628300
0,7748600
1,7656900
0,8156000
1,7621000
0,7804700
1,7640200
0,7684800
1,7602200
1,7768500
1,7480300
0,7437600
1,7376200
1,7327800
0,7760000
0,7413300
1,7506000
0,7338000
1,7481800
1,7387200
0,7485200
1,7336700
1,7503700
0,7383000
1,7480700
1,7338500
1,7534700
1,7470800
1,7474200
1,7322100
1,7559200
0,7384500
0,7449400
1,7756800
1,7400800
1,8867900
1,7652500
0,7489500
1,7529200
1,7470900
0,7517700
1,7556100
0,7473300
1,7583000
1,7484000
1,7556000
1,7462800
1,7637600
0,7470300
0,7623700
0,7473000
0,7589900
1,7479500
1,7583200
1,7459700
1,7545200
0,7473500
1,7546900
0,7469200
1,8073700
1,7860700
0,7702100
0,7509600
0,7713700
1,7529000
0,7584300
0,7794700
0,8390600
1,7498200
0,7609600
1,7462800
0,7699600
1,7471600
1,7860600
1,8144500
1,7965700
0,7624500
1,7839900
1,7619400
1,7705400
1,7625200
1,7696400
1,7622300
1,7698500
0,7640900
0,7680800
0,7624500
1,7677200
1,7632200
1,7471100
0,7377900
0,7404000
1,7322800
0,7543500
1,7359900
0,7736900
1,7341000
1,7502900
0,7386900
1,7436200
0,7321600
0,7395000
1,7441300
0,7444100
1,7523700
0,7394700
1,7624900
1,7380100
0,7792900
1,7403700
1,7845400
0,7601000
1,7973200
1,7319400
1,7549000
1,7469900
0,7699700
1,7632000
0,7794200
0,7622600
0,7702400
0,7629300
1,7672300
0,7867700
1,7691200
1,7616900
1,7700200
0,7629200
1,7867500
0,7706100
0,7682900
1,7623900
0,7700400
0,7624800
1,7670700
1,7628700
1,7818200
0,7626600
0,7817100
1,7629700
0,7705800
1,7567900
0,7531000
0,7763800
1,8057800
1,8098900
0,8801400
1,8852500
1,8599800
0,7545000
1,7579000
1,7555100
0,7860400
1,7565500
1,7704200
0,7648500
0,7706900
0,7627800
1,7728100
0,7643200
0,7696200
0,7624100
0,7700300
1,7858200
1,7651400
1,7624800
1,7702700
1,7607500
1,7712300
1,7558600
0,7561100
1,7590700
0,7514200
1,7468700
0,8980500
1,7463400
1,7635000
0,7679000
0,7581300
1,7465600
0,7602700
0,7473900
0,7569400
1,7475000
1,7523800
0,7470200
1,7536800
1,7483900
1,7537800
1,7474400
0,7585700
0,7471600
0,7662900
0,7463200
1,7513700
1,7371200
1,7723300
0,8180900
1,7679300
0,7414600
0,7711100
1,7387400
1,7562400
0,8853400
0,8216500
1,9119100
0,8032900
1,8100700
1,7914900
1,7681300
0,7697200
0,7626400
1,7688600
0,7664500
0,7745800
1,7597900
1,7808100
0,7643000
1,7748200
0,7631300
0,7687600
0,7642500
0,8761800
1,7644700
0,7755200
0,7647000
0,7683900
0,7626300
0,7690900
1,7648500
1,7719700
0,7626700
0,7581800
0,7516800
0,8081100
0,7939000
0,8476700
1,8572700
1,7726600
0,7624800
1,8616700
0,8487200
1,10366600
0,8855700
1,7765100
0,7803800
0,7790000
0,7827000
1,7802400
1,7920100
0,7790200
0,7878600
0,7787900
1,7799500
1,7785700
1,7861900
1,7709400
1,7683200
1,7461300
1,7650700
1,7500200
1,7531400
0,7513700
0,8920700
0,10454400
1,11497800
0,9872300
1,8015200
0,7865200
0,7651400
1,7683000
1,7644000
1,8407200
1,7910800
0,8236900
1,7910000
1,7858500
1,7889100
1,8097800
1,7827600
0,7836000
1,7774100
0,7664700
0,7702200
0,7678800
0,7706600
0,7650500
0,7691200
1,7682900
0,7771800
1,7667700
1,7929200
0,7726400
0,7661700
1,7781000
0,7637000
0,7986000
1,7677200
1,7694300
0,7711900
0,7798700
0,7718100
0,7705200
1,7649800
0,7788200
1,7628100
0,7690100
0,7629400
0,7781700
1,7621200
1,7698700
0,7627400
1,7698800
0,7627300
1,7673100
0,7625500
1,7678300
1,7597900
0,7687400
0,7622000
0,7515500
0,7504300
1,7544000
1,7315700
1,7498000
0,7380400
0,7437100
1,7306300
0,7468400
0,7384900
0,7895900
0,7577600
0,7780100
0,8156000
0,7738900
0,7648600
0,7734500
0,7631000
1,7681700
0,7660700
0,7683800
0,7627700
0,7682400
1,7642900
1,7639300
1,7687300
1,7503600
1,7568000
0,7322700
1,7449900
0,7383900
1,7460100
1,7316000
1,7503800
0,7382000
1,7432600
1,7316200
0,7603300
0,7381500
1,7631400
1,7485300
1,7575000
0,7471900
1,7543600
1,7465400
0,7531300
0,7539600
0,7794400
0,7469500
0,7733400
1,7467800
1,7565700
1,7477400
0,7578800
1,7464700
1,7654100
1,7459600
0,7470000
1,7536200
1,7480500
1,7522900
1,7745700
1,7542900
1,7533200
1,7520700
0,7505200
0,7610500
0,7394800
1,7385000
0,7382400
0,7543600
0,7398900
1,7387900
0,7382700
0,8239400
0,8119100
1,7380300
0,7386200
1,7643300
1,7473800
0,7687900
1,7599400
0,7998200
0,7731600
0,7685600
0,7628200
0,7811400
0,7759600
1,8024400
0,8185000
0,7686500
0,7649400
1,7672300
0,7624800
1,7683800
1,7658500
1,7682600
1,7617500
1,7682900
0,7644300
1,7654800
1,7595000
0,7855300
0,7626000
1,7680000
0,7538600
1,7509000
1,7605300
1,7671500
0,7840900
1,7829600
1,7720200
0,8300600
0,7652700
1,7815500
0,7385000
0,7631800
0,7385500
0,7585600
1,7478300
0,7517200
0,7662700
1,7496100
0,7628900
1,7460500
1,7538600
1,7525300
1,7524000
1,7464900
1,7555700
0,7491700
1,7731900
0,7412100
0,7534600
1,7409700
1,7467000
1,7204900
0,7420900
1,7368800
0,7428400
0,7382800
1,7492300
1,7680800
0,7539700
0,7384800
0,7504900
0,7397100
0,7426600
0,7320000
0,7461700
0,7419300
1,7482900
0,8485100
1,7730600
0,7487600
1,7625300
1,7334600
0,7381900
1,7619400
0,7466900
1,7651600
0,7469400
1,7619800
1,7466200
0,8720000
0,8341200
0,8711100
0,8370000
0,8718300
0,8320400
0,8214500
1,7759600
1,7618600
1,7699900
0,7629100
0,7686400
0,7628300
0,7852700
1,7753600
1,7680500
0,7797900
1,7721200
0,7628900
0,7694300
0,7926200
0,7723800
1,7608500
1,7676200
0,7623700
0,7848000
0,7625700
1,7871700
1,7668100
0,7679800
0,7626700
1,7681000
1,7645200
0,7688200
0,7628400
1,7675200
1,7634500
1,7858600
1,7620700
0,7684900
0,7642400
0,7847200
1,7624800
0,7689100
0,7644800
0,7682700
0,7566800
1,7530900
1,7509000
0,7471500
1,7568200
1,7447800
0,7682000
1,7468500
0,7533000
1,7465900
0,8171900
0,7639400
1,7627600
0,7595300
0,7623900
0,7468800
0,7552200
1,7462900
1,7549700
0,7468600
0,8020400
0,8259200
0,7950700
1,8357100
0,8984700
0,8339700
1,7784800
1,7820200
1,7817000
1,7855500
1,7797200
1,7797600
0,7788600
1,7793400
0,7792000
1,7926500
1,7782700
1,7814300
1,7801700
0,7808000
0,7787700
0,7863200
0,7800600
1,7907100
0,7811000
1,7789000
1,7783000
1,7836000
1,7796100
1,7796400
