class,ns
0,7417600
0,7871400
1,7443800
1,7600600
1,7449100
1,7938000
0,8281600
1,7665600
1,7522400
1,7674300
1,7445800
1,7614900
1,7445500
1,7568000
0,7454200
0,7538900
1,7446000
1,7625500
0,7452500
0,7524200
0,7538600
1,7552700
1,7478300
1,7610500
0,7479400
1,7600800
0,7626500
1,7585600
0,7914500
1,7721700
1,8060000
0,7874400
0,8284600
1,7843100
0,7677200
1,7857000
1,7322900
0,7674800
1,7488700
0,7374700
1,7594700
0,7635800
1,7669600
0,7617700
1,8057800
1,7598700
1,7733400
0,7622200
1,7883600
0,7634400
0,7707600
1,7635300
1,7691500
1,7619700
0,7663200
0,7618900
1,7713300
0,7635300
0,7795900
0,7617300
0,7706400
0,7633200
1,7693400
0,7617600
0,7783200
1,7618800
0,7669700
1,7392200
0,7514700
0,7388900
1,7363800
0,7375600
1,7519600
0,7479300
0,9922300
1,7699200
1,7579300
0,7568000
0,7472700
0,7381500
0,7578300
1,7490800
0,7515500
1,7497400
0,7629900
1,7462000
1,7521100
1,7495500
0,7582600
0,7476700
1,7522700
0,7482700
1,7512800
0,7482500
0,7480100
1,7368500
1,7360600
0,7484400
1,7355800
0,7668600
0,7594800
1,8081400
0,7365500
1,7496100
0,7425700
1,7480100
0,7543000
1,7818400
0,7936500
0,8045500
1,8043300
0,7697800
1,7603900
0,7692800
0,7609400
1,7794500
0,7781000
0,7703300
0,7610500
1,7698000
1,7599500
1,7693100
0,7611100
0,7690700
0,7622100
1,7726200
1,7598400
1,7690000
1,7602000
0,7702000
1,7600400
0,8582700
1,7684500
0,7805300
1,7630500
0,7679400
0,7628100
1,7706700
1,7640400
1,7743900
1,7603500
1,7675800
0,7625700
1,7850600
1,7647100
0,7722400
1,7620800
1,7701000
0,7622000
0,7674000
1,7616500
1,7692800
1,7603800
1,7845000
0,7636400
1,7679200
0,7625300
0,7709500
0,7564800
1,7889800
1,7501100
1,7678800
0,7525700
0,7715900
0,7647400
0,7585100
0,7523100
0,7717800
1,7758800
1,8468000
0,7647800
0,7803500
1,7787600
0,7860700
1,7818900
0,7805600
1,7763200
0,7834200
1,7763700
1,8660600
0,7779600
1,7840600
1,7762400
0,7781900
1,7762700
0,7816800
0,7768800
1,7942300
1,7764000
1,7800600
0,7788100
0,7825300
1,7791700
0,7830400
0,7801700
0,7860800
0,7819400
0,7816800
0,7771900
0,7803000
0,7802800
1,7794600
1,7758700
0,7798200
0,7819300
0,7834800
1,7759500
1,7816600
0,7796600
0,7818600
1,7481500
1,7983000
1,7605000
1,7715200
1,7507100
0,7557600
1,7462700
0,7615000
0,7454900
0,7689800
1,7464500
1,8278700
1,7537500
0,7693800
1,7638900
0,7693700
0,7611400
1,7697600
0,7636900
1,7678200
0,7812400
1,7819400
1,7604500
1,7686800
0,7728300
0,7685400
1,7603500
0,7727500
0,7819000
0,7989300
1,8507600
1,7743500
1,7605400
1,7734000
0,7621000
0,7827300
1,7599300
0,7695500
0,7533400
0,7813300
0,7860300
1,7798500
1,7516000
0,7535400
0,7453500
0,7697400
1,10240200
1,8842300
1,7770200
1,7819900
0,7598900
0,7942100
0,7520400
1,7563300
0,7527900
1,7620900
0,7553900
1,7698400
1,7467300
1,7584700
1,7555500
0,7650900
1,7466200
1,7660400
0,7708400
0,7903000
1,7628100
1,7730700
1,7659000
0,7851400
0,8524000
1,7844300
1,7695300
1,7854000
1,7620800
1,7708300
0,7653300
1,7624600
0,7486600
1,7629400
0,7995100
0,7647100
1,7489700
1,7601500
1,7495300
0,7507900
0,7487800
0,7577200
0,7613900
0,7463500
0,7668400
1,7519800
1,7693900
0,7529100
1,7515500
1,7508000
0,8124700
0,7621000
1,7909700
1,7523800
0,7556800
1,7509400
1,7560300
1,7668500
0,7832100
0,7635400
1,7710100
0,7717300
0,7714100
0,7641100
1,7697800
1,7681300
0,7792600
1,7661300
0,7916500
0,7694000
0,7702200
1,7421400
1,7506100
0,7482600
1,7704500
1,7420800
0,7620400
1,7436400
1,8363300
0,7422900
1,7394400
1,7457900
0,7584800
0,7415600
0,7457200
1,7374500
0,7528500
0,7376600
1,7373200
0,7404100
0,7458600
0,7371200
0,8811200
0,7628100
1,7539200
0,7447000
1,7520000
1,7620100
0,7665200
1,7641500
1,7759200
0,7631900
1,7641400
1,7538600
0,7960700
0,7762600
1,7669600
0,7621000
0,7708300
1,7565900
1,7689100
0,7463500
0,7647600
1,7467000
1,7594300
0,8320500
1,8332200
0,8500300
1,7773600
1,7639200
1,7580200
0,7473100
0,7621200
0,7626500
1,7746300
0,7635600
1,7601400
0,7684900
0,7639500
0,8108100
1,7652000
0,7740200
0,7624000
1,7744900
0,7612400
0,7944000
1,7538000
1,7523700
0,7456700
1,7748600
0,7466600
0,7650100
1,7447200
0,7601300
0,7466900
0,7669100
0,7455200
0,7750100
1,7449400
0,7563700
1,7452400
1,7652600
0,7467500
1,7540800
1,7448400
0,7556700
1,7445300
1,7649400
0,7486100
0,7544200
0,7464600
0,7839600
0,8127900
1,7675100
1,7734400
0,7804500
0,7777300
0,7793600
1,7360900
1,7472100
0,7555200
0,7695500
1,7871700
1,8013400
1,8161700
1,7874600
1,7623500
0,7692400
1,7608600
1,7773700
0,7627900
1,8159900
0,9336300
0,11081800
0,10964400
1,7893700
0,7881500
0,8109600
1,7808600
1,7812600
1,7798300
0,7804400
1,7816500
1,7821200
1,8460800
0,7804200
1,7801200
1,7818400
1,7795100
1,7753900
0,7765200
0,7696600
0,7749400
1,7694200
1,7719900
1,7621800
1,7793900
0,7663700
0,7674400
0,7631900
0,7704800
0,7620500
0,7837600
0,7678300
0,7881900
1,7971900
1,7946800
1,7953900
0,7778600
1,7656100
0,7698100
1,7616300
0,7661000
0,7620200
1,7722000
0,7797500
1,7768100
0,7788500
0,7847600
1,7792300
0,7785400
1,7820700
1,7853800
0,7821700
1,7778900
0,7805300
0,7937300
0,7790700
0,7832500
1,7733000
1,8091400
1,8064200
0,8619300
1,8115700
1,9010300
0,8812000
1,8656500
1,7845200
1,7662500
1,7619600
1,7820400
1,7797600
0,7950100
1,7789900
0,7924500
1,7807700
1,7786500
1,7784200
1,7797500
1,7800500
0,7820300
1,7781600
0,7839800
0,7789700
0,7524900
0,7528000
1,7502900
0,7461900
0,7578300
1,7499700
1,7513200
0,7464600
0,7524700
0,7493600
1,7506400
0,7462800
0,7627800
0,7342600
1,7438900
0,7376800
0,7525300
1,7389100
1,7708600
1,7392700
0,7570600
1,7373600
0,7368900
0,7521300
0,7639400
1,7406000
0,7364500
0,7473600
0,7376500
0,7495600
0,7398000
0,7491000
0,7377600
0,8551100
1,7426200
1,7537500
1,7512900
0,7499100
0,7408000
0,7673000
1,7448700
0,7581300
1,7594900
1,7566200
0,7466100
0,7735100
1,7444000
1,7917800
1,7447900
1,7824400
1,8501100
1,7670300
0,7624600
1,7729700
1,7600300
0,7667500
0,7618400
0,7694800
1,7598200
1,7697500
1,7602600
1,7831400
1,7598500
0,7721500
1,7591600
1,7501400
1,7359000
0,7463200
0,7454000
0,7404800
1,8298500
1,9612700
1,10107600
1,9402600
1,7296700
1,7491900
0,7389000
1,7731000
0,7771000
1,8254700
0,7810700
1,7802000
1,7763700
0,7806000
0,7799200
1,7907900
0,7772200
1,9265900
1,7767200
1,7759400
0,7367400
1,7549300
1,7614700
1,7630700
1,7356200
1,7611500
0,7316500
0,7854900
0,7838900
1,8078800
1,7397200
0,8235100
0,7638400
0,7872700
0,7623100
0,7683400
1,7596700
0,7697000
0,7620200
1,7679300
1,7596500
0,7787400
1,7604700
0,8075200
0,7896400
0,7860500
1,8054500
1,7820300
0,7635000
1,7733300
1,7600200
1,7718600
1,7642100
1,7712400
1,7602000
0,7693900
0,7624700
0,7735800
1,7609600
1,7936700
0,7631100
0,7677000
1,7599500
0,7687800
0,7628000
0,7673100
0,7621900
0,7697900
0,7627300
1,7698200
0,7623200
0,7705200
0,7406200
1,7488300
1,7520300
1,7371100
0,7468200
0,7378400
0,7395000
0,7387300
1,7564000
1,7395000
1,7503600
0,7388500
0,7565200
0,7347400
0,7394200
0,7391500
1,7407900
0,7377600
1,7415200
0,7679900
0,7630600
0,8412500
1,7983700
1,7926500
1,8081500
0,7850100
1,7674700
1,7631900
0,7802500
0,7668600
1,7706900
0,7659000
1,7706600
0,7623700
1,8060500
0,7657100
1,7658200
1,7737400
1,7965100
1,8558500
0,7665300
1,7634100
1,7794800
0,7674200
0,7707000
0,7619800
1,7656400
1,7634700
0,7733200
0,7618600
0,7679900
0,7652200
1,7519400
1,7331300
0,7890800
1,7690600
1,7563700
0,7379000
1,7429700
1,7395000
0,7368200
1,7519200
1,7295700
1,7509800
1,7356000
0,7387600
1,7359000
1,7529400
0,7365700
1,7389800
1,7360200
0,8651900
1,7523100
1,7448800
1,7299800
1,7532000
0,7366200
0,7506400
0,7599600
0,7708700
0,7456200
0,7612500
0,7466200
1,7564400
1,7517400
0,7994300
0,8574900
0,7947200
0,8215300
0,8151100
1,8493600
1,8535000
0,8054700
1,8782600
0,9639000
0,7696100
0,7613800
0,7885600
1,7640000
1,7673800
1,7602800
0,7882500
0,7621500
0,9573900
1,8056900
0,7808000
0,7846500
0,7831100
1,7794100
0,7814100
0,7812000
1,7789000
1,7802300
0,7886200
1,7793600
1,7789300
1,8212300
1,8195200
0,7813000
1,7871400
1,7821800
1,7822700
1,7811000
0,7818000
1,7806500
0,7782500
1,7778400
1,7779400
1,7812800
1,7800700
1,7790300
1,7781200
1,7928900
1,7800600
1,7776200
0,7810700
0,7793100
1,7797000
0,7814300
1,7799100
0,7929700
0,7791400
0,7647900
0,7408600
1,7354800
1,7395600
0,7537700
1,7391900
0,7478300
1,7393300
0,7443300
1,7410500
0,7408800
0,7865800
1,7358900
1,7623100
0,7454600
0,7532800
0,7468800
0,7573500
1,7446200
0,8387800
1,8433100
0,9055000
1,9189200
0,7501900
0,8113000
1,7863100
1,7745400
1,7699700
0,7737800
0,7797800
1,7781600
0,7784800
0,7807900
0,7794500
0,7783400
1,7799500
0,7824400
0,7796800
1,7675100
1,7393000
1,7432800
1,7373800
1,7483300
0,7374200
1,7560100
0,7521200
1,7328100
1,7523000
0,7491000
0,8430100
0,7305200
0,7413100
0,7447900
0,7534900
1,7297100
1,7484000
0,7413900
0,7531400
1,7295600
0,7470500
0,7391500
1,7522100
1,7357900
1,7516000
0,7395300
0,7637000
0,7367500
1,7526400
0,7396000
1,7580800
0,7306100
1,7510200
0,7396800
1,7646600
1,7647100
1,7685200
0,7436300
1,7315100
1,7446600
0,7464200
1,7588600
1,7463000
1,7512100
0,7467100
0,7530900
1,7463400
0,7544500
0,7493800
0,7675200
1,8000200
1,7734300
0,7816800
0,7915400
0,7634200
1,8468400
1,8086400
1,7924000
1,8111800
0,7760300
0,7693400
1,7704900
1,7657200
1,7721700
0,7656300
0,7800500
0,7885100
0,7822200
1,7859300
0,8948600
1,7825800
0,7819800
1,7945800
1,7804600
0,7846900
1,7798400
0,7870200
1,7806200
0,7730600
1,7465800
0,7631200
0,7540900
1,7718600
0,7483000
0,7655300
0,7507300
1,7776200
0,7528200
0,7621100
0,7556700
1,7538200
1,7511800
1,7433400
0,8295600
0,8382900
0,8274000
0,8161300
0,8487800
0,9519200
1,8270900
1,8595500
1,8669200
0,8041600
0,7522200
0,7840200
1,7804600
0,7863300
1,7794800
0,7852000
0,7831900
1,7879800
1,7813600
1,7861500
1,7790300
0,7858900
1,7806200
1,7739000
0,7482800
0,7617100
0,7530600
0,7700600
0,7483700
1,8982000
1,7754100
0,7598100
1,7605000
0,8665700
1,7597000
1,7514400
0,7486600
0,7598900
1,7444900
0,7528800
0,7482100
1,7724400
0,7454100
0,7592500
1,7464400
0,7563000
1,7443100
0,7598100
0,7501200
1,7551800
0,7336000
0,7491700
1,7375500
1,7642600
1,7298800
1,7464900
0,7396300
1,7414500
0,7366200
0,7613100
0,7393800
0,7432700
0,7360400
0,7448800
1,7371500
0,7330600
1,7398900
1,7390700
0,7587900
1,7341000
1,7539500
0,7623600
1,7948600
1,7311200
1,7465800
0,7636100
0,7921000
0,7478200
1,7534900
0,7462800
0,7642400
1,7463400
0,7682000
1,7482300
0,7624400
0,7480200
1,7768500
1,7485400
0,7684500
1,7494400
1,7721000
0,7511400
0,7698000
1,7469400
0,7570900
0,7740900
1,8122300
1,8656400
0,8433600
1,9201900
0,8533500
1,8193400
1,7790800
0,7809100
0,7796200
0,7793500
0,7805200
1,7822800
1,7824300
1,7781500
1,7808400
1,7814900
0,7785100
0,7796100
0,8086700
0,7628500
1,7505600
1,7461700
1,7494000
1,7497000
0,7667400
0,7477500
0,7530200
0,7497400
1,7535300
1,7462600
0,7515500
1,7491000
1,7556100
0,7477600
1,7588500
0,7480300
1,7509800
0,7476800
1,7574200
0,7461700
0,8482800
1,8403800
1,7780700
0,7468000
0,7655600
0,7488000
0,9054800
1,10909100
0,10497900
0,11612700
1,9617000
0,8442700
0,7689400
1,7471700
0,7612500
0,7927400
0,7627700
0,7695200
1,7604200
0,7783500
0,7661100
1,7718000
1,7626700
1,7702200
0,7650600
1,7724300
1,7628000
0,7731300
0,7693000
0,8092100
1,7700300
1,7687100
0,7692700
0,7740300
0,7647000
0,7690200
1,7667600
1,7724100
1,7600800
1,7830800
1,7607300
0,9183300
0,7651300
1,7842700
1,7634900
1,7999900
1,7640800
1,8644900
0,7662500
0,7706800
1,7640200
1,7761000
0,7646100
1,7726500
0,7582900
1,7436200
1,7383100
0,7409900
0,7382200
1,7593600
1,7404400
1,7625400
0,7410200
0,7951000
0,7648200
0,7429400
1,7529000
1,7646100
1,7522600
0,7643000
1,7464200
1,7692400
1,7524600
0,7979500
1,7836700
1,8613500
1,8709300
1,8367900
0,8496900
1,9219900
1,8260400
1,7845600
1,7809000
0,7923100
1,7797500
1,7788900
0,7975900
0,7822800
0,7933800
0,7843100
1,7834700
0,7721400
1,7697100
1,7812700
0,7784500
1,7802300
1,7823000
1,7790000
0,7934500
1,8101500
0,7784600
0,7819100
1,7767700
0,7777900
0,7790700
1,7821700
0,7673700
1,7638300
0,7687700
1,7619000
0,7655900
1,7635100
1,7672900
1,7619300
1,7659400
0,7624000
1,7774000
1,7902900
1,7681700
0,7499600
1,7546900
1,7461400
0,7616400
0,7552000
1,7469000
0,7550500
1,7474900
0,7548500
0,7500500
1,7624700
0,7590100
1,7962000
0,7489700
0,7554200
0,7487300
1,7521200
0,7480200
0,7632800
1,7544600
1,7716300
1,7721000
0,7757900
1,7442300
1,7567200
0,7518800
0,7636500
0,7452900
1,7563900
1,7516900
1,7509100
1,7439700
1,7531600
1,7458300
0,7543000
1,7449000
1,7545800
1,7465600
0,7627800
0,7424700
0,7450000
1,7374700
0,7388700
1,7340700
1,7478400
1,7607100
1,7311100
1,8600000
0,7577700
0,7613000
1,7439300
0,7404800
0,7391500
0,7720100
1,7463400
0,7526400
0,7465200
1,7549700
1,7464600
1,7502200
1,7478900
0,7532000
0,7478800
1,7555400
0,7463000
0,7539100
1,7507400
0,7357900
0,7370000
1,7483100
1,7374400
1,7298400
0,7650800
0,7393800
0,7706200
0,7526500
1,7825500
0,7381100
0,7537000
1,7366300
1,7564900
0,7482200
0,7618500
0,7453700
0,7619200
0,7481000
0,7553200
1,7443800
0,7686500
0,7480700
1,7721100
1,7443900
0,7509400
0,7479300
1,7546200
0,7456400
0,7561700
1,7464600
1,7639800
1,7445100
1,7588900
0,7505200
0,7586200
0,7513800
0,7493300
0,7535100
0,7472900
0,8271300
0,7313000
1,7471000
1,7372300
0,7698400
1,7332600
0,7683600
0,7389000
1,7419400
0,7314500
1,7436100
0,7390800
1,8412900
0,7478200
1,8298400
0,8053500
1,8909800
1,8838100
1,8931900
0,9008400
0,8604600
0,8563800
0,7405800
0,7426400
0,7560100
1,7807400
0,7784400
1,7803700
1,7778600
1,7950300
1,7764200
1,7777900
0,7807000
1,7817900
0,7804400
1,7815000
0,7805000
0,7735000
1,7532400
1,7797500
0,7559500
0,7635400
0,7543500
1,7634400
1,7464100
1,7571200
0,7824800
0,7574600
1,7468800
0,7489600
0,7572400
0,7630300
1,7686600
1,7634700
0,7723300
1,7617500
1,7713000
0,7617600
1,7645800
1,7632700
1,7660200
1,7637800
0,7689400
1,7508700
1,7428400
1,7391900
1,7420900
0,7339400
1,7422000
0,7522300
1,7434600
0,7338100
0,7499200
0,7373900
0,7545900
1,7314400
0,10082100
0,7375000
0,7425800
1,7327300
1,7802700
0,8018900
0,7662300
0,7583100
0,7467000
1,7392400
0,7547100
1,7447700
0,7534400
0,8367700
1,7663000
1,7637300
1,7637500
0,7708000
1,7674800
1,7632300
0,7736800
0,7620400
0,7918600
1,8258000
0,7982900
1,7730500
1,7639800
0,7494100
1,7538100
0,7465900
0,7542500
1,7480800
1,7443300
1,7555400
0,7465600
0,7541600
1,7443700
0,7762900
0,7463900
1,7624900
1,7366800
0,7526300
1,7294700
0,7640000
0,7366100
0,7466500
1,7299800
1,7458500
1,7355200
0,7507400
0,7315900
0,7770700
1,8346200
0,8221500
0,8519700
0,7901000
1,7609900
1,7686300
0,7640700
1,7677900
0,7609700
0,7756900
1,7638900
1,7661600
0,7611500
1,7695500
1,7790200
0,7815400
1,7762900
1,7828000
1,7788800
0,7823900
0,7778800
1,7847500
0,7822200
0,7825900
1,7763100
0,7797400
1,7789300
0,7685700
0,7611600
0,7744600
0,7621700
0,7827100
1,7602400
1,7753400
1,7680500
0,7672100
0,7643300
0,7678700
1,7643200
0,7826400
0,7610300
0,7666300
0,7615100
1,7605000
1,7599600
0,7677800
0,7621100
0,7818700
1,7906400
1,8043800
0,8188400
1,8493800
1,8150400
1,7779400
1,7662200
1,7855300
0,7790700
0,7808000
1,7765400
0,7803800
0,7790300
1,7848300
1,7763000
1,7799200
1,7776600
0,7801800
1,7764100
1,7799900
0,7787300
0,7782200
0,7783100
1,7923200
1,7776500
1,7811500
0,7785200
1,7802000
1,7798800
1,7817400
0,7560300
0,7640100
0,7378700
0,7500400
1,7358400
0,7328700
0,7462700
1,7392600
1,7415800
0,7325900
0,7435800
0,7462600
0,8367100
0,7522100
0,8622600
0,7504500
1,7488600
0,7517600
0,7598900
0,7461100
0,7541200
0,7494000
0,8027300
1,7618100
1,7536700
1,7483300
1,7532300
0,7463900
1,7601500
1,7521000
1,7662400
0,7464700
1,7516700
1,7486800
0,7644900
1,7483400
1,7499300
1,7767400
1,7525700
1,7483600
0,7550800
0,7699600
1,7684700
1,7528500
1,7504600
0,7494700
0,7496200
0,7464000
1,7492700
0,7561900
0,7454700
0,7725000
0,7465400
0,7607000
1,7626400
1,7537500
1,7486100
1,7555600
1,7443900
0,7619100
1,7446400
0,8101500
1,7545700
0,7683300
1,7448300
0,7554200
0,7456100
1,7766700
0,7466400
0,7570200
0,7454800
1,7599700
0,7653900
0,7606700
0,7454200
0,7670000
1,7447500
0,7684300
0,7819400
0,7734200
1,7449300
0,8215900
1,7617700
0,7756300
1,7656300
0,7637800
0,7455300
0,7558700
1,7478100
0,7552800
0,7453500
1,7769300
1,7676800
0,7941000
1,7844100
1,8094000
1,8274800
0,7781100
1,7819000
0,7674600
0,7643500
1,8713800
0,7507600
0,7626700
1,7628700
0,7795500
1,7760800
0,7799500
1,7803400
0,7796600
1,7757800
1,7884200
1,7785400
1,7783600
0,7770200
0,7782100
0,7799200
0,7796600
0,7660400
1,7788600
0,7626200
0,7716800
1,7601700
0,7682000
1,7603400
0,7758600
0,7608500
1,7694000
1,7498800
1,7596200
0,7606900
0,7516300
0,12630900
1,7551100
0,7318600
0,7453700
1,7389200
0,7458300
1,7294600
0,7593400
1,7356900
1,7524300
0,7305300
1,7485500
1,7358500
1,7454600
1,7298000
1,7407400
0,7451100
0,7326500
0,8660400
0,7526100
1,7746200
0,7680600
0,8016400
1,7396500
0,7560400
1,7565900
1,7661900
0,7622700
1,7654200
1,7618300
1,7717200
1,7639000
1,7656700
1,7618200
1,7693800
1,7638900
1,7837100
1,7613700
0,7602000
1,7482800
1,7531800
1,7460100
0,7650200
1,7484200
1,7607200
0,7476000
0,7558000
0,7461000
0,7572000
1,7462300
1,7652700
0,7425400
0,7671700
0,7387600
1,7638900
1,8479900
1,8609600
0,8585400
0,8190700
1,7422600
0,7461800
0,7327200
0,7753900
1,7457100
0,7738000
0,7632100
0,7697100
0,7619200
0,7660200
0,7646500
0,7652200
0,7615000
0,7683100
0,7648400
0,7667200
0,7617200
1,7678600
1,7557200
0,7387800
1,7392600
0,7516800
0,7344400
0,7577600
1,7517000
1,7360200
0,7516500
0,7307400
1,8581100
0,7596300
1,7743000
1,7522600
0,7675500
1,7603600
0,7711900
1,7660500
0,7624100
0,7626900
1,7761500
1,7601300
0,8100700
1,7603500
0,7712700
0,7612500
0,7699600
1,7606500
0,7704200
0,7611400
1,7688500
1,7600200
1,7883900
1,7601000
1,7680300
0,7621900
1,7698000
0,7610800
1,7827700
1,7506400
1,7449400
0,7363300
0,7420700
1,7295800
0,7591000
1,7354100
1,7598800
0,7320400
0,7573900
0,7367300
1,7503800
1,7551700
1,7628800
0,7367500
0,7530700
1,7302500
0,7422500
1,7602200
1,7392800
1,7419400
0,7402700
1,7595100
1,7347300
1,7554100
1,7485500
1,7711200
1,7392600
0,7386400
0,7401300
1,7461200
0,7377600
1,7442800
0,7620100
1,7449200
1,7363900
0,7590800
0,7592900
0,7481300
1,7391600
0,7587900
0,7961300
1,7760700
0,7539500
0,7595000
1,7486100
1,7566500
1,7483700
0,7463800
0,7769100
0,7453600
0,8334500
1,8473400
0,8040700
0,8305800
1,8159900
1,8843500
0,8728400
0,8563300
1,7647600
1,7706400
0,7637600
1,7658600
0,7639600
0,7699500
1,7618000
0,7779100
1,7830900
1,7766100
0,7795400
1,7753900
0,7698000
1,7849100
1,7783300
1,7758700
0,7798600
0,7783600
1,7778900
0,7792200
1,7536800
1,7555000
1,7462900
0,7506800
0,7498400
1,7574500
0,7476000
1,7523700
1,7653000
1,7565100
1,7462600
1,7654700
1,7500000
0,7551700
0,7327200
0,7437100
1,7407200
0,7396400
1,7703800
1,7598000
1,7510700
1,7357600
0,7598000
0,7396300
1,7583700
1,7663800
1,7452400
0,7453300
1,7560500
1,7576200
0,8451200
1,7654100
0,7684000
1,7570100
0,7582900
1,8499300
0,7752800
0,7525200
1,7584900
0,7577000
1,7864400
0,7625400
0,7833600
1,7637100
1,7684700
1,7601900
0,7674600
1,7612100
0,7667200
1,7717700
0,7901000
1,7978700
0,8024300
1,7812300
1,7780300
1,7621800
0,7668200
1,7603200
1,7689300
1,7615100
1,7695100
1,7603000
0,7747000
0,7627700
1,7693000
0,7621800
1,7811800
0,7647000
1,8846300
0,7623500
1,7688500
1,7622700
0,7711300
1,7603200
0,7700700
0,7611000
0,7789600
0,7622500
0,7710200
0,7455500
0,7516700
1,7444400
0,7605300
1,7445900
0,7520400
1,7448500
1,7531200
0,7707000
0,8040000
0,7468100
0,7606500
1,7520700
0,7752800
0,7624100
1,7673600
1,7597300
0,7619100
1,7658300
0,7648400
1,7936800
1,7680900
0,7728600
0,7926700
1,7805000
0,7657100
0,7658100
0,7654700
1,7656800
0,7652900
1,7630900
0,7669500
1,7658900
0,7620800
0,7664500
0,7649200
0,7650900
0,7622300
0,7706400
1,7386700
1,7765000
0,7374900
1,7368900
1,7421000
0,7528300
1,7392200
1,8149200
1,8383300
0,8710300
0,8607500
1,7472700
1,7475700
0,7720500
1,7638900
0,7717900
0,7632300
1,7648900
1,7638400
1,7678800
0,7634600
0,7670800
0,7615600
0,7681200
1,7614100
0,7557700
0,7372300
1,7522100
1,7371800
0,7442100
1,7478100
0,7466900
1,7371600
1,7351200
0,7395600
1,7542100
1,7370600
0,7306500
1,7711200
1,7474800
1,7603100
0,7453800
0,7522000
1,7462700
0,7658300
1,7697800
0,7583200
1,7509300
0,8161300
0,7496100
0,7644000
0,7491600
1,8076000
1,7548500
1,7783300
0,7523700
0,7561200
1,7443600
1,7534300
1,7484000
1,7517900
0,7486100
1,7649100
0,7483700
1,7668100
1,7559600
1,7832000
1,7603800
1,7670000
1,7600600
1,7702900
0,7624400
0,7674800
1,7601300
0,7730900
0,7621800
0,7725700
1,7599800
0,7616700
1,7325800
1,7507800
0,7368200
1,7426900
1,7518100
0,7387900
1,7497000
0,7389900
1,7392300
0,7386300
1,7521800
1,7406000
0,7980900
1,7893600
1,7838100
1,7813900
0,7693000
1,7585600
0,7760400
1,7610700
1,7976600
0,7903700
1,8111000
0,7774100
1,7933900
1,7738800
1,7656000
1,7680100
0,7729900
0,7630400
1,7643400
0,7637300
1,7655800
0,7632600
1,7808300
1,7648600
1,7947800
0,8430600
0,7889000
0,7465000
1,7523500
0,7475300
1,7831600
1,8092500
0,8363600
1,7616200
0,7656100
1,7479400
1,7489200
0,7477300
1,7582100
0,7555800
0,7683100
1,7827000
0,7721000
0,7619700
1,7664200
1,7619400
1,7677600
0,7621000
1,7849500
1,7617000
0,7678400
0,7621700
1,7583100
1,7461200
1,7617900
0,7462100
0,7529700
0,7477800
1,7588100
0,7465600
0,7536600
0,7511100
1,7571000
0,7466400
0,7590700
1,7479000
1,7434000
0,7373900
0,7528000
1,7312400
1,7471100
1,7423900
1,7341400
0,7389300
0,7379900
1,7804500
1,7423100
0,7478100
1,7610400
0,7614400
0,7462600
1,7621300
0,7471000
1,7902400
1,7446700
1,7654800
0,7479200
0,7601200
1,7906000
0,7788600
0,7484500
1,7551500
1,7449200
0,8433000
0,8312200
0,8685000
0,9076800
1,7491700
1,7862400
0,8152000
0,7723700
0,7561200
0,7530100
1,7515200
0,7581800
0,7811300
1,7769400
0,7782900
1,7789700
0,7811100
0,7790000
1,7801100
0,7798700
1,7796400
0,7840400
0,7780000
0,7823700
0,7693500
1,7489700
0,7378800
0,7525700
1,7316400
0,8567700
0,8412000
1,8749400
1,9082700
1,8586400
1,9227700
0,8613800
1,8735600
1,7600900
1,7805800
0,7620900
1,7685400
1,7603300
1,7754800
0,7620400
1,7752500
1,7921300
1,8313900
0,7769500
0,7763100
1,7964400
1,7887900
1,7789500
1,7858800
1,7795000
1,7838900
0,7807400
1,7950500
0,7801400
1,7816500
0,7782400
1,7847100
0,7788800
0,7801900
1,7763200
1,7807400
0,7788500
1,7833200
1,7761400
1,7803700
1,7780500
0,9030800
1,7768000
1,7845700
0,7771100
0,7822400
0,7649500
0,7909400
1,7600000
1,7692100
1,7599700
1,7682400
1,7601400
1,7781500
0,7707100
0,7780400
1,7631500
1,7896800
1,8067300
0,7860100
0,7940300
0,8713800
1,7626100
0,7784800
1,7638000
0,7723200
1,7641900
1,7788200
0,7651700
0,7736700
0,7681100
1,7772700
0,7653100
0,7722700
1,7663400
1,7728700
0,7647600
0,7743500
1,7672300
0,7811600
1,7635400
0,7709000
0,7696100
1,7846500
1,7665100
0,7596100
0,7431100
1,7481800
0,7326700
0,7481000
1,7419000
0,7536700
0,7326000
1,7562300
1,8123400
0,7517900
0,7321400
0,7469300
0,7670400
1,7709400
1,7618800
0,7820200
0,7676900
1,7725200
0,7640000
0,7748600
1,7682700
1,7717100
1,7636400
0,7692000
1,7651200
1,7627300
1,7397900
0,7673500
0,8013200
1,7641700
0,7471200
0,7555600
0,7354400
1,7525500
0,7400600
1,7437600
0,7485500
0,7418300
0,7587700
0,7484500
1,7593900
1,7458300
0,7815800
1,7501700
1,7765700
0,7546300
1,7604000
1,7519200
0,7716800
1,7544100
0,7647000
0,7504700
0,7615200
1,7500500
0,7583400
0,7554600
0,7572700
0,7582200
0,7647900
0,7503800
0,8026600
1,7749800
0,7800900
0,7668400
0,7576300
0,7559500
1,7600600
1,7577000
1,7701000
0,7553600
1,7579600
0,7671400
1,7617400
0,7504300
0,7622000
1,7748200
0,7630700
0,7594200
0,7533900
0,7711000
0,7541600
0,7567600
0,7533000
0,7680200
1,7486900
0,7809400
1,7526600
0,7583100
1,7530600
0,7621600
0,7524600
1,7540000
0,8011900
0,7509600
1,7315100
0,7575100
0,7424000
1,8355500
1,7689400
1,7839200
0,7480000
1,7511900
1,7312100
1,7498300
0,7666900
0,7760200
0,7632000
0,8118700
1,7645100
0,7744200
1,7680500
0,7710500
1,7640700
1,7728700
1,7637400
1,7738800
1,7648400
0,7504100
1,8437300
1,8458900
0,7334200
1,7559200
1,7417300
1,7623400
1,7317900
0,7544100
0,7425300
0,7474500
1,7313600
1,7631700
1,7746000
1,7679900
0,7719000
1,7661200
1,7708900
0,7657300
0,7695500
1,7653100
1,7788600
0,8017300
0,7753200
1,7646400
0,7715700
1,7687200
1,7706100
1,7641000
0,7710300
0,7661100
0,7774500
1,7785000
1,7687400
0,7661700
1,7715600
0,7695000
1,7822300
0,7661800
1,7486400
1,7461700
0,7403000
1,7437800
0,7483400
1,7414900
1,7553400
1,7421500
1,7558500
1,7437000
0,8035600
1,7932700
0,7571100
0,7586900
1,7688900
0,7487900
0,8247900
0,8336900
0,8471500
0,7482000
0,7640600
1,7516900
0,7762800
1,7553400
0,7607100
1,7557500
0,7455800
0,7415000
0,7425900
1,7433000
1,7475100
0,7334900
1,7441500
1,7435300
0,7850400
0,7548800
0,7669800
0,7747600
1,7512800
1,7552700
0,7707200
1,7672400
1,7826300
0,8000600
0,7860800
0,8155700
1,7903900
0,7763300
0,7766600
0,7654500
1,7838500
0,7656900
1,7799300
0,7814300
1,7853000
1,7849000
1,7851100
0,7869700
1,7939600
0,7834600
0,8140600
0,7907600
0,7857500
1,7861200
0,7839900
1,7820000
1,7807300
0,7828100
1,7808000
0,7854900
1,7896300
1,7856300
1,8309600
0,7846500
1,7835500
1,7862900
0,7826900
1,7692400
0,8158100
0,7645100
0,8315100
1,8520800
0,8557200
1,8423800
0,7505200
0,7760000
0,7553500
0,7622700
0,7549400
0,8505500
1,7683200
0,7710100
1,7631500
0,7746500
1,7661200
0,7730300
1,7619200
1,7785500
0,7676100
1,7746800
1,7621500
1,7756300
1,7663800
1,7556300
0,7483400
1,7321200
1,7627800
0,7346000
1,7522900
1,7495200
0,7420900
1,7364300
0,7462000
1,7850700
0,7426500
1,7394100
1,7402300
1,7313400
1,7463100
0,7372200
0,7574100
0,7386600
1,7430500
1,7393200
1,7298200
0,7594700
0,7412000
1,7514100
1,7300200
0,7464100
0,7404000
0,7436700
1,7297800
1,7419500
1,7370000
0,7456500
1,7488100
1,7457500
0,7381100
0,7425000
0,7315200
0,7485300
0,7382800
0,7538300
0,7613900
1,7742700
0,8917200
0,8412300
1,8043700
0,7501200
1,7534500
1,7833300
1,7359100
0,7470200
1,7481000
0,7755900
1,8677600
0,7729500
0,7612400
1,7713000
1,7601100
1,7791000
0,7612900
0,7668000
0,7622500
0,7793100
0,8438400
1,7715200
1,7603600
0,7683200
1,7446800
1,7528500
0,7466200
0,7665400
0,7546600
1,7592100
1,7450600
0,7495000
0,7707000
0,7522900
0,7797700
1,7482900
0,7517000
0,7462800
0,7657400
1,7481200
1,7641200
0,7479900
1,7745600
1,7479000
1,7495500
0,7466100
1,7527200
1,7497400
0,7560700
0,7418800
1,7446300
0,7781800
0,7453400
0,7314200
1,7542000
1,7388500
0,8295400
0,7418400
1,7588600
0,7403400
1,7406400
1,7334500
0,7447300
0,7403700
0,7457500
0,7334200
0,7377300
0,7656800
1,7567400
1,7706400
0,7377500
1,10452500
1,11511800
1,13382700
0,9402700
1,8638800
0,9413700
1,8581900
0,8492800
1,7969600
1,7852900
1,7834400
0,7862200
0,7857300
0,7869200
1,7860700
1,7820700
1,7834700
0,7851400
0,7831600
0,7845000
1,7837100
1,7831600
0,7826000
0,7865200
1,7820600
1,7978400
1,7916500
0,7908100
0,7880500
0,7960600
0,7878700
0,7898200
0,7857500
0,7824300
0,7801200
0,7800000
0,7892900
1,7839600
1,7852800
0,7870700
0,7808900
0,7793300
0,7811900
1,7788300
0,7814400
0,7878800
0,7808600
1,7819200
0,7807200
0,7895800
1,7803200
1,7798700
1,7782200
0,7860500
1,7853900
0,7815700
0,7815200
1,7868000
0,7846300
0,7900600
0,7839400
1,7910400
1,7854400
1,7960200
0,7822900
1,9159800
0,10987100
1,7797900
0,7855400
1,7797900
1,7859500
1,7799200
1,7854000
0,7821700
1,8323200
0,8534200
0,7920600
1,7801800
0,7838500
1,7807300
0,7880200
1,8033800
0,7773200
0,7823900
1,7822100
0,7811000
0,7981500
1,7804200
1,7814800
1,7842600
0,8825700
0,7803700
1,7806000
0,7790400
1,7852700
0,7789500
0,7857700
1,7769300
0,7797700
0,7789400
0,7842600
1,7806000
1,7879100
1,7846100
1,8084500
1,8254500
0,7935900
1,7851200
0,7724000
0,7641900
1,8206700
0,7866800
0,7747900
1,8060900
1,7821200
1,7632100
0,8297400
1,7780600
0,7810300
0,7803700
0,7862400
0,7787900
0,7878700
0,7906200
1,9074700
0,8935700
0,10247700
0,8829800
0,7882900
1,7805200
1,7821800
1,7807200
1,7801000
0,7828500
0,7840600
1,7844400
1,7831300
1,7853600
1,7845100
0,7894500
1,7843900
1,8209700
0,7802700
1,7848800
1,7808700
1,7845700
0,7851100
0,7874500
0,7842000
0,7922800
0,7816100
1,7853900
1,7833200
0,7794000
0,7811000
1,7873300
0,8049100
0,7976000
1,7800800
0,7800200
0,8521900
0,8567000
0,7839200
0,7854500
1,7864600
1,7780400
0,7891700
0,7821500
1,7997000
1,7784700
1,7930700
1,7852600
1,7925600
1,7783400
1,7831200
1,7790700
1,7806800
0,7775300
1,7809700
1,7721200
0,7887700
0,7671000
1,7712400
1,7661700
0,7681600
0,7608100
0,7697100
1,7622100
1,7687800
1,7602000
0,7758800
1,7619100
1,7741000
1,7596100
0,7803200
0,7641400
0,7763300
1,7617100
0,7892000
1,7653200
0,7756000
0,7652900
0,9700900
0,7945300
0,7748200
0,7646800
0,7749000
0,7642100
0,7738900
1,7638000
1,8458800
0,7651800
0,7737500
1,7648000
1,7781700
1,7644700
0,7913100
0,7679900
1,8541700
1,7588800
1,8225600
1,7858100
1,7738500
1,7628200
1,7695900
0,7529900
1,7668500
0,7534200
0,7642600
1,7491200
0,7853700
1,7920400
0,7920300
0,7838500
1,7845000
1,7805700
0,7853500
1,7831300
0,7847300
1,7793200
0,7872800
0,7836400
0,7840700
1,7727400
1,7724100
1,7677600
1,7759600
1,7637100
1,7709600
0,7672900
1,8052700
0,7624800
1,7830000
1,8038200
0,7924400
1,7605700
0,7709900
0,7608600
0,7680600
1,7636000
1,7707400
1,7602000
0,7704200
1,7603000
1,7684200
0,7607800
0,7921500
1,7643300
0,7777500
0,7754700
0,7643000
0,7464900
1,7554000
1,7445000
1,7750400
1,8130400
0,8219800
1,7702000
0,7760600
0,8039900
1,7551700
1,7444700
0,7708300
1,7604200
0,7704600
0,7610200
0,7682600
0,7638200
0,7691500
0,7608400
0,7669400
0,7657200
0,7698000
0,7612500
0,7677500
0,7529900
0,7454200
0,7364100
1,7468800
1,7372300
0,7389700
1,7599300
1,7442600
0,7393000
1,7391200
1,7353000
1,7388200
1,7492400
1,7374700
0,7599200
0,7344800
0,7515200
0,7387600
1,7383800
0,7375200
0,8271900
0,7360800
1,7399600
0,7374600
0,7425100
0,7386200
0,7683800
0,7379600
0,7570900
0,7384500
1,7432500
1,7389700
1,7489300
1,7389600
1,7448600
1,7462200
1,7296100
0,7842400
0,7697800
0,7536500
0,7510300
1,7545000
1,7474900
1,8283600
0,7659400
0,7584300
0,7556700
1,7690000
0,7481900
1,7594400
0,7452900
1,7532000
0,7661400
1,7876200
0,7616300
0,7664300
0,7637400
1,7691800
1,7599200
1,7706200
1,7611400
1,7681300
1,7598300
1,7697200
0,7659200
0,7698800
1,7598000
1,7695200
1,7620700
1,7855600
1,7599300
1,7684400
0,7640500
0,7677400
1,7599000
1,7693500
0,7641300
1,7666900
1,7599800
1,7847100
1,7468000
0,7793600
0,7526700
1,7550200
1,7487300
0,7725600
1,7833500
0,8214800
0,8545200
1,8468900
0,8229200
1,9151300
0,7911600
1,7823700
1,7797400
0,7844500
0,7790800
0,8526600
1,7780300
1,7822600
0,7785600
0,7859500
1,7798100
0,7939700
1,7769300
0,8121600
1,7616900
0,7727100
1,7605400
1,7669400
1,7615100
0,8075400
1,7643800
0,7682900
0,7635500
0,8067700
1,7604000
0,7683900
1,7623400
1,7871600
1,7855000
1,7681800
0,7624600
1,7703900
0,7661200
0,7687500
0,7654200
1,7694300
0,7619300
1,7666600
1,7605000
1,7558500
1,7447600
0,7572200
1,7444500
1,7529800
0,7466400
1,7581000
0,7454300
1,7583600
0,7495700
1,7528000
1,7446400
0,7529000
1,7404800
1,7496200
0,7370400
0,7372300
0,7485000
0,7362800
1,8463900
1,8675700
1,8783000
0,8173000
1,7589600
0,7629500
0,7670700
0,7886200
0,7783600
1,7862800
1,7775500
1,7807800
1,7764700
1,7815500
0,7785500
1,7797000
1,7803600
0,7890600
1,8452500
1,7759800
0,7613700
0,7712700
0,7642800
0,7684400
1,7601300
1,7686000
0,7635700
0,7675500
1,7597500
0,8532100
0,7786100
1,8030200
1,7693000
1,7883600
0,8097400
1,7809300
1,7791500
0,7800600
0,7641900
0,8187700
0,8944800
1,9195500
1,9087100
1,9759800
1,11057000
0,10543800
0,8845100
0,7856700
1,7808400
1,7828700
1,7807700
0,7844400
1,7802800
1,7855800
1,7787900
0,7851100
0,7719400
1,7732000
1,7632000
1,7815800
1,7639600
1,7867900
1,7666700
1,7690400
1,7628900
1,7881200
1,7746700
0,7885200
0,7621700
0,7742700
1,7602500
0,7720000
1,7633700
0,8240300
1,7624300
1,7667700
0,7610000
1,7704400
1,7616100
0,7685100
1,7600400
1,7706800
0,7712700
0,7709100
0,7610500
0,7678200
1,7618300
1,7687900
0,8145800
0,7911000
1,7676600
1,7718800
0,7989500
1,7844200
0,7685000
1,8544500
1,8331900
0,7814000
0,7700400
0,8185300
0,7648600
1,8260100
0,7636200
0,7736200
1,7640400
0,7817100
1,7627000
0,7794400
1,7802800
1,7925900
1,7809300
0,7965400
0,7815800
1,7882800
1,7804900
0,7858600
1,7781800
1,7871700
0,7830400
0,7854200
0,7688600
0,7640400
0,7540500
1,7726400
0,7476900
0,7621600
1,7522800
1,8815800
1,7553000
0,7599800
0,7545800
1,7603800
0,7591400
1,7824000
1,7400200
0,7513900
0,7427100
1,8305200
1,7319100
0,7525500
1,7415900
0,7431900
1,7360500
0,8089400
1,8481100
1,7836200
0,7441600
0,7752500
1,7667100
1,7751400
0,7639000
1,7724600
1,7655400
0,7731300
1,7615500
0,7746900
0,7674900
0,7733700
1,7774900
1,7631700
0,7430700
0,7419700
1,7488700
1,7402200
0,9933200
1,9278100
0,7450400
1,7660700
1,7377800
1,7554500
1,7328400
1,7697900
0,7478700
0,7684400
0,7621300
0,7890500
1,7600300
0,7660500
0,7623300
0,7695100
1,7597000
0,7664000
0,7622800
1,7700800
0,7610400
1,7563200
1,7358300
1,7389700
1,7611100
0,7332600
0,7582600
0,7472100
1,7448700
1,7350800
0,8164300
0,7814500
1,7998900
1,7706800
1,7620100
0,7549900
0,7610500
1,7552300
1,8090500
1,8456200
0,8343600
1,8433000
0,7573400
0,7644000
0,7633300
0,7762000
0,7576600
0,7748500
1,7645700
0,7750600
0,7677800
0,7900600
0,7855400
1,7894000
1,8052800
0,7889800
0,7749200
0,7928000
1,7636800
1,7618900
0,7804200
0,7810400
0,7791100
0,7794400
1,7903200
1,7812900
0,7846100
0,7802100
0,7942600
0,7856200
0,7961200
1,7800200
0,7779200
0,7659000
0,7674200
0,7630600
1,7653800
1,7654300
1,7661200
1,7616000
0,7675400
1,7653400
1,7784100
0,7633600
0,7669700
1,7653900
1,7531800
1,7373000
1,7423300
0,7407200
1,7414300
1,7355200
1,7407200
1,7404300
1,7441800
0,7328100
1,7426100
1,7377900
1,7488400
1,7314200
1,7657000
0,7445100
1,7492800
1,7312800
1,7695800
1,7619100
0,7519200
1,7341600
1,7433700
1,7593900
1,7530400
1,7547100
1,7398100
0,7755100
1,7599700
1,7683200
0,7609800
0,7684500
1,7603000
1,7702300
0,7612000
0,7676000
0,7622300
1,7696700
0,7625500
1,7851000
0,7348200
1,7454200
1,7296800
0,7607200
0,7384100
0,7591600
0,7306600
1,7501200
1,7355900
0,7444600
1,7296800
0,7842000
1,7874100
0,7722600
0,7515900
1,7680300
0,7735000
1,7617300
1,7462500
1,7558400
1,7450500
0,7516500
0,8559600
0,7522500
1,7481900
1,7463200
1,7716800
0,7782400
0,7794400
1,7778500
1,7828200
0,7818900
1,7776900
0,7843100
1,7874700
1,7828700
0,7791400
1,7791000
0,7784500
0,7831400
1,7617700
1,7685500
0,7814600
0,7890200
0,8224200
0,8010100
0,7624400
0,8084000
1,7867700
0,7909600
1,7682300
1,7728500
0,7804300
0,7817100
1,7763400
0,7805400
0,7791300
0,7881000
1,7795600
1,7840900
1,7783200
1,7991100
1,8565300
0,7819700
0,7786900
0,7985500
0,7771400
1,7817500
0,7808100
0,7812300
1,7779300
1,7820700
1,7807400
1,7826800
0,7777400
1,8206900
1,7830900
0,7856000
0,7833200
1,7801400
0,7808700
0,7841000
1,7764600
1,7890900
1,7798000
0,7798400
0,7775200
1,7810300
1,7780900
1,7794200
0,7772600
1,7839400
1,7762000
1,7781300
0,7768600
0,7816700
0,7779700
0,7814800
1,7758400
1,7815600
1,7764900
0,7816500
0,7769100
1,7507600
0,7374100
1,7406500
0,7364800
0,7551200
1,7358500
1,7541700
0,7460600
1,7491500
1,7359600
0,7699000
1,7661200
1,7563500
1,7503100
0,7677100
1,7597900
0,7679000
1,7601400
0,7688900
1,7600200
1,7709400
0,7620600
1,7663600
1,7599200
1,7708100
0,7743200
1,7602000
1,7418600
0,7583200
1,7359500
1,7571300
1,7672500
0,7542500
0,7587600
1,7370200
1,7360800
0,7385900
0,7510200
0,7356400
1,7492800
0,7457400
0,7455500
0,7649000
1,7343600
1,7410100
1,7524800
0,7325300
0,7787200
1,9002100
1,7984700
1,7488400
1,7525800
1,7535800
1,7648200
1,7615900
1,7820700
0,7616700
1,7667000
1,7618300
0,7677000
1,7636400
1,7670500
0,7632800
0,7675200
1,7639600
1,7655600
0,7384200
1,7508500
0,7508400
0,7519000
0,7393800
0,7387000
1,7429700
1,7359600
1,8705600
1,8935900
1,9110000
1,8545600
0,8143700
1,7871400
1,7809200
1,7805700
1,7854400
0,7793700
0,7780800
0,7904800
0,7820600
0,7810200
0,7810900
0,7874500
1,7808300
1,7773000
0,7780300
1,7773700
0,7813200
1,7760700
0,7780700
1,7788600
0,7833700
0,7792700
0,7777800
0,7814500
1,7800300
1,7922600
1,7826400
1,8053500
0,7694000
0,7902400
0,7623800
0,7707000
1,7617200
1,7666100
1,7634200
0,7694100
1,7617800
1,8044300
1,7669200
0,7717200
0,7630500
0,7706000
0,7709300
1,7766900
1,7616800
0,7661600
1,7635900
0,7697000
0,7630900
1,7681300
0,7619500
1,7671600
0,7501200
1,7505400
1,7511500
0,7592500
1,7462000
0,7565800
1,7480100
0,7640700
0,7476500
1,7509000
0,7545000
1,7849100
0,7555100
1,7559500
0,7464000
0,7489500
1,7668500
1,7444400
0,7539600
1,7450700
1,7543400
0,7455300
0,7531000
0,7486100
0,7545200
1,7500400
1,7740200
1,7362800
1,7427500
0,7333800
1,7588400
0,7396300
1,7542900
0,7368800
0,7431300
1,7395000
1,7529200
0,7368300
1,7688400
0,7396700
0,7909100
1,7357700
1,7662800
0,7574400
1,7433700
0,7368600
0,7311700
0,7524500
0,7390000
1,7661000
0,7352200
0,7569900
1,7345400
1,7462900
0,7461300
1,8853900
0,8088300
0,7668500
0,7662800
0,7638700
1,7462400
1,7842300
0,7524300
0,7535700
1,7460900
1,7538200
1,7614900
1,7658000
1,7615400
0,9698500
1,8557300
0,7682700
1,7620900
1,7654600
1,7655300
0,7699400
0,7632300
0,7678000
1,7675700
0,7704400
0,7388400
1,7392000
0,7393500
0,7441100
0,7388200
1,7384700
1,7406900
1,7476900
0,7388400
0,7649400
0,8042600
1,7517500
1,7494300
1,7550700
0,7589600
1,7588100
0,7547500
1,7534200
0,7577200
0,7727400
1,7609400
0,7614500
0,7581200
0,7602900
1,7500200
1,7605800
1,7433000
1,7453700
0,7434300
1,7404000
1,7537700
1,7524400
1,7422700
0,7536300
1,7526400
1,7656700
0,7433500
0,7473500
0,7332900
0,7418400
0,7541900
1,7350400
1,7462800
1,7409600
0,8556500
0,7563900
0,7463800
0,7447700
1,7862000
1,7415900
1,7455600
1,7503500
1,7605500
0,7544800
1,7645500
0,7555900
1,7626400
1,7546600
0,7605900
1,7522800
1,7605900
0,7569400
1,8102200
0,7846400
1,7630700
1,7646300
0,7717400
0,7660300
1,7732600
0,7671400
1,7746800
0,7638800
1,7833300
1,7626000
1,7699400
0,7679000
0,7816400
1,7742400
1,7654300
0,7315700
0,7446400
1,7372600
0,7772800
1,7401300
1,7586000
1,7446900
0,7468300
1,8219500
1,8527100
1,7798700
0,7927600
1,7993300
0,8271200
1,8420800
0,8089200
1,8208700
0,8682600
1,8906700
0,8003300
0,7650300
0,7781600
1,7613600
1,7743500
1,7774400
0,7835100
1,7805900
0,7841500
1,7926800
0,7845700
0,7826300
1,7837900
0,7793800
1,7827600
0,7813600
1,7846000
0,7799400
0,7747800
1,7761600
0,7684200
1,7627800
0,7791700
1,7599800
0,7687800
1,7649200
1,7757700
0,7611900
1,7701200
0,7637700
1,9236100
1,7949200
1,7919100
0,7900100
0,7695300
0,7611400
1,7726500
0,7622100
0,7733700
0,7609500
0,7695700
0,8051900
0,7741200
1,7620700
0,7810200
0,7781400
1,7793000
0,7771000
1,7966600
1,7765400
1,7800800
1,7764800
0,7842800
1,7775700
0,7970300
0,7808600
1,7798400
0,7467000
0,7570100
1,7465000
1,7713300
0,7466700
1,7548900
0,7470000
0,7553000
0,7464100
1,7665100
1,7458100
1,7620500
0,7468200
0,7578100
0,7404000
0,7562300
1,7361200
0,7807400
1,8473400
0,8651900
1,8842700
0,9294800
1,8461900
1,8610100
1,9083400
1,7931100
0,7660700
1,7638100
1,7757500
0,7651100
1,7821600
1,7637800
0,7703800
0,7690600
0,7609600
1,7824100
1,7750800
1,7933900
0,7609200
1,7834200
1,7625200
0,7689600
1,7596000
0,7699400
0,7640200
0,7702300
1,7596600
0,7687900
1,7615100
1,7678300
0,7802200
1,7611200
1,7483500
0,7557100
1,7477700
1,7600200
0,7471400
0,7606800
0,7456000
1,7546100
1,7463800
0,7570400
1,7442100
0,7556300
0,7480400
0,7758200
1,7440600
1,7849900
1,7466100
1,7571900
1,7442600
0,7513000
1,7460800
1,7633200
0,7488900
1,7555400
0,7500700
0,7480100
1,7514400
0,7465800
0,7675500
0,7480700
0,7591600
0,7462000
0,7529800
0,7475400
1,7625900
1,7479300
1,7542700
0,7474500
1,7615200
0,7371500
0,7485500
1,7312600
0,9387400
1,8298200
0,8610600
1,7557600
0,7598900
1,7426100
0,7618900
1,7372000
1,7432300
0,7397200
1,7780800
1,7620200
0,7765000
1,7657600
1,7652700
1,7614500
1,7664200
0,7634300
1,7688900
0,7630900
0,7996800
0,7657300
1,7719300
1,7618900
1,7673200
0,7632400
0,7810000
0,7634200
1,8072200
1,7659800
1,7678800
1,7615900
1,7685300
0,7643200
0,7714200
0,7611900
0,7730100
1,7612600
0,7640100
1,7506600
0,7504300
0,7573800
1,7447400
0,7528400
1,7443700
0,7555000
1,7448800
0,7544200
1,7441400
1,7618000
1,7449400
1,7550500
0,7455300
0,7587600
0,7469200
1,7523100
1,7444400
1,7586200
1,7446000
1,7557200
1,7442700
0,7607300
0,7457300
1,7761500
1,7352700
0,7500300
0,7376300
1,7502700
1,7324400
1,7697900
0,8178700
0,7688400
0,7751300
1,8137000
1,7483700
1,7603100
0,7626900
1,7700300
1,7714600
1,7654500
1,7712100
1,7678200
1,7693400
1,7653200
1,7699000
1,7681600
1,7712500
0,7676500
0,7931900
0,7338800
0,7639700
1,7413500
1,7537800
0,7336400
1,7508400
0,7424900
0,7487200
0,7335700
0,7472500
1,7396900
0,7537700
0,7335100
0,7697800
1,7411600
0,7344200
1,7839900
0,7420400
1,7481500
1,7435200
0,7517800
1,7407800
1,7576100
0,7431300
0,7581600
1,7435500
1,8022900
1,7548300
1,7584600
0,7549300
0,7615800
1,7543300
1,7571700
0,7547100
0,7702100
0,7584900
0,7663600
0,7545600
1,7600600
0,7502600
1,7533600
0,7587300
0,7500400
1,7415600
0,7474200
1,7387000
0,7579400
0,7409300
0,7490900
0,7566300
0,7693000
0,8035300
1,8059800
0,7625500
0,7640400
0,7550300
0,7760400
0,8167400
0,8517700
0,8340700
0,7996900
1,7528800
1,7705300
1,8198200
1,7813500
0,7799600
0,7884600
0,7792100
0,7997500
1,7803500
0,7865200
0,7801200
0,7821300
0,7823800
0,7865000
1,7798700
1,7924300
1,7779000
1,7776900
0,7536300
0,8267200
1,8158200
0,9189700
0,9672200
0,7542100
1,7630300
0,7554000
0,7473700
1,7843800
0,7560200
0,7828600
0,7791400
0,7839900
0,7847200
1,7823100
0,7813200
1,7851300
1,7891800
0,7932000
1,7828500
1,7836500
1,7837000
1,7822500
0,7458400
0,7541100
0,7408400
1,7502900
0,7394200
1,7935100
0,7343100
0,7634700
0,7404100
0,7525000
0,7386800
0,7718000
0,7556100
1,7765200
0,7757200
0,8136700
1,7803100
0,8220600
0,7985600
0,8028200
1,7736000
0,7759900
1,7644400
1,7724000
1,7616900
0,7777900
0,7871900
1,7973200
0,7796300
1,7873000
0,7820900
1,7845800
0,7814200
0,7996500
0,7823200
1,7824100
1,7823100
0,7833200
0,7812900
1,7735600
1,7658500
1,7777400
1,7846300
1,7713700
1,7656500
1,7757400
1,7626600
0,7739100
0,7684600
0,7763200
0,7660300
1,7800900
1,7537000
1,7637500
0,7548700
1,7590100
1,7537800
0,7668200
0,7541000
0,7786400
1,7614300
1,7607600
0,7545500
0,7679300
0,7594300
1,7713000
1,7548600
1,7917400
0,7474400
0,7618000
0,7499300
0,7654300
1,7519200
0,7541800
0,7717600
1,7518400
0,7556800
1,7554900
1,7692100
1,7555100
1,7554100
1,7557400
0,7738100
0,7571200
0,7787100
0,7549300
0,8379000
1,7679600
0,7674200
1,8135300
0,7768800
0,7723600
1,7697500
1,7657000
1,7706500
1,7676800
1,8585500
0,7659100
1,7687100
1,7673900
1,7824900
0,7655600
1,7703700
0,7657800
0,7686600
0,7488800
1,8537100
0,7350400
1,7675800
1,7431800
1,7502400
0,7347400
0,7412200
1,7435300
0,7598000
1,7331800
1,7483500
1,7548900
0,7644100
0,7496200
0,7629400
0,7538100
1,7695300
1,7482000
0,7586200
0,7540300
1,7566600
0,7494600
1,8839800
1,7659700
0,7584800
0,7468300
0,7394800
0,7416600
0,7419800
1,7439600
0,7394600
1,7517900
1,7436600
0,7417600
1,7384900
1,8127700
0,7761000
0,7781100
1,7619600
0,7738600
1,7655500
1,7792500
1,7626400
1,7737400
1,7663700
1,7721500
0,7628400
1,7882500
0,7707700
1,7717500
1,7899000
0,7568000
0,7570300
1,7552400
0,7565500
0,7545300
0,7689200
0,8152000
1,7521500
1,7737800
0,7545100
1,7593100
0,7521200
0,7659600
1,7470700
0,7622900
1,7841000
0,7678000
0,7482300
0,7688800
0,7535400
1,7615700
0,7487500
0,7553500
1,7624200
1,7585600
0,7556900
1,7534600
1,7812600
1,7692100
0,7556000
0,7547300
0,7614300
1,7573500
1,7643100
1,7519700
1,7594000
0,7561900
1,7611900
0,7498300
1,7556200
0,7525600
0,7598800
1,7482000
1,7622200
0,7552900
1,7569800
1,7483400
1,7739900
1,7598200
1,7636700
1,7641000
1,7600100
1,7537300
1,7554900
0,7351900
1,7634200
1,7452700
0,7452100
0,7350000
1,7537100
1,8516500
1,8369800
1,9660300
0,8150600
0,7801400
1,8081100
1,7782600
0,7878800
0,7782200
1,7785800
1,7778500
0,7789700
0,7780000
0,8771800
0,7799900
1,7777300
0,7780400
1,7734500
0,7478800
1,7540600
1,7554100
0,7749100
0,7568900
1,7569900
0,7466300
1,7599300
0,7526800
0,7775300
0,7538400
0,7640200
1,7521900
1,7600400
1,7552500
1,7610200
0,7565400
0,7563500
0,7535900
0,7649900
1,7500600
0,7705000
1,7555000
1,7603400
0,7572700
1,7532700
0,7398400
0,7414900
0,7531300
1,7314200
1,7522100
0,7614000
1,8570500
0,7328400
1,7749100
0,8952400
0,7818500
1,7779400
0,7585700
0,7663300
0,7768700
1,7640300
1,7870700
1,7616700
1,7882700
1,7633200
0,7726500
0,7647100
0,7945300
1,7742200
0,7737600
1,7592800
1,7747200
1,7520800
1,7641800
1,7545700
1,8182200
1,7682800
1,7750700
0,7638400
0,7628400
1,8287800
0,8873500
1,8765200
1,8266800
0,7926600
1,8035800
0,8355900
1,8060700
1,8439000
1,8473200
0,8133600
1,8227000
0,9101400
0,9373100
0,8030300
0,8009800
0,7805400
0,7849100
0,7838000
1,7812300
1,7800000
1,7832300
0,7829000
1,7812200
1,7853100
1,7847700
0,7829500
0,7908600
1,7689200
0,7719700
0,7628400
1,7781300
1,7631000
1,7775300
1,7604900
0,7679600
1,7640600
1,7691800
0,7622700
0,7762000
1,7605900
0,7671300
1,7767200
0,7726100
1,7696600
1,7682600
1,7607000
1,7677300
1,7595900
0,7679800
0,7622500
1,8265700
0,7968100
1,7947700
1,7609100
1,7801200
1,7599300
0,7679500
1,7606300
0,7692900
1,7598900
1,7677500
1,7599700
0,7743200
1,7732000
0,7659800
1,7760800
0,7659100
1,7691900
0,7620900
0,7694800
1,7638100
1,7666300
1,7636600
0,7701900
1,7658000
1,7663700
1,7636800
0,7697100
1,7602100
0,7549600
0,7374700
0,7428700
0,7389100
1,7386700
0,7377000
0,7407600
1,7418600
1,7573600
0,7404800
0,7420900
0,7404500
1,8659100
0,7454600
0,7510600
0,7388700
1,7772000
1,8672800
0,7462600
0,7328400
1,7504400
0,7375900
0,7446400
0,7359400
0,7748700
0,7675000
1,7524900
0,7704500
1,7596600
1,7871200
0,7637500
1,7677600
1,7597600
0,7671500
1,7616600
0,7735400
1,7596800
0,7674600
0,7656500
1,7740400
0,7446000
1,7480100
1,7373700
0,7605100
0,7581900
0,7713000
0,7606000
0,7695700
1,7384400
1,7451900
1,7375100
1,7486500
0,7360000
1,8146100
1,7702200
1,8110800
0,7490300
1,7618900
0,7503300
1,7553600
0,7452800
0,7669800
0,7486700
1,7529800
1,7513200
1,7526000
1,7666500
1,7613700
0,7652500
1,7633500
1,7724200
1,7612600
0,7670300
0,7632000
1,7665200
1,7618900
1,7690600
1,7633100
0,7698400
0,7384900
0,7504600
0,7329200
0,7435600
1,7376800
0,7440500
0,7327100
0,7433400
1,7469000
0,7493000
1,7547600
1,7492900
0,7387300
0,7504200
1,7735800
0,7478000
0,7394600
1,7388500
1,7347300
1,7559400
0,7451500
0,7365400
1,7392500
0,7407900
0,7926500
0,7572000
0,8088600
1,7970500
1,7892700
0,8171600
1,7731700
1,7604200
1,7720800
1,7601300
1,7748300
0,7620300
0,7711800
1,7599400
1,7716900
0,7621800
0,7693800
0,7609900
1,7752600
1,7605700
1,7957600
1,7640900
0,7723400
0,7621200
0,7692200
1,7598000
1,7706000
0,7624300
0,7624200
1,7445300
0,7564000
1,7446400
0,7544600
0,7454500
0,7536000
1,7448300
0,7522200
1,7541000
0,7629700
0,7477500
0,7544200
0,7442500
1,7643000
0,7435100
0,7384600
1,7371600
0,7389000
0,9983900
1,7801500
0,7507800
0,7315000
1,7551700
1,7611400
1,7739700
1,7565300
1,7666800
0,7629800
0,7844000
0,7622100
0,7676900
0,7633900
1,7697000
1,7635500
1,7647800
1,7617700
0,7895700
1,7637900
1,7616900
1,7601900
1,7495700
1,7332700
1,7655300
0,7384900
1,7391700
0,7375100
1,7450300
1,7373000
1,7466500
0,7317300
1,7623800
0,7388500
0,7584800
1,7482500
0,7574100
0,7868300
1,7681800
1,7500900
1,7517000
1,7578100
1,7538300
0,7762300
1,7999500
0,7890900
1,7566600
0,7777500
1,7643700
1,7690000
0,7674000
0,7760800
0,7734100
0,8012400
0,7924000
0,8281300
1,7879500
0,7921800
1,7696100
0,7738100
0,7828700
1,7974200
0,7791300
1,7862500
0,7821700
1,7863700
1,7803900
0,7924000
1,7799100
1,7878700
1,7863300
0,7894600
1,7786900
1,7489500
1,7557700
0,7756000
0,7467700
1,7558100
0,7456300
0,7580900
1,7450200
0,7601100
1,7447000
1,7741500
0,7619400
1,7629100
0,7665700
1,7657400
1,7551500
1,7615400
0,7454800
0,7554400
1,7466800
0,7616600
1,7443900
1,7668900
1,7463800
0,7686600
1,7443100
0,7589200
0,7502300
0,7522900
1,7443500
0,7582300
1,7465800
1,7464700
1,8629000
0,8249400
1,8795800
1,8636800
0,7637500
0,8264500
1,7804900
1,7811600
0,7784300
1,7815000
1,7788800
1,7796300
1,7759400
0,7820300
0,7783700
0,7818800
0,7772000
1,7859800
1,7727600
1,10710100
1,7645900
0,7657600
0,7617600
0,7696300
0,7609700
1,7706200
0,7618600
1,7673400
1,7598200
1,7900600
0,7865000
1,7678800
0,7627100
0,7684200
0,7622300
0,7680200
1,7616800
1,7742800
1,7709800
0,7698000
0,7640300
1,7784100
0,7688400
0,7766700
0,7652500
0,8027800
0,7635300
1,7865100
1,7623300
0,7904100
1,7623200
0,7781700
1,7750700
1,7872100
0,7653800
1,7800200
1,7619800
1,7716400
0,7757300
1,7725200
1,7838900
1,7711700
1,7602000
0,7698700
0,7648000
0,7690900
0,7623200
1,7702200
1,7601300
0,7726000
1,7602500
1,7700000
1,7601900
1,7839500
0,7623400
1,7728900
0,7611600
0,7671600
1,7603200
0,7711600
1,7599900
1,7760800
0,7618800
1,7654900
1,7482300
0,7613600
1,7447300
0,7580400
0,7451500
1,7566400
0,7466800
0,7584100
0,7457700
0,7564100
1,7447900
0,7612900
1,7446400
1,7605400
0,7379700
0,7406400
1,7656000
1,7362300
0,7466000
1,7411700
1,7356900
1,7392600
1,7420600
0,7401700
0,7762300
1,7418800
1,7874700
1,7480000
1,7527200
1,7481100
1,8042000
0,8240900
1,8445200
1,8676700
0,7518300
1,7487000
1,7507700
0,7465700
1,7599400
0,7648500
1,7654000
0,7621100
1,7794800
1,7657900
1,7659800
1,7638200
0,7705900
0,7634800
1,8026700
1,7679100
1,8399700
0,7555100
0,7544300
1,7425800
0,7479100
1,7321800
0,7495000
0,7422800
1,7552800
1,8733800
1,7670100
1,7729800
1,7466200
1,7373400
0,7520400
0,7498700
1,7486800
0,7666700
1,7445200
0,7530000
1,7527800
0,7605900
1,7446100
1,7542900
0,7516000
0,7543600
0,7753100
1,7799200
0,7486100
1,7539700
0,7453800
1,7531000
0,7481400
0,7670100
1,7442300
1,7619600
0,7485600
0,7558000
0,7466800
0,7578300
0,7505100
1,7550100
1,7663400
0,7453600
0,7395900
1,7725100
1,7646400
1,7969300
1,7864100
1,8248200
0,7558400
1,7472000
0,7395300
0,7436800
0,7501400
0,7620300
0,7694100
0,7716700
0,7847000
0,7791700
0,7625000
0,7755800
0,7609600
0,7671000
0,7620400
0,7828900
0,7614300
0,7588000
0,7322000
0,7389700
0,7441000
0,7388500
0,7627600
0,7390500
0,7487200
1,7416200
0,7530300
0,7387500
0,9184200
1,8017700
1,7840600
0,7767200
0,8006900
1,7693000
1,7665600
1,7620600
1,7646400
1,7655200
1,7698800
0,7633400
0,7668400
1,7656200
1,7673000
1,8013000
1,8587900
0,8493200
1,8576200
1,7968600
0,8121000
0,8168100
0,7466200
0,7546100
0,7478200
0,7464600
1,7766500
1,7466400
0,8055200
1,7852500
0,7833700
0,7839300
1,7848100
1,7839400
1,7824400
1,7796100
0,7861600
1,7842000
0,7873800
0,7840000
0,7806700
0,7670700
1,7729100
0,7693300
1,7684800
1,7686600
0,7721500
1,7686900
0,7677500
0,7659300
1,7739500
0,7686600
0,7893600
0,7621300
1,7582900
0,7571300
0,7628200
1,7516000
0,7705800
0,7577700
0,7730000
1,7499100
0,7630500
0,7573300
0,7612500
1,7506000
1,7681600
1,7424500
1,8292900
1,8191600
1,7778200
0,7523800
1,7517600
1,7381400
0,7443900
1,7412000
0,7367100
1,7535800
0,7777400
1,7732500
1,7612300
1,7703200
0,7637500
1,7675700
0,7607900
0,7682500
1,7618000
1,7681500
0,7609200
1,7740500
1,7618600
0,7833500
0,7609800
0,7515800
0,7782000
1,7501000
0,7493100
1,7508000
1,7395500
0,7421900
0,7368000
1,7597700
0,7454200
0,7381600
1,7353900
1,7461100
0,7430600
1,7577200
1,7447500
0,8082000
1,8623300
0,7535300
1,7444100
1,7905500
1,7998300
1,8673500
1,8543700
0,7976300
0,7491000
1,8072800
1,8097100
1,8675900
1,8981700
1,8020300
1,7602500
1,7721600
0,7621900
1,9213500
1,8330900
1,8542000
1,7735700
0,7805800
0,7825400
1,7821400
0,7923200
0,7818300
0,7858200
0,7844000
0,7805000
1,7820000
0,7831000
0,7808800
1,7793800
0,7800100
1,7787600
1,7805800
0,7803800
0,7793600
1,7785900
0,7784100
0,7840900
0,7802900
0,7809900
1,7798600
0,7802000
0,7816400
0,7771200
1,7806000
0,7685600
1,7636400
1,7675100
1,7638400
1,7644100
0,7649700
1,7729700
1,7640700
1,7801700
1,7639200
1,8015600
1,8131000
0,7716400
0,7655700
0,7734300
0,7615500
0,7677800
0,7649200
1,7659900
0,7620500
0,7675000
0,7646500
1,7598900
1,7723200
1,7590600
0,7973400
1,7447300
0,7543600
1,7446600
0,7585900
1,7444500
1,7549700
0,7467000
0,7549500
0,7450900
1,7574600
1,7447400
1,7531700
1,7408700
1,7565500
1,7296500
0,8376600
0,7703600
0,7448400
0,7313300
1,7448500
1,7355900
1,7389100
0,8561800
1,7843000
0,7813900
1,7811100
1,7641500
0,7800400
0,7614900
0,7783500
1,7611500
1,7786600
1,7608200
0,7659900
0,7638500
1,7748500
1,7599800
0,7709300
0,7710000
1,7629600
1,7507400
0,7494700
0,7632400
1,7462300
0,7531200
1,7478200
1,7667300
1,7460800
1,7636900
0,7463700
0,7531100
1,7439700
1,7369900
1,7389400
1,7449400
1,7663500
1,7314200
0,7410900
1,7469300
1,7373800
0,7398300
1,7394500
0,7466100
0,7420400
0,7366400
1,7490700
0,7394000
0,7486000
0,7304800
0,7625100
0,7574200
1,7385600
1,7354000
1,7467800
0,7474900
0,7462900
1,7355300
1,7606500
1,7441700
1,7523600
1,7443700
1,7538800
0,7479300
1,7546400
1,7443500
0,7544800
0,7480700
1,7568500
0,8097100
0,8769900
0,8217800
0,7929100
0,7712100
0,7719800
0,7645400
1,7671100
0,7607900
0,7666300
1,7637400
1,8007400
1,7603200
0,7708700
0,7618200
1,7735000
1,7807300
1,7733100
1,7700600
0,7685100
0,7615300
1,7744600
0,7621700
0,7718600
0,7613200
1,7882000
1,7900300
0,7896200
1,8045300
0,7848600
0,7795000
1,7799000
0,7775700
1,7858500
0,7780700
1,8007400
0,7780600
0,7820100
1,7771100
0,7802800
0,7790700
1,7875500
0,7642600
0,7984500
1,7631600
0,7675800
0,7625400
1,7679500
1,7610900
1,7691700
1,7600900
0,7677300
1,7611500
1,7735500
1,7592600
1,7544700
1,7555200
1,7483100
1,10393600
0,7380000
0,7515400
0,7463700
0,8592700
1,7465300
0,7655400
0,7464800
0,8120400
0,7712500
0,7660500
0,7621400
1,7703700
1,7628300
0,7821200
0,7656100
0,7675300
1,7655300
1,7643600
1,7634900
1,7657700
0,7647000
1,7614700
1,7773900
1,7509800
1,7478300
1,7552300
1,7482300
1,7596800
1,7505800
1,7494100
0,7460300
0,7561300
1,7479000
1,7440500
1,7776200
1,7545100
0,7616400
1,7440000
1,8305200
1,7774100
0,7615400
0,7452100
1,7639900
0,7467000
0,7541400
1,7444100
0,7571900
0,7498400
1,7561800
0,7455800
0,7601700
1,7443800
1,7638600
0,7455900
0,7698300
1,7446900
1,7611100
0,7511100
1,8075200
1,8342400
1,7555800
1,7381200
0,7435700
0,7316800
0,7515700
0,7366400
0,7424200
1,7301600
1,7480200
1,7431800
0,7497400
0,7560700
1,7543800
1,7498200
1,7331300
1,7450100
0,7516100
1,7405500
0,7311200
0,7436800
1,7406500
1,7606300
0,7316300
0,7969800
1,7847600
1,7957800
0,8067700
1,7585000
0,7892000
1,7651200
1,7635300
1,7668900
0,7631700
0,7667500
1,7638600
1,7668700
1,7616700
1,7660600
0,7616500
0,7721600
1,7590600
0,7880300
0,8017600
0,8600600
1,8251900
0,7774600
1,7486800
1,7581600
0,7480600
1,7494800
0,7461900
1,7825100
0,8250200
0,8237200
0,7839600
0,7872900
1,7783500
0,7788600
1,7839900
0,7793700
1,7779500
1,7905100
0,7800900
1,7776700
1,7781900
1,7785900
0,7794100
0,7794100
0,7795600
1,7755400
1,7814000
1,7767000
0,7793400
0,7788500
0,7797700
1,7783500
1,7780100
0,7798900
1,7818700
0,7734900
1,7462900
0,7560400
1,7517800
0,7561100
1,7459500
0,8098900
1,7500600
0,7552800
1,7464700
1,7487400
0,7478200
1,8083800
0,7745800
1,7801800
1,7518800
1,7549100
0,7513900
0,7535600
1,7479400
1,7576200
0,7511000
0,7486100
0,7505400
1,7507100
0,7596100
0,7471900
0,7565900
1,7448400
0,7705300
1,7659800
0,7715000
1,7448300
0,7539300
0,7474100
0,7583800
0,7468400
0,7605700
1,7461900
0,7575100
0,7495500
0,7577700
1,7459700
0,7586100
1,7450800
1,7532400
1,7479400
1,7746700
0,7534700
0,7521500
1,7467000
1,7561200
1,7719600
0,7550300
0,7537700
0,7678700
1,7447500
0,7758000
1,7463100
0,7536900
0,7515200
1,7464300
0,7545100
1,7480100
1,7553300
1,7463000
0,7680900
0,7870900
1,7517300
0,7473900
1,8300100
1,7500400
1,7585800
1,7461300
0,7621700
1,7481000
0,7729400
0,7479300
0,8003900
0,7806900
1,7782200
1,7617700
0,7873500
0,7660700
0,7671700
1,7618500
1,7689600
1,7639600
1,7665000
1,7618500
1,7660500
1,7638100
1,7756700
0,7690600
0,7668000
0,7618400
0,7758500
1,7632500
1,7644700
1,7635100
0,7683300
0,7648600
0,7656400
1,7640100
0,7672200
1,7485400
0,7481700
0,7594000
1,7808200
0,9264200
0,8503400
0,8893100
1,8925400
1,9344900
0,8497700
0,8596500
0,7398700
0,7687000
1,7765700
1,7811100
1,7779400
1,7806700
0,7771200
0,7905300
1,7781200
1,7811600
0,7774700
0,7806600
1,7888100
1,7919500
0,7783500
0,7726600
1,7601900
1,7659200
0,7609500
0,7692200
0,7621100
1,7665300
1,7597900
0,7684300
1,7617500
0,7709000
1,7884700
1,7901900
0,7916600
0,7721100
0,7944700
0,7668900
0,7717900
0,7665400
1,8255700
0,7806900
1,8382400
1,7605700
1,9275500
1,8290300
0,7792400
0,7812100
1,7770200
0,7891400
0,7787200
0,7815200
1,7789100
0,7788500
1,7796700
1,7857300
0,7818900
1,7848200
0,7721100
1,7695500
1,7624100
1,7802800
1,7603500
0,7682500
0,7647300
0,7681900
0,7620100
1,7760500
1,7604600
1,7691100
1,7637100
0,7628300
0,7452700
1,7627500
1,7449300
0,7586600
1,7442900
1,7558700
1,7445400
1,7561300
0,7455200
0,7499800
0,7534200
0,7494800
0,7546700
1,7613600
0,7656000
0,7423700
1,7510000
1,7390600
1,7670600
0,7439100
0,7385400
0,7373000
0,7525600
1,7480000
0,7374800
0,8176500
0,8246700
0,7539200
0,7583800
0,7632400
0,7544500
0,7496700
1,7504100
0,7464400
0,7527000
0,7492700
0,7966900
1,7850400
0,7553000
0,7680200
1,7661700
1,7635500
1,7646700
1,7634600
1,7765300
0,7700900
1,8011500
1,8166300
1,7654000
1,7639500
1,7660500
0,7653600
1,7678100
0,7621900
1,7688300
0,7648800
1,7641500
0,7640400
0,7713000
1,7620000
1,7601500
0,7812600
0,7637000
1,7668200
0,7607700
0,7448200
0,7423000
0,7417400
0,7364100
1,7473800
0,7388800
1,7404400
0,7364600
1,7465000
1,7374600
0,7584800
1,7390500
1,7634800
1,7868700
0,7571100
1,7441600
1,7554500
0,7502800
0,7525300
0,7450200
1,7649300
1,7545000
1,7543400
1,7442900
1,7559300
1,7463100
1,7635400
0,7384400
0,7940900
0,7403400
0,7632900
0,7364300
1,7549400
1,7347800
1,7312600
1,7443600
0,7468300
1,7710100
1,7312300
1,7373800
1,7483000
1,8281100
1,7574800
1,7531700
1,7781300
1,7512100
0,7477400
1,7527000
1,7481400
0,7633300
1,7460100
1,8014900
1,8041200
1,7983500
1,8146800
0,7658200
1,7637400
1,7843000
0,7633700
0,8087200
0,8413500
0,8909800
0,9076400
1,7608200
1,7663200
1,7751200
0,7793200
1,7785800
0,7793700
1,7783300
0,7793200
0,7769100
0,7811900
0,7783100
0,7809700
0,7768300
0,7821500
0,7788200
0,7668200
0,7303400
1,7830500
0,7374200
0,7387400
0,7531500
1,7406700
1,7531500
1,7373900
1,7360500
0,7389400
1,7485800
0,7509500
0,7894800
0,7692600
1,7731100
0,7482500
0,7530500
1,7503900
1,7500200
1,7460000
1,7492300
0,7477000
0,7525700
0,7477100
1,7515400
0,7500700
0,7449000
0,7422200
0,7433900
0,7390100
0,7376400
0,8628400
0,7471500
1,7618000
0,7407300
0,7694800
1,7295600
0,7677700
0,7374000
1,7626500
0,7625900
1,7736000
1,7601600
0,7692700
1,7631200
1,7679900
1,7601900
1,7659700
1,7610400
0,7732000
0,7620800
1,7681100
0,7577400
1,7381800
0,7469300
1,7493400
0,7381700
1,8776500
0,7373800
0,7542200
0,7380300
1,7396200
1,7357500
0,7716700
1,7535700
0,8212900
1,7838900
1,9799800
1,8177200
0,8225300
1,8703400
0,8366900
1,8190700
1,7483900
0,7466700
1,7547200
1,7443600
1,7680000
1,7766200
0,7883100
1,7759100
0,7816500
0,7784400
1,7806400
1,7785900
0,7796500
1,7773000
1,7790100
1,7790200
0,7784200
1,7910700
0,7495200
0,7558000
1,7485600
1,7874300
1,7527100
0,7452000
1,7525500
0,7461800
0,7582800
0,7454300
0,8279200
0,7590100
0,7657100
1,7599600
1,7768200
1,7619500
0,7813700
0,7610300
0,7662800
1,7637000
0,7699000
1,7692500
0,7687100
1,7621300
1,7672000
0,7748000
1,7589000
0,7514900
1,7554600
1,7443700
0,7627000
0,7482400
1,7521800
0,7453100
1,7527600
0,7479800
1,7566700
0,7452200
0,7531600
0,7440500
1,7387400
1,7517800
1,7468900
1,7371000
1,7612400
1,7573800
0,7371900
1,7435500
0,7389400
0,7778000
0,7345500
0,7638000
1,7647500
0,8004200
1,7487300
1,8916500
1,7617100
1,7697400
1,7566500
1,7555800
1,7463900
1,7542900
0,7496500
0,7574000
0,7477200
1,7522900
1,7482400
1,7530200
1,7462600
0,7512200
0,7464300
0,7559600
1,7461300
1,7534300
1,7484400
1,7936700
1,7942500
1,8429400
0,8282300
1,7951700
1,7660800
0,7761200
1,7684300
0,7699500
0,7638200
1,7650200
1,7654000
0,7676500
0,7638800
1,7736700
0,7635300
0,7701400
1,7628100
1,7656800
1,7658700
0,7755400
0,7635800
0,7658500
0,7635500
1,7749700
0,7635500
0,7712700
0,7634500
1,7843800
0,7845300
1,7536600
0,7533400
0,7528400
0,7479200
1,7443800
0,7561300
0,7464300
0,7522100
1,7442100
0,7563100
0,7464700
1,7507500
0,7427600
1,7491500
0,7741100
1,7564900
1,7388000
1,7591400
0,7375800
0,7479700
1,7294500
0,7497600
0,7377500
1,7453100
0,7304000
1,7566900
1,7472400
1,7508900
0,7455300
1,7560200
1,7764400
1,7541700
0,7453800
1,7718000
1,7447900
1,7561900
0,7454100
0,7564500
1,7447000
1,7663400
1,7373100
0,7389900
1,7389500
0,7385600
0,8335200
1,7500600
1,7535800
0,7450300
1,7533900
0,7412100
1,7655000
0,7391500
1,7591300
0,7636000
0,7720500
0,7629900
1,7651100
1,7654300
1,7655500
1,7618400
1,7673300
1,7638700
0,7682400
0,7669800
0,7679100
0,7551900
1,7455700
0,7453300
1,7820400
1,7334900
1,7421800
0,7388500
0,7643000
1,7351100
0,7523100
0,7424000
0,7338400
0,7619400
0,7664500
1,7847600
1,7736600
0,7565000
0,7540500
1,7608500
0,7552700
1,7583600
0,7549800
1,7636000
0,7552400
1,9649200
1,7673400
1,7544200
0,7596400
0,7554600
1,7466700
1,7566300
0,7567300
0,7700000
0,7485300
1,7614300
1,7500300
1,7615700
0,7487200
1,7899100
0,7557900
1,7728000
0,7340200
0,8422900
0,8329400
1,8902300
0,9268100
0,7432100
0,7696000
1,8417900
1,7497300
0,7536900
1,7489800
1,7525100
0,7982600
0,7865100
1,7819300
0,7804300
1,7886600
0,7859800
1,7837800
1,7840800
0,7845100
0,7839400
1,7835700
1,7850600
1,7926300
0,7493600
1,7609800
0,7539100
1,7555100
0,7489700
1,7587100
0,7529900
1,7524200
1,8207700
1,7594400
0,7540300
0,7633700
0,7591500
0,7853800
0,7830900
0,7752100
1,7660600
1,7620500
0,7911300
1,7794600
0,7715300
0,7631500
1,7728400
1,7887000
0,7952100
0,7830100
1,8536400
1,7985100
1,7668000
1,7872000
1,7666000
0,7682600
0,7635100
0,7668900
1,7658100
0,7686100
0,7629600
1,7660500
1,7655000
1,7686500
1,7639200
0,7735500
1,7817800
0,7618100
1,7726200
1,7603200
0,7715200
0,7638200
0,7761700
0,7610400
0,8140400
1,7699000
0,7885700
0,7613900
1,7697100
0,7619700
0,7690100
1,7597500
1,7775700
1,7602200
1,7680500
1,7614600
0,7692800
1,7605500
1,7513800
1,7292900
0,7821200
0,7377000
1,7442000
0,7340800
1,7770900
1,7359400
0,7448900
0,7320400
0,7553600
1,7356400
1,8132100
0,8273800
1,8229100
0,7766400
1,8061600
1,7919700
1,8761200
0,7927100
1,7751500
1,8020900
1,7689100
1,7600200
1,7798000
1,7619700
0,7805400
1,7763300
0,7813400
0,7809200
1,7795900
0,7871600
0,7828300
1,7763700
0,7967000
0,7819100
1,7850600
0,7794200
1,7784600
0,7418200
1,8905800
0,8261500
1,8330900
1,9341100
1,7387600
0,7552100
1,7435100
0,7626100
0,7346400
1,7475800
0,7401600
0,7577100
0,7849400
1,7803400
0,7837700
0,7834600
1,7828600
1,7799900
1,7999300
0,7842800
0,7851600
0,7794800
1,7867200
0,7850800
0,8412400
1,7681300
1,7677900
1,7722000
0,7671400
1,7701900
0,7634100
0,7764900
0,7671400
0,7646200
1,7841700
1,7725400
1,7650200
1,7468600
1,7754500
1,7511300
0,7742100
0,7592300
0,7511900
0,7415500
1,7721100
0,7409000
0,7626400
1,7317000
1,7640500
0,7403800
0,7757000
1,7648100
0,7836600
0,7648900
0,7980700
0,7641000
1,7727800
1,7636600
1,7754800
1,7619900
1,7725700
1,7635900
0,7724500
0,7620700
1,7562400
0,7523900
0,7713500
0,7638000
0,7558300
1,7625300
1,7652100
0,7508800
1,7684900
0,7534500
0,7677100
0,7542900
0,7585500
0,7411700
0,7600700
0,7420400
0,7434000
0,7397500
1,7435000
0,7679300
0,8260400
1,8002900
0,9528000
1,8373600
0,7513600
0,7589900
0,7700200
0,7768300
1,7722000
0,7676700
0,7695300
0,7657200
1,7726600
0,7670400
0,7710600
1,7621700
1,7817000
1,7735300
0,7768900
1,7407400
1,7705900
0,7597600
0,7412000
1,7416300
0,7428200
1,7483700
1,7435800
1,7377100
0,7427300
0,7455100
1,7432400
0,7463700
1,7539200
0,7601200
1,7563000
1,7557100
1,7548300
1,7567900
0,7538000
1,7468800
1,7635500
1,7495700
0,7598400
1,7461200
0,7690200
0,7384100
1,7450800
1,7299100
0,7651100
0,7462300
0,7588800
1,7299700
0,8055700
1,7378900
1,7598400
0,7690400
1,8075400
0,7750200
1,7675800
0,7708400
0,7813800
0,7675900
1,7634800
1,7449400
1,7566400
0,7516300
1,8743000
0,7470200
0,8318900
0,7615900
0,7733500
0,7809000
0,7729900
0,7608800
1,7701800
0,7620800
1,7673100
0,7607800
1,7692800
0,7621300
1,7682100
1,7599500
0,7670100
1,7601200
0,7546900
0,7585200
0,7447800
0,7541500
0,7495000
0,7361900
1,7654000
1,7363100
0,7485500
1,7450900
0,7315600
1,7511900
1,7407700
0,7607800
1,7482000
1,7504700
0,7494100
0,7927100
1,7482100
0,7549700
1,7478700
0,7519200
0,7462300
0,7564100
0,7492800
0,7517400
0,7429100
1,7927300
0,7405500
0,8064100
0,8352600
0,8803800
1,9415000
1,9841300
1,9309900
0,9441900
0,9154600
1,8338400
1,9036000
1,8156400
0,8002200
1,7781300
0,7806200
1,7776600
0,7797400
0,7815500
0,7800900
0,7786400
0,7878300
1,7825300
0,7846800
0,7830500
1,7871200
0,8006300
1,7800000
1,7766900
1,7932500
0,7795300
1,7811100
0,7806400
0,7827900
1,7776600
0,7798400
0,7883700
1,7749900
0,7836600
1,7691000
0,7622100
0,7799100
1,7617000
1,7736600
0,7621500
1,8149200
0,7612400
0,7766400
1,7602200
1,7674400
1,7447000
0,7511600
1,7485900
0,7596000
0,7456100
0,7578400
1,7447700
0,7657200
0,7456100
1,7659000
0,7466300
0,7539900
0,7434100
0,7578600
1,7359700
0,7632800
0,7306200
0,7520000
1,7395100
1,7554400
1,8406700
1,9005000
1,8590100
1,8100700
1,7356800
0,7620800
0,7659300
1,7683500
0,7608500
1,7698200
0,7620400
1,7698100
1,7600700
1,7685300
0,7620600
0,7742100
1,7600800
1,7786500
0,7834600
0,7669900
1,7445900
0,7556600
0,7481400
0,7975600
1,7845800
1,7694100
0,7542600
0,7655700
1,7443100
1,7609700
1,7464500
0,7574800
1,7600900
1,7931200
0,7640200
0,7634100
0,7657100
0,7618600
1,7685500
1,7618600
0,7672500
1,7637900
1,7682700
1,7616400
0,7782100
1,7482600
0,7590900
0,7476800
0,7505700
0,7712900
0,7573700
0,7474900
0,7517100
1,7482300
0,7587600
0,7477700
0,7525200
1,7478800
0,7515500
1,7311600
1,7442900
0,7375600
0,7725700
1,7419700
0,7452500
1,7392200
1,7448200
0,8329300
1,7761700
0,7714700
1,7896800
1,7565900
0,7670600
0,7631400
0,7704300
0,7637900
1,7695800
1,7639100
0,7727300
1,7620700
0,7667400
0,7624200
0,7697400
0,7635200
1,7555500
1,7486400
1,7594000
1,7580100
1,7439600
0,7576800
1,7448400
0,7551300
0,7452900
0,8330900
0,7612300
0,7733100
0,7493100
0,7759800
1,7603500
1,7808300
0,7610400
0,7690700
0,7619400
0,7694800
0,7605000
1,7774800
0,7621700
0,7741900
0,7612300
0,7697800
0,8106800
1,7646300
1,7442000
0,7619100
1,7449500
0,7525700
0,7550500
1,7568000
1,7448000
1,7507000
1,7444000
1,7575600
0,7466700
0,7559200
1,7489800
0,7562000
1,7448200
1,7547100
1,7446600
0,7591600
1,7449400
1,7516800
0,7457300
1,7594600
1,7456300
0,7477900
0,7621400
0,7756400
0,9596000
1,7869100
0,7787100
1,7918700
0,7753300
1,8014400
0,7681900
0,14685100
0,7499900
1,7539500
1,7671400
0,8936800
0,7660300
1,7742700
0,7610000
0,7689800
1,7601700
1,7708600
0,7612000
0,7679600
0,7624000
1,7704100
1,7598100
0,7811400
1,7684300
0,7919300
0,7611600
0,7687600
0,7623300
1,7698000
1,7600100
0,7669000
0,7619500
0,7700400
0,7610100
1,7744100
0,7618000
0,7720400
0,7611900
0,7677800
0,7633200
1,7881000
0,7610700
0,7707600
0,7636200
1,7661800
1,7598700
1,7727300
0,7635300
1,7686300
1,7447500
1,7482300
0,7559500
0,7690200
0,7367300
0,7536300
1,8325600
0,8512300
1,7483800
1,7576700
0,7384000
1,7470800
1,7507300
1,7712400
1,7622000
0,7740000
0,7622900
1,7707600
1,7619700
1,7712300
1,7599200
0,7676600
0,7640600
0,7705700
1,7667400
0,7599200
1,7678800
1,7536800
0,8478000
0,7984700
1,8830600
1,8416900
0,8443300
0,7784500
0,7801200
1,7786400
1,7525200
0,8070900
1,7728600
0,7850500
0,7780500
0,7847600
1,7777600
1,7789000
0,7775500
1,7839400
0,7787300
1,7804800
0,7813500
1,7825100
1,7769500
0,7734900
0,7648700
0,7678900
1,7604600
0,7702900
1,7619600
0,7668100
0,7622600
1,7688100
0,7627600
0,7687300
0,7622200
0,7696800
0,7445000
0,7395700
0,7382600
1,7375200
0,7492400
1,7330100
1,7397200
1,7347800
0,8256000
1,8696300
1,8832600
0,9336300
0,8228800
0,7841700
1,7802700
0,7842900
1,7757800
0,7807100
1,7762700
0,7822500
1,7759400
1,7810300
0,7786800
0,7817200
1,7760700
0,7855300
1,7800900
1,7692700
1,7601600
1,7701200
1,7600500
0,7731600
1,7598700
0,7710100
0,7623500
0,7703300
0,7607300
1,7696300
1,7567200
0,8767100
0,7927100
1,7576200
1,7533900
0,7543400
0,7354700
1,8843000
0,10707200
1,8665600
1,7840000
0,7756500
0,7693900
0,7644100
1,7663400
1,7787400
1,7605500
1,7840100
1,7599500
0,7687400
1,7602600
0,7688500
0,7614400
1,7706900
1,7603700
0,7700700
0,7609700
0,7698600
1,7604200
1,7698400
0,7674100
0,8188300
0,7656700
1,7710400
0,7658300
0,7771500
1,7636500
1,7751800
1,7639400
0,8196500
1,7552200
1,7701000
0,7475200
0,7635900
1,7524300
0,7636200
0,7482800
1,7735400
1,7518000
0,7635700
1,7570100
0,7648900
0,7411400
1,7694900
1,7502900
1,7519600
0,7417600
1,7729900
0,7323000
1,7556700
1,7399800
0,7551300
0,7307500
0,7648500
1,7434400
0,8096100
1,7482900
1,8112600
1,7528400
1,7624100
1,7537200
0,7570300
0,7541300
1,7654200
1,7548600
1,7500800
1,7603000
0,7546100
0,8233300
1,7768700
0,7703500
1,7659400
0,7748600
0,7647100
0,7719700
0,7679900
1,7717700
1,7674900
1,7691500
0,7671700
1,7765600
1,7623800
1,7587400
0,7550000
0,7750100
0,7536900
1,7554100
0,7551400
0,7702600
1,7560800
0,7610300
0,7557800
0,7723800
0,7535800
0,7645900
1,7333000
0,7552400
0,7596400
0,7617100
0,7597700
1,7770600
1,7446200
0,7463500
0,7347700
1,7595700
0,7438000
0,8831300
0,8300300
0,7763000
0,7541100
1,7530000
0,7575400
0,7586400
0,7541700
0,7691400
1,7565100
1,7606900
0,7543500
0,7771800
0,7595500
0,7565600
0,7636200
1,7788500
1,7542000
1,7556300
0,7465600
1,7603900
0,7492400
1,7648100
1,7482800
1,7810600
0,8693900
0,7572200
1,7483700
0,7555600
0,7492700
1,7547200
1,7994000
0,7942700
0,7560200
1,7494600
1,7480300
0,7568800
0,7493100
0,7500000
0,7462200
0,7465000
1,7539700
1,7478400
1,7557300
1,7448800
0,7669800
0,7457400
0,7774800
0,7466100
0,7627400
0,7490300
0,7722800
0,7463700
0,7568100
0,7452600
0,7889500
0,7468200
0,7600900
1,7443400
1,7626500
1,7447300
0,7559200
0,7451900
1,7700900
1,7445500
1,7533400
1,7443300
1,7533400
0,7314500
1,7386000
0,7673100
0,7373800
0,7376500
0,7402800
0,7427000
1,7390700
1,7405000
0,7412100
0,7421700
1,7330400
1,7421000
1,7712000
1,7680900
1,7428200
0,7371300
0,7400600
0,7432800
1,7331900
1,7412100
0,7400600
0,7510700
1,7426900
1,7467600
0,8366100
0,8257900
0,8644200
1,8332100
0,8866300
0,8318900
0,8430200
0,8461400
1,7604000
1,7536400
1,7517900
1,7765800
0,7478700
1,7823600
1,7833000
1,7786300
1,7820100
1,7762000
1,7949500
0,7805700
1,7893800
0,7960600
0,7826600
1,7763100
0,7832100
1,7762000
1,7783500
1,7605500
1,7842400
0,7818600
1,8169400
1,7940100
1,7920300
1,7601100
0,7724500
0,7624900
1,7667800
0,7610000
0,7701900
1,7716200
0,7828700
1,7599100
1,7748400
0,7623400
1,7659500
1,7614400
1,7681300
1,7600700
0,7687300
1,7631100
0,7694700
0,7621700
0,7622100
0,7472000
0,7634200
1,7520100
0,7514800
0,7544100
0,7465500
0,7528300
0,7476600
1,7531800
1,7478300
1,7558500
0,7476600
0,7483100
1,7332000
0,7559400
0,7357200
0,7516200
1,7609100
1,7479200
0,7385600
0,7498200
0,7406000
0,7796100
1,8109700
1,7692400
0,7530000
1,7653000
0,7634200
1,7651800
0,7616700
0,7694600
0,7634800
1,7739700
0,7713500
1,7999900
0,7989000
1,8069600
0,7620700
0,7623300
1,7674900
0,7643600
0,8172200
1,8505900
1,8902200
1,8491800
0,7620900
1,7672500
0,7658700
0,7661600
1,7640600
1,7798800
1,7781700
1,7905500
0,7776700
0,7796000
1,7797400
1,7761200
0,7781900
1,7762900
1,7813500
1,7760200
0,7778300
1,7850100
1,7805300
1,7777200
0,7376500
1,7807000
1,7442700
0,7439400
0,7376100
1,7343600
1,7385800
0,7413100
0,7375500
1,7374800
0,7400900
0,7455500
0,7601600
0,7748300
0,8179400
0,7976900
1,7674600
0,7733500
1,7707400
1,7947800
1,7733100
1,7718900
0,7689200
1,7820000
0,7628900
1,7774800
1,9671700
0,11006900
1,9819500
0,7898600
1,7884800
1,7979200
0,7980400
1,7789500
0,7819800
1,7757900
1,7850600
0,7785400
1,7781400
0,7768700
1,7856500
1,7762900
1,7798700
1,7775200
1,7824300
0,7796300
1,7789300
1,7775600
1,7881800
1,7741800
0,8030600
0,7497000
0,7574400
0,7528100
1,7633300
1,7461000
0,7569800
0,7467500
0,7581800
1,7479700
0,7596200
1,7447400
1,7462400
1,7696400
0,8358200
0,7780200
1,7622000
1,7794700
1,7636400
0,7678500
0,7631500
0,7682400
1,7633800
0,7670800
1,7612300
1,7803800
0,7621700
0,7681600
1,7617200
0,7772300
0,7804700
0,7813000
1,7634300
1,7658500
1,7639200
1,7663400
0,8178200
1,7659000
0,7620300
0,7687600
0,7644900
1,9168500
0,7695800
0,8183500
0,7648800
1,7877900
1,7725700
1,7848400
0,7728700
1,7696700
0,7738700
0,7708700
1,7648800
0,7724600
0,7625400
1,7882800
0,7706800
1,7777300
0,7770300
0,8071100
1,8092500
1,7939600
0,8116000
0,8417100
1,7737200
1,7784400
1,7802900
1,7813200
1,7780000
1,7772600
0,7779500
0,7799200
1,7779300
1,7761900
0,7781900
0,7836300
1,7779000
1,7520100
1,7701700
1,8219600
0,7480700
1,7494700
1,7500000
1,7496300
0,7476800
0,7614200
1,7498300
1,7498600
1,7457900
0,7618900
1,7601600
0,7682700
1,7617900
0,7684500
1,7672400
1,7724600
1,7619200
1,7655800
0,7634000
0,7682300
0,7630700
0,7660800
0,7635300
0,7594700
0,7387000
0,7587700
0,7389600
1,8055100
1,7316700
0,7462500
1,7496700
0,7739300
1,8490800
1,8345900
0,9574400
1,8706100
1,8346000
1,7818500
1,7655800
0,7676500
1,7625200
0,7685000
0,7623400
1,8380000
0,8016300
1,8256900
1,7994800
0,7639500
1,7766400
1,7894300
0,7922500
1,7848800
0,7896600
1,7804500
1,7863400
1,7908300
1,7866100
0,7798300
1,7861800
1,7807100
1,7840800
0,7736900
0,7700200
1,7650500
1,7944200
0,7670700
1,7713000
0,7670700
1,7734200
0,7651400
1,7761600
1,7620200
1,7778200
1,7628400
0,7657100
1,7324000
1,8575000
0,8194700
0,7987800
1,7690900
1,7546500
0,7403600
1,7483400
1,7343500
1,7454700
1,7397400
0,7625500
1,7531000
1,7728300
1,7643700
1,7892800
1,7746100
0,7774400
0,7653400
0,7725000
1,7661100
1,7731100
0,7658700
0,7763200
1,7669500
1,8030900
1,7707100
0,7861900
1,7694700
0,8382200
0,8255700
0,7701500
1,7679000
1,7719100
1,7656100
0,8005800
0,8030100
1,7937900
1,7808300
1,7910800
1,7787700
0,7885600
0,7818500
0,7867600
1,7801100
1,8375100
1,7804500
1,7907600
1,7804200
0,9018700
0,7831800
1,7802500
0,7705100
1,8715300
1,7775900
0,7624200
1,7800000
1,7620500
1,7685100
0,7620000
0,7685200
0,7636900
1,7665800
1,7638000
0,7686800
1,7617900
0,7686800
1,7638900
0,7619100
0,7681600
0,7646600
0,7737300
0,7622300
0,7712600
0,7631500
0,7685700
0,7496500
0,7672200
1,7581400
0,7651600
1,7538600
1,7711000
1,7369300
1,7482700
0,7316200
0,7464000
0,7384100
0,7647700
0,7596600
1,8737100
0,8099300
1,8805800
1,8862400
0,7858000
1,7641700
0,7745900
1,7604900
1,7837600
0,7611600
0,7713000
0,7620400
1,7700300
1,7726900
0,8144300
0,8295200
0,7815900
0,7771600
1,7799800
0,7824400
1,7782500
0,7777400
0,7784400
0,7795500
1,7778100
0,8350300
0,10172000
0,8565700
1,8166600
0,7992700
1,8012200
0,7966300
0,7824400
1,7588000
1,8185600
1,8317900
1,8309200
1,8327700
1,7909000
1,7780000
1,7807700
1,7784500
1,8217800
1,9608200
1,7825700
0,7797600
1,7961500
0,7781200
1,7780600
0,7809300
0,7784200
1,8103300
1,7679700
1,7610100
0,7687000
0,7618800
1,7690900
1,7618500
1,7709000
0,7620500
1,7806500
0,7626000
1,7869800
0,7623300
1,7680300
0,7620500
0,7914000
0,7624600
0,7747800
1,7618600
1,7696600
0,7622800
0,7816300
1,7690000
1,7735500
0,7621800
1,7743000
1,7600700
1,7796300
1,7700500
0,7712700
1,7597300
0,7817300
0,7623800
1,7833600
1,7596900
0,7718400
0,7622900
0,7709700
0,7545800
1,7654400
0,7463500
0,7989900
1,7446600
1,7535300
1,7448800
0,7570600
0,7457100
0,7528500
0,7673300
1,7547600
1,7496200
0,7532600
1,7448700
1,7525300
0,7453400
0,7493100
1,7667900
0,7491800
1,7507400
1,7479700
1,7593700
1,7481000
0,7610700
0,7463600
0,7515600
0,7418600
0,8167300
1,7332200
0,7460200
1,7505000
1,7553300
1,7543600
1,7542900
1,7388800
0,7479700
0,7314100
0,7504300
0,7404000
1,7511200
0,7534900
0,7690600
0,7578400
1,7484000
1,7598400
0,7524000
0,7608800
1,7516900
1,7749600
1,7622200
0,8317300
1,8481200
1,8585100
0,8873900
1,7707700
0,7654600
0,7721200
1,7817100
1,8105800
1,7821900
1,8227800
1,7837300
0,7816700
0,7718200
1,7720900
1,7868100
0,7843100
0,7964200
1,7853500
1,7839200
0,7833600
0,7839900
0,7882000
0,7949900
0,7929400
1,8201300
0,8208700
0,7948800
0,7651700
0,7720800
0,7688100
0,7905800
1,7831200
0,7768000
0,7686600
0,7738800
0,7672900
1,7678800
0,7679000
0,7726000
0,7619700
1,7671400
0,7568600
0,7667800
1,7540000
0,7548200
1,7588600
0,7537200
0,7638300
1,7495500
0,7659600
1,7520700
0,7683900
0,7435000
1,7551400
0,7421400
0,7611300
0,7426900
0,7575200
0,7411000
1,7558600
1,7334700
0,7500100
1,7401800
1,7592700
1,7352000
0,7745400
1,7330400
1,7440700
0,7303400
0,8799500
0,7909000
0,7619000
0,7496600
0,7447000
0,7420100
1,7553900
1,7415200
1,7602200
1,7407100
0,7838300
1,7653100
0,8440900
1,7734400
0,7745300
1,7667600
0,7704400
1,7626600
0,7720400
0,7661200
1,7742600
0,7640300
0,7664300
0,7518700
1,7430500
1,7374200
0,7561300
1,7490500
1,7434600
0,7647600
1,7401300
1,7444300
0,7406700
1,7510000
1,7414500
1,7647200
1,7418600
1,7484000
0,7433900
0,7498000
0,7413000
0,7508300
0,7441500
0,7424900
0,7538200
1,7318500
0,7640400
1,7439100
0,7492100
1,7313300
0,7500700
0,7422900
0,7715800
1,7317500
0,7625400
0,7408800
0,7487500
0,7339700
1,7481800
1,7506200
1,7651700
1,7459300
1,7752100
0,7827300
0,7827100
0,7444400
0,9701600
0,7343000
1,7502300
0,7429900
0,8212700
1,7786100
1,7620400
0,7500800
1,7501200
1,7378300
1,7808900
0,7624300
0,7796200
0,7607900
0,7620300
1,7650400
0,7648800
0,7673200
1,7636900
1,7655800
0,7650600
0,7678900
0,7608800
0,7441100
1,7389500
1,7344200
0,7408100
1,7443200
1,7822500
1,7474200
1,7423300
0,7634000
1,7388500
0,7454700
0,7377100
1,7453700
1,7442900
0,7519000
1,7484600
1,7509300
1,7473500
1,7489000
0,7464300
1,7519400
0,7488900
0,7716200
0,7466900
0,7870700
1,8147100
0,8181300
1,7923200
1,7995100
0,7659900
0,7711800
0,7620800
0,7844700
0,7923700
1,8378400
0,8506400
0,8375500
0,8515100
1,7914100
0,7784100
0,7941900
0,7798200
0,7776000
0,7781200
1,7797200
1,7779700
1,7908300
1,7801800
0,7805600
1,7799200
0,7846600
0,7792800
0,7695500
1,7710500
1,8022600
1,7664200
1,7657300
1,7617800
1,7639900
0,7630900
0,7690200
0,7630600
0,7656400
1,7653400
1,7647000
1,7462700
0,7512700
1,7519300
1,7638000
1,7459100
1,7532300
0,7473300
1,7518200
0,7477100
0,7674400
0,7535200
0,7670000
1,7543400
0,7693200
0,7852400
0,7966800
0,7522200
0,7674500
0,7539400
1,7816800
0,7490600
1,7610300
1,7559900
0,7646200
1,7496100
0,7665500
1,7866300
1,7672500
0,7659100
0,7700600
0,7666800
0,7695300
1,7683500
1,7688200
1,7678400
0,7787100
0,7751600
1,7706500
1,7732000
1,7832400
1,7902000
0,7830400
0,8226600
1,7970200
1,7974300
0,7998500
1,7636400
1,7676200
1,7625200
0,7711000
1,7640000
1,7675300
1,7779000
0,7790200
0,7805100
1,7794200
0,7800300
1,7783400
0,7787200
1,7775900
1,7779800
0,7811600
0,7788200
1,7830400
1,8933100
0,7911500
1,7888300
1,8852500
1,8214600
0,8029900
1,7684600
0,7678500
1,7660200
0,7718400
0,7622600
1,7691500
0,7653400
0,7776900
0,7778000
1,7777100
1,7792900
1,7768600
1,7800100
0,7828200
0,7805400
1,7875800
1,7805100
0,7822900
0,7798700
0,7794800
1,7642100
1,7732400
1,7622300
0,7704700
0,7619600
0,7704900
1,7619800
1,7648400
0,7617500
0,7737800
1,7613600
1,7595900
1,7699700
1,7479500
0,7644200
1,7447900
0,8005200
1,7573700
1,7504600
0,7452800
1,7537400
1,7460800
0,7602500
0,7453200
1,7557500
1,7479800
1,7649600
0,7307700
0,7450200
0,8564200
0,7584600
0,7393900
1,8561600
0,7935900
1,7678400
0,7504700
1,7561600
1,7328600
1,7434700
1,7528500
0,7681400
0,7636100
1,7680100
1,7598400
1,7720400
0,7620300
0,7711500
1,7599500
0,7681800
1,7601800
0,7693600
1,7599000
0,7803400
0,7323400
0,7438000
1,7354500
0,7480400
0,7321000
0,7436600
0,7362500
0,7530900
0,7368800
1,7372400
1,7436700
0,7330000
1,7425700
0,7390300
0,7554200
1,7367400
0,7487900
1,7406900
0,7426500
1,7419700
1,7381600
0,7388200
0,7441100
1,7331700
0,7556500
1,7735700
1,7707500
0,8322700
0,7743100
0,7729800
0,8521100
0,7639700
0,7690100
1,7312100
0,7459500
1,7426500
1,7300200
0,7467500
1,7358000
0,7625400
1,7603700
1,7685000
0,7773600
1,7712000
0,7621000
0,7684600
1,7595300
1,7703200
0,7618800
0,7959700
1,7639400
1,7952800
1,7658400
1,7792600
1,7610700
0,7678200
1,7599600
0,7897200
1,7598300
1,7728900
0,7621900
1,7661300
0,7608900
1,7751100
0,7622200
0,7734200
0,7455600
1,7558600
1,7485000
1,7594700
0,7471700
0,7523100
1,7445500
1,7770300
1,7491100
1,7540200
0,7556100
0,7607400
0,7577100
1,7502200
1,7355300
0,7456900
0,7445300
0,7469600
0,7378200
0,7391500
1,7380700
0,7390300
0,7458500
0,7455300
0,7389700
0,7389800
1,7568000
1,7374900
1,7416900
0,7387400
1,7597700
1,7373600
1,7358700
1,7405800
1,7428200
0,7387200
1,8091500
1,7906500
0,7611800
0,7569800
1,7784100
1,7653700
1,8646700
1,7619400
0,7689200
0,7620100
0,7703800
0,7634900
0,7673200
1,7638300
0,7689900
0,7635000
1,7798300
0,8131100
1,7593500
1,7549100
1,7543100
0,7375000
1,7397500
1,7372400
1,7387500
1,7600200
1,7386800
1,7739400
0,7538800
1,7602700
0,7618100
0,7785300
1,7664900
0,7744900
0,7641400
0,7720000
1,7654200
0,7726400
1,7619300
0,7754000
1,7659400
1,7765800
0,7529500
0,7658500
0,7444700
1,7713200
1,7402200
0,8156500
1,8582400
1,8787200
0,8910500
1,7419000
0,7583300
1,7460400
0,7685200
1,8098600
1,7994000
0,7868600
1,7840800
0,7861700
1,7836500
0,7829900
1,7913300
1,7848200
0,7841300
0,7846800
1,7866300
0,7844200
0,7836300
0,7829300
1,7976300
0,7845800
0,7795200
1,7839100
1,7828400
0,7837200
1,7783700
1,7839800
1,7847400
1,7825700
0,7978500
0,7511200
1,7693900
1,7539000
0,8164900
0,7674500
0,8071300
0,7587700
1,7661500
0,7556500
0,7692200
1,7536900
1,7681300
1,7619700
1,7750200
1,7698500
1,7702400
0,7678700
0,7719600
0,7676900
1,8072300
0,8435500
1,8001100
1,7893400
1,7893700
0,8165800
0,7867500
1,7746300
0,7688300
0,7687300
1,7698100
1,7659800
0,7702000
0,7704500
1,7741100
1,7659800
0,7720900
0,7667800
0,7773300
0,7595400
1,8287600
0,7515100
1,7676000
1,7782300
1,7738000
0,7484300
0,7624400
0,7552200
0,7618200
0,7657700
0,7722200
1,7573700
0,7718100
1,7677800
0,7798900
1,8063400
1,7751600
0,7659800
0,7712600
1,7657800
1,7729500
1,7674900
0,7712300
1,7631600
1,7758600
0,7772100
1,7640800
1,7479000
1,7631800
1,7564000
0,7721300
0,7582600
1,7543700
1,7990300
1,8056700
1,7660700
0,7511500
0,7612100
0,7659900
0,7756500
0,7632100
0,7820500
1,7605300
1,7753800
0,7610700
1,7783700
0,7619800
1,7690300
0,7610800
1,7695900
0,7623500
0,7549100
1,7354300
0,7364200
1,7357900
1,7475100
1,7296200
1,7528200
1,7360500
0,7445500
1,7293900
1,7463600
1,7359000
0,7496600
0,7461000
0,7697900
1,8012000
0,7720100
0,7907100
1,8562000
0,7420100
0,7806400
0,7363400
1,7423300
0,7375700
0,7467000
0,7439900
0,7426200
1,7667500
0,7649300
0,7771000
0,7820400
1,7677700
0,7671700
0,7786900
0,7621600
0,7724000
1,7728000
0,7814400
0,7617200
1,7655600
1,7512200
1,7555200
0,7464100
0,7571300
1,7478300
1,7711400
1,7480000
0,7518700
1,7475600
0,7502100
1,7477200
1,7956400
1,7771400
0,7743500
0,7503100
1,7814000
0,7481600
0,7642800
0,7464500
0,7667200
1,7460600
1,7810700
0,7653600
1,7562100
0,7476700
1,7746900
0,7620500
0,7683000
1,7616300
0,7711400
0,7622600
1,7672600
0,7633900
0,7650900
1,7636500
1,7640000
0,7717300
0,7609300
0,7682400
0,7423100
0,7543900
1,7295200
1,7490000
0,7731900
0,7543800
0,7506300
0,7471800
1,7375400
1,7445700
1,7292600
1,8639700
0,8186100
0,7677800
0,7608200
0,7686200
0,7890800
0,7686300
0,7612100
1,7700000
1,7645900
1,7670800
0,7607600
1,7704200
0,7625400
0,7685300
1,7406900
0,7375000
0,7379500
0,7463900
1,7448400
0,7400300
0,7392100
0,7448900
1,7356200
1,7560800
1,7376400
0,7669700
1,7354400
1,7419700
0,7392400
1,7373600
1,8679900
0,7717200
1,7540100
1,7465200
0,7586000
1,7354000
1,7440600
1,7344100
0,7466900
1,7345300
0,7451800
0,7509800
1,7629900
1,7482900
1,7576900
1,7461000
1,7541500
1,7497500
0,7531200
1,7461400
1,7517400
0,7463100
1,7550900
0,7475800
1,7652300
1,7711200
1,8259300
0,7515400
0,7848500
1,7417100
1,7379500
1,7374700
0,7444500
1,7350500
0,7445800
0,7406100
1,7929100
0,8217700
0,8712300
1,8786300
0,7805900
0,7827000
0,7806400
1,7782200
0,7791800
1,7814600
0,7819800
0,7796700
0,7797900
0,7781800
1,7653800
1,7619600
1,7668300
1,7637100
1,7792500
0,7881000
1,7665000
1,7637700
1,7650500
1,7619500
0,7667500
0,7620300
1,7682500
0,7388100
0,7740600
0,7352400
1,7492900
0,7389700
0,7707400
1,7333800
1,7821700
1,8150100
1,7622600
1,7515000
0,7590500
1,7375100
1,7747000
0,7621600
1,7853000
1,7632100
1,8282600
1,8047200
0,7979300
1,7617500
1,7702300
1,7639400
1,7876400
1,7627100
0,8387800
0,7866700
0,7959100
0,7876100
1,7783900
0,7833500
0,7859600
0,7822500
1,7793300
1,7841400
0,7817200
1,7797100
0,7810200
0,7781900
1,7784000
1,7818800
1,7865100
0,7787600
0,7957300
1,7827500
0,7791000
1,7800500
0,7799100
1,7798700
1,7802900
1,7802200
1,7750100
0,7629700
0,7736000
1,7638800
1,7683300
0,7634500
0,7669400
0,7622400
0,7739600
1,7616600
0,7669000
1,7637500
0,7683400
0,7481800
1,7430500
0,7376600
1,7390500
0,7500100
0,7568200
1,8387700
0,7632700
0,9564600
0,8230800
1,7665300
0,7637600
0,7644000
1,8475900
0,7725400
1,7714500
1,7618600
1,7662500
0,7638300
0,7678800
1,7709000
0,7665100
0,7635400
1,7660300
0,7630400
0,7690700
0,7654600
0,7785400
0,7948400
0,7733600
1,7658600
0,9640600
0,7633800
0,7728400
1,7660800
0,7659400
0,7630000
0,7686700
1,7639000
0,7672900
1,7616000
0,7842900
0,7770100
1,7737100
1,7616200
0,7685700
1,7637600
0,7807100
0,7636400
0,7717400
0,7616000
0,7684000
1,7464100
1,7529000
1,7482200
1,7526600
1,7493600
0,7661400
0,7734000
1,7527200
0,7478700
0,7572600
0,7463300
1,7510400
0,7475800
0,7486800
1,7329700
0,7477500
1,7497700
0,7382600
1,7408600
1,7357600
1,7545000
1,7391800
0,7485800
0,7376600
1,7446100
0,7382400
0,7426200
1,7358800
0,8165000
1,8332200
1,7906500
1,7536200
0,7579900
0,7455900
1,7558200
1,7358400
1,7598900
0,7472500
1,7491800
1,7379300
0,7686300
1,7632000
0,7664900
1,7600000
0,7861800
1,7612200
0,7802500
1,7604300
1,7668600
0,7623200
1,7698800
0,7620200
1,7629800
1,7366400
0,7431600
0,7319600
0,8166900
1,7373200
0,7374000
1,7353000
0,7386900
1,7574500
1,7389800
1,7484500
1,7371200
1,7425900
0,7563400
0,7731500
1,7618000
1,7703800
1,7637500
0,7665300
1,7617500
0,7686900
1,7634400
0,7682500
1,7615900
1,7679300
1,7633200
1,7514700
1,7327400
1,7420400
1,7390200
0,7463000
1,7310400
1,8574200
1,7658700
1,7663800
0,8034800
0,7391900
1,7389900
0,7432500
1,7497700
0,7668500
0,7620900
1,7657100
0,7733400
0,7640000
1,7848100
1,7627400
1,7730200
1,9070000
1,10821700
1,11050800
0,11017600
0,10872700
0,10036500
0,10257400
1,10130000
1,9106900
1,8127700
1,7838000
1,9234500
0,7864600
0,7768500
0,7783800
1,7795100
1,7774900
1,7878500
1,9321000
0,8178400
0,7808600
1,7875100
1,7785400
1,7822500
0,7770800
0,8109400
1,7772100
1,7819100
1,7761200
1,7797400
1,7778000
1,7796200
1,7766900
1,7811600
0,7799400
1,7779700
1,7759900
0,7913900
0,7799500
0,7672900
1,7442300
1,7558200
1,7514000
1,7618800
0,7457000
0,7651600
1,7466700
0,8146300
1,7458000
1,7742700
1,7568300
0,7693100
1,7444000
1,7663300
0,7522300
1,7562300
0,7455100
0,7575900
1,7468300
1,7515800
1,7446000
1,7807600
1,7876500
0,7693400
0,7595200
1,7472600
0,7584100
0,7574000
1,7510400
0,7464500
1,7631000
0,7476300
0,7571200
1,7512600
1,7577300
1,7462400
0,7568100
0,7461100
0,7586300
1,7461900
1,7522300
0,7464200
1,8763300
1,7468300
0,7643100
0,7464600
1,7548100
1,7463200
0,7547100
1,7517000
1,7599900
1,7784200
1,8187600
1,8497400
0,8593000
1,8224300
1,8424600
0,8278900
0,7538900
1,7459800
0,7532900
1,7503900
0,7542900
1,7462200
1,7662300
1,7655700
0,7789700
0,7632800
0,7792100
1,7674700
0,7800700
1,7795700
1,7711500
0,7624400
1,7615100
0,7532900
1,7611300
1,7629300
1,7501400
0,7476600
0,7633100
1,7485300
0,7549200
0,7495000
0,7549400
0,7535500
0,7462700
1,8678400
1,8581400
0,8914300
0,8587500
0,7799800
0,7959900
0,7789800
1,7845500
0,7799200
0,7814400
0,7787100
0,7843500
1,7813300
0,7789000
0,7781800
0,8377900
1,7694700
1,7660900
0,7616600
1,7731700
1,7924000
0,7673100
1,7636900
0,7669200
1,7656000
1,7656100
1,7638700
1,7711200
0,7651600
1,7615000
1,7558000
1,8071800
0,10223200
0,9583700
1,7848500
0,7842000
0,7550100
0,7680500
0,7466300
1,7640500
1,7465800
0,7597500
0,7621400
1,7663200
1,7620200
0,8699700
0,7740200
0,7771300
1,7617600
1,7682200
0,7618200
0,7698700
0,7627400
0,7731000
1,7615400
1,7619000
1,7503900
0,7617000
0,7503300
1,7623100
1,7537900
0,7693900
1,7499400
0,7528800
1,7566500
0,7663200
0,7497600
0,7531000
0,7389600
1,7583400
1,7383300
1,7590200
1,8438400
0,7972500
0,7504800
0,7422900
1,7375200
1,7545700
1,7410900
0,7453200
1,7378100
0,7600000
0,7693600
0,7621500
1,8052900
1,7599500
1,7726300
0,7620600
0,7734300
1,7599100
1,7889100
0,8045000
0,7830300
0,8124100
0,7934200
1,8585300
1,8047700
0,7957500
1,8022500
1,7743200
0,7633500
1,7685900
0,7622100
0,7681200
0,7635200
1,7671400
1,7702400
1,7864600
0,7799500
0,7807300
0,7783200
0,7801700
0,7800200
1,7823800
0,7784000
0,7801100
1,7785300
1,7939300
1,7800500
1,7711100
0,7330300
0,7446200
1,7393800
0,7498100
0,7331500
0,7410800
1,7519900
1,7297900
1,7395000
0,7384300
0,7453900
1,7299800
1,7471700
1,7623400
0,7791000
0,8108900
0,7496300
0,7409400
1,7463400
0,7316200
0,7493800
0,7384000
0,8440500
1,7559400
1,7535800
1,7624700
1,7858600
1,7607200
0,7686200
1,7736100
0,8308300
0,7622300
1,7694900
0,7609800
1,7827000
1,7945600
1,7920200
0,8041400
0,7760000
0,7682500
1,7749500
1,7619500
1,7750800
1,7646100
1,7950700
1,7879800
0,7702700
0,7671000
1,7732000
1,7638800
0,7694300
1,7622300
0,7664900
1,7513900
0,7567700
1,7560900
0,7669600
1,7581500
1,7690600
0,7489900
1,7654400
1,7551200
0,7656200
0,7486500
1,7680200
1,7396900
0,7566700
0,7339900
0,7602800
1,7490500
0,7515600
0,7332900
1,7429900
0,7591100
1,7434600
1,7513200
1,7430900
0,7520800
0,7421600
1,7541000
1,7426200
0,7594900
1,7415600
1,7606900
1,7420000
1,7461600
0,7340500
0,7594700
0,7447500
0,7578000
0,7421900
1,8088700
0,8247300
0,7491100
1,7480800
1,8023300
1,7556900
1,7567500
0,7348800
0,7436600
0,7425800
1,7355800
1,7488700
0,7349500
1,7514900
0,7608100
1,7683500
1,7617800
1,7667100
1,7599700
1,7690000
0,7633700
0,7824400
1,7597900
0,7664700
1,7621000
0,7695800
1,7587200
0,7422400
1,7376400
0,7398900
0,7401500
1,7469600
0,7395300
1,7379600
1,7323200
1,7551700
1,8438200
1,8881200
1,8738100
0,8616500
1,7868900
1,7781300
0,7695600
1,7720600
0,7623400
1,7667000
0,7608900
0,7711300
0,7622300
1,7675000
0,7608500
0,7695800
1,7601700
0,7690500
1,7884600
0,7955700
1,7776900
1,7673600
1,7598100
1,8102800
1,7602300
1,7666000
1,7602600
1,7731600
0,7625900
0,7693100
1,7605400
0,7850600
0,7619900
0,7861700
0,7761800
1,7741500
0,7618700
0,7698000
0,7608300
0,7686800
0,7621900
0,7689900
1,7596700
0,8525100
0,9653500
1,7718900
0,7650500
0,7681900
1,7849300
0,7678500
1,7616800
0,7721300
1,7601600
0,7689500
1,7617400
1,7601900
0,7464800
1,7701500
0,7472400
1,7639900
1,7445100
1,7567800
0,7470700
0,7724900
0,7469700
0,7592000
1,7730000
0,8108300
0,8021300
0,7699400
1,7641800
1,7740700
0,7620500
1,7730300
0,7609100
1,7783000
1,7662000
0,8090300
0,7848400
0,7938400
0,7621800
0,7707600
1,7598100
0,7797400
0,7782800
0,8800300
1,8777700
1,8274900
0,8446000
0,8103000
1,7603000
0,7666300
1,7643000
1,7752600
1,7759900
0,7803100
1,7779200
0,7846500
0,7768900
1,7800900
0,7797700
0,7892900
0,7786600
0,7804100
0,7803100
1,7793100
0,7723200
1,7773900
0,7635000
0,7775600
0,7609300
1,7885900
0,7683900
1,7726800
0,7648900
1,7716300
1,7686100
1,7705000
1,7639200
1,7803400
1,7489400
0,7620400
0,7550900
1,7631600
1,7511700
1,7693500
0,7525800
1,7567500
0,7540200
0,7671200
1,7534600
0,7693200
1,7690000
1,7637700
0,8201900
0,7972200
0,7684300
1,7546300
0,7891500
1,7613200
0,8083900
0,7501800
1,8194900
1,7629100
1,7591200
1,7583100
1,7688400
0,7847800
1,7838800
1,7800800
1,7674100
1,7672000
1,7723900
0,7688200
0,7765700
1,7653700
1,7830600
1,7663100
1,7717600
1,7646600
1,7797000
1,7627000
1,8026200
0,7777100
0,7716700
0,7634300
0,7671700
1,7638400
1,7656500
0,7632400
1,8131500
1,7638800
1,7748700
0,7988100
0,8006100
0,7882000
0,7685900
0,7714100
0,7854700
1,7636800
1,7652300
0,7632400
1,7729900
1,7639400
1,7769000
0,7633500
0,7684300
0,7620700
1,7669600
0,7649300
1,7643500
1,7638200
1,7699700
1,7631900
0,7701100
0,7619300
0,8015000
0,7534100
0,7411700
1,7392000
1,7498500
1,7350100
1,7469000
1,7391400
1,7488400
0,7434300
1,7296300
0,7631800
0,7493700
0,7452800
0,7368300
1,7479900
0,7377900
0,7476300
1,7294500
1,7489100
0,7583900
1,7378100
1,7356700
1,7451700
1,7359800
1,7428800
0,7367900
0,7525300
0,7373900
0,7539200
1,7354700
0,8038500
0,7599600
0,7415600
1,7360900
1,7461800
1,7361000
0,7328100
1,7752400
1,7393000
0,7515000
0,7440500
0,7614900
1,7554600
1,8032600
1,7583200
1,7938100
0,7630000
0,7620300
1,7571800
0,7528600
0,7538500
0,7624800
1,7551300
0,7607500
1,7680500
0,7727300
0,7690600
1,7821000
0,7663100
1,7702200
1,7672000
1,7744000
1,7658600
1,7695900
1,7669100
0,7734100
0,7644000
1,7728700
1,7580800
1,7441800
1,7351500
1,7580800
1,7454100
0,7728100
1,7351000
1,7457400
0,7449600
0,7440800
0,7337200
1,7494200
1,7413500
1,7428500
0,7789200
0,7700200
1,8288200
0,8078200
0,9071400
1,15339200
1,9173000
0,8113400
0,8099600
0,7777800
1,7827400
1,7810500
1,7877000
0,7912200
1,7826400
0,7822200
0,7857800
1,7818900
1,7823400
0,7793200
1,8372800
1,7823500
0,7861100
0,7674200
1,7807300
1,7735500
1,8282700
1,7666100
1,8120900
0,7674200
0,7741700
1,7673700
0,7711200
1,7628400
0,7859800
1,7845100
0,7847300
1,7783200
0,7875400
1,7834200
1,7842900
1,7785100
1,7827200
1,7822600
1,7950500
1,7804300
0,7906300
0,7771500
0,7610300
0,7539600
1,7821000
1,7459300
0,7594500
0,7542200
1,7735200
0,7475100
0,7615000
1,7653500
1,7669200
1,7648600
0,7613800
1,7523100
1,7685100
1,7523200
1,7584600
1,7488900
0,8143700
0,7492000
1,7614700
1,7521800
1,7630100
1,7520100
1,7585500
1,7529800
1,7705200
0,7527500
0,7702400
1,7839600
1,7794900
0,7529800
1,7629900
0,7541900
0,7608900
1,7517600
1,8523300
1,7465700
0,7660800
1,7650400
0,7727800
1,7641800
1,7783000
0,7659200
0,7831000
0,7662100
0,7853900
1,7639000
0,7898700
1,7717800
1,7743000
1,7695100
1,7659200
0,7559600
0,7592200
1,7518600
0,7619000
0,7561600
0,7628600
0,7474300
1,8008000
1,7544400
0,7756500
0,7473900
0,7646800
0,7454600
1,7495800
0,7364500
1,7556100
1,7424000
0,7439100
1,7391900
0,7477500
1,7495700
1,7399800
0,7398500
1,7429200
1,7592200
0,7353200
1,8344600
0,8491600
1,8831900
1,9001900
0,7415000
0,7433200
1,7436200
1,7550700
0,7412100
1,7577400
1,7420100
1,7409400
0,7855000
0,7845700
0,7831500
0,7879400
0,7832000
0,7879900
1,7782800
0,7858200
0,7813600
0,7881300
0,7821900
1,7840400
1,7802600
0,7957100
1,7816500
1,7599500
1,7519000
0,7524200
1,8242800
0,8522600
1,8337800
0,8205300
0,7499300
1,7507600
1,7468600
1,7617500
1,7806100
0,7851000
1,7721600
0,7813300
1,7605400
1,7668000
1,7613800
0,7747600
1,7750800
0,7752000
0,7638700
1,7706700
0,7705100
1,7621300
1,7718800
0,7621300
0,7685100
1,7618000
1,7680700
0,7617000
0,7689500
1,7618200
0,7680700
0,7619400
0,9214500
1,7505300
1,7394400
1,7391300
1,7463500
0,7327600
1,7513000
1,7611400
1,7603300
0,7330600
0,7482200
0,7374900
1,7424400
0,7327100
1,7524100
1,7490700
1,7654200
1,7460000
1,7972200
1,7646300
1,7523200
0,7477600
1,7520000
0,7460400
0,7663500
1,7568000
0,7821500
0,7746200
0,7660800
0,7651600
1,7725900
1,7637900
0,7677600
0,7654800
0,7656700
0,7615200
0,7751600
1,7687700
0,7670200
0,7621700
0,7669900
1,7476400
1,7297500
0,7396700
1,7356900
0,8565200
1,7464600
0,7508600
0,7441200
0,7538900
1,7294600
0,7469600
0,7374500
0,7461400
0,7391000
1,7541800
1,7445800
0,7606000
0,7457600
1,7583700
0,7465000
1,7598500
0,7453600
1,7529100
0,7467200
0,7620600
0,7455100
1,7524300
1,7544000
0,7460900
1,7951900
1,7664100
1,7390600
1,7391700
1,7431900
0,7451900
0,7468300
0,7405000
1,9487400
1,7408500
0,7421600
0,7648500
1,7698600
1,7646000
1,7676700
0,7887400
1,7656900
0,7614500
0,7729800
0,7657700
0,7683000
0,7619500
1,7661000
1,7617500
0,7669800
0,7753200
0,7882700
1,7831200
0,8855000
0,7862600
0,7942500
1,7764400
1,8073200
1,7713900
1,7665800
1,7619200
0,7737900
0,7780600
0,7857200
0,7790900
0,7780300
1,7800300
0,7798900
0,7794100
1,7829000
1,7807800
0,7823300
0,7794500
0,7784200
1,7737100
0,7901100
0,7632800
1,7667200
1,7654300
0,7691900
1,7618200
0,7778700
1,7678000
0,7690700
1,7620300
0,7720500
0,7634300
1,7683900
1,7311800
1,7424400
0,7388300
1,7441500
0,7327300
1,7733500
1,7407900
0,7407500
1,7373700
0,7520200
1,7879100
0,7453000
1,7353400
0,7537200
0,7479800
0,7529400
1,7707400
0,7961400
1,7556400
1,7504800
0,7478900
1,7537200
1,7564200
1,7523700
0,7574100
1,7626600
1,7667500
1,7667800
0,7631400
1,7721900
0,7635500
1,7702100
0,7635200
1,7658600
0,7634400
0,7667300
1,7620700
0,7680600
1,7651800
1,7460400
0,7386100
0,7360600
0,7409800
0,7376700
1,7521100
1,7298700
1,7516700
0,7459200
1,7504600
0,7304600
1,7509700
1,7359700
0,9283300
0,7553000
0,7715000
1,7528800
1,7736100
0,7330700
1,7665500
1,7582400
0,7422000
1,7341400
0,7459300
0,7377300
0,7385400
1,7793100
0,7623300
0,7371300
0,7795800
0,7654600
1,7482100
0,7689700
0,7478200
1,7563200
1,7484000
1,7521900
0,7490100
1,7526500
0,7466100
1,7586600
1,7466400
0,7586500
1,7491600
0,7831700
1,7500800
0,7550800
1,7482700
0,7561800
0,7477600
1,7583300
1,7484000
0,7559900
1,7461800
0,7520200
0,7461000
1,7564300
1,7460500
1,7556100
0,7465300
0,7774400
1,7460700
1,7989400
0,7837300
1,8408000
0,8535100
0,7696600
1,7636100
1,7653300
1,7617600
1,7683200
1,7634300
1,7648700
1,7616100
0,7692000
0,7618200
1,7644400
0,7633200
0,7701600
0,7655500
1,7558400
1,7317100
0,8146800
1,8077000
1,8005200
1,7395900
0,7597800
1,7388100
1,7552700
0,7349600
1,7792900
0,8333100
1,8141700
0,8059800
0,7854200
1,7640600
1,7734100
0,7659700
0,7883500
0,7729400
1,8622200
0,8808200
0,8482300
0,8487800
0,8325300
0,7794700
0,7794600
0,7779400
1,7886000
1,7780000
1,7781800
0,7780300
1,7808300
1,7776300
0,7771900
1,7795900
1,7815700
1,7531500
1,7494100
0,7460300
0,7625100
1,7460000
1,7557500
0,7529500
1,7528900
1,7461800
1,7509200
1,7483200
1,7545600
1,7462300
0,7598600
1,7397800
1,7451700
1,7371800
1,7403900
1,7393000
0,7553500
1,7369200
1,7326200
0,7424500
0,7389100
1,7435200
0,7304400
0,7457100
0,7393100
0,7594900
1,8921300
0,7476700
1,7377400
1,7679400
0,7305400
1,8354700
1,7451100
1,7616000
1,7598700
1,7446900
0,7696900
0,7693000
0,7723500
0,7837900
0,7910000
0,7776600
1,7597600
0,7971700
1,7649400
0,7819800
0,7649100
1,7771700
0,7638700
0,8134400
1,7636000
0,7781600
1,7644400
1,7982800
1,7902800
0,7751800
1,7640900
1,7704200
1,7641300
1,7763200
1,7640100
0,7715600
1,7605100
0,7693300
1,7492200
1,7614500
1,7466200
1,7633400
1,7524400
0,7731000
1,7651500
1,7654000
1,7528500
1,7894100
0,7473300
0,7655300
0,7539600
1,7603600
0,7490800
1,7577900
0,7545600
1,7594500
1,7537400
0,7559100
0,7670000
0,7777100
0,8611200
0,8078300
0,8546300
0,8686200
0,8801900
0,8212700
1,7660900
1,7814200
1,7651200
1,7745500
1,7642100
1,7713700
1,7635400
0,7774800
1,7686600
1,7815000
1,7759100
1,7796000
0,7777100
1,7830600
1,7763800
1,8592000
1,7766400
0,7819200
0,7776400
1,7800000
0,7778800
0,7821200
1,7636200
1,7828000
0,7624300
0,7762200
1,7809500
1,10138800
1,8258000
0,7634900
1,7693400
1,7635200
0,7717300
1,7617800
1,7780500
1,7481500
0,7541300
1,7464700
1,7444300
1,7631800
0,7481400
0,7673100
0,7529900
0,7518600
1,7459900
0,7574100
0,7456300
0,7663300
0,7409800
0,7563900
1,7295900
0,7505500
0,7410300
0,7466300
0,7308400
1,7471800
0,7566900
1,7437800
1,7301300
0,7448600
1,7437500
0,7326700
1,7418200
0,7648500
1,7460800
0,7326900
0,7451800
0,7375700
0,7656900
0,7516100
0,7377500
0,7374500
0,7530400
1,7315100
0,7451300
1,8062200
1,7913500
0,7657700
0,8110300
1,7489000
1,7584300
0,7357500
1,7417000
0,7377700
0,7477900
1,7344300
1,7389900
0,7374000
0,7687700
1,7618800
0,7657500
0,7667600
1,7943700
1,9195300
1,7667500
0,7631800
1,7706500
0,7638700
1,7648800
1,7648900
0,7687700
0,7481400
0,7548900
1,7499800
1,7586800
0,7477700
0,7624100
0,7482800
0,7886800
0,7477000
0,7519000
1,7497100
1,7633300
1,7461300
1,7474300
1,8425800
1,8254000
1,8506500
1,7905600
1,7575400
0,7540800
1,7464000
1,7520600
0,7515400
0,7464400
1,7514200
1,7444800
0,7834400
1,7703000
0,7698600
1,7641200
0,7980000
0,7661900
1,7748700
0,7633300
1,7753000
1,7644800
1,8021200
0,7671200
1,7800600
1,7607200
0,7627400
0,7473500
0,7627200
0,7539600
0,8147300
1,7852500
1,7657400
0,7579300
0,7682600
1,7533100
1,7584300
1,7518900
1,7880800
0,7669400
1,7715200
0,7786900
0,8152700
0,7689400
1,7748400
0,7665400
0,7756400
1,7654200
1,7741100
1,7625900
1,7712500
0,7664400
1,7734400
0,7659000
1,7696300
0,7671600
0,7828100
1,7644600
0,7752100
0,7666600
0,7737000
1,7654300
1,7814500
0,7717400
0,7526200
1,7396900
1,7397000
0,7427600
0,7541900
0,7401100
1,7607200
0,7419600
1,7488100
0,7412300
1,7419300
0,7428700
0,7468000
1,7401800
0,7490200
0,7403100
0,7663500
1,7442600
1,7572100
1,7420500
0,7992900
0,7563000
0,7503200
0,7412200
1,7570300
1,7401400
1,7510500
1,7506400
1,7658300
1,7669100
0,7933800
0,7538400
0,7805500
0,8576900
0,8669400
0,8800800
0,9153600
0,7653800
1,7633100
0,7815800
1,8376500
1,7831000
1,7830300
0,7818300
0,7857600
0,7864900
1,9509100
0,7798400
0,7843500
1,7831300
0,7867200
1,7749800
1,7718300
0,7678100
1,7714100
0,7703100
0,7763300
0,7648700
0,7986900
0,7631300
1,7717900
1,7617400
0,7776100
0,7620400
0,7709200
1,7617000
0,7784700
1,7597700
0,7699700
0,7623500
0,7692500
0,7613500
1,7743200
0,7622000
0,7685000
0,7609900
1,7706800
0,7564100
0,7620000
1,7442900
0,7545800
1,7542600
0,7562800
0,7455300
0,7611600
1,7451300
0,7542100
1,7442900
0,7565700
0,7465700
1,7517100
0,7366600
1,7456700
1,7361000
0,7405400
1,7356800
1,7733600
1,8620600
1,8404600
0,9133300
1,8649000
0,8828600
1,8819000
1,7901200
1,7814600
0,7783800
1,7796700
0,7854800
1,7799600
1,7762000
0,7951900
1,7802800
1,7818800
0,7782000
1,7795900
1,7789100
0,7927600
0,7620000
1,7834500
0,7670700
1,7638200
0,7674400
1,7637500
0,7687100
0,7621400
1,7604000
1,7694700
0,7611100
1,7704000
0,7465200
1,7542100
1,7445200
1,7536000
1,7448500
1,7674800
1,7447800
0,7568400
0,7496700
0,7738900
1,7444300
0,7527700
1,7448600
1,7503700
0,7309300
1,7605800
0,7376900
1,7746900
0,7308400
1,7677300
0,7378300
1,7531400
0,7368300
1,7594300
0,7509800
0,7542000
0,7401600
1,7682700
1,7361000
1,7575100
0,8100700
0,7494300
1,7360500
1,7396100
0,7407800
1,7362100
1,7828500
0,7438700
0,7381700
1,7425400
0,7691300
0,7647200
1,7663000
1,7637000
1,7987900
1,7716200
0,7717000
1,7674800
0,7797300
0,7685300
1,7831000
1,7659000
0,7716700
0,7697700
1,7709800
0,7656200
0,7697800
1,7676900
1,7954700
0,7668100
0,8625700
1,7736700
0,7720400
1,7673400
0,7738000
1,7625000
1,7603700
1,7550100
0,7639700
1,7477400
1,8569300
1,8318700
0,8402700
0,8342500
1,7573500
1,7590800
0,7651600
1,7531800
1,7659800
1,7654000
0,7766100
1,7657900
0,7725100
1,7659000
0,7753600
0,7671100
0,7730100
0,7661800
1,7717500
0,7665200
0,7852000
1,7538700
0,7541600
0,7427900
0,7468100
1,7425300
0,7582900
0,7429500
1,7659900
1,7407900
1,7500400
0,7429300
0,7468400
1,7368600
0,7700500
0,7430400
1,7607700
1,7430700
0,7433700
0,7949800
1,7530100
1,7467900
1,7556900
0,8128800
1,7656600
1,7541000
0,7452400
1,7444600
0,7645300
1,7748800
1,7622100
1,7714700
0,7647100
0,7746500
1,7640900
1,7704700
1,7636300
0,7758700
1,7644900
1,7788200
0,7665500
1,7576100
0,7402400
0,7412900
0,7409800
1,7499200
0,7397900
1,7433800
1,7364800
1,7502400
0,7452900
1,7482500
0,7447600
1,7550900
0,7422200
0,7894700
0,7428500
1,7582300
1,7403100
0,7618400
0,7455900
0,7439800
1,7557700
0,7349400
0,7900200
0,7440200
1,7555900
1,7332200
0,7428000
0,7433800
0,7588900
1,7919000
0,7508400
0,7452500
0,7726100
1,7364000
0,7494700
1,7455700
0,7622500
1,7368200
0,7646200
0,7675000
1,10571700
0,7672400
0,7757400
0,7753100
1,7739300
1,7660100
0,7800900
1,7659800
1,7709700
0,7675500
0,7776600
1,7733000
1,7831500
0,7652500
0,7749500
1,7674100
1,7724900
0,7671200
0,7723400
0,7906800
1,7677200
1,7657800
0,7672000
0,7788000
1,7550200
1,7578900
0,7543400
1,7609000
1,7523100
0,7581600
0,7544600
0,7626000
1,7522900
1,7644700
1,7585400
1,7602500
0,7543300
0,7686600
1,7433500
1,7452100
1,7397200
1,7542600
1,7417600
0,7751000
0,7418600
1,7524700
1,7422900
0,7474700
1,7401600
0,7625500
1,7405400
0,7675200
1,7402900
0,7898800
1,8208100
0,8830100
0,8898000
0,7972500
1,7403500
0,7418500
1,7399400
0,8121700
1,8478700
0,8232500
1,7808800
1,7906000
0,7838800
1,7951700
0,8383200
0,7847100
0,7816300
0,7843700
1,7828400
0,7870500
0,7809800
0,7844600
0,7805100
0,7942800
1,7774600
0,8789800
0,7889400
0,7976100
0,8324500
1,9844200
1,7860000
1,7780700
0,7788400
1,7817300
1,7908300
0,7955600
0,8092700
1,7864000
0,8030200
0,7816700
1,7827400
1,7862500
0,7863900
0,7843700
0,7863800
1,7884500
1,7832700
1,7703800
0,7746600
1,7657300
0,8286400
0,7740200
1,7664800
1,7769500
1,7652800
0,7728400
1,7655800
1,7755300
0,7664400
0,7675400
1,8751700
0,7519500
1,7320600
1,8141400
0,7608600
0,7421200
0,7641900
1,7334700
0,7640500
0,7436000
1,7406900
0,7458200
1,7538800
1,7633600
1,7711900
1,7635800
1,7786000
0,7628200
0,7818700
1,7619200
0,7683300
1,7636300
0,7675800
1,7631800
0,7716700
1,7638700
1,7569800
0,7479400
0,7549700
1,7481800
1,7486600
0,7492100
1,8163600
1,7594100
1,7888400
1,7594700
0,7544700
0,7462300
0,7528800
0,7605000
1,7653600
1,7637300
1,7664400
0,7652000
0,7668600
1,7641600
1,7649000
1,7634100
1,7936000
1,7760700
0,8084100
0,8278200
1,7665800
0,7669400
1,7656000
0,7657100
0,7711800
1,7634700
1,7667200
1,7634400
0,7680400
1,7639200
0,7678500
1,7634600
1,7663300
0,7525400
1,7593600
0,7495500
1,7510500
1,7483000
0,7889700
0,7574000
0,7695700
0,7461900
1,7551700
0,7476100
1,7532300
1,7484300
1,7516200
0,7482000
1,7442000
1,7531500
1,7804600
0,7733100
1,7448700
1,7573900
0,7483900
0,7524900
0,7458100
0,7688600
0,7479900
1,7668700
0,7611200
0,7749600
0,7654800
1,7676100
1,7600600
1,7735300
1,7619100
1,7705700
1,7600000
1,7760600
1,7614400
0,7899900
1,7578300
1,7712500
1,7501800
0,7540600
1,7440100
0,7584200
0,7481000
0,7525100
0,7457200
1,7743800
0,7534300
1,7525900
1,7445500
0,7523700
0,7446300
0,7586600
1,7313200
0,7377800
0,7516200
0,7384300
1,7389100
0,7370900
1,7496400
0,7387300
0,7382700
0,7449300
0,7496000
0,7325400
0,7477100
0,7410100
0,7499600
1,7921100
0,7458200
1,7395700
0,7700800
1,8666700
0,7405200
0,7342500
0,7473900
0,7389800
1,7294100
0,7505200
0,7389900
1,9992600
0,7583900
0,7511900
1,7843600
0,7389000
0,7367200
0,7372900
0,7436100
1,7753800
1,7452700
1,7909800
1,7539200
0,7577900
1,7453600
1,7616500
0,7534000
0,7604500
0,7554000
0,7767600
0,7489500
1,7555900
1,7443900
1,7541500
1,7459500
0,7633400
0,7454900
1,8158800
0,7713000
1,7688000
0,7549800
1,7545500
1,7444300
0,7659700
0,7487300
1,7581700
1,7444700
1,7678900
0,7613900
1,7713300
0,7621100
1,7673200
0,7608000
1,7708300
0,7618500
1,7740000
1,7601600
1,7733200
0,7626500
1,7721000
1,7599200
1,7550300
1,7296600
1,7492700
1,7356400
1,7452000
1,7388200
1,7311600
1,8857600
0,7722900
1,7444200
1,7313500
1,7582500
1,7396500
1,7611800
0,7630300
0,7675500
0,7635600
0,7904700
1,7755300
0,7658300
0,7634200
0,7669900
0,7628300
1,7680700
0,7635800
0,7813300
0,7547100
1,7579700
0,7509800
0,7728000
0,7477900
1,7503300
1,7516700
0,7566300
0,7475100
0,7637600
1,7480000
0,7555600
0,7574800
1,8009800
1,9351500
0,7679600
1,7586700
0,7542400
1,7487700
1,8633500
0,7553100
1,7672100
1,7455400
0,7710700
1,8597900
1,8019000
1,8004900
0,7978100
1,7890900
0,8048200
0,7732400
1,7827200
1,7643100
1,7710300
1,7638900
0,7666600
0,7649400
0,7672800
0,7616100
1,7823100
1,7793600
1,7779400
1,7806600
0,7913300
1,7800800
1,7761300
1,7801400
1,7798200
0,7818700
0,7829600
1,7891500
1,7812500
0,7871100
1,7807700
1,7800200
0,9356800
1,7784700
0,7782400
0,7781500
1,7829000
1,7779000
0,7879400
1,7817100
1,7820100
0,7798100
0,7770000
1,7798000
0,7811500
0,7791600
1,7781200
1,7802100
1,7791400
0,7793200
0,7784900
1,7812200
1,7810300
0,7802800
0,7688100
1,7659600
0,7726900
1,7616500
1,7673200
1,7658000
1,7787600
0,7629200
1,7932500
0,7671000
1,7955800
1,7685400
0,7729800
1,7731200
0,7867400
1,8033900
0,7868500
1,8062800
1,7711800
0,7652600
0,7726500
1,7699400
1,7699500
1,7656900
1,7719300
1,7695400
0,7769200
1,7665200
0,7703000
0,7673800
0,7721600
0,7670600
0,7775800
0,7822500
0,8376500
0,7678600
0,7782900
0,7642600
1,7693900
0,7546900
1,7615600
0,7489800
0,7696500
0,7849000
1,7771400
0,7532500
0,7629500
0,7542200
1,7636100
0,7539600
0,7609700
0,7553100
1,7547700
0,7540900
1,7604800
0,7518800
0,7629300
1,7563300
1,7614200
0,7561800
1,7558400
1,7720500
0,7487500
0,7583900
0,7550400
1,7592400
0,7337900
1,7548500
0,7424200
0,7468200
0,7337200
1,7488300
0,7424100
0,7509900
1,7317600
1,7550500
1,7416600
0,7569400
0,7339400
1,7674600
0,7970300
0,7797600
1,7484700
1,7678700
0,7561100
1,7602200
1,7322900
1,7555500
0,7432200
1,7543200
0,7340700
0,7487400
0,7746000
1,7678700
0,7722100
0,7773100
1,8012900
0,7658200
0,7714400
0,7654900
1,7730000
0,7732500
0,7661200
0,7688200
0,7680000
1,7556300
0,7635300
0,7514100
0,9366500
1,7723100
0,7809400
1,7662700
0,7480100
1,7666200
1,7520200
0,7687500
0,7576900
0,7670200
1,7484800
0,7659800
0,7529900
0,7487200
0,7660800
1,7554200
0,7617400
0,7584000
0,7767200
0,7517600
0,7651500
1,7484000
0,7527600
1,7477300
0,7500800
1,7483000
1,7504600
0,7493400
1,7579100
0,7464300
1,7644100
1,7610000
0,7626000
0,7464000
1,7755100
0,7492900
0,7505600
0,7463600
1,7523300
0,7507600
1,7950400
0,7777200
1,7536200
1,7520300
0,7565600
1,7480100
1,7508200
1,7480000
1,7572000
0,7464300
0,7719500
1,7481900
0,7528100
0,7460400
0,7465500
1,7657300
1,7612800
1,8042300
1,7521900
1,7629900
0,7454700
0,7858000
0,7577600
0,7694600
0,7611900
1,7710900
0,7692800
1,7888700
1,7785500
0,7673400
0,7640300
0,7705700
0,7610500
0,7678700
1,7620800
1,7960600
1,7442800
1,7540000
1,7465100
0,7595700
0,7455800
1,7728000
1,7553900
0,7555100
1,7443100
1,7547900
1,7460400
0,7542600
0,7428900
1,7518300
0,7394200
0,7636400
0,7305700
0,7438700
1,7381500
1,7313700
1,7378100
0,7374000
0,8551400
1,7373900
1,7391300
1,7390800
1,7685100
1,7616700
0,7662400
1,7637400
0,7787100
0,7633100
1,7645400
0,7708900
0,7925500
1,7650300
0,7726000
1,7639000
0,7696400
0,7503800
1,7508500
0,7460400
0,7556900
0,7998600
1,7551500
1,7480800
1,7708200
0,8026300
1,8598800
0,8377900
0,8906200
1,8094300
0,7710700
0,7827400
0,7624200
0,7796300
1,7604900
1,7978500
1,8516700
0,7690600
1,7598400
0,7684700
1,7601300
0,7691800
0,7624500
0,7845800
0,10665600
1,7678600
0,7628300
1,7703700
1,7604400
1,7686100
1,7807900
1,7697400
0,7623500
1,7662000
1,7617100
0,7673000
0,7622000
1,7680200
0,7628100
0,7669500
0,7622200
1,7696000
1,7606600
0,7688200
1,7602800
1,7669000
1,7616600
0,7679300
1,7464000
0,7328500
1,7436800
0,7370100
0,7472800
0,7325600
1,8273200
1,8474800
0,8712900
1,8521900
0,7307000
1,7770200
0,8190100
0,7753600
1,7604600
1,7700400
1,7603000
1,7692400
1,7598800
0,7884300
1,7908600
1,8143800
0,7993700
0,7962300
1,7603000
0,7719500
0,7611600
1,7646900
1,9954700
1,8031300
0,8250900
0,8352500
1,7971300
0,8285600
0,8637300
1,7802800
1,7629900
0,7677800
1,7741100
0,7827600
1,7764800
0,7809500
0,7770900
1,7961400
1,7765300
0,8325600
0,7773700
1,7815800
1,7769200
0,7794000
1,7759100
1,7685400
0,7534900
1,7538000
1,7446100
0,7589600
0,7491900
1,7726800
1,7440800
0,7559300
1,7449500
0,7609300
0,7456000
0,7560200
1,7403800
0,7487500
0,7487900
1,7615800
0,7379300
0,7450300
0,7335000
0,7389900
0,7628300
1,7508600
1,7393200
0,7391200
1,7778600
0,7330400
0,7388400
0,7391000
1,8452000
1,7999000
0,7778200
1,7532100
0,7594600
1,7372400
0,7650500
1,7412100
1,7743100
0,7386800
0,7468300
0,7632100
0,7692100
1,7618800
0,8075300
1,7637200
0,8042600
1,7620500
0,7690100
0,7618000
0,7684000
0,7632100
1,7805400
0,7577200
0,7511500
1,7460700
1,7591100
0,7463700
1,7524600
1,7461800
0,7531200
1,7485900
0,7787900
1,7463400
1,7950800
0,9825900
1,7463300
1,7374000
1,7546300
1,7364100
1,7375100
1,7371800
1,7586400
1,7467600
1,7563700
0,7515400
0,7494400
1,7652700
0,7314700
1,7597200
0,7467900
0,7514500
1,7446900
0,7873400
0,8919100
1,8582900
0,7540800
0,7506200
1,7442300
1,7580800
0,7489400
1,7593000
0,7479000
0,7678700
0,7622000
0,7768500
0,7614800
0,7682500
1,7642800
0,8520600
1,8262100
0,7756700
1,7704700
1,7704600
0,7683400
0,7851100
0,7790800
1,7816800
1,8551200
0,7883200
0,8615400
1,10232200
0,7871200
1,7988300
1,7819100
0,7829300
0,7845200
1,7856100
0,7842800
0,7683600
0,7695300
0,7634200
0,7712700
0,7766200
0,7779400
0,7625700
1,7847900
0,7670500
1,7703800
1,7693100
1,7815100
0,7657200
0,7661800
1,7657700
1,7694600
0,7635300
1,7653300
0,7640500
1,7671800
1,7619500
0,7674000
1,7674000
1,7665900
0,7642300
0,7512100
1,7609800
1,7446800
0,8592200
0,7527700
0,7576900
0,7533600
0,7477500
1,7477200
0,7585400
0,7469300
1,7573800
0,7457400
0,7679900
1,7601700
1,7812000
1,7600600
1,8956600
1,7606600
1,7682500
0,7609800
1,7760700
0,7620200
1,7915700
1,7634600
0,7698300
0,7617900
0,8201500
1,7619600
1,7693900
0,7630600
1,7684800
1,7924900
0,7734500
1,7608500
0,8186000
0,7628900
1,7677000
0,7616200
1,7662600
1,7635900
0,8071300
0,7681000
1,8200200
0,8022500
0,8056000
0,7962800
1,8582000
1,7646800
0,8541800
1,7602200
0,7835200
1,7758400
1,7846600
1,7764800
1,7901600
0,7770800
1,7746800
1,7663400
1,7799700
1,7761400
0,7823100
0,7782800
0,7887300
0,7704300
1,7863000
1,7645900
1,7797000
0,7649200
0,7772100
0,7641000
1,7803100
1,7641800
0,7807500
0,7662600
0,7980800
0,7979600
1,7929900
0,8282000
0,8012300
0,7694800
1,7757000
1,7694400
1,7753600
1,7719700
0,7744200
1,7670400
0,7740000
0,7631600
0,7737200
0,7681800
0,7881400
0,7661500
1,7729900
0,7901200
0,7996300
1,7639800
1,7713800
1,7648200
1,7832200
0,7656500
0,7770000
1,7622200
1,7751400
1,7642800
1,7761300
0,7641300
1,7860700
0,7613100
0,7792000
1,7605400
0,7695100
1,7596900
0,7698900
0,7621100
1,7662800
1,7443900
0,7539800
0,7467700
0,8199100
0,7457500
0,7554600
0,7545700
1,7662900
1,7448200
1,7603400
1,7447400
0,7519800
1,7447300
1,7521600
1,7363600
0,7328500
0,7540800
0,7390800
1,7469500
1,7310200
0,7600500
0,7391700
0,7411100
1,7406400
0,7540800
0,7391800
0,7475800
0,7390800
0,7461300
1,7429900
0,7389300
1,8059200
0,7445500
1,7412100
0,7365000
1,7377200
1,7387000
0,7748600
1,7332800
0,7501700
1,7446400
0,8278600
1,8656800
0,8820300
0,16272000
1,7998100
1,7738000
1,7524300
0,7720700
1,7483200
1,7615000
0,7701300
0,7790800
1,7802300
0,7800700
1,7798100
0,7869000
0,7784500
0,7821200
1,7888700
0,7908500
1,7800800
0,7813500
1,7807000
1,7735200
0,7551100
0,7530700
0,7496500
1,7558500
0,7463100
1,7528800
1,7495500
0,7639100
1,7861100
1,7543600
1,7482400
0,7630500
1,7483500
0,7586400
1,7479000
0,7513900
1,7483600
0,8193900
0,9532300
1,7507800
0,7461900
1,7536600
0,7478900
1,7522200
0,7463800
1,7651200
0,7358800
1,7529800
0,7477900
1,7406600
1,7375500
0,7692000
1,7394000
0,7900400
1,7317100
1,7506000
0,7379400
0,7394500
1,7542500
0,7455000
1,7558300
1,7462500
1,7553500
1,7723500
1,7726800
1,7469200
1,7513500
1,7445700
0,8811100
0,7623900
1,7705600
1,7551600
1,7683200
0,7638200
0,7686900
0,7609600
0,7683300
1,7618900
0,7918000
1,7979500
1,7893800
0,7686700
0,8217400
1,8299900
0,8042600
0,7807400
1,7965900
1,7770600
1,7852100
1,7762000
0,7810900
0,7773300
1,8400200
1,7763700
1,7778500
1,7758200
0,7817600
1,7664700
0,7698100
1,7599900
1,7854400
0,7617900
1,7689200
0,7611700
1,7712700
0,7621200
1,7682700
1,7600200
1,7848500
1,7605200
0,7755900
1,7295600
1,7546500
0,7382400
0,7591500
0,7859500
0,7464900
0,7378800
0,7482800
1,7296000
1,7456400
0,7414600
0,7529200
0,7487900
0,7687800
0,7623800
0,7816000
0,7612700
1,7707400
1,7604400
0,7885300
1,7619900
0,7679900
0,7624100
0,7636200
0,7703300
1,7564200
0,8672200
1,7484300
1,7548300
1,7422400
0,7437200
0,7392100
1,7720600
0,7441000
1,7930400
1,7753700
1,7970000
1,7868400
1,7543600
1,7617500
1,7716000
1,7636100
1,7659100
1,7616700
1,7698000
0,7618400
1,7799000
0,7632900
1,7680200
1,7638600
0,8390000
0,7878900
0,8905000
1,8974400
1,9059100
0,8532400
1,8635700
1,8333400
1,7300000
1,7488000
0,7368400
0,7470000
0,7317900
0,7564700
0,7618300
0,7990500
1,7780300
1,8031300
1,8195300
0,7716400
1,7928000
1,7907200
1,7598500
0,7753200
1,7625900
1,7685400
1,7640500
1,7839100
1,7782800
0,7812700
1,7762500
1,7887300
1,7796200
1,7787500
1,7762500
1,7812000
0,7801200
0,7817400
1,7761300
1,7671800
1,7475000
0,7445300
0,7370200
1,8367600
0,7636400
0,7593000
1,7544700
0,7482400
0,7377600
0,7472500
1,7357100
0,7647700
0,7406700
0,7585400
1,7446700
0,7594500
0,7468400
1,7518200
1,7446800
1,7581800
0,7468300
1,7524400
1,7446400
0,7462500
0,7622200
0,7477400
1,7610700
1,7333400
1,7458600
1,7377700
1,7429700
1,7334500
0,7467200
1,7371800
1,7423600
0,7403700
1,7448200
0,7389600
1,7471100
1,7331700
1,7530000
0,7422300
0,7412400
0,7315900
0,7867500
0,7958100
1,7356400
0,7524000
1,7398100
0,7524100
1,7358400
0,7487800
1,7377800
1,7644100
0,7458500
0,7538500
0,7522500
1,7649400
1,7443800
0,7762100
1,7486600
0,9236400
1,7445500
0,7541800
0,7470000
0,7668300
1,7442700
1,7650800
0,7468900
1,7524400
1,7445600
1,7575900
0,7466800
0,8129100
0,8495900
0,7838100
1,7547600
1,7679600
1,7447800
1,7837000
0,7622700
0,7721000
0,7612500
1,7716800
0,7622400
0,7822900
0,7610600
0,7827300
1,7603100
1,7844900
0,7612000
0,7758100
0,7408800
0,7570800
0,7372900
0,7391600
0,7478600
1,7312500
1,7476500
1,7405100
0,7432800
1,7311900
0,7584000
1,7412100
0,7472600
0,7325600
1,7480500
1,7408300
0,7455600
1,7314000
0,7468300
1,7430100
1,7408600
1,7658700
1,7511200
1,7443200
0,7378100
1,8663100
0,8395200
1,7801500
0,8186000
1,7617400
0,7692500
0,7769500
0,8073700
1,7714200
0,8176200
0,8173900
1,8249600
1,8101700
0,8306000
1,7888200
1,7806700
1,7777900
0,7836800
0,7778500
0,7802800
1,7792900
1,7791000
0,7784700
0,7791900
1,7798300
1,7793200
0,7778000
0,7881200
0,7816400
1,7782500
0,7778200
1,7794900
0,7812300
1,7773200
0,7783300
1,7853500
0,7814500
0,7772500
1,7800400
0,7827800
1,7411800
1,7560100
1,7336000
1,7413000
0,7405000
0,7581500
0,7797600
1,7880800
1,7422800
0,7503600
1,7363900
0,7588400
0,7407200
0,7444000
0,7378400
1,7366800
1,7490000
0,7335900
0,7978900
0,7379400
0,7580200
0,7370300
1,7583800
1,7300300
1,7519900
0,7366400
1,7494600
1,7478200
1,8952300
0,7838300
1,7813800
1,7502400
1,7648300
1,7816500
1,7619200
0,7549200
1,7584000
1,7512200
0,7575100
1,7418100
0,7511300
0,7406000
1,7589700
1,7423300
0,7442600
1,7398100
1,7484600
1,7355400
0,7804500
0,7532200
0,7831500
1,7356800
1,7652400
1,7432300
1,7484000
0,7355500
0,8407800
1,7724600
0,7538500
0,7488600
1,7447800
1,7478800
0,7602000
0,7430800
1,7531600
1,7442200
0,7726500
0,7683900
0,7749000
0,7736500
0,7762600
0,7705100
1,7739400
1,7618500
0,7728800
1,7673000
1,7741900
0,7736600
1,7763800
1,7537300
1,7602500
0,7480400
0,7537500
1,7610700
1,7535900
0,8350500
0,8375000
1,9369900
0,8965900
0,8795500
0,8470000
1,7936000
0,7854700
0,7811500
1,7839800
1,7781700
1,7799100
1,7805800
0,7810300
0,7794500
0,7948400
1,7799700
1,7897000
1,7814500
1,7817300
1,7784900
1,7860300
1,7814000
1,7955000
1,7784900
0,7858800
1,7810800
1,7854400
0,7803800
1,7874000
0,7814700
1,7840500
1,7633400
1,7746500
0,7623000
1,7819100
1,7609100
1,7704800
1,7603100
1,7952500
0,7652900
0,7860400
1,7646600
0,7746000
0,7600700
1,7624500
1,7613400
1,7598800
0,7478300
0,7588900
1,7524700
0,7652800
1,7463400
1,7615800
0,7582500
0,7629400
0,7476000
0,7604100
1,7380800
1,7545700
1,7319200
1,7617600
0,7439900
0,8031600
0,7325300
1,7485900
0,7587500
1,7436300
0,7439400
0,7540200
0,7562300
1,7623200
1,7678200
0,7660000
0,7767200
0,7698900
0,7717500
0,7653400
1,8036400
1,7668300
1,8088100
1,7658400
0,7708800
0,7783000
1,7554200
0,7487200
0,7590000
1,7553600
1,7707000
0,7481500
1,7594700
0,7575700
0,7613600
1,7836000
1,7788000
0,7624500
1,7675100
1,7600000
0,7624300
0,7525800
0,7736500
1,7523200
1,7592600
1,7544700
1,7530400
0,7686900
0,7727300
0,7534200
0,7977000
1,7962400
1,8164200
0,7699500
0,7700100
1,7683000
1,7771900
1,7623800
0,7736700
1,7680200
1,7735800
1,7662700
0,7819300
0,7701400
0,7755500
0,7512400
0,7442600
0,7395200
0,7520400
1,7420300
1,7458200
0,7590400
1,7447900
1,7504700
0,7306800
0,7401000
1,7343400
1,7581300
1,7298000
0,7440000
0,7411800
0,7502100
1,7294200
0,8053100
1,7442400
0,7634900
1,7293700
1,7537000
1,7465300
0,7402500
0,7303400
1,7509100
1,7627600
1,7669800
1,7601700
1,7684800
0,7655300
0,7668100
0,7629100
0,7617700
1,7703500
1,7618500
1,7657800
1,7637900
1,7681800
0,7427000
1,7428400
1,7365200
1,7645400
1,7494100
0,7486700
0,7313000
0,7510200
1,7369500
1,7488900
1,7333100
1,7479700
1,7372000
0,7425000
1,7361300
0,7875700
0,8121100
1,7543800
1,7526000
0,7681500
1,7464000
0,7437600
1,7331600
0,7517100
1,7372200
0,7458500
0,7391000
1,7817600
0,7631700
1,7694900
1,7637700
0,7866000
1,7871900
1,7642300
0,7634700
0,7684500
0,7632200
0,7667400
0,7635300
0,7667000
1,7617700
0,7661500
0,7649200
0,7735100
0,7636100
1,8166400
1,8606900
1,8165100
0,8301800
0,8307200
1,7711900
0,7742800
1,7771900
1,7807700
1,7864800
1,7956200
1,7820400
1,7844800
0,7802300
0,7850600
1,7822300
1,8067800
1,7816100
0,7918900
1,7825400
0,7649100
1,7554600
0,7634300
0,7544900
1,7617200
1,7560800
1,7653900
0,7550100
1,7604200
1,7557400
0,7598600
1,7538600
1,7643500
1,7492200
0,8536200
0,7418300
0,7521500
1,7436800
0,8429900
1,7587000
0,7601900
0,7448600
1,7488300
1,7332700
1,7533900
1,7432900
0,7561300
1,7484700
1,7600000
1,7586700
1,7603200
1,7484100
1,7606700
1,7564000
1,7832100
0,7498000
1,8075300
1,7928400
0,8352400
0,8200100
1,7661000
0,7618800
0,7704700
1,7658500
0,8279500
0,7749500
1,7699300
0,7691600
1,7720300
0,7640400
1,7749800
1,7678300
1,7702000
0,7634800
0,7744600
0,7692700
1,7687600
0,7683700
0,8102300
1,7895500
1,7857000
1,8031100
1,7872900
0,7732100
1,9220600
0,8484700
0,7779400
1,7655900
1,7678900
1,7682300
1,7728400
1,7665600
0,7886900
1,7656000
0,8326700
0,7722200
0,8098700
1,7652200
0,7743800
0,7726200
0,7649000
1,7692500
0,7784900
0,7679200
0,7723800
0,7696400
0,7688200
0,7678300
0,7945800
1,7724700
1,7715000
1,7656700
1,7703500
1,7698500
1,7701800
1,7794500
0,7953300
0,7679800
1,7727800
0,7712800
0,7649200
0,7751500
1,7639300
0,7636000
0,7627600
0,7561000
1,7611100
1,7536900
0,7686900
1,7686500
0,7757100
1,7576800
0,7703100
1,7589400
1,9265100
0,7554000
0,7729300
0,7644400
1,7688900
1,7654600
0,7872000
1,7659700
0,7724400
0,7668900
0,7739300
0,7803800
1,7681000
1,7653400
0,7771700
0,7566200
1,7604500
1,7562400
0,7630600
1,7415200
1,7402200
0,7432900
0,7526500
1,7433200
0,7831300
0,7655300
1,7937700
0,7415400
0,7489600
0,7548500
0,7704800
0,7539700
0,7564200
0,7551400
1,7615900
0,7546100
1,7574300
0,7577800
1,7554200
0,7721100
1,7519700
1,7647100
0,7408800
0,8728200
1,7469600
1,7530500
0,7543700
1,7511500
1,7431000
1,7621300
0,7411900
1,7549400
0,7418700
1,7431100
0,7443100
1,8243400
1,7678300
1,7734100
0,7644300
0,7729600
1,7843900
0,7892100
0,7632100
0,7723800
0,7659500
0,7776500
0,7650100
0,7689300
1,7644100
1,7718900
1,7642400
0,7698800
1,7640500
1,7720200
0,7657300
0,7712700
1,7650200
0,7784300
1,7640900
0,7845900
1,7581700
0,7551400
0,7407200
0,7513100
1,7383500
0,7562400
1,7396400
1,7481700
0,7422900
0,8321500
0,8644600
0,7701500
1,7331700
1,7533700
1,7513400
0,7658100
1,7464200
1,7681400
1,7523800
1,7612800
0,7608700
0,7685800
1,7522300
1,7637900
0,7507600
1,7662300
0,7524100
0,7505300
1,7416900
1,7409200
0,7404200
0,7756900
0,8623600
1,7830400
0,7485200
0,7635300
1,7348600
1,7418600
0,7378000
1,7526700
0,7565900
0,7802900
0,7645600
1,7733500
0,7665000
0,7737400
0,7617500
0,7803500
0,7640400
1,7804800
1,7597600
1,7739700
0,7639900
0,7720300
0,7611700
0,7663700
0,7637100
1,7682400
0,7612200
0,7668500
1,7619000
0,7629000
1,7826700
1,7636800
1,7686500
0,7629500
1,7849900
0,7409900
1,7707200
0,7388200
1,7416600
0,7313600
1,7452600
0,7386700
1,7920800
0,7408800
0,7604800
0,7663300
0,7456000
1,7403400
1,7519200
0,7478800
0,7680000
1,7534400
0,7596000
1,7462700
0,7701400
0,7570400
0,7574300
1,7465100
0,8438800
1,7500100
0,7565700
1,7449100
0,7445200
1,7407800
1,7374800
1,7373600
1,7556500
0,7559600
1,7393500
0,9023800
0,7702700
1,7530200
0,7548300
1,7460300
0,7862700
0,8079200
0,9066800
0,8898000
0,8899100
0,8929900
0,7734900
0,7479400
0,7683600
1,7483100
0,8006000
1,8162300
0,7935900
0,7803100
1,8184700
1,7819700
1,7830100
1,7850900
1,7779600
1,7779800
0,7828000
0,7782600
1,7764100
0,7828400
0,7794400
1,7799700
0,7926600
1,7799300
1,7822900
0,7781100
1,7781700
1,7796500
1,7792200
0,7782900
1,7781500
1,7796800
1,7806800
1,7659300
0,8518500
0,8561800
1,8882600
1,8802600
0,8862400
1,7681700
0,7915100
1,8128500
0,7386400
1,7531000
1,7340100
1,7505400
1,7767100
1,7791500
1,7759400
1,7833500
1,7784700
1,7873800
0,7776000
0,7795200
1,7798400
1,7809400
0,7825100
1,7948400
0,7818100
1,7869200
0,7653500
0,7782100
0,7644000
1,7731200
1,7644300
0,7796200
0,7765100
1,7780000
1,7639000
1,7835100
1,7646900
0,9442100
0,7530600
0,7631900
0,7600300
1,7565100
1,7707300
1,7647300
1,7526600
0,7569300
1,7523100
1,8526700
0,7543100
0,7746200
0,7474600
1,7826400
1,7523700
1,7596600
1,7462700
0,7611900
0,7542200
1,7530000
0,7625400
0,7538600
1,7761200
1,7541000
1,7671400
1,7557000
1,7555900
0,7556500
0,7618200
1,7498600
0,7579600
0,7555000
1,7668200
0,7483000
0,7608900
1,7543100
1,7617500
0,7526000
0,7611900
0,7427400
0,7529800
1,7347800
1,7457200
0,7432900
0,7731700
0,7562100
1,7452000
1,7662700
1,7538200
0,7336100
0,7516500
1,7399200
1,7485900
1,7348400
1,7979600
0,7906800
0,7780900
1,7791700
1,7632700
0,7762900
1,7968000
0,7818100
0,10326800
0,7850600
1,7768700
0,7827900
0,7845400
0,7844900
0,7951200
1,7841900
0,7852400
1,7867500
1,7836900
1,7907400
1,7832400
1,7866800
0,12157900
1,10983800
0,11196100
0,10961400
0,11103200
0,8717300
0,10285300
1,7973600
1,7788500
0,7674200
1,7601700
1,7751300
0,7856600
1,7870100
1,7798800
0,7865300
0,7808400
1,7847900
0,7823700
0,7890600
0,7802500
1,7855700
0,7821100
0,7877500
1,7581400
1,7590500
0,7392200
0,7546500
1,7321900
1,7627600
0,8265300
0,7702700
0,7324100
0,7528500
1,7404100
0,7516100
1,7607000
0,7757500
1,7638800
1,7731900
1,7639200
1,7957100
1,7653900
1,7793100
0,7661600
1,8191900
0,7795500
0,7750200
0,7607700
0,7668000
1,7605500
0,7711200
1,7597600
1,7890200
1,7935100
1,7667500
1,7596900
0,7673900
1,7624300
0,7699600
0,7820800
1,7697500
1,7642200
0,7595600
0,7367100
0,7373600
1,7884400
0,7553200
0,7893700
0,7630700
1,8029900
0,7518300
1,7877700
0,7825800
1,7877800
0,7520400
0,7674400
0,7463900
0,7592500
0,7475800
1,7758900
0,7463400
0,7575300
1,7461900
1,7507000
0,7464700
1,7566400
0,7478700
0,7644100
0,7460300
1,7499700
0,7389300
0,7368900
1,7360600
0,7624300
1,7431900
0,7307100
0,7440300
1,7575300
0,7463400
0,7309200
0,7371600
1,7376000
0,7495300
1,7298600
0,7435600
1,7391500
1,7754300
1,7613700
1,8533700
1,8525400
1,8684500
0,8651200
1,8590800
0,7546100
1,7510200
0,7774300
0,7818000
1,7761400
0,7796700
1,7757200
1,7815700
0,7784700
1,7804200
0,7771000
1,7846800
1,7762400
0,7943900
1,7674000
1,7509400
1,7358500
0,7384600
1,7351900
0,7449200
0,7378000
0,7406100
1,7356100
1,7498300
0,7375700
0,7423700
0,7365500
0,7478200
0,7378500
0,7418000
1,7356400
0,7554100
0,7380100
0,7390800
1,7491700
0,7379300
0,7450500
1,7316400
0,7528800
0,7386500
0,7456500
1,7312900
1,7467400
1,7407000
1,7640500
1,7314600
1,7416100
1,7908000
0,7611100
1,7309500
1,7455500
0,7392700
0,8008500
0,9619900
1,8404100
0,7866000
0,7770700
1,7857700
1,7799600
0,7627900
0,7734200
1,7615600
1,7814000
0,7617800
1,7754300
1,7666100
0,8343500
0,7922600
0,8250300
1,7888200
1,7832900
0,7847300
1,7844200
1,7840000
0,7851500
0,7840900
0,7947900
0,7832700
1,7840400
0,7833200
1,7841400
1,7848900
1,7807100
0,7834200
1,7833800
0,7845300
0,7894000
1,7864700
0,7884200
0,7888100
0,7826200
1,7839900
1,7804900
1,7884800
0,7649100
0,7637500
1,7704000
1,7684200
0,7723400
0,7657000
1,7708300
0,7707800
1,7709300
0,7660100
0,7714400
0,7669800
0,7475200
0,7415100
0,7456900
1,7422400
1,7488900
1,7431700
0,7464000
1,7422100
0,7668000
1,7426400
0,7699600
1,7421300
1,7538800
1,7417900
1,7554400
0,7532000
0,7472300
0,7384400
0,7589200
1,7780000
0,7737400
1,7517600
0,7404900
0,7471700
0,7390600
0,7537700
1,7488100
0,7729900
1,7638600
0,7739800
1,7654500
1,7703500
0,7650300
0,7952800
0,7709000
1,7702500
1,7645900
1,7831400
0,7708200
1,7721800
0,7630600
0,7710500
0,7676800
0,7733200
1,7618800
0,7707500
0,7675300
1,7713500
0,7629400
1,7776900
1,7622900
1,7762800
0,7474200
0,7587500
1,7375500
0,7432900
1,7296600
1,7501900
0,7650000
1,7557300
1,7294100
0,7585400
1,7342500
1,7539300
0,7306500
0,7432700
1,7499400
1,7451400
0,7306500
1,7458900
1,7406500
1,7536400
1,7565000
0,7373900
1,7614700
0,7386200
0,7367100
1,7406200
1,7455700
1,7420500
0,7544800
0,7465000
0,7625800
0,7516800
1,7624300
0,7622500
1,7674700
1,7642700
1,7535700
1,7482200
1,7571100
1,7472000
1,7608400
0,7607100
0,7634400
0,7516500
0,7503500
0,7495300
0,7483900
1,7527100
0,7455200
0,7580800
1,7733400
1,8248000
0,7536900
1,7674400
1,7614000
1,7760300
1,7603500
1,7777500
0,7644300
1,7721400
0,7708500
0,7769100
1,7611800
0,7741300
0,7617200
0,7695400
0,7620900
0,7687400
1,7599800
1,7722500
1,7603000
1,7718300
0,7614600
1,7715900
1,7601100
0,7688200
0,7609000
0,7691900
0,7622100
0,7701600
0,7366400
0,7623800
1,7358200
1,7405600
1,7355900
1,7405100
0,7365700
0,7382500
0,7739100
1,7405800
0,7505400
1,7372200
0,7531700
0,7479400
0,8463700
0,7481000
1,7484200
1,7497900
0,7681500
1,7547300
0,7660900
1,7501100
0,7566500
1,7463600
1,7989900
0,8126100
1,8036000
0,8091500
1,7733500
0,7645000
1,7647200
0,7634300
0,7656000
1,7672600
0,7721000
1,7620400
1,7682300
0,7621300
0,7674100
0,7722400
1,7812600
0,7620100
1,7820400
0,7633700
0,7686300
1,7634800
1,7653300
0,7630200
1,7677100
0,7620500
0,7831100
1,7616900
1,7682900
0,7618200
0,7714900
1,7618000
0,7703500
0,7622700
1,7649700
1,7621100
1,7679900
0,7620700
1,7663000
1,7619400
1,7676400
1,7476600
0,7381500
1,7371100
1,7448500
1,7397500
0,7317200
0,8378300
1,7376400
1,7473000
0,7320100
0,7498200
0,7433200
1,7497100
0,7453200
1,7668800
0,7624300
1,7696200
0,7623700
1,7725500
0,7624400
1,7831700
0,7833400
0,7632600
0,7522000
1,7621100
1,7601200
0,7723100
0,7465000
1,8747800
1,7445300
0,7529400
0,7491700
0,7514300
0,7725400
0,8220700
0,8395200
1,8716900
1,8238700
0,7908500
1,7718600
0,7911900
0,7783100
0,7835100
1,7760700
0,7811900
1,7791300
1,7807000
0,7772200
1,9019000
1,8568200
1,7894300
0,7929900
0,7860700
0,7850600
0,7827800
0,7815900
0,7891700
0,7857100
1,10500300
1,10878700
1,10870100
0,7808500
0,7865400
1,7788500
0,7811600
0,7798000
1,7825300
1,7797200
1,7843800
1,7786400
1,7854100
1,7926300
0,8477000
0,9994200
0,7843600
1,7749600
0,7673800
1,7604500
0,7712300
0,7612300
0,8691000
1,7788300
0,7879100
0,7610700
0,7942200
1,7922100
0,7938500
1,7935900
1,7797700
0,7784900
0,7987500
1,7782400
0,7833500
1,7778100
0,7868700
0,7792600
1,7831700
0,7891700
1,7867100
0,7820600
0,7785400
0,7809300
0,7807600
0,7770100
0,7799700
1,7785100
0,7815100
1,7762100
1,7808800
0,7798300
1,7808900
1,7759300
1,7811800
1,7804100
1,7554000
1,7530500
1,7579900
0,7481100
0,7557900
1,7445000
0,7712900
1,7464600
1,7534000
1,7446000
1,7581800
1,7509700
0,7739100
1,7428100
1,7663200
0,7391800
1,7667700
1,7355700
1,7407400
0,8718100
1,7472000
1,7360700
0,7511900
1,7394400
1,7374800
1,7460000
0,7438800
1,7731400
0,7632900
0,7657600
0,7705100
1,7715900
0,7629800
1,7665100
1,7830100
0,7683500
0,7630300
0,7665900
0,7634000
1,7576300
0,7386500
1,7574900
0,7383400
0,7381000
1,7374400
0,7655300
1,7412800
1,7399800
1,7373300
1,7750100
0,7451400
0,7321200
1,7374400
1,7354500
1,7645200
0,7317100
0,7726000
1,7357400
0,7508200
1,7512800
0,7487600
0,7398300
1,9607400
1,7655000
1,8204200
1,7387300
1,8069400
1,7591000
0,7618800
1,7514500
0,7566500
1,7447000
1,7594000
1,7445100
0,7688900
1,7450700
0,7588400
1,7482500
0,7705900
1,7956500
1,8518800
1,8450700
1,7958800
0,7498100
0,7554800
0,7472500
0,7600600
1,7641000
0,7534300
1,7543500
0,7711200
1,7446200
1,7672800
1,7657600
0,7682300
1,7601300
1,7677300
0,7628800
1,7855000
1,7786300
0,7797000
1,7624400
0,7680400
0,7624200
0,7854700
0,7631000
0,7764500
0,7707500
1,8213400
0,8125000
1,7698500
0,7624000
0,7695900
1,7643000
1,7832600
1,7601500
1,7682900
0,7627800
0,7699000
1,7608100
1,7659100
0,7625800
0,7676900
1,7605100
1,7828800
0,7615900
0,7705000
1,7601300
1,7688600
0,7724400
1,7636200
1,7487700
0,7391300
1,7484000
1,7453200
0,8561000
1,7500200
1,7612800
0,7467900
0,7472900
1,7391500
1,7470700
0,7344200
0,7493400
1,7557500
1,8643700
0,7622700
1,7666700
0,7653200
0,7867300
1,7863100
0,7669200
0,7677700
0,7659800
1,7639200
0,7799200
1,7635900
0,7541400
0,7462100
0,7598300
1,7478000
0,7519500
1,7480600
1,7659700
0,7493700
1,7743800
1,7510300
1,7856200
0,7514200
0,7649800
1,7559000
0,7485000
1,7672300
0,7527100
0,8396800
0,7576800
0,7553000
0,7521900
1,7644800
1,7480300
1,8027200
1,7518200
1,7729800
0,7517800
1,7489500
1,7379800
1,7552500
0,7441800
1,7541800
0,7396900
1,7492600
0,7412100
0,7461400
0,7467700
0,7590300
0,7460900
1,8064100
1,7387200
0,7584600
1,7805700
1,8424000
1,8962100
1,8659600
1,8292000
0,8782200
1,8367700
0,7655300
1,7525100
1,7527100
1,7765100
1,7888900
0,7805100
1,7859200
0,7812300
1,7882200
1,7786000
1,7820100
0,8437100
1,8581300
1,7969400
1,7822800
1,7784400
0,7554600
1,7610000
1,7537900
1,7515300
0,7687600
0,7870400
1,7554300
1,7630800
1,7639900
1,7515700
1,7677800
1,7479600
1,7789500
1,7639900
0,8616300
1,7677300
1,7728700
0,7659500
0,7732800
1,7660500
1,7736900
0,7771200
0,7736100
1,7659900
0,7731100
0,7559700
0,7567200
0,7426700
0,7499400
1,7316400
0,7612900
1,7416900
1,7429600
1,7375500
1,7448600
0,7407500
1,7512200
0,7340200
0,7530600
0,7425600
1,7434400
0,7471500
1,7411500
0,7607600
1,7354000
0,7718900
0,7432000
0,7498000
0,7335900
1,8570600
1,7552700
1,7593700
0,7640200
0,7736000
0,7673100
1,7711000
0,7654700
0,7716300
0,8086500
1,7716500
0,7660900
1,7714400
1,7634600
0,7896500
0,7656200
1,7695700
1,7661900
0,7699800
1,7679300
0,7736000
1,7676400
1,7704400
1,7679400
1,7855700
0,7700300
0,7699400
0,7665000
1,7765200
0,7609000
0,7711300
0,7481600
1,8396600
1,8012400
0,8697200
0,8981400
1,7900600
0,7560900
1,7867700
1,7557200
0,7631200
0,7568300
0,7831400
1,7841800
1,7846500
0,7816700
0,8035300
1,7841500
1,8347800
1,7838100
1,7901400
1,7857100
0,7998800
0,7841700
1,8490600
0,7402100
0,8058400
0,7515600
1,7823400
0,7492600
0,7764400
1,7700200
0,7838100
0,7522600
1,7637100
1,7505500
0,7568200
1,7526200
1,7535500
1,7506400
1,8374500
0,7646900
1,7607500
1,7578600
1,7551300
0,7583700
0,7792800
0,7560200
1,7703700
1,7581200
1,7636000
1,7661600
0,7740900
1,7699000
1,7751200
0,7655000
0,8198800
1,7830300
1,7702500
0,7651600
0,7772700
1,7705400
0,7727500
0,7627500
1,7617800
1,7576900
1,7638200
0,7477000
1,8451200
1,8005800
0,8790900
1,8696700
0,7601400
1,7483300
1,7508900
0,7477500
0,7679600
0,7621300
1,7659700
0,7632600
1,7663200
1,7633200
0,7662600
1,7618700
0,7664200
1,7634200
1,7749400
0,7633800
0,7704500
1,7461600
0,7499400
0,7390800
0,7532800
0,7371600
1,7397100
0,7386400
1,7555200
1,7394100
0,7544500
0,7390700
0,7604200
0,7362100
0,7317700
0,7595900
1,7373500
1,7675000
0,7317000
1,7575700
0,7677300
0,8526300
0,7486900
1,7576100
0,7558200
1,7440000
0,7326200
0,7680300
0,7629100
0,7792100
1,7600700
1,7671400
1,7615300
0,7744600
0,7621300
0,7831800
0,7612500
1,7690800
1,7600700
0,7702100
0,7601300
0,7511900
1,7359800
0,7499800
1,7356700
1,10874500
0,7375400
1,7851900
1,7297900
0,7530000
0,7594100
1,7589400
1,7292100
0,7444600
0,7468100
0,7555000
0,7454600
1,7542300
1,7448500
0,7568100
1,7444200
1,7541200
0,7501900
0,8271800
0,7523600
0,7728600
1,7448100
0,7637500
0,7456200
0,7571900
0,7465700
0,7571600
0,7454100
1,7527000
0,7465100
1,7734600
1,7449900
0,7515900
0,7466800
1,7640200
0,7411800
0,7614500
0,7375400
0,7511700
1,7358900
1,7463700
1,7574100
1,7501900
1,7422500
0,7573800
1,8499600
0,7662100
1,8435600
0,7854900
1,7961100
0,7927700
1,7897700
1,7927300
0,7729000
1,7893300
0,7759600
0,7663000
0,7646100
0,7692400
1,7596700
0,7661900
1,7619000
1,7720500
0,7609400
0,7678300
1,7617800
1,7682600
0,7846700
1,7694000
1,7642000
0,7701800
1,7603700
1,7694100
1,7620600
1,7503400
1,7496100
0,7496000
1,7604700
1,7462700
1,7677200
0,7461300
1,7503700
0,7475000
0,7500000
1,7481800
1,7539300
0,7475400
1,7588800
1,7388900
1,7526200
0,7385300
0,7784600
0,7375400
0,7497600
0,7415900
0,7366400
1,7391400
0,7456300
1,7406700
1,7433600
1,7414400
1,7373300
1,7431400
1,7296800
1,7428800
0,7391500
1,7584300
0,7755600
0,7413300
0,7395100
1,7463200
1,7293200
0,7603300
0,7391900
1,8233400
0,7591000
1,7597300
1,7523200
0,7668700
0,7452600
1,7658100
0,7480100
1,7729000
1,7483700
0,7516700
0,7484500
1,7596500
1,7544600
0,7676300
1,7616700
1,7725600
1,7605800
1,7696800
1,7621700
0,7744000
0,7620300
0,7884500
1,7844800
0,7683900
1,7601200
0,7548200
1,7360500
0,7388000
1,7418600
0,7386700
1,7396300
1,7584300
0,7670900
0,7332300
1,7417100
0,7452400
1,7557600
1,7348100
1,7919100
1,7373400
0,7496600
1,7512100
1,7808300
0,7694000
0,7844200
0,7696800
0,7637500
1,7526300
1,7488500
1,7378000
1,7392800
0,7386300
0,7531400
1,7495200
1,7524200
0,7476000
1,7497400
0,7476900
0,7522100
0,7476200
0,7512600
0,7644200
1,7448400
1,7555900
1,7441300
0,7585900
0,7312400
0,7491600
0,7363800
1,8664000
1,7468500
0,7868200
0,7767000
0,7496500
0,7317300
1,7434400
0,7391100
1,8683900
1,8274000
0,8222100
0,8112100
1,7734900
0,7623100
0,8093500
1,8043800
0,8080100
1,7951500
1,7935100
1,8073300
1,8550500
1,8788700
0,7866000
0,7829500
0,7782300
1,7783400
0,7793200
1,7781200
1,7797500
1,7775400
0,7792100
0,7808100
0,7779900
0,7783000
0,7809900
0,7787800
1,7801400
0,7831000
1,7810500
0,7797000
0,7780400
0,7808600
1,7817500
1,7770300
1,7800700
0,7807900
0,7807400
1,7631800
0,7639100
0,7539100
0,7492800
1,7598500
1,7545700
0,8097100
1,7672300
0,7925700
1,7650900
1,7748700
0,7497500
1,7582000
0,7576400
1,7599500
1,7717700
1,7595000
1,7696100
0,7620900
1,7698500
1,7598700
0,7954800
0,7680300
0,7677000
0,7660400
0,7616700
0,7719400
1,7618300
0,7687900
1,7723600
0,7689700
0,7634400
1,8958500
1,7638200
1,7724200
1,7628600
0,7897500
0,7616700
1,7693500
1,7517300
0,7530500
0,7466200
1,7509400
1,7556300
0,7513600
1,7476900
0,7562200
1,7466900
1,7584400
0,7647600
1,7499000
0,7731500
1,7388200
0,7495200
0,7432500
1,7796800
0,7307000
1,7462400
1,7391800
0,7756000
0,7308000
1,7485800
1,7405800
0,7538200
0,7396300
1,7548800
0,7392400
0,7506200
1,7295800
0,7434300
0,7390100
1,7438300
0,7306100
0,7419800
0,7388600
1,7584400
0,7303400
0,7373900
0,7487500
1,7372900
0,7419400
1,7388200
1,7450500
0,7387900
1,7362000
0,7376000
1,9028000
0,8683800
1,8005000
0,7417000
1,7649400
0,7390100
1,8134400
1,7680900
1,7845400
1,7615800
1,7733400
1,7661600
1,7659500
0,7633400
1,7663300
1,7739200
1,8099000
1,7862500
1,7842900
1,7805900
0,7812700
1,7689900
1,7653000
0,7644300
1,7666800
1,7616900
0,7671200
0,7634700
1,7661600
1,7616200
1,7765100
1,7654400
1,7586800
0,7477600
0,8145500
0,7575400
0,7557900
0,7476000
0,7714300
0,7479500
0,7544900
1,7461000
1,7524700
1,7546600
1,7554900
1,7565300
1,7690400
0,7633300
0,7790500
1,7619300
0,7675500
1,7753800
0,7955500
1,7620300
1,7707700
0,7618300
1,7649300
1,7615300
1,7659700
1,7637900
0,7666600
0,7635000
0,7700700
1,7636700
0,7691300
0,7633000
0,7820700
0,7635000
1,7664800
0,7635300
1,7689100
1,7579500
0,7674900
1,7371300
0,7752000
1,8137000
0,7687800
0,7421900
0,7535900
1,7393000
0,7316200
1,7635000
1,7738200
1,7462700
0,7431100
1,7660500
1,7617800
1,7693900
1,7598400
1,7669300
0,7644900
0,7673100
1,7601400
1,7692600
0,7626500
1,7697400
0,7620600
1,7634900
1,7374500
0,7486700
0,7374000
1,7535000
0,7569100
1,7736600
1,7835400
1,7850500
1,7583100
0,7712000
1,7693500
0,7801600
1,7579300
0,7600600
0,7464100
1,7673300
1,7446400
0,7510800
1,7448400
0,7541500
0,7454200
0,7522200
1,7591100
1,7547800
1,7445100
0,7799800
0,7444600
1,7425700
1,7355000
0,7583500
1,7356200
1,7514100
0,7589900
0,7584300
0,8041100
1,7357000
0,7439600
0,7415500
0,7567900
1,7557000
1,7756200
0,7655600
0,7728700
0,7690100
0,7710300
0,7619100
1,8703000
0,7954200
1,7621000
1,7754100
1,7658800
0,7705900
0,7993700
1,7998600
0,7923500
0,8111300
0,7647700
0,7718300
0,7668900
1,7718600
0,7655200
0,7738900
0,7679100
1,7723300
0,7655000
1,7878800
0,7683400
1,7681800
1,7635600
0,7785900
0,7681900
1,7777800
1,7641400
1,7869800
1,7664300
1,7721100
1,7636100
0,7713200
0,7474400
0,7475500
1,7573500
0,7403600
0,7572700
1,7411600
1,7612300
1,7779000
0,7606900
1,7415700
1,7386300
1,7467900
0,7627600
0,7509500
0,7565500
0,7649800
1,7633300
1,7545600
0,7543100
0,7535800
0,7646700
0,7556600
1,7741300
1,7561300
1,7611000
0,7550300
1,7550400
1,7476900
0,7604900
0,7437900
0,7475400
0,7332800
0,7532500
1,7425300
1,12537900
0,8665700
0,9024000
0,8741200
1,8594000
0,7891500
0,7828800
1,7830400
1,7824700
0,7841400
0,7829200
1,7890000
0,7792900
0,7927200
1,7760800
1,7806600
1,7797000
1,7854800
0,8285800
1,7439200
1,7392700
1,7990300
1,7552800
0,7674400
0,7528100
0,7503600
0,7375200
0,7479600
1,7407600
0,7480000
1,7384700
0,7543800
0,7497100
0,7567100
0,7467300
1,7506800
0,7566400
1,7523700
0,7465900
1,7501500
1,7695800
1,7482000
1,7545000
1,7445200
0,7525000
0,7375000
1,7362000
1,7372100
0,7473400
1,7395500
0,8107300
0,7509800
1,7469900
1,7426700
1,7417200
0,7416800
1,7418000
0,7448500
0,7611600
1,7460200
1,7536400
1,7483900
0,7474300
1,7601100
0,7471700
1,7556400
1,7448200
0,7584100
0,7471100
1,7562000
1,7410900
0,7588600
1,7359000
0,8364000
0,8442700
0,9025700
1,8333000
0,8615200
0,8534500
1,9208900
1,8472100
0,8572200
0,8537700
0,7796600
1,7769800
0,7781400
1,7793700
0,7812500
0,7826600
0,7830200
1,7896700
0,7832800
0,7793300
0,7950300
0,7812500
0,7671300
0,7657200
0,7618000
1,7760700
0,7634300
1,7657400
1,7840400
1,7868200
1,7616400
1,7646100
1,7672000
1,7967400
1,7620300
0,7673600
1,7655400
0,7688700
1,7665600
1,7709300
0,7634300
1,7648700
1,7617900
0,7750100
0,7635200
0,7678800
0,7632000
1,7652700
0,7517500
0,7530200
0,7477300
1,7564900
1,7517300
1,7509300
1,7459300
0,7577600
0,7479700
1,7529900
1,7596200
1,7888700
0,7475900
0,7624800
0,7474100
0,7455500
0,7523200
1,7447300
1,7627700
0,7550600
0,8303900
1,7582900
1,7825000
0,7523300
1,7608100
1,7449400
1,7639100
0,7607600
0,7675000
1,7601800
0,7699900
0,7606900
1,7726300
0,7629200
1,7726600
1,7607800
0,7700300
0,7625800
1,7730500
0,7563800
0,7688700
1,7448400
0,7523700
0,7454100
1,7614200
1,7452800
0,7526800
1,7479300
1,7559500
1,7570800
0,7598600
0,7470300
0,7572900
1,7448800
1,7569900
0,7469900
1,7540900
1,7442700
0,7477300
0,7951200
0,7528600
1,7825900
1,7463600
0,7547200
0,7464300
0,7559400
1,7460000
0,7554000
1,7482000
1,7603600
1,7464700
0,7531800
1,7484300
0,7619100
1,7492400
1,7574100
1,7511500
0,7553700
0,7478400
0,7545200
1,7331200
0,7537500
0,7389700
1,7310200
1,8740400
0,8502700
1,8852000
0,7912600
1,7392300
0,7837300
0,7910900
1,8022200
0,7759700
0,7785900
1,7777100
1,7808200
1,7801700
1,8922700
1,8142900
1,8795500
0,7779800
0,7802900
0,7815800
1,7791200
1,7627100
1,7443500
0,7403600
0,7441800
0,7314200
1,7513200
1,7405300
0,7770200
0,7520900
0,7466900
1,7391500
1,7466400
1,7361700
0,7343900
0,7609100
0,7453700
1,7541400
1,7486400
0,7671600
1,7443200
1,7635700
0,7467200
0,7699600
1,7635500
1,7528800
0,7465400
0,7591400
0,7452100
1,7551200
0,7465800
1,7564200
1,7440700
1,7690100
0,7464100
0,7536000
1,7445300
0,8371000
0,7468700
0,7916600
1,7442600
1,7675300
1,7298600
1,7445500
1,7352700
0,7453400
1,7299100
0,7493800
0,7364200
0,7641900
0,7479700
0,7707400
1,7326900
1,7535600
0,7378100
0,7575000
1,8438500
0,7974900
1,7580500
1,7486600
0,7711100
0,7376500
0,7784800
0,7439300
0,7871900
1,7425500
0,7707600
1,7502800
1,7661600
1,7635800
0,7703200
1,7615900
0,7652600
1,7634900
1,7706400
0,7632600
1,7648900
0,7715300
0,7680000
1,7614600
0,7640800
0,7372400
0,7416800
1,7311100
1,7430400
0,7373100
1,7439100
0,7409800
1,7728500
1,7583500
0,7445100
1,7314000
0,7361900
1,7437600
1,7371900
0,7530100
0,7364700
0,8207000
0,8521100
0,8533600
1,8658500
1,7365100
0,7400400
1,8941900
0,8694000
1,8821600
1,8106300
0,7796500
0,7822700
0,7812000
1,7820400
1,7837000
1,8132700
0,7847700
0,7970400
0,7835100
0,7821000
0,7861200
1,7828700
1,7818000
1,7926400
0,7849100
1,7808600
1,7822200
0,7875500
0,7807000
1,7805500
1,7818800
1,7846900
0,7801000
0,7867700
1,7821000
0,7758800
0,7658100
0,9163400
1,7636800
1,7733200
1,7681100
1,7809100
1,8454300
0,7722900
0,7657200
0,7895600
0,7692600
1,7698500
0,7744500
1,8385300
1,7852900
0,8239900
1,7892500
0,7820500
1,7785500
1,7645500
0,7938000
1,7644900
0,7751200
1,7638500
0,7771000
1,7787800
0,8039800
0,7816200
0,7829500
0,7820400
1,8334800
0,8639000
1,7860900
0,7862900
1,7965000
0,7814800
0,7848300
0,7596000
0,7785600
0,7473400
1,7673700
0,7564600
0,7584200
1,7470900
1,7583900
1,7545400
0,7810500
1,7521300
1,7690100
0,7603700
0,7570000
0,7512600
1,7565700
1,7628000
0,7551300
1,7535900
0,7545600
0,7706100
1,7536200
0,8393900
1,7673900
0,7774400
0,7591300
0,7735100
1,7680100
0,7762200
1,7660900
0,7718800
1,7692700
0,7698900
0,7670400
1,7687600
1,7715100
0,7874000
1,7660900
0,7849800
0,7496500
1,7453300
0,7430700
1,7466800
1,7452000
0,7419200
0,7428800
1,7734600
0,7468200
0,7623500
1,7511600
1,7475700
1,7441800
1,7625700
0,7557000
0,7665400
1,7596600
1,7544300
0,7549500
1,7729800
1,7590100
0,7626100
0,7498600
0,7705500
1,7580800
1,7808100
0,7465500
0,7582800
0,7394800
1,7389500
0,7386700
1,7552900
1,7406900
1,7533500
1,7635200
0,8045700
1,8380900
0,8624300
0,8778100
1,7837600
1,7639100
0,7703500
1,7616200
0,7698500
1,7638100
1,7682800
0,7630700
0,7681700
0,7618700
0,7675800
1,7618600
0,8831200
0,7693200
0,7817000
0,7508800
1,7622200
0,7468200
0,7522200
1,7461900
0,7819800
0,7577800
0,7464800
0,7583800
1,7461900
0,7608300
1,7524000
0,7736900
0,7625600
1,7794100
0,7625500
0,7677900
0,7626300
1,7699000
0,7622000
1,7844300
1,7617100
1,7693800
1,7604400
0,7639200
1,7459200
0,7526400
0,7465100
0,7551300
0,7490100
1,7546400
1,7447600
1,7520200
1,7486700
0,8436800
0,7814700
1,7549600
0,7452600
1,7533100
0,7464700
1,8170600
0,7456700
0,7529100
1,7445300
0,7536000
0,7455200
0,7631300
1,7544300
1,7703200
0,7668800
0,7628200
1,7699200
0,8353400
0,7714100
0,7542400
0,7673100
0,7566900
0,7457800
1,7563600
0,7467300
1,7600800
1,7689100
0,7616200
0,7546700
1,7718400
1,7612000
0,7731000
0,8085400
1,7797200
0,7615000
1,7846900
0,7622500
0,7704500
1,7744700
0,7678900
1,7605000
1,7734300
1,7649400
0,7801000
0,7668100
0,7782700
0,7651600
0,7850200
1,7671100
0,7926000
1,7804800
0,7730700
0,7682800
1,7690000
1,7633800
1,7554400
0,7636200
1,7479400
0,7627300
1,7554700
1,7632900
1,7463100
0,7585200
0,7536900
0,7642300
0,7558300
0,7573000
1,7556500
1,7649600
0,7408400
0,7492200
0,7412800
1,7544800
1,7414600
0,7447200
1,7411300
0,7612700
0,7435800
0,7418400
1,7418800
0,7497800
1,7352100
1,7711200
1,7531500
1,7440100
1,7483400
1,7399400
1,7619800
1,7418300
0,7613400
1,7311600
0,7460700
0,7433400
0,7543500
0,7406400
0,7524500
0,7440400
1,7476000
0,7402400
0,7494300
1,7417800
0,8280000
1,8437700
0,7493200
1,7494300
1,7499600
1,7342100
0,7572000
0,7704100
0,7729500
1,7619100
1,7742800
0,7685900
1,7702000
1,7637100
1,8617300
1,7790700
1,7712900
0,7656200
1,7708200
0,7653800
0,7598300
0,7408100
0,7589300
1,7320100
1,7512700
0,7408000
1,7571100
0,7452200
1,7644600
1,8487400
0,8380600
0,9032000
1,8268600
0,8308500
1,8282900
1,8616300
1,8744400
0,8809900
0,7650700
1,7729600
1,7875200
0,7687900
1,7751500
0,7651200
1,7797700
1,7834500
1,7882000
1,7784600
0,7893500
1,7852900
0,7844800
1,7803300
1,7951700
1,7895300
0,7821800
1,7845500
0,7847800
1,7835500
0,7595800
0,7630100
0,7579400
1,7464000
1,7802800
0,7540000
1,7630200
1,7460000
0,7762900
0,7603400
1,8560900
0,7621200
0,7705500
0,7710300
1,7718700
1,7609000
1,7693300
0,7621500
0,7861300
0,7756700
0,7779600
0,7799400
0,7694900
1,7772900
0,7872800
0,7802200
0,7713600
0,7607100
0,7736800
1,7603200
0,7751300
1,7602900
0,7692500
0,7903000
0,7692800
0,7610800
1,7874500
0,7654900
0,7736700
0,7610500
0,7685600
1,7617500
1,7861900
1,7597600
1,7702400
1,7624500
0,7703800
1,7600800
0,7705600
1,7621200
1,7751800
1,7528100
1,8008600
0,8625300
1,8995900
1,8900800
0,7646700
1,7301200
0,7504500
0,7366500
1,7550600
1,7300600
1,7427300
1,7447800
0,7526800
0,7622100
0,7755800
1,7598500
0,7965100
1,8527500
0,7704700
0,7912100
1,7793200
0,7624500
1,7796200
1,7600300
0,7770900
1,7516300
0,7871200
0,8547300
1,7909400
0,7645100
0,7704600
0,7554800
0,7546900
1,7451400
1,7883400
0,7457100
0,7680100
0,7464700
0,7766900
1,7598900
0,7700000
0,7624100
0,7721000
1,7615900
1,7692900
1,7605600
0,7786600
1,7727600
1,7637200
1,8180600
0,7635800
1,7518500
0,7317100
1,7364500
1,7373700
0,7485500
0,7313900
0,7623300
0,7387600
1,7470800
0,7319100
1,7675100
0,7388300
0,7742100
1,7423600
0,7436500
1,7374100
0,7457000
0,7314600
0,8011800
0,8581300
1,7451200
1,7336000
1,7428900
0,7388000
1,7438500
1,7333800
1,7523200
0,7391600
1,7506500
0,7318100
1,7359200
1,7541200
1,7370200
0,7481600
1,7357300
0,7441300
0,7401200
0,7636300
0,7530100
0,7522800
1,7420800
1,7532500
1,7448000
1,7563200
1,7460000
1,7968500
0,7707900
0,7984300
0,7579000
1,7679900
0,7467300
1,7516600
1,7460800
0,7597700
1,7602200
1,7691300
0,7623600
0,7673300
1,7600800
0,7683200
1,7631200
0,7677000
1,7600700
1,7661700
0,7622500
1,7685000
1,7493500
0,7607700
1,7371300
0,7431200
1,7539700
1,7434700
1,7556400
1,7390800
0,7398000
0,7388300
1,8496700
1,7391100
0,7446200
1,7416500
0,7687600
1,7635900
1,7663500
0,7633800
0,7692500
0,7617200
1,7661300
0,7632200
1,7657600
1,7635200
1,7660000
0,7634900
0,7721100
0,7372700
1,7547700
1,7310600
0,7575400
0,7374400
1,7494500
0,7327900
0,8006200
0,7624300
1,7444800
1,7316300
1,7590500
1,7395900
0,7501800
1,7463500
0,7492400
1,7542200
0,7499900
1,7694700
1,7461000
0,7547800
0,7464800
1,8532500
1,7612300
0,7555400
0,7564600
1,7690200
0,7608900
1,7690300
0,7622100
0,7695400
0,7698500
0,7719700
0,7624600
0,7710500
0,7607700
1,7689400
0,7789500
0,7695100
1,7448900
0,7497900
0,7375100
0,7623300
0,7366500
0,7387100
1,7328400
1,7640500
1,7392900
1,7515300
0,7377300
0,7512000
0,7304900
1,7546800
0,7374600
0,7526100
1,7296900
1,7521000
1,8352500
0,8426400
0,9168700
0,8612700
0,9450200
0,8563500
0,8731000
0,7692800
0,7809900
1,7786600
0,7784800
0,7794500
0,7821300
0,7807800
1,7768100
1,7822600
1,7786900
0,7794900
1,7765400
1,7817700
1,7774000
0,7700400
1,7599300
0,7680900
1,7603600
0,7740200
1,7600100
0,7718400
0,7803800
1,7687700
1,7729300
1,7700500
0,7621100
0,7691500
0,7453500
1,8372500
1,7654600
0,7562800
1,7485000
1,7639300
1,7444100
1,8081000
0,8140200
1,8256300
0,8616700
0,7552700
1,7513800
1,7893400
1,7970000
0,8068600
1,7993400
0,7683000
0,7620000
0,8245600
1,8229200
1,8368700
0,8882500
0,7633800
0,7697500
0,7768900
0,7783400
1,7775100
1,7797300
1,7802800
0,7849400
0,7815300
0,7809300
0,7810800
1,7771500
0,7818800
1,7778000
1,7809300
0,7667900
1,7631600
1,7668400
0,7621300
1,7674600
1,7718700
1,7728400
0,8042800
0,7895000
1,7716500
1,7882700
0,8688400
0,7710200
1,7681100
1,7694400
1,7679800
0,7758700
1,7699800
1,7738500
0,7658700
1,7675400
0,7811000
0,7715200
0,7660000
1,7860800
0,7585400
0,7491100
0,7423500
0,7549900
0,7350300
1,7394400
0,8738300
0,7655200
1,7437200
1,7448800
0,7540400
0,7779700
0,8466600
0,7404600
1,7740400
1,7659200
1,7730200
1,7621700
0,7705400
0,7682500
1,7718600
1,7614800
1,7795100
1,7669300
1,7787500
0,7660900
0,7660800
1,7350800
0,7492000
1,7316100
1,7751400
0,7415000
1,7776100
0,7322500
1,7708700
0,7421100
0,7470600
1,7417900
1,7583100
0,7370400
1,7466300
1,7320000
1,8006700
1,7423300
0,8075400
1,7340600
1,7712700
1,7381300
0,7593700
1,7529200
0,8784700
1,7968500
1,7939600
0,7895500
1,7868700
0,7684400
0,7815300
1,7643500
0,7768200
1,7643400
0,7942000
0,7660100
0,7937100
1,7659200
0,7811900
0,7676300
0,7763900
1,7666100
0,7731100
0,7685600
0,7910300
1,7687000
1,7793100
0,7646400
0,8142000
1,7933400
1,7778400
1,7724800
1,7714200
0,7644600
1,7669300
0,7618800
0,7760000
1,7603100
1,7674400
0,7628900
0,7674700
1,7604200
1,7663300
0,7623200
0,7700400
0,7582000
0,7431800
0,7384100
0,7426600
1,7391800
0,7455800
1,7435700
1,7331100
0,7451700
0,7387100
1,7574500
0,7315500
0,7447800
0,7479800
0,7463200
1,7333500
1,7518600
1,7468900
1,7475200
0,7317000
1,7666500
1,7376500
0,8053600
1,7334600
1,7454400
1,7374100
1,7399300
1,7448500
0,7679800
1,7617600
1,7668300
0,7726200
1,7802100
1,7622700
0,7674600
0,7622700
1,7604700
1,7877700
1,7617100
0,7679100
1,7568400
0,7617100
1,7459000
0,7640500
0,7466300
0,8205600
0,7754600
0,7636400
1,7446800
0,7924300
0,7510100
0,8067000
0,7563200
1,8187600
0,7665700
0,8144100
1,7611500
1,7777900
1,7602100
1,7707700
0,7622700
1,7813700
0,7611600
1,7858000
0,7623300
1,7748400
0,7620500
0,7682800
0,7619500
1,7680900
1,7599100
1,7703200
0,7619900
1,9014200
0,7705500
0,7683900
1,7605800
0,7725300
1,7636900
1,7635700
1,7451100
1,7703600
1,7446900
0,8984800
0,8562700
1,8411600
0,7782700
0,7801100
1,8285400
0,8494400
1,8895700
0,8393100
1,7860600
0,7936700
1,7831700
1,7910400
0,7828600
0,7839700
0,7802400
1,7855300
1,7843400
1,7784300
0,8820700
0,8442300
1,7787500
1,7787500
0,7775200
1,7811100
0,7851600
0,7805800
0,7809500
1,7824400
0,7836800
1,7793400
0,7814200
1,7801500
0,7820000
1,7838400
1,7760500
0,7678800
0,7971200
1,7795700
0,7883600
0,7827700
0,7827200
0,7814500
1,7786300
0,7784000
0,7932900
0,7805400
1,7818500
1,7834000
1,7762800
1,7779000
1,7836300
1,7800900
0,7842600
0,7827700
0,7787600
0,7781300
0,7811400
0,7835300
1,7855000
0,7977600
0,7683900
1,7663700
0,7656800
1,7635900
0,7677300
0,7652200
1,8037700
0,7622600
1,7793200
1,7640300
1,7646900
1,7634800
1,7705100
0,7652200
1,7649000
0,7617300
1,7661100
1,7635900
0,7694100
1,7639400
1,7658300
0,7804000
0,7672600
0,7619900
1,7599300
0,7603100
0,7503700
1,7480200
0,7898700
0,7480800
1,7546900
0,7464600
0,7731400
1,7481100
1,7560000
0,7507500
0,8888600
0,7656900
0,8091800
1,7746000
1,8071000
1,7687100
0,7713700
1,7563500
1,8473100
0,8499400
0,8553900
1,8865700
0,8170200
0,7586900
0,7890600
0,7854500
1,7828500
0,7838400
1,7855700
0,7836100
1,7833800
1,7816200
1,7817400
1,7864500
1,7835900
0,7815300
0,7810400
0,7680600
1,7707400
1,7652800
1,9168100
1,7784200
1,7647700
1,7762100
0,7745600
0,7777300
1,7637000
1,7812400
0,7930000
0,7638800
1,7692500
0,7668600
1,7714400
0,7655700
0,7725100
0,7704100
1,7725500
0,7798300
0,7914700
0,7847500
1,7720900
0,7658500
0,7752900
0,7660500
1,7756700
0,7654700
0,7718400
0,7645900
0,7726900
0,7666900
0,7787800
0,7674200
0,7698200
0,7646200
0,7743200
0,7621700
1,7525400
0,7400000
1,7499800
0,7365500
0,7514700
1,7422800
1,7591600
0,7471200
0,7460800
1,7435100
0,8463500
0,7461800
1,7707600
0,7571800
1,7723100
1,7554500
1,7549500
0,7539900
0,7784500
0,7573300
1,7549900
0,7536100
1,7572900
0,7566300
1,7597600
1,7589100
0,7604000
1,7509400
0,7390300
0,7418400
1,7472700
0,7468100
1,7381200
1,7652500
0,7961000
0,7381000
0,7364700
1,7426900
1,7380400
1,7463100
1,7446600
0,7646700
0,7468700
0,7583800
1,7441600
0,7535800
0,7464400
1,7706900
0,7453600
1,7900600
0,7528900
0,7721000
1,7515200
0,7545100
0,7533500
1,7643700
0,7524700
1,7578700
1,7484100
1,7706800
0,7488700
0,7630200
1,7529400
0,7662800
1,7708300
1,7532400
0,7417600
1,7492200
0,7410900
1,7422800
0,7412700
1,7518000
1,7386100
1,7576300
0,7558600
1,7733200
1,7910800
1,8015700
0,8058100
1,7983600
1,7745800
1,7855900
0,7623400
0,7603700
0,7569800
0,7644100
0,7531200
0,7541500
1,7589200
0,7499200
0,7648700
1,7482000
0,7744500
1,7551700
1,7732800
0,7496000
1,7549000
0,7542500
0,7704000
0,7493000
0,7648600
0,7539700
1,7801300
1,7483600
0,7707900
0,7540400
1,7618400
1,7482200
0,7680500
1,7555600
0,7653000
0,7507400
1,7759700
1,7558000
1,7734100
1,7483300
0,7626600
0,7533800
1,7597300
0,7493600
1,7583500
1,7552900
0,7654000
0,7556300
0,7542400
0,7590400
1,7547300
0,7768200
1,7960200
0,8412700
0,8165200
1,8576400
1,8021700
0,7869200
1,7848100
0,7671100
1,7688000
1,7701400
1,7703000
1,7655500
0,7724000
0,7679400
1,8202000
0,8194400
1,7789400
1,7842900
0,8343600
0,8797600
1,7811300
1,7829400
1,7779000
0,7794800
1,7840700
1,7797600
1,7995500
0,7796300
0,7743700
1,7640100
0,7804800
1,7674800
1,8140100
0,8270600
0,7674400
1,7652900
0,8126700
1,7684200
1,7762900
0,7671200
0,7767700
0,7813300
0,7852900
1,7796400
0,7871600
0,7822200
1,7831400
1,7837600
1,7785800
1,7846200
1,8482200
1,7965900
0,7873200
1,7793200
1,7648900
1,7548600
1,7586100
1,7498900
0,7651100
0,7561600
1,7556500
0,7544500
1,7588500
0,7588300
0,7602200
1,7775600
1,10201400
0,7567900
1,7595200
1,7558500
0,7575100
1,7553200
0,7550000
1,7552300
1,7554800
0,7558600
0,7594000
1,7591300
1,7621500
1,7526100
1,7661100
1,7428800
0,7569000
1,7330000
0,7484300
0,7407200
1,7446400
0,7516600
0,7507800
0,7419800
0,7733000
0,8287000
1,7629500
1,7727800
0,7757100
0,7654100
0,8204500
0,7656000
1,7720600
1,7637600
0,7722500
1,7683000
1,7708500
1,7882000
1,7729800
1,7690100
1,7662900
0,7573900
1,7551500
1,7557200
1,7675500
0,7553800
0,7532400
0,7813200
0,7679300
1,7681300
1,7529100
1,7560900
0,7641800
1,7537400
0,7535400
0,7531700
1,7544500
1,7589700
0,7558900
0,7880100
1,7562800
1,7770500
1,7522700
0,7598100
0,7678700
1,8207800
0,8028300
1,8013100
0,8164100
0,7675500
1,7969300
0,7781400
1,8033400
0,8061200
0,7886000
0,7692100
1,7896500
1,8208000
0,8053200
0,8114300
0,8176700
1,7820700
1,7878700
0,7802500
0,7865800
1,7821900
0,7857200
1,7828100
1,7943600
0,7839300
1,7844200
0,7822300
0,7836000
1,7800400
0,7830500
0,7823400
0,7842500
0,7817500
1,7840400
1,7889600
0,7866600
0,7845100
0,7835700
1,7837500
1,7747100
1,7699300
0,7680900
0,7658800
0,7720400
1,7679700
0,7688400
0,7661300
1,7718500
0,7697000
0,7951400
1,7679600
1,7705700
1,7501200
0,7470000
0,7330300
1,7662000
1,7433600
0,7401900
0,7413300
0,7509100
1,7403000
1,7605900
0,7339000
0,7571500
1,7723400
1,7641100
0,7465300
1,7527400
0,7498100
0,7513900
0,7464900
0,7497800
1,7564800
1,7440700
1,7717300
0,7519600
1,7676100
1,7443800
1,7581300
0,7582900
1,7651400
0,7712100
0,7712200
1,7481500
0,7611700
0,7458400
0,7521200
0,7468100
0,7545300
0,7510600
0,7633100
1,7447300
1,7546800
0,7455500
1,7605500
1,7450200
1,8074300
1,7627200
0,7603400
1,7482600
0,7666800
0,7455300
0,7696900
1,8440400
0,8599900
1,7719600
1,7722200
1,7669700
0,7728700
0,7624200
1,7688900
0,7850100
0,8037800
0,7627100
0,8407400
0,7902100
1,7819400
0,10647000
0,10995800
1,10184300
1,8183200
1,10618400
1,7971500
0,7815200
0,7831000
1,7904200
1,7838800
0,7828900
1,8225600
1,9964400
1,7854800
1,7626800
0,7806100
1,7600700
1,7897400
0,7658300
0,7731200
0,7660000
1,7858300
0,7653500
1,7681400
0,7634400
1,7720400
1,7639100
1,7736700
1,7599300
0,7691100
1,7611700
1,7815900
1,7845800
0,7792000
1,7881600
1,7738700
0,7626900
0,7758200
1,7602500
0,7820200
0,7674500
0,7719400
1,7623000
0,8010900
1,7983000
1,8687500
0,8252300
0,7786100
1,7621800
0,8090300
1,7849700
1,7843900
1,7777200
1,7846600
1,7828100
0,7848900
1,7790300
0,7910200
0,7852800
0,7841000
0,7817700
0,8548100
0,7944500
1,7706600
0,7502400
1,7643100
1,7465700
1,7639100
0,7531200
0,7593000
0,7484600
1,7663000
0,7527600
1,7685100
0,7851600
0,7625500
1,7522300
1,10041300
1,7520600
0,7657100
1,7525700
0,7741700
1,7527100
0,7673600
0,7621000
0,7615300
1,7566700
1,7643700
0,7473800
1,7784600
0,7539300
1,7650200
0,7476100
1,7704300
1,7520200
0,7575800
1,7465000
0,7788900
1,7526500
0,7607400
1,7464200
1,7638200
1,8730500
0,7510200
1,7404400
1,7442200
1,7404500
1,7455500
0,8561200
1,7447900
0,7396200
0,7571900
1,7615600
0,7653100
1,8706900
0,7834600
1,7778600
0,7802500
0,7791200
0,7806000
0,7795900
1,7947000
1,7772900
0,7863300
1,7796800
0,7781500
0,7783700
1,7781700
0,7624500
1,7687600
0,7626600
1,7692900
1,7597200
1,7686700
1,7600700
1,7729300
1,7603900
0,7721200
0,7619800
1,7671300
1,7598400
1,7459400
0,7406400
0,7463100
1,7369100
0,7374000
0,7482400
0,7402900
1,7344100
0,7370900
0,7470000
1,7372200
0,7596200
1,7391400
0,7482100
1,7331400
0,7408300
0,7369500
1,7436500
1,7327500
0,7651300
0,7439700
1,7483000
1,7437200
0,7366800
1,7550500
0,7556400
1,7441200
0,7422900
0,7911600
1,7725900
0,7484500
0,7425900
0,7447600
0,7377700
1,7644500
0,7918700
0,7643400
0,7377700
1,7511200
1,7377900
1,7735300
1,7603100
0,7831300
1,7718900
0,7712300
0,7781600
0,7733500
0,7606300
0,7673600
0,7724100
0,7726700
0,7611800
0,7868300
0,7624400
0,7710400
0,7611400
1,7835700
1,7615700
0,7704200
0,7609100
1,7761400
0,7620900
0,7759300
1,7598200
0,7850600
0,7597000
0,7493400
1,7586200
1,7479400
1,7723200
1,7590100
1,7505900
0,7494100
1,7519300
1,7477800
0,7536500
1,7511100
0,8032700
1,8210300
0,8367700
1,8362800
0,8002700
1,8013200
1,8248400
1,7684400
1,7646000
1,7661000
1,7599200
1,7633800
1,7667800
0,7632700
0,7763900
0,7784200
1,7795100
1,7794100
0,7905500
0,7934000
0,7798100
0,7914300
1,7762500
1,7828700
1,7761500
0,7898500
0,7778700
1,7727600
1,7299400
0,7456200
1,7357900
0,7392600
0,7479900
0,7387200
0,8369000
0,8028200
0,7521100
0,7869400
1,7581400
0,7395100
1,7560700
1,7617100
1,7660000
0,7634600
1,7655400
0,7631900
0,7665300
0,7632500
1,7648000
0,7632700
1,7780500
0,7652900
0,7679300
0,7516100
1,7474600
0,7391200
0,7437900
0,7327500
0,7462500
0,7388000
0,7506400
0,7355100
0,7366200
1,8160100
0,7748700
1,7316400
0,7458300
1,7582100
1,7447200
1,7548700
1,7443400
1,7582800
1,7448500
0,7539700
1,7445000
0,7557100
0,7462300
0,7535200
0,7454500
1,7542700
1,7470100
0,7720100
0,8177100
1,7522700
0,7377100
1,7389300
1,7356700
0,7632800
0,7546800
0,7797300
1,7293800
1,8172000
0,8297600
0,8290200
1,8585600
1,8130500
1,7873600
0,8002500
1,7768500
1,7890500
0,7633900
1,7677300
1,7621500
1,8563300
0,7624700
0,7859000
0,7800000
1,7956000
0,7785100
1,8395200
0,7791300
1,7814600
1,7781700
1,7814100
1,7761200
0,7798100
1,7763700
0,7816700
0,7712300
1,7689500
1,7603700
1,8447500
0,7606300
1,7852000
0,7623000
0,7784100
1,7600100
1,7699100
0,7619200
1,7689600
1,7600300
0,7774100
0,7496100
1,7539100
0,7455400
1,7532700
1,7444200
0,7656200
1,7446400
1,7590800
1,7450100
1,7557800
0,7452700
1,7536900
0,7447300
1,7507100
1,7353000
1,7420800
1,7358800
0,7459700
0,7565300
1,7439300
0,7375900
1,7551700
1,7353500
0,7569500
0,7380400
0,7708400
1,7640800
0,7472200
1,8831900
0,7557500
0,7749700
1,7481300
1,7516900
1,7500000
0,7909300
1,7480100
1,7685100
0,7479300
0,7526300
0,7730800
1,7908300
0,7796000
0,7795900
0,7780500
0,7901100
0,7793300
0,7780700
1,7801100
1,7922800
0,7795700
0,7790300
1,7811300
0,7608000
1,7464300
0,7704000
1,7482000
1,7563300
1,7458300
1,7604800
0,7466500
1,7649800
1,7459800
1,7518500
0,7461100
1,7528600
0,7440600
0,7603800
0,7412700
0,7475000
0,7387100
1,7399100
1,7392300
1,7476100
0,7387300
0,7407900
0,7375300
0,7492900
0,7388700
0,7301000
0,7527400
1,7371700
0,7486500
1,7358500
0,7430500
1,7374800
1,7433400
0,7302600
0,8048400
1,7378800
1,7361000
0,7397400
1,7726700
1,7461600
1,7516900
0,7453800
0,8144200
1,7533000
1,7694500
0,7456400
0,7511800
1,7484100
0,7537600
0,7560900
1,7609700
0,7485000
0,7656100
0,7613500
0,7686000
1,7620400
0,7689400
1,7601500
0,7750100
0,7794000
1,7707200
0,7612200
1,7693000
0,7640200
1,7939500
0,7611900
0,7666400
1,7641300
1,7664600
1,7691300
0,7676400
0,7622200
0,7632200
0,7668200
0,7630400
0,7664200
1,7616500
1,7658100
1,7534000
1,7633400
1,7370600
1,7419300
1,7405100
1,7370300
1,7370300
1,7605200
0,7390900
1,7431000
0,7420100
1,7470800
1,7523200
1,7446100
0,7387600
0,7409800
0,7330100
0,7440200
0,7418100
1,7414800
0,7327300
0,7472400
0,7389800
1,7356200
0,7359400
0,7388900
1,7757100
1,7352200
0,7771600
1,7502500
1,8755100
0,7688500
0,7652000
0,7314800
0,7412200
0,7643900
0,7552700
0,7643700
1,7438600
1,7357800
1,7616500
0,7623000
1,7676700
1,7600400
1,7701400
1,7603100
0,7674200
0,7605300
0,7819700
0,7620600
0,7782900
1,7678700
0,7690500
0,7545100
0,7636700
0,7453600
1,7985000
0,7940400
1,8652600
0,8814500
1,7605200
0,7466700
0,7945800
0,8395000
1,8199400
1,8598400
0,7819800
1,7784800
1,7853700
0,7914800
0,8606600
0,7813500
1,7847800
0,7785400
1,7780000
0,7791600
0,7825300
0,7802800
1,7784300
0,7829600
0,7779800
1,7782800
0,7812700
1,7781200
0,7782200
0,7794200
0,7842400
1,8330400
0,7783800
1,7766700
0,7816100
1,7615000
1,7483300
0,7463600
0,8614100
1,8477300
1,8557300
0,7922100
1,7463700
0,7744200
1,7484100
1,7749900
0,7512700
0,7535800
0,7763300
1,7812500
1,7780800
1,7774800
0,7779400
0,7799800
1,7780000
1,7802200
1,7855600
1,7845700
1,7841300
1,7862700
1,7929100
1,8107500
0,7883800
0,8946400
1,7663200
1,7762900
1,7658000
0,7712200
1,7679600
0,7747600
0,7668600
0,7832200
0,7679000
1,7695100
1,7658400
1,7949900
1,7703200
1,7695800
0,7678000
0,7723300
1,7698800
1,7757900
0,7651900
1,7711800
0,7685300
0,7870500
1,7589300
1,7609800
0,7582900
1,7732200
1,7482000
1,7606500
0,7558500
1,7588700
0,7492600
0,7718400
0,7560700
0,7621200
0,7502500
1,7627400
0,7586800
1,7534800
0,7429400
0,7710800
1,7460100
1,7512500
0,7426700
1,7409100
0,7638900
0,7894700
0,9590300
0,7759300
0,7507000
1,7742000
1,7737500
1,7873800
1,8161600
0,7702600
0,7682200
1,7745700
0,7660500
1,8584800
0,7693200
1,7730600
1,7694500
0,7738000
1,7679600
0,7742900
1,7705000
0,8128300
1,7735000
0,8012900
1,8157900
0,8555700
1,7682200
0,7724700
0,7640600
0,7808100
0,7789600
1,8061200
1,7836700
0,7809600
0,7802700
1,7788700
1,7800700
1,7913000
1,7799400
1,7907800
0,7783700
0,7813400
0,7804100
0,7703700
0,7498100
0,7692100
0,7481600
1,7535300
1,7512400
1,10258200
1,7606800
1,8117300
1,7555600
1,7469900
1,7736600
1,7506700
1,7738800
0,7730600
0,7682300
0,7615900
0,7978700
0,8093000
0,7716500
0,7611600
1,7683500
0,7659300
0,7820000
0,7611600
0,7646100
1,7465800
1,7494200
0,7354700
0,7439800
1,7462300
0,7590400
1,7445600
1,7482000
1,7516700
1,7461100
0,7672300
1,7483700
0,7781200
1,7376200
1,7489200
1,7329700
1,7573700
0,7389200
1,7435500
1,7330700
0,7464900
0,7387800
0,8398800
1,8086400
0,7890500
0,7755700
0,7702100
1,7661300
0,7678800
0,7636700
0,7669100
0,7634400
0,7719000
0,7634300
0,7658500
1,7652800
1,8295700
1,8815600
0,7694700
0,7415200
1,7450500
1,7311400
1,7452200
0,7391700
0,7437500
0,7325200
0,7451300
1,7409000
1,7663400
1,7338200
1,7355900
0,7511300
0,7610700
1,7414800
1,7352300
1,7821000
0,8413700
0,7969500
0,7933600
0,7808600
0,7883800
1,8071800
0,8609300
1,7353000
0,7377200
1,7855400
0,7725100
0,7690500
1,7604800
0,7700400
1,7617000
0,7658600
1,7604700
1,7670000
1,7612200
1,7826300
1,7603000
0,7677500
0,7499300
0,7471400
0,7317800
0,7443500
0,7400400
1,7424700
1,7357900
0,7524400
0,7412200
0,7473700
0,7378000
0,7411600
0,7379100
1,7842200
1,7890200
1,7511600
0,7440600
1,7739200
0,7377100
0,7669400
0,7371500
0,7397900
1,7358100
0,7435500
0,7370600
1,7437500
1,7408800
1,7618200
1,7675500
0,7618400
1,7785800
1,7618200
1,7675700
0,7622100
0,7675500
1,7844300
0,7769300
0,7619600
0,7682800
1,7625000
1,7558700
0,7462700
1,7629900
1,7499500
1,7626600
1,7484800
0,7887800
0,8281800
0,8335900
0,8553300
0,7742200
1,7529500
0,7577100
0,7620200
0,7710900
1,7636200
1,7729100
0,7681700
1,7706500
1,7678100
1,7754500
1,7676100
0,7743300
0,7652500
0,7656000
1,7740800
0,7681200
0,7492300
1,7524300
0,7465000
1,8285000
0,7510600
0,7503200
1,7482800
0,7755900
0,7519200
0,7804500
0,7719600
0,7808800
0,7606400
1,7627100
1,7517500
1,8603600
0,8937400
1,8679600
1,9083100
1,8687600
1,8705400
0,8304700
1,8498400
0,7563200
1,7795900
1,7759600
1,7840300
0,7783800
0,7811400
1,7759500
1,8241600
1,7762800
1,7792000
0,7769500
1,7842000
0,7800500
1,7757300
1,7598300
0,7677300
1,7603800
1,7675500
0,7605800
1,7731300
1,7601400
1,7682400
1,7693800
1,7775600
1,7724600
0,7679900
1,7565700
0,7587300
1,7449500
1,7544500
1,7441500
1,7557000
0,7466600
1,7547600
0,7453900
0,7598800
1,7496900
1,7499500
1,7490900
1,7569300
1,7434500
0,7358200
0,7515400
1,7425600
0,7484000
0,7510800
0,7380400
0,7389400
0,7448800
1,7311600
0,7507600
0,7387700
0,7722000
0,7357100
0,7683500
0,8309000
1,8689100
0,7980600
1,8445200
1,8421900
1,9238000
1,8039700
1,9068600
1,9057400
1,7362600
1,7614800
1,7763300
1,7801400
0,7786900
0,7956900
0,7773500
1,7812300
0,7783900
1,7796300
0,8375500
0,7794100
0,7789400
0,7813900
1,7466400
1,7492000
0,7378200
1,7443300
1,7599400
1,7333100
0,7447900
0,7402000
1,7812400
0,7374900
0,7501500
1,7663700
1,7519100
0,7416500
0,7664600
0,7538300
1,7589300
0,7482600
1,7616200
1,7557700
0,8122700
1,7497100
0,7706800
1,7539200
1,7605000
0,7560200
1,8029900
0,7690600
1,7712500
0,7655100
1,7736400
1,7672000
0,7717000
0,7655000
1,7831600
0,7657700
1,7690400
1,7677500
0,7751200
1,7542700
1,7589100
0,7397700
0,7544600
0,7408700
1,7392800
0,7561000
1,7419100
1,7523100
0,7393400
1,7505500
1,7423900
1,9000800
1,7538800
1,8019700
1,7612000
1,7721800
0,7472600
0,7569700
0,7559600
0,7697700
1,7464200
1,7584500
0,7554900
1,7716300
1,7472000
0,7872800
1,7662000
1,7711000
1,7624000
0,7717200
0,7673000
1,7807800
0,7651300
1,7709500
0,7858000
0,7987600
1,8452200
1,7870100
1,7594100
0,7612900
0,7496200
1,7818200
0,7481700
1,7702500
1,7512700
1,7669700
0,7486000
1,7606000
1,7519200
0,7662200
1,7473900
0,7662500
1,7395900
0,7507100
0,7342500
1,7523600
0,7409100
1,7486800
1,7314900
0,7485700
1,7396100
1,7452400
1,8426800
1,7467600
0,7404300
1,7452200
1,7590900
1,7418400
0,7530500
1,7455200
0,7513800
0,7415100
0,7608000
1,7457000
1,7531900
1,7399000
0,7496100
0,7471200
1,7480500
1,7640600
0,8226100
1,7561800
0,7672200
1,7514800
0,7442800
0,7426100
0,7644500
1,7835100
1,7478900
1,7549800
1,7570000
1,7541500
1,7701900
0,7686100
0,7720000
0,7650400
1,7710200
1,7689500
0,7715700
0,7670200
1,7713600
1,7722000
0,8403800
1,7993700
1,8553900
0,8022600
1,7753900
0,7680700
1,7729900
1,7657900
0,7703600
0,7673500
0,7722700
0,7644300
1,7746700
0,7673800
1,7966500
0,7665500
1,7690700
0,7670400
1,8644300
0,8208900
0,8122100
0,7650000
0,7732500
0,7662300
1,7728000
0,7643600
0,7705300
0,7664900
0,8138000
0,7421700
0,7489400
0,7417400
1,7465000
0,7447300
1,7524600
1,7435200
1,7450700
1,7351700
0,7642200
1,8668900
0,8383800
0,7679700
1,7747800
0,7641500
1,7767300
1,7679700
1,7877200
1,7733500
0,7721200
0,7700300
0,7700100
1,7658600
0,7740600
1,7682400
1,8000900
1,8763500
1,7820400
0,7926900
0,9827800
1,8792200
0,7912600
1,7765300
0,8013700
0,7787100
0,7823100
1,7658700
0,7726800
1,7657300
1,7738900
0,7670900
0,7731500
0,7650800
1,7814400
0,7674000
1,8040700
0,7685200
0,7709600
1,7660800
0,7709000
0,7679500
1,7830900
1,7664300
1,7888000
0,7681100
0,7725900
1,7639700
1,8083500
0,8029600
1,7804100
0,8006300
1,7709500
0,7694200
1,7918000
1,7936000
1,8967200
1,8014300
0,7745900
1,7656800
0,8184800
1,8471200
0,8494900
0,8637700
0,7680100
1,7754800
1,7724700
1,7956200
0,7864500
0,7852300
0,7830500
1,7822900
1,7814000
1,7843900
1,7844300
0,7999700
0,7806400
1,7842200
1,7812500
1,7792300
0,7646600
1,7714400
1,7642900
1,7768200
0,7644500
1,7727100
1,7647600
1,7746800
1,7644000
1,7661200
1,7853100
1,7682600
1,7642500
1,7553600
0,7583300
0,7566200
1,7602700
1,7556400
1,7558400
0,7569200
0,7604700
0,7644700
1,7537100
0,7574700
1,7909400
0,7467200
0,7553700
0,7496100
1,7537300
0,7466300
0,7614400
0,7484900
1,7514100
1,7481000
1,7513900
0,7494200
1,7796200
0,7496500
1,7537200
0,7474500
1,7417700
1,7488900
0,7408900
1,7409400
1,7354500
0,7452400
0,7315900
1,7481500
0,7365800
0,7485800
0,7517900
0,7534400
0,7368100
0,7446600
1,7296500
0,7891000
1,7357200
0,7572500
0,7316100
0,7502700
1,7317500
1,7395200
1,7300400
1,7641500
0,7366900
0,8308000
0,8646900
1,7689700
1,7512500
0,7501200
0,7357300
0,7625900
0,7391600
0,7508300
1,7817400
0,7544400
0,7730500
0,7597900
0,7569400
1,7716900
1,7638500
1,7823200
1,10779200
0,9578000
0,7656100
0,7738800
0,7786500
1,7883900
1,7764200
0,7811400
1,7637700
1,7990300
0,7654300
0,7971600
1,7627600
1,7724300
1,7653400
1,7761300
1,7799000
0,8082700
1,7657300
0,7740900
0,7684100
1,7757200
0,7666200
0,7902400
0,7705700
0,7873100
0,7639800
1,7813900
0,7726100
0,7769900
0,7633400
0,7783400
1,7649900
0,7746400
0,7647500
1,7809700
1,7637500
1,7720000
0,7687000
0,7719000
1,7645800
0,7720400
1,7659200
1,8072500
1,7647700
0,7766400
1,7662500
1,7717400
0,7662500
1,7762200
1,7664600
1,7864100
0,7828900
1,8009900
0,7687800
1,7735200
1,7687300
1,7726400
0,7833100
1,7979100
1,7605300
1,7703100
1,7601900
1,7841200
0,7675800
1,8141300
1,8085100
1,7691600
1,7601800
0,7756700
1,7598300
1,7798000
0,8158100
1,8192200
0,7657300
1,7777300
0,7620100
0,8069500
1,7600200
0,9249500
0,7619000
0,7926500
1,7601600
1,7690800
0,7641800
0,7678500
1,7444900
1,7557600
1,7501300
0,7536300
1,7441300
0,7543100
0,7480300
0,7619500
1,7443100
1,7569200
0,7479400
1,7680000
1,7696500
0,7463800
1,7329300
1,7460900
1,7354100
0,7720800
1,7460700
0,7624300
1,7356500
0,7496800
0,7331700
1,7434600
0,7366500
1,7593700
1,7581100
0,7387200
0,7456500
1,7420200
1,7624800
0,7389200
1,7816100
0,7421800
1,8400700
0,7708800
1,7788600
0,7926400
1,7711200
1,7691100
1,7709700
0,7660600
1,7716100
1,7660900
1,7680900
1,7679600
1,7755600
0,7669400
1,7716200
1,7761500
0,7988900
0,7865700
0,8260700
1,7805000
1,7877900
1,7678900
0,7707800
0,7683900
0,7724400
1,7659500
1,7694100
1,7672300
1,7828700
0,7674300
1,7713800
0,7671200
1,7699600
0,7675100
0,7907300
0,7681600
1,7696100
0,7661700
0,7819600
1,7701800
1,7750800
1,7637100
1,7711900
1,7704200
0,7731000
0,7654600
1,7717900
0,7694000
0,7773000
1,7640100
1,7736100
0,7767900
1,7709300
1,8127000
0,7707800
0,7656900
0,7720200
1,7664500
1,7725100
1,7677700
1,7723100
1,7664400
0,7766400
0,7636500
1,7841100
1,7658400
1,7697400
0,7640100
1,8003400
1,7740700
1,7796900
0,7659800
1,7695200
1,7662100
1,7917500
0,7664000
0,7697800
0,7671800
1,7807700
1,7676100
1,7763400
1,7660600
0,7997100
1,8294100
1,7702400
1,7659900
0,7734600
0,7654100
0,7743800
0,7689700
0,7708500
1,7719300
1,7795100
0,7699300
1,8040500
0,7813700
1,8015300
0,7620300
1,7596800
1,7501300
0,7552500
1,7908000
1,7527100
1,7562100
0,7542900
0,8450100
0,8468900
0,9046500
0,8540500
1,7782300
0,7853300
0,7778600
1,7823800
1,7777700
1,8068000
1,7806500
0,7803900
0,7795400
1,7777200
1,7799500
1,7795100
0,7820500
0,7678400
1,7637800
0,7803200
1,7621100
0,7651000
0,7720400
1,8071600
0,7701400
1,7927100
0,7637600
1,7764900
0,7647500
0,7676100
0,7664600
1,8085000
0,7747900
0,7665000
1,7656700
1,7650900
0,7632000
1,7729900
1,7657700
1,7725400
0,7632900
1,7642600
0,7635100
1,7650300
1,7616600
0,7654800
0,7631300
0,7692900
0,7633700
0,7707000
0,7635900
0,7699100
0,7634000
1,7652700
1,7571400
1,7482600
1,7311500
1,7403900
0,7387300
0,7489400
1,7312800
0,7408800
0,7389500
1,7360200
1,7407100
1,7353700
0,7559200
1,7356900
0,7565000
0,7365100
0,7699200
0,7379900
1,7506400
0,7368400
1,7596900
0,7471800
1,7390800
0,7365800
0,7911400
1,7358000
0,7510100
0,7394400
1,7588300
0,7691400
0,7564000
1,7510600
1,7591500
1,7449500
0,7547200
0,7522900
0,7481300
0,7542800
0,7477600
1,7760100
0,7534700
1,7593400
1,7462200
1,7580400
1,7497400
0,7606900
0,7582600
1,7492200
0,7481100
1,8512000
0,8455500
0,8505600
1,8308500
1,7495400
1,7759800
1,7674400
1,7638900
1,7661600
1,7617100
1,7696500
0,7618900
0,9023700
1,7617800
1,7698600
1,7637700
1,8379900
0,7861200
0,7474400
1,7481300
1,7520800
1,7493100
1,7511800
0,7462200
1,7500800
1,7462000
1,7675600
0,7461500
1,7522900
1,7462600
1,7569300
1,7428800
1,7561500
0,7358000
0,7460600
0,7376100
1,7389000
1,7372900
1,7531600
0,7422100
0,7400000
0,7388900
1,7601500
1,7389800
1,7476300
0,7420200
0,7583700
1,7388000
0,7363200
0,7386800
0,7381300
1,7589400
1,7299900
1,7664200
1,7456000
1,7569900
0,7348700
1,7723900
1,7542800
0,7607400
0,7537800
1,7607500
1,7466200
0,7534400
1,7447300
0,7537800
0,7470900
0,7674400
0,7466200
0,8064700
1,7886500
0,7661000
1,7602000
1,7713300
1,7613700
0,7802100
1,7603900
0,7702300
0,7650600
1,7681500
1,7598400
0,7697200
1,7599600
1,7702100
0,7441600
0,7915200
1,7483200
1,7730000
1,8616400
1,8549100
0,8824800
0,10253900
1,10105200
1,8596400
0,8691300
0,7400300
1,7691900
0,7630600
1,7687000
0,7624300
1,7692300
1,7619500
0,7675000
0,7617400
0,7641000
0,7953400
0,7613200
1,7933200
0,7628700
0,7717700
1,7596400
1,7716900
0,7623400
0,7770200
0,7609200
1,7700000
0,7620200
0,7676200
0,7608200
0,7690300
0,7813700
1,7729200
1,7442400
1,7592700
1,7452300
1,7586900
0,7533700
1,7662000
0,7489600
1,7664600
0,7516700
0,7616900
0,7481000
0,7609600
0,7527200
0,7963100
1,7315400
1,8270000
0,7685900
1,7638200
1,7468300
1,7485000
1,7403600
1,7598700
0,7424200
1,7460100
0,7399000
1,7827000
1,7540500
1,7695200
1,7642000
0,7860000
1,7644600
0,7736800
0,7653600
0,7802100
1,7646600
0,7734600
1,7616700
0,7764700
0,7657400
0,7626000
1,7316100
0,7424000
1,7482600
0,7425600
1,7464500
0,7587400
1,7520100
0,7399300
0,7451300
1,7478900
1,7494100
0,7428700
1,7541200
1,7639700
1,7506700
1,7419600
0,9339600
0,7486900
1,7463000
1,7396200
0,7391500
1,7688200
1,7474800
1,7653700
1,7445400
0,7456200
0,7583400
1,7538900
1,7560100
0,7543800
0,7597000
1,7635600
1,7775400
0,7478700
1,7720900
1,7545000
1,7628400
0,7489900
0,7697600
1,7570300
0,7608800
0,7488000
0,7612700
1,7538600
1,7825300
1,7873900
1,7670800
0,7630000
1,7574100
0,7488900
0,7964800
1,7964800
1,8125800
1,8048400
0,7900200
1,7661600
0,8010200
1,7949500
0,8055200
0,8077100
0,7723400
1,7675100
0,8041600
0,8144600
0,8610100
1,7862200
1,7821800
0,7962300
0,7845500
0,7804000
1,7842900
0,7881000
1,7811600
1,7831500
0,8369600
1,7849700
1,7955900
1,7838400
0,7860800
1,7833500
0,7817900
0,7826500
0,7847100
0,7841100
1,7800900
0,7824600
0,7847700
1,7829100
1,7785200
1,7864000
1,7407200
1,7487700
0,7328100
0,7418700
1,7662800
1,7398800
0,7444700
1,7435500
1,7512400
1,7413800
1,7398100
1,7433600
1,8175700
1,8512200
1,8161500
1,8383100
0,7618200
0,7555200
1,7728000
0,7483600
1,7568300
1,7530400
0,15606800
0,7878900
0,7524900
0,7996500
1,7840500
1,7943200
0,7827300
1,8355900
1,7824800
0,7893600
1,7784400
1,7845600
1,7821600
1,7872700
0,7825200
1,7751400
0,7542300
0,7607200
0,7545100
0,7574100
1,7504700
0,7718700
0,7540300
0,7588300
1,7547000
1,7632500
1,7527200
0,7565000
1,7547300
0,7607600
1,7508600
0,7474100
1,7400000
0,7528400
0,7421500
1,7457600
1,7403600
1,7494000
1,7837700
1,7794500
0,7792900
1,8230200
0,9216900
1,7881700
1,7804800
0,7806300
0,7823600
0,7894800
1,7810900
0,7936000
1,7810000
0,8000300
1,7801500
1,7868200
1,7619800
0,7768100
1,7402100
1,7892100
1,7341100
1,7650400
0,7409100
1,7502300
0,7350200
1,7425800
1,7711600
1,7429500
0,7501700
0,8527900
0,7582900
0,7637700
1,7744100
1,7481500
0,7668200
0,7535600
1,7595200
0,7498400
1,7597700
0,7533300
1,7611600
0,7494400
1,7604200
1,7557800
0,8177400
1,7489800
1,7615900
1,7557000
1,7628600
0,7497700
1,7610700
0,7542300
1,7842300
1,7691800
0,8534700
1,7587600
1,7715800
0,7719200
1,7994800
0,7833200
0,8794100
1,7843500
0,7927700
1,7773800
0,7721300
0,7680300
1,7689200
0,7803400
0,7786000
0,7954600
0,7819100
0,7852000
1,7830400
0,7815300
1,7821000
1,7881500
0,7859900
1,7806900
0,7951400
1,7859000
1,7812700
0,7844100
0,7568400
0,7555200
1,7640800
1,7534500
0,7552600
0,7630400
0,7603000
0,7554200
1,7641900
1,7555300
0,7675800
0,7551400
0,7640600
1,7505200
1,7639900
0,7554300
0,8074500
1,7748900
0,7743800
1,7572900
0,7740300
1,7504500
1,7902700
1,7542400
1,7622400
0,7714400
0,7732300
1,7662100
0,7673600
0,7716000
1,7628700
1,7711300
1,7673200
1,7788300
1,7620900
0,7741500
0,7667000
1,7798500
1,7484800
1,7686300
1,7422000
0,7568200
0,7332200
1,7589700
0,7431700
1,7508800
1,7325400
0,7493300
1,7772200
1,7776900
1,7325400
0,7617000
1,7665000
1,7804600
0,7628400
0,7684500
0,7627900
1,7698300
1,7606300
1,7744100
1,7604600
1,7735500
1,7605500
1,7681200
1,7610900
1,7805000
1,7443500
0,7596700
0,7452800
0,7612800
0,7464800
0,7544400
1,7440900
0,7599400
0,7464100
0,7574200
1,7443200
1,7597200
1,7477000
0,7391400
1,7428400
1,7420200
1,7451700
0,7340000
0,7611200
1,7394500
1,8821300
0,7569400
0,7693500
0,7468700
1,7447300
1,7445500
1,7510600
0,7462600
0,7866200
1,7556700
1,7553800
1,7565000
1,7603200
1,7578100
0,7961000
1,8029100
0,7608000
0,7569600
1,7660500
1,7657200
0,7739700
1,7678700
1,7713300
1,7658100
1,7760900
1,7680000
1,7703700
1,7656700
0,7729800
1,7676500
1,7838700
0,7609700
1,7557700
0,7573200
0,7634100
1,7551300
0,7652000
0,7568500
0,7769100
0,7533000
1,7680000
0,7578900
0,7587100
1,7554000
0,7558200
0,7784600
1,7601400
0,8493000
0,8518600
1,8436600
1,8159100
1,7700600
1,8066800
1,7589900
1,9540500
1,7691900
1,7904500
1,7829300
1,8086200
0,7841500
0,7850400
0,7842700
1,7865600
0,7830800
0,7848300
1,7822900
0,7864100
0,7829700
0,7883900
0,7903400
1,8232000
1,8610900
1,8132600
0,8911800
0,7683100
1,7713000
0,7655700
1,7774000
1,7661600
0,7719500
0,7661000
0,7914700
1,7836200
1,7907200
1,7784100
0,7873600
1,7823800
0,7842200
0,7803200
1,7842100
0,7830800
1,8367700
1,7886000
1,7833800
1,7779800
1,7756400
1,7641900
1,7844900
1,7621400
0,7711200
0,7658500
0,7821100
1,7615600
0,7716400
0,7665200
1,7761200
0,7635400
0,7740400
0,7514800
0,7497100
0,7326000
1,7649500
1,7400500
1,7567400
0,7324400
1,7475900
0,7422000
1,7428600
0,7450400
1,7434100
0,7560700
0,7659900
1,7548200
0,7329700
1,7662300
0,7464200
0,7421600
0,7558100
1,7497000
1,7429200
1,7449200
0,7422000
0,7471000
1,7536400
0,7393600
1,7434000
0,7653200
1,7532800
1,8013600
1,7836500
0,7644400
0,7568400
1,7488100
0,7336000
0,7898400
1,7479000
0,7631000
1,7469700
1,7711700
1,7698200
0,7717600
1,7662700
1,7710800
1,7677200
0,7714300
0,7655800
0,7696900
0,7689100
0,7735100
0,7829800
1,7708300
1,7415800
0,7478300
0,7396200
1,7402700
0,7453000
0,7407600
0,7595900
0,7330900
0,8139700
1,7897300
0,9141800
1,8513100
1,8396800
1,8007500
0,7779000
1,7744500
0,7679600
1,7859000
0,7665900
0,7749900
0,7674400
0,7710000
0,7662300
1,7743200
1,7661900
1,7703800
1,7664100
1,7928000
0,7890300
1,7751500
1,7746500
1,7764300
1,7659900
1,7696600
1,7701600
0,7724500
0,7672400
1,7834200
1,7695000
1,7757900
0,7671000
1,7690300
0,7685600
1,7732700
0,7652700
0,8062000
1,7718600
0,7742100
0,7857400
1,7731900
0,7679800
1,7894000
1,7739000
0,7719200
0,7704400
1,7689900
1,7664500
0,7797500
1,7703800
1,7700600
0,7889300
0,7740000
1,7788700
1,7702900
0,7671900
0,7733300
1,7658200
1,7696100
1,7668100
1,7711300
0,7641700
0,7725200
0,7681600
1,7713800
0,7662800
0,7721300
1,7653000
1,7661800
1,7599700
1,7605700
1,7537200
1,7623700
0,7540100
1,7667200
0,7961500
0,7606600
0,7531300
1,7470800
1,7559200
0,7551900
0,7580000
1,7320300
1,7434500
1,7410100
0,7549300
0,7474200
1,7463400
1,7435900
1,7641300
0,7329400
1,7537400
1,7400200
1,7511200
1,7315400
0,7477900
0,7494900
1,7572500
1,7313300
1,7549800
1,7421000
0,7704600
0,7340800
0,7500300
1,7615300
0,8071800
0,8131200
1,7987800
0,7715500
0,7742400
0,7663400
0,7817300
0,7672200
0,7721100
0,7662100
0,7728500
0,7652300
1,7838000
1,7648400
0,7797800
1,7722700
0,7625800
1,7520600
1,7577200
1,7459600
0,7630300
0,7543600
0,7754300
1,7469100
1,7559900
0,7606100
0,7536900
1,7538400
1,7568500
1,8470800
1,7522400
0,7483000
1,7351500
0,7524600
0,7438700
1,8696700
0,8724500
0,8514900
0,8429600
1,7449800
0,8602600
1,7527500
0,7742400
0,7646800
1,7781400
1,7686300
1,7724700
1,7641600
0,7756900
1,7663000
1,7732500
0,7642300
1,7722200
1,7663900
0,7630300
1,7519300
0,7727800
0,7560600
1,7532200
0,7569500
1,7625200
1,7602700
1,7540100
0,7562100
1,7556900
0,7636700
0,7550800
0,7551900
1,7583100
1,8470400
0,7543800
0,7532600
0,7505500
1,7455100
1,7479900
1,7545700
1,7349600
1,7728400
0,7474400
1,7806600
1,7445600
0,7737500
1,7661200
1,7820400
0,7619800
1,7702200
1,7618600
0,7667800
0,7615700
1,7803000
0,7720300
1,8186100
0,7635200
0,7669500
0,7516700
1,7513100
0,7482400
0,7553600
0,7479900
1,7538000
0,7477100
1,7586800
0,7479500
0,7533500
1,7499800
0,7465800
0,7559700
1,7354100
1,7489500
0,7477300
1,8324600
0,8451200
1,8707700
0,8670400
0,7328500
1,7662000
1,8505100
1,8607100
1,8713300
0,7892800
1,7798100
1,7809100
0,7825000
0,7855900
1,7881000
1,7788000
1,7779500
0,7821000
0,7784300
0,8013200
0,7800700
0,7884200
1,7800800
0,7814900
1,7778800
1,7807100
1,7797300
0,7799200
0,7804200
0,7780800
1,7796400
0,8018600
1,7701300
0,7720800
0,7826300
0,7813800
0,7651000
1,7655200
1,7637600
1,7793300
1,7634500
0,7659500
1,7634000
0,7682200
1,7653200
1,7653300
0,7619700
0,7688800
1,7821400
1,7452100
0,7345000
1,7420300
0,7407600
0,7395700
0,7507200
0,7606800
1,7493200
1,7641600
0,7363000
1,7717200
0,7514700
1,7481500
1,7484700
1,7506400
1,7479300
1,7481600
0,7833200
0,8109700
1,8634300
0,8270900
1,8516200
1,7830500
1,7775300
1,7839200
1,7638700
0,7845900
1,7618800
0,7712700
1,7638200
1,7820500
1,7622500
0,7672700
0,7617900
0,7702300
0,7635800
1,7688900
0,7944400
1,7698400
0,7626100
0,7598900
0,7468300
1,7538600
1,7464500
0,7513300
1,7483900
0,7528300
1,8172000
1,7858900
1,7935700
0,7527500
1,7798100
0,7612400
1,7696300
0,7621800
0,7689200
1,7599800
0,7717600
1,7611400
0,7693600
0,7608200
1,7735600
1,7599800
0,7732400
1,7381000
0,7480800
0,7379100
0,7433400
1,7360200
0,7491400
1,7396400
0,7601000
1,7356000
0,7388700
1,7357600
0,7531200
1,7327600
1,7443900
1,7359100
0,7493200
0,7463000
0,7417900
1,7373500
1,7376300
1,7510900
0,7320800
0,7456200
0,7389100
0,7463300
0,7315500
1,7511400
0,7386300
0,7500500
1,7330500
0,7515500
0,7389300
0,7429000
0,7316700
1,7528700
1,7496700
0,7513400
0,8275300
0,7857900
1,7410900
0,7600300
1,7657700
0,7686000
1,7619800
0,7668800
1,7652800
0,7705400
1,7619400
0,7672200
1,7653900
0,7689200
1,7618400
0,8201800
0,7577700
1,7948400
0,7917200
0,7608500
1,7580600
0,7515800
1,7462000
1,7514800
1,7518700
0,7585800
0,7473900
1,7654000
0,7479100
1,7537600
1,7907200
0,7571000
1,7500300
1,7513700
1,7463600
1,7446600
0,7567800
0,7463800
0,7616200
0,7456500
0,9494600
0,9081800
1,8169800
1,8094000
1,7641500
1,7663400
0,7634200
0,7756000
1,7637900
1,7657600
0,7630200
0,7713400
0,7622900
1,7663100
0,7669700
0,7687200
0,7619400
1,7673100
0,7634300
0,7690800
1,7639800
1,7765800
0,7630400
0,7689000
0,7614600
0,7679200
1,7616400
1,7700400
1,7456000
1,7846300
0,7388300
0,7719900
1,8419300
0,9028000
0,7348100
0,7441000
0,7373400
0,7499800
0,7636400
1,7738400
0,7373400
1,7575500
0,7787900
1,7599800
1,7698900
1,7603900
1,8045100
0,7615800
1,7689900
0,7633200
0,7709300
1,7607000
0,7680500
1,7610800
0,7725500
0,7615400
1,7705100
1,7601900
1,7697500
0,7610700
1,7695200
0,7619000
1,7825400
1,7599800
0,7677700
0,7622600
0,7708800
0,7433600
0,7463800
0,7380000
1,7490500
1,7359100
0,7390600
1,7518800
1,7515400
1,7352600
0,7946000
0,7377900
0,7512700
0,7368200
1,7389200
0,7377800
0,7588800
0,7379200
0,7376100
0,7548800
1,7391800
0,7464100
0,7316200
0,7609900
0,7402100
1,8309200
0,7320300
0,7551200
1,7657000
1,8320200
1,7641300
1,7663900
1,7634800
1,7749700
0,7618900
0,7675700
1,7633000
0,7665800
1,7634700
1,8412000
0,8533600
1,7702400
1,7642900
0,7699200
0,7632800
1,7657800
0,7615900
0,7698000
0,7633200
1,8158300
0,7663600
1,7746300
1,7618700
0,7804800
0,7831700
0,7751300
0,7636200
1,7653100
0,7621700
1,7683100
0,7633000
1,7664200
0,7620100
1,7677100
1,7618300
0,7846800
1,7969900
1,8330400
1,7513100
0,8594100
0,10238000
1,7735800
1,7463100
1,7531400
1,7501300
1,7523200
0,7478100
1,7563700
0,7481500
0,7536200
0,7477700
0,7572900
1,7528500
1,7991300
1,7938900
1,8864300
1,9033300
1,8233000
1,8718200
0,7792400
1,7482600
1,7713700
1,7779400
1,7805000
1,7821400
0,7882700
1,7798800
0,7849100
0,7822700
0,7800100
0,7805800
0,7952800
0,7784200
1,7784600
0,7820500
0,7793700
0,7775800
0,7804800
1,7825400
1,7970800
1,7880300
0,7785300
1,7989900
0,7790200
1,7824600
0,7815700
0,7836100
0,7712300
0,7620400
1,7709400
1,7643100
0,7722200
1,7634700
1,7669800
0,7653800
0,7659600
1,7635100
1,7672300
0,7644800
1,7643100
0,7495500
0,7479400
1,7386400
0,7571100
0,7371900
1,7371000
0,7403100
1,7377000
1,7337700
0,7465800
0,7422200
1,7500600
1,7337800
0,7492600
1,7391600
1,7504800
1,7410400
1,7447900
0,7853000
1,7352900
1,7409400
0,7571300
0,7502500
0,7364700
1,7775300
1,7721200
1,7604400
1,7581000
1,7741900
1,7603400
0,7747000
0,7611400
1,7691600
1,7603600
1,7716200
1,7596600
1,7691900
0,7634300
1,7685000
0,7734600
0,7643200
0,7543900
0,7494800
1,7352600
1,7480000
0,7330100
1,7373700
1,7414000
0,7372000
0,7412500
1,7388800
0,7455700
0,7374500
0,7483200
1,7741300
0,7572400
1,7392700
0,8229600
0,7571900
1,7497300
0,7462900
1,7723800
0,7374500
1,7475700
1,7450200
1,8034800
0,7513500
0,14605000
0,7771200
0,8156800
0,8130000
1,7653200
1,7663600
0,7715400
0,7636900
1,7654400
1,7649100
1,7653100
0,7684600
1,7759300
0,7813300
1,7772200
0,7794800
1,7826900
1,7819400
1,7836500
0,7822100
1,7779500
1,7817200
0,7796400
1,7780700
1,7648400
1,7391700
1,7734700
0,7387400
1,7426800
1,7391900
0,7428400
0,7698000
1,7297500
0,7463300
1,7355400
1,7452600
0,7682400
0,7503700
1,7537400
1,7556100
1,7447500
0,7531000
0,7464400
0,7572300
1,7443600
1,7543800
1,7447400
1,7531500
1,7460700
0,7565300
0,7468700
1,7399400
0,7429000
0,7482100
0,7439500
0,7388400
0,7598300
0,7411600
0,8344600
1,7525200
1,7614600
1,7425300
0,8490300
1,7374700
0,7597000
1,7638300
0,7674300
0,7632200
0,7783500
1,7539500
1,7733200
1,7617800
0,7672600
0,7617000
0,7677800
0,7632400
0,7665100
0,7467800
1,7420700
0,7387700
1,7480700
0,7374000
0,8337900
1,7675900
0,7440400
1,7331000
1,7453400
0,7389100
1,7925700
1,7593300
1,7539800
1,7664600
0,7690100
0,7617700
1,7665700
0,7630700
0,7846900
0,7620200
0,7719000
0,7634900
1,7665500
0,7617100
1,7645300
1,7757500
0,7521800
0,7538400
0,7464800
0,7535700
1,7458100
1,7564200
1,7446000
0,7536400
0,7470300
1,9771000
1,7978500
0,7496700
1,7411000
0,7492000
1,7697300
1,7439400
0,7305400
0,7541000
1,7572300
1,7531100
0,7361700
0,7540900
1,7358000
0,8657500
0,7441300
0,7753000
0,7618900
1,7736900
1,7595900
1,9079200
1,8147300
0,7685800
0,7606000
0,7793200
0,7618500
1,7691500
1,7598500
1,7712100
0,7538500
0,7479100
1,7350900
0,7525800
1,7294700
1,7474800
1,7409300
0,7589200
0,7314300
0,7496400
0,7364600
0,7378000
1,7359200
1,7390300
0,7535500
1,7540400
0,7407200
0,7401500
0,7415900
0,7311300
1,7497700
0,7419400
0,7951700
1,7392400
0,7436900
0,7407400
1,7702800
1,7573500
1,7575600
0,7527500
1,7520200
0,7461900
0,7515400
1,7477200
1,7581000
1,7480000
1,7565700
0,7746400
0,8355000
0,8832600
1,8309300
1,8149400
1,7838100
0,7749500
1,7672600
1,7616500
1,7659400
0,7615800
0,7766200
0,7631200
1,7796400
0,7620800
0,7690700
0,7632100
1,7726800
1,7757600
0,7914000
0,7746800
1,7658300
0,7620900
1,7789400
1,7673700
0,8014700
0,7982000
1,7773800
1,7616700
1,8098400
0,7743500
0,8203700
1,8094400
0,7735800
0,7647700
0,8050700
0,7978300
1,8341000
1,8731500
1,8217400
1,7723700
0,7731900
0,7807600
0,7933300
1,7777900
0,7805000
0,7780400
1,7778700
0,7793600
1,7818800
1,7801900
0,7804100
0,7795400
0,7905200
0,7672300
0,7435900
0,7385900
0,7446400
1,7390000
1,7373300
1,7370300
0,7473600
0,7316300
0,7373900
0,7456400
1,7372000
0,7681300
1,7357400
0,7474100
1,7664700
1,7534100
0,7426700
0,7497300
0,7465600
1,7522100
0,7480500
0,7639000
0,7426200
1,7493100
0,7476200
1,7643300
1,7521600
1,7657200
1,7516100
0,9733900
1,7523500
1,8925700
0,8680900
1,8521300
0,8377900
0,7534900
0,7725900
0,7628500
1,7763500
1,7844600
0,7851900
1,7846600
0,7824000
0,7799000
0,7849000
0,7861900
1,7809600
1,7825600
1,7828300
1,7816400
1,7833900
1,7591000
0,8549600
1,7841700
1,7523400
0,7887900
1,7644500
0,8192100
0,8128200
1,9154300
1,9541500
1,7840100
1,8000400
1,7913700
1,11177900
1,9229300
0,8122600
1,7845600
1,7780300
0,7838500
0,7807400
0,7836100
0,7808300
0,7831500
0,7794300
1,7888200
1,7631100
0,7888300
0,7688700
1,8776000
1,9292400
1,9225800
0,10161100
1,10453400
1,10531700
0,7866300
0,7615500
1,7697900
1,7625700
1,7619800
1,7670000
0,7618000
0,7689600
0,7632500
0,7671000
1,7637200
0,8125300
1,7655800
1,7797400
1,7640900
1,7669400
1,7615600
0,7648100
0,7619900
1,7736700
0,7628900
1,7646800
1,7637700
1,7664900
0,7632200
1,7801500
0,7852900
0,7685100
1,7617700
1,7644600
1,7637200
1,7679800
0,7650600
1,7662700
1,7648100
0,7688600
0,7635100
1,7684000
0,7635400
1,7667600
1,7616300
0,7854400
0,7500800
0,7528000
1,7462700
1,7641100
0,7478600
0,7537200
1,7462400
0,7563500
0,7479000
0,7523200
1,7463300
1,8270000
0,7879600
0,7894000
1,7621200
0,7803300
1,7656800
1,8102000
1,7616200
0,7671000
0,7638000
1,7735800
0,7777500
1,7656200
0,7658800
0,7699200
1,7619000
1,8049200
0,10018600
1,7668300
0,7634700
0,7737100
0,7643000
0,7717000
0,7715100
0,7919100
0,7640300
0,8103600
0,7814900
1,7671800
0,7515500
1,7645600
1,7535600
1,7844300
1,8428600
0,7574200
0,7552700
0,7698000
1,7556500
1,7642300
0,7539300
1,7730800
1,7784000
1,8143700
0,7782500
1,7729300
0,7657900
0,7767500
0,7655500
0,7902900
0,7663700
0,8014500
0,8058400
0,7890400
0,7662400
0,7773800
0,7719100
0,7722400
1,7658900
0,7720000
1,7677700
1,7757900
1,7654100
0,7741000
0,7693400
0,7844600
1,7637800
1,7644700
1,7633900
1,7482100
0,7708600
0,7541500
0,7646600
0,7531100
1,8644700
0,7560900
0,7600900
1,7512800
1,7662000
0,7519500
0,7556500
1,7368500
0,7536000
0,7332000
1,7979500
0,8193700
1,9767400
1,8896600
1,9486500
0,8266000
1,8601500
0,8375900
0,7837800
1,7826300
1,7864200
0,7934400
0,7844500
0,7813000
0,7848700
1,7797000
1,7813900
1,7821600
1,7863600
1,7819100
0,7781200
0,7821400
0,7686400
0,7722100
1,7656000
1,7691400
0,7687500
0,7788900
1,7656800
0,7718600
1,7679900
1,7717600
1,7665100
1,7913900
0,7334900
1,7735500
1,7408700
1,7498100
0,7337400
0,7427600
1,7417500
0,7483700
0,7339000
0,7549900
1,7414600
1,7549100
1,7476700
1,7609300
0,7770800
1,7638200
1,7503500
0,7780700
0,7555100
1,7694900
0,7490800
0,7699900
0,8670400
1,7881100
1,7483600
0,7592800
1,7618100
0,7763800
0,7616500
1,9009500
0,7629900
0,7689100
0,7623300
1,7649400
0,7633600
1,7872500
0,7907300
1,8047000
0,8209200
0,7669700
1,7636900
0,7674900
0,7651700
1,7679600
0,8116300
0,7696900
0,7670200
1,8200600
0,7876900
1,8477500
0,9369800
1,8273300
1,7864500
1,7706400
1,7710100
1,7824800
0,7788900
0,7800500
0,7828300
0,7828600
1,7801300
0,7804000
1,8005400
0,8443200
1,7834900
1,7788400
0,7838800
1,7766500
0,7778700
0,7821800
1,7779300
0,7769200
1,7836300
0,7801700
1,7778000
1,7761100
0,7667800
0,7314100
1,7479000
1,7642900
1,7480200
0,7790200
0,7728700
1,7944000
0,7788000
0,7774500
0,7715100
0,8157700
0,7395700
0,7677600
1,7459400
0,7600500
0,7532900
1,7552400
0,7477500
0,7518300
1,7496100
0,7617000
1,7460300
0,7527900
1,7496400
0,7994200
1,8242200
0,8084500
0,8005900
1,8609800
1,8678000
1,8495900
0,8633600
0,8507100
1,7736300
0,7480500
1,7846100
0,7779400
1,7758600
1,7778300
0,7792000
0,7784800
0,7837100
1,7777400
1,7821400
0,7783800
1,7804500
0,7787600
1,7813700
0,7781300
1,7816900
1,7697700
1,7867500
1,7449800
1,7533300
0,7455700
1,7531900
1,7446700
1,7493200
1,7671200
1,7545300
1,7596300
0,7570500
0,7529100
1,7560600
1,7516800
1,7698800
1,7410900
0,7409200
0,7472100
0,7481200
1,7633200
0,7402900
0,7445400
1,7432200
1,7457700
0,7589700
1,7603200
1,7544600
1,7531800
0,7544700
0,7671100
0,7564900
1,7466500
0,7727800
0,7539000
1,7623100
0,7472000
1,7712700
1,7529300
1,7827300
1,7398900
0,7531100
0,7415200
0,7544400
1,7315500
1,7520700
0,7420800
1,7580700
0,7324400
0,7630000
1,7398100
1,7729000
0,7325100
1,7665700
0,7542800
0,7627000
0,8177500
1,8280300
0,7692100
1,7598800
1,7562900
0,7547400
0,7540800
1,7741900
1,7524800
0,7809800
0,7738800
1,7885900
0,7653500
0,7725100
1,7626400
1,7790500
0,7652300
1,7722400
0,7661900
0,7747100
1,7639600
1,7733500
0,7685800
0,7728300
0,7399300
0,7604800
0,7416900
0,7493500
0,7687700
0,7386700
1,7692700
0,7556600
1,7609600
0,7377900
1,7410500
0,7361300
0,7432900
0,7465000
0,7542800
1,7463400
0,7539700
0,7463800
0,7567200
0,7476400
0,7529800
0,7464000
1,7582600
1,7464200
0,7528700
1,7483200
1,7859300
1,7347600
1,7433300
1,7554800
1,7471300
1,7315500
1,7355000
0,7425900
1,7312400
0,7480200
0,7364700
0,7818900
0,8167200
1,7455400
1,7443000
0,7783400
1,8155800
0,8511600
1,8345900
0,8757400
0,8306900
1,8759600
0,7720700
1,7539800
0,7694100
0,7479700
0,7749400
0,7798600
1,7786400
1,7779100
0,7899500
0,7804100
0,7933400
0,7796700
1,7790600
1,7962900
1,7761600
0,7792900
0,7779300
1,7495700
1,7926100
0,7482400
1,7514700
0,7482700
0,7572600
1,7464800
1,7446300
0,7602000
1,7447100
0,7584300
1,7479600
0,7580200
0,7463900
0,7689600
1,7441200
0,7566600
0,7463000
0,9431400
0,7456800
0,7554600
1,7449300
0,7608000
1,7456100
0,7528600
0,7465200
1,7581200
1,7296000
1,8344300
0,8598900
1,8320900
0,8417700
0,7477400
1,7299800
1,7467400
0,7403400
0,7464800
0,7376000
0,7403100
0,7572200
0,7684500
0,7679000
0,7821800
1,7619100
1,7712000
1,7601600
0,7675700
1,7613600
0,7678300
1,7602800
1,7948000
1,7826800
1,9300000
0,7625300
0,7732200
1,7627500
1,7689200
1,7605800
1,7717900
1,7600000
0,7668600
1,7602900
1,7692700
0,7610200
0,7678900
1,7466200
0,7624300
0,7494700
0,7524100
0,7466000
0,7567500
0,7502600
0,7514400
0,7607500
1,7540200
1,7446000
0,7570100
1,7445100
0,7495700
1,7301500
1,7394200
0,7503200
0,7342800
0,7615700
1,7604600
1,7566200
0,7406500
1,7368200
1,7423000
0,7435400
1,7328000
0,8131500
1,8218500
0,8230800
0,8631300
1,7568100
0,7467400
1,8233500
0,8267900
0,8447700
1,8105200
0,7508300
1,7873600
1,8291100
1,8106100
1,7835100
0,8033100
0,7774100
0,7807700
0,7808000
1,7782500
0,7768100
0,7797600
0,7801000
0,7809700
1,7759600
0,7809600
0,7800300
0,8023800
0,7779200
1,7810500
0,7804900
1,7780400
1,7758000
1,7850500
1,7765800
0,7802700
0,7769400
1,7814600
1,7724400
1,7691800
1,7777600
0,7668900
0,7619600
1,7801100
0,7608600
0,7681000
0,7620900
1,7780300
1,7598100
1,7767900
1,7607300
0,7713100
0,7455500
0,7701000
0,7585900
0,7555700
1,7443400
1,7539700
0,7610000
1,7559200
0,7513800
0,7479800
0,7527000
1,7492700
0,7571800
0,7480000
0,7556300
0,7475900
0,7539300
1,7499100
0,7528700
1,7465000
0,7518800
1,7518600
1,7510300
0,7473900
1,7571900
1,7503000
1,7501600
0,7332900
0,7594700
1,7409100
1,7427700
0,7328300
1,7355700
0,7423100
0,7448300
0,7657000
1,7583900
1,7699700
0,8489200
1,7982000
0,7950200
0,7750700
0,7633800
1,7857400
1,7601100
0,9160200
1,7743100
0,7722200
1,7769000
1,7737300
1,7758000
1,7729500
0,7789700
1,7804300
1,7926800
0,7709700
0,7726000
1,7650500
0,7765100
1,7680400
0,7699000
1,7753600
1,7618000
1,7756200
1,7647600
0,7685200
0,7664800
1,7666000
0,7658000
1,7724900
0,7619700
1,7663900
0,7626300
1,7744300
1,7603300
1,7696100
0,7611700
0,7694300
0,7498200
0,8666700
0,7457200
1,7753200
0,7533800
0,7566400
0,7546500
1,7529200
1,7447300
0,7531400
1,7443900
1,7954500
0,7711600
1,7675900
1,7596200
0,7683400
0,7619700
0,7704800
1,7603000
1,7707700
1,7606000
0,7687800
0,7611600
1,7703500
0,7620100
1,7692100
1,7440400
0,7735900
0,7376600
1,7590800
1,7358500
1,7330100
0,7482100
1,7408500
1,7401700
0,7315400
1,8706100
1,8224400
0,8962200
1,8142700
1,7905900
1,8038400
0,7709800
0,7689600
1,7627000
0,7704200
0,7607100
1,7700500
1,7620200
0,7691600
0,7610700
1,7691600
1,7635500
0,7678500
1,7599600
0,7766800
1,7861200
1,9178800
1,7646600
0,8068000
0,7691100
1,7705400
0,7653100
0,7734500
0,7698300
0,7633400
1,7514700
1,7705900
0,7492500
1,7676100
1,7581200
1,8101200
0,7952800
1,8414700
1,8415200
1,7651300
0,7539400
0,7652600
0,7649000
0,8054400
0,8311400
1,7707600
0,7652300
1,7963800
1,7641600
1,7725600
0,7626400
1,7803800
0,7658200
1,7750400
0,7773900
0,7878100
1,7643100
0,7812500
1,7678200
1,7771400
0,7660600
0,7757100
1,7660700
0,7719400
0,7667000
0,8959600
1,8775500
0,8444200
1,7607300
1,7611300
0,7593100
0,7655800
0,7537000
1,7616400
0,7536700
0,7577200
0,7622600
0,7631800
0,7550900
0,7657800
0,7649300
0,7767300
1,7643000
0,7722600
1,7646300
0,7767700
1,7619900
0,7764600
0,7665800
1,7739000
1,7623800
1,7751100
1,7640600
0,7564100
1,7313200
0,7478700
1,7402100
1,7443100
0,7468900
1,7414200
0,7528000
1,7448000
1,7452800
1,7404600
1,7467000
0,7896100
1,7517800
1,7673400
1,7707700
1,7676600
1,7711100
1,7686400
0,7732800
1,7673700
0,7721600
1,7657400
1,7701600
0,7690400
1,7751600
1,7547800
1,7994600
1,7516800
1,7475500
0,7332800
1,7635000
1,7454700
0,7597300
1,7350000
1,7783300
1,7412000
1,7542700
1,7354600
0,7600400
1,7679800
0,7884300
0,7901600
0,7887400
0,7810400
1,7729900
1,7674600
1,7748000
1,7672500
1,7641400
0,7715700
0,7662800
0,7765000
1,7637500
1,7745800
1,7681700
1,7716700
1,7640800
1,7737000
0,7690500
1,8072500
1,7619200
0,7723700
1,7665600
0,7742800
1,7540800
0,7687500
0,7436900
0,7519500
0,7326300
0,7463400
0,7438100
1,7390300
1,7392200
0,7564700
0,7458600
0,7418300
0,7389700
0,7741900
0,7480400
0,8193000
0,9189200
1,9029400
1,9306900
1,8660600
0,8420700
1,7459200
1,7525300
0,7349700
1,7616700
0,7754000
0,7716000
1,7803300
0,7870200
1,7870800
0,7861200
1,7801600
1,7830800
1,7946500
0,7854900
1,7825700
0,7825200
0,7845200
1,7810000
1,7463900
0,7514200
1,7438500
1,7673200
0,7544200
1,7452200
1,7344500
0,7468600
1,8279700
1,7540200
0,7907600
0,7641500
1,7637500
1,7613400
0,7741600
0,7625300
1,7719300
1,7621600
0,7806800
0,7622600
1,7681400
0,7628700
1,7688200
1,7601900
0,7735000
0,7626300
1,7635800
1,7448200
1,7573000
0,7470100
0,7556200
0,7466200
1,7570400
0,7523600
0,7526100
1,7444700
0,7555900
1,7457500
0,8073500
1,7513700
1,7537700
1,7494900
0,7689900
0,7535400
0,7554500
1,7563900
1,7564200
1,7448600
1,7521700
0,7471600
1,7566300
1,7449700
0,7455800
0,7874600
1,7492700
1,7627800
1,7314600
0,7486400
1,7392100
0,7421500
0,7359000
1,7418400
0,7376500
0,7440500
0,7388200
1,7432700
1,7465500
0,7549300
1,8393600
1,7675900
0,7464900
0,7531400
1,7464000
1,7541100
1,7483200
1,7591700
0,7479400
0,8257700
0,7741200
0,7841400
0,7674100
1,7647200
0,7710800
1,7682200
1,7634200
1,10927100
1,7931500
0,7829200
1,8165700
1,7868400
1,7654800
1,7744100
0,7818700
1,7821800
0,7781700
1,7930300
0,7795400
1,7760700
1,7797400
1,7797200
1,7779800
1,7773800
1,7799300
1,8061900
1,8065800
0,7893200
0,8065300
0,8444400
1,7619300
0,7705700
1,7640400
1,7683700
0,7634100
1,7663100
0,7620400
1,7654000
1,7791600
1,7925500
1,7895100
1,7830800
1,7819900
0,7858900
1,7878500
1,7810500
0,7841600
1,7825600
0,7834300
1,7833100
0,7856000
0,7852900
1,7454700
1,7498300
1,7330700
0,7513900
1,7460700
0,7542000
1,7336900
0,7461500
0,7425600
0,7470900
1,7331200
1,7652400
0,7548600
0,7664800
0,7415000
0,7470200
1,7474400
1,8179400
0,7692800
0,7860600
0,7501300
0,7686700
1,7332900
1,7470700
0,7441200
1,7499300
1,7478100
1,7727400
1,7697500
0,7846700
1,7635200
0,7717200
1,7695000
1,7804200
0,7678100
1,7694700
0,7698700
0,7899000
0,8217100
1,7611000
0,7464600
1,7522600
0,7480100
1,7635900
0,7811800
0,7719800
1,7557100
1,7514800
1,7483000
0,7464700
0,8624100
1,7464500
1,7583500
0,7693200
0,7557500
0,7474200
1,7548600
0,7463400
1,7573900
1,7479800
0,7544700
0,7465900
0,7559600
0,7469800
0,7586200
1,7433200
0,7458200
1,7397900
0,7585500
0,7372000
1,7421800
1,7369500
0,7369700
0,7379100
1,7446600
1,7828200
1,7412000
0,7562000
1,7418700
0,7653800
0,7339800
0,8081200
0,8235200
1,8722500
1,7631200
1,8689100
0,7750000
0,9109600
0,7840300
0,8672600
0,8076600
0,7564600
0,7849300
0,7827500
0,8004000
0,7768900
1,7813400
0,7790100
0,7966400
1,7760900
0,7825600
1,7763600
1,7812900
0,7768100
1,8387000
0,7801600
0,7881500
0,7771800
1,7936900
1,7776400
0,7952700
1,7759000
1,7798300
0,7803400
1,7793900
0,7771800
0,7818900
1,7630600
0,7813500
1,7598600
1,7683300
1,7638600
1,7663500
0,7608700
0,7686700
1,7616700
1,7870400
1,7628800
1,7732700
1,7671000
1,7515100
1,7449500
0,7392000
1,7521100
1,7511300
1,7317200
1,7536800
1,7405000
1,7579700
0,7512600
0,7335200
1,7551000
1,7413300
0,7678200
0,7396800
0,7674600
1,7548700
1,7540200
0,7334000
1,7480800
1,7418300
1,7508000
1,7352900
1,7460000
0,7426600
1,8495000
1,7594300
1,9357500
1,8326700
1,7738700
0,7564300
1,8237600
1,10491200
1,8250400
0,8290200
1,7520500
0,8102500
1,8670800
0,8404500
0,7841700
0,7859400
0,7838900
0,7874700
1,7803100
1,7865900
1,7881800
1,7852500
1,7814400
1,7865100
1,7836900
1,7871500
1,7804700
1,8031900
0,7817800
0,7854500
1,7802600
1,7881000
1,7802800
1,7843200
1,7887700
1,7843500
0,7816800
1,7835900
0,7875900
1,7422700
1,7479400
1,7787500
1,7533300
0,7446800
1,7493500
0,7333700
1,7385000
0,7488800
1,7405400
1,7421000
0,7486300
1,7605400
0,7493400
0,7638200
0,7540400
1,7959900
0,7535800
0,7574200
1,7522700
0,8310600
1,7520300
1,7667600
0,7490200
1,7651200
0,7572000
0,7638800
0,7334900
0,7932400
0,7776900
0,7690400
0,7415600
1,7682900
1,7378300
0,7393700
1,7443000
0,7452000
0,7494000
1,7408500
1,7743600
0,7723000
1,7795500
1,8019500
1,8707100
0,8319800
1,8266400
0,8312000
0,7744900
1,7656300
0,7699600
1,7673900
0,7900000
0,7955100
0,7862100
0,7808100
1,8308200
1,7821100
0,7929800
0,7828400
1,7815700
0,7847700
0,7980000
0,7833600
0,7860400
0,7836600
1,7956000
0,7681400
0,7756800
1,7644000
1,7822100
0,7695300
1,7727200
0,7684100
0,7746400
0,7686600
1,7728100
1,7651700
1,7691400
1,7640800
1,7778800
1,7514600
1,7904000
0,7587300
0,7745000
0,7606500
0,7801000
1,7597600
1,7662400
1,7542600
1,7558900
1,7566400
0,7566900
0,7517300
0,7610800
1,7563000
0,7703500
0,7543100
1,8683600
1,7546200
0,7639700
0,7508900
0,7597000
1,7682200
1,8360200
1,7621600
0,7718500
1,7638300
0,7724800
0,7636400
1,9201500
0,7645300
1,7665900
1,7616600
0,7709000
1,7637600
1,7694700
0,7537000
1,7427100
0,7667200
1,7461300
0,7328300
0,7585000
1,7392400
1,7541900
1,7311400
1,7426100
0,7407100
1,7452900
1,7313600
0,7512200
0,7375800
1,7298300
0,7489200
0,7829800
0,7661900
0,7377100
1,7763600
1,7367600
1,7853600
1,7295800
0,7603400
0,7961000
0,7625600
0,7553800
0,7700500
1,7618800
1,7810700
0,7623000
1,7720800
1,7600300
0,7667600
0,7622700
0,7713600
0,7608700
1,7702700
1,7603300
1,7725400
1,7295900
0,7549100
0,7378900
1,7508900
1,7295900
1,7511900
1,7362700
1,7418600
1,7297400
0,7369900
1,8245200
1,7664400
0,7585300
0,7616600
0,7683500
0,7729000
0,7662300
1,7632400
0,8698200
0,7713000
1,7601500
0,7816200
1,7606500
1,7687000
0,7610500
1,7660900
0,7790500
0,7496100
1,7594400
1,7481900
1,7558300
0,7492800
1,7504100
1,7478800
0,7535800
0,7511400
0,7529500
1,7481200
1,7961300
0,7528900
1,7514200
0,7465900
1,7575000
0,7496400
0,7527500
0,7497400
1,7553800
1,7480800
0,7504600
0,7465800
1,7511300
0,7522200
1,7672600
1,7335500
0,7574200
0,7640300
1,7576800
1,7772800
1,7681900
1,7916700
1,7795100
1,7774500
1,7835500
1,7472900
1,7418000
1,7475100
1,7470900
0,7546600
0,7455000
1,7572200
0,7480300
1,7513100
1,7445500
0,7535500
1,7458200
1,7507800
0,7455000
0,8520900
0,7616300
1,7836600
0,7646000
1,7729800
0,7717900
0,7699700
1,7641600
1,7735600
1,7650900
1,7721400
0,7630500
1,7728000
1,7671100
1,7765300
1,7477300
1,7862700
1,7468000
0,7613900
0,7455200
1,7647900
1,7495200
0,7550800
1,7444500
0,7519300
0,7502200
0,7606500
0,7486900
0,7607100
1,7465500
0,8033400
0,7458900
1,7553100
1,7467900
1,8181900
1,7450800
0,7644000
1,7470100
1,7568700
0,7458700
0,7979700
1,10367200
1,9880000
0,7628000
0,7748800
1,7659300
0,7737900
1,7664300
0,7998400
1,7637500
0,9239200
1,7645100
1,7738700
1,7685100
0,7779400
0,7720600
0,7742600
0,7672600
0,7759300
0,7686900
0,7702700
0,7698300
1,7729800
0,7781100
0,7749900
1,7626800
0,7756700
0,7689100
0,7866700
1,7628100
1,8115800
1,7684400
1,7966700
1,8007500
0,8261900
1,8543600
0,8253100
0,9014100
0,7909200
0,7822900
0,7825800
0,7864000
1,7843900
0,7837700
1,7808100
0,7860800
1,7831000
1,7831000
1,7854000
1,7869800
0,7974200
0,7915800
0,7756200
0,7760500
0,7657500
0,7743100
1,7677900
1,7731800
0,7652600
0,7715000
1,7670500
0,7733100
1,7636100
0,7866300
1,7555500
1,8407800
0,7556300
1,7581200
1,7554300
0,7725700
1,7544200
0,7560000
0,7507600
0,7559000
0,7631100
1,7458300
0,7590500
0,7681300
1,7724400
1,7629700
0,7732400
1,7668300
1,7721000
1,7636800
0,7692100
1,7660700
0,7725500
1,7634600
1,7754200
1,8113500
1,7671100
0,7526200
1,7647000
1,7508800
0,7650400
0,7532400
1,7602700
1,7524400
1,8175800
0,7686600
1,7608500
0,7495800
1,7557800
0,7609700
1,7829400
1,7600600
1,7850100
1,7601200
1,7726200
1,7600300
0,7729300
1,7599800
0,7691800
1,7604700
1,7719300
0,7623900
1,7550600
1,7447800
1,7535800
0,7742200
0,7651700
0,7466000
1,7532400
0,7458200
1,7580700
1,7449500
1,7522000
0,7491400
1,7571300
0,7469000
1,7549100
1,7444500
0,7499900
0,7589200
0,7475000
1,7537200
0,7475000
0,7571100
1,7459200
1,7638100
1,7496300
1,7802000
0,7782500
1,7764900
0,8050200
1,8078800
1,7376600
1,7594600
0,7394200
0,7440900
1,7370900
1,7425800
0,7408900
0,7436500
1,7374000
0,7673500
1,7677400
0,7675900
1,7697900
1,7678300
0,7619600
1,7697800
0,7630800
0,7676000
1,7653800
1,7679200
1,7618900
0,8854700
1,8039900
1,7534300
0,7718600
1,7546800
1,7480300
1,7692700
0,7571500
1,7555100
0,7464800
0,7583500
1,7552200
1,7521000
1,7482100
1,7509700
1,7460500
1,7560300
1,7488900
0,7503700
1,7535500
0,7472900
1,7732000
1,7445000
0,7636200
0,7469800
1,7527500
1,7446600
0,7581600
1,7394200
1,7376700
1,7361600
0,7422900
1,7385400
1,7533800
1,7517800
0,7785900
0,7835100
0,7891300
1,7758600
1,7858100
1,7362500
0,7510000
0,7468700
0,7569900
0,7472400
1,7554500
1,7484500
0,7549700
1,7458800
1,7522900
0,7463100
0,7524700
0,7485300
0,8100700
1,7718500
0,7462500
0,7385900
0,7424200
0,7436800
0,7537700
1,7369600
1,7390200
0,7376400
0,7390400
1,7775600
1,7443200
1,7374400
0,7437400
1,7663300
1,7692200
0,8458600
0,7545400
1,7749800
1,7454000
0,7544900
1,7332800
1,7558400
0,7418900
0,7613400
1,7335200
1,8959800
0,8579300
0,7797200
0,7977800
0,7706400
0,7654300
0,7745300
0,7692700
1,7719200
1,7787600
0,9180200
1,8651800
0,8068600
1,7815300
1,7804100
1,7975000
0,7835300
1,7870000
0,7871300
0,7963400
1,7806500
0,7867000
1,7831400
1,7846000
1,7820600
0,7974700
0,7706600
1,7707800
1,7625600
0,7718800
0,7685600
0,7777500
0,7627200
0,7713100
0,7701000
1,7720700
0,7646700
1,7786000
1,7696700
0,7630300
0,7534800
1,7650400
1,7771200
1,7539800
1,8072700
0,7615100
0,7611100
1,7532900
0,7581800
1,7551000
1,7605500
1,7539000
1,8634400
1,8399700
1,8467000
0,8631700
0,7434200
1,7478100
1,8500400
0,7554600
0,7587900
0,7421800
1,7536100
1,7403000
1,7743400
1,7862900
0,7870900
1,7829000
0,8274200
1,7853900
0,7849500
0,7837000
1,7867100
1,7819500
0,7822300
1,7817100
1,7839900
0,7550300
1,7527400
0,7400200
0,8295500
0,7946000
0,9181900
1,8624100
1,9231600
0,8107600
1,8290300
0,7963900
0,7324500
0,7580200
1,7804800
0,7867400
0,7815400
0,7848900
0,7828800
1,7875700
1,7803100
1,7875500
1,7785300
0,7894200
0,7821500
1,8144600
1,7814600
0,7873500
1,7776400
1,7941300
1,7809300
0,7823600
0,7772400
1,7835200
0,7804400
1,7795400
0,7801100
0,7838700
1,7830000
1,7855800
0,7774000
0,7808100
1,7790800
1,7813200
0,7774500
0,7801700
1,7783100
1,7795400
1,7760100
1,8631600
1,7833200
1,8002200
1,7656500
0,7702600
0,7620000
0,7862000
1,7600600
0,7696000
0,7621000
0,7820600
0,7609600
1,7760200
0,7623100
1,7834200
1,7609400
1,7543800
0,7465700
1,7596200
0,7543400
1,7620200
0,7485300
0,7645800
1,7520900
1,7693200
0,7539300
1,7562600
0,7563400
0,7729000
1,7427000
0,7438400
0,7409500
0,7422600
1,7501600
0,7346500
1,7561900
1,7694600
1,7520200
0,7345000
0,7506700
0,7432800
0,7590900
0,7350800
1,7493600
0,7461800
1,7485500
1,7485900
0,7503300
0,7427900
1,7474600
1,7330800
1,7478700
1,7455700
1,7489400
0,7349200
0,7509900
1,7902400
1,7464400
0,7562500
0,7536800
0,7518400
0,7408400
1,7421800
1,7401400
1,7635300
1,7398400
0,9560900
0,7393200
1,7581100
1,7655700
1,8226800
0,7867000
1,7847400
1,7779800
0,7871500
0,7665800
0,8153900
0,7659500
1,7785200
1,7720200
1,7823600
1,7749700
0,7700200
0,7725500
0,7685300
1,8000200
0,8179700
0,7738300
1,7744100
1,7753500
1,7678300
1,7755500
1,7730500
1,7762800
1,7623300
0,7691800
1,7578200
1,7584800
1,7494300
0,7557000
1,7736300
1,7526100
1,7576500
0,7549600
1,7627300
0,7466400
1,7546900
1,8416100
0,7515900
0,7464400
1,7584400
1,7544100
0,7662600
0,7662300
1,7957200
0,7463000
1,7614900
1,7448400
1,7785800
0,7455800
1,7559900
0,7461600
1,7805900
1,7444700
0,7526500
0,7465300
0,7550300
1,7443500
1,7540300
1,7449600
0,7606400
0,7459000
1,7656000
1,7575400
1,7557700
1,7446800
0,7464400
0,7934600
1,7481700
0,8160700
0,7581900
0,7668100
1,7587600
0,7586300
0,7465300
1,7566900
0,7492700
1,7614600
1,7639800
1,7744600
0,7648400
1,7737400
1,7638900
1,7656100
1,7654700
1,7657300
0,7620000
0,9849700
0,7637100
1,7700900
1,7420000
0,7634700
1,7312200
1,7400600
0,7372500
0,7561300
0,7477600
1,7505800
0,7374800
1,7463400
1,7373900
0,7399500
1,7393900
1,7508800
0,7387500
1,7419000
1,7387000
0,7525900
1,7406100
0,7429600
1,7387700
1,7296600
0,7632300
1,7354200
0,7436700
0,7317200
1,7412400
1,7645100
0,7487600
1,7570100
0,7641100
0,7363500
0,8577300
1,8471200
0,8457600
1,8766300
1,7395200
0,7582200
0,7328300
1,7497500
0,7618900
1,7639100
1,7901100
1,7596300
0,7677200
0,7638700
1,7738700
0,7612600
0,7694600
1,7623700
0,7873400
1,7637800
1,7664200
0,7523900
0,7540300
1,7444600
0,7531700
0,7483400
1,7688000
0,7455200
0,7519500
1,7461100
1,7592200
0,7533800
1,7611600
1,7655900
0,8187900
1,7444600
1,7547500
0,7465200
0,7542100
0,7513200
1,7551400
0,7485600
0,7549500
0,7452300
0,7541200
0,7740600
0,8768600
1,8192100
1,8055700
1,8119800
1,7775400
1,7684600
0,7722400
1,7612700
0,7688600
1,7598300
0,7811100
1,7602900
0,7708700
0,7644400
1,7833800
1,7764900
0,7816400
1,7761300
1,7851000
1,7762900
0,7814100
0,7771100
1,7940500
1,7768600
0,7937600
1,7775100
0,7758800
0,7623400
1,7682700
0,7643600
1,7833600
1,7690200
0,7720300
1,7614900
1,7716600
1,7611900
0,7750100
1,7727800
0,7695800
0,7622800
1,8793800
0,7747700
0,7914800
1,7736200
0,7703900
1,7620000
0,7672400
1,7603500
0,7696400
0,7628900
1,7896800
0,7622100
0,7613300
1,7478900
1,7570000
1,7448200
1,7591100
1,7447000
0,7641600
1,7450500
0,7547400
1,7563600
1,7776000
1,7448600
1,7610200
0,7458600
1,7668200
0,7467200
1,7529600
1,7622900
1,7537700
1,7448100
1,7923500
1,7447400
0,7540500
1,7447200
0,7860800
0,7998600
0,8695000
1,8461600
1,8293700
1,8121500
1,7724900
0,7621600
1,7711200
0,7611500
1,7869900
1,7602100
1,7692900
0,7610200
0,7720100
1,7708100
0,7797300
1,7759200
0,7810800
0,7798000
1,7801400
1,7763600
1,8362400
1,9072800
1,7863400
1,7759000
0,7833900
0,7874400
0,7570200
1,7376400
1,7565400
0,7534300
1,8278600
1,7794800
0,7673900
1,7567200
1,7486600
1,7393300
1,7914100
0,7485100
0,7712100
1,7626500
0,7732400
1,7657900
1,7708800
1,7632300
0,8364300
1,7623600
0,7735800
0,7651100
0,7724200
1,7621100
1,7726500
0,7798600
0,7857600
1,7483300
1,7606200
1,7516200
0,7621600
0,7537400
1,7578500
0,7498400
0,7609900
0,7540700
0,7578300
1,7522400
0,7702000
1,7380500
0,7554600
1,7832900
1,7762100
0,7425100
1,7403400
0,7386600
1,7536000
1,7405200
1,7409500
1,7380300
0,7430400
0,7548300
1,7399100
0,7667300
1,7509400
1,7560800
1,7646000
1,7595700
0,7556200
1,7720200
0,7500400
1,7696300
1,7574100
0,7642600
1,7532700
1,7594400
0,7577900
0,7882600
1,7537200
0,7699100
1,7574000
0,7597300
1,7537500
0,8053400
0,7618400
0,7744700
0,7592300
1,9730200
1,7583900
0,7704000
0,7631000
1,7763000
1,7634800
1,7879000
0,7630600
1,7741700
0,7619100
1,7666700
1,7616500
0,7688300
0,7619400
0,7615300
1,7464800
1,7530900
0,7463200
0,7635800
1,7459700
1,8861400
0,7586700
0,7518600
1,7462400
0,7671500
1,7483700
1,7637400
0,7446800
1,7651000
0,7478300
0,7618600
0,7326500
1,7434600
0,7377200
1,7399100
1,7313000
0,7401600
0,8616700
1,8646200
0,8857600
1,8081300
0,7621100
1,7669000
1,7640300
1,7648100
1,7639600
0,7688000
0,7653700
1,7777800
1,7649400
1,7662700
1,7639700
0,7671300
0,7575700
1,7503700
0,7496200
0,7526500
0,7466100
1,7445000
0,7602300
0,7457200
0,7547200
0,7467100
1,7584900
1,7445200
0,8164200
1,7844700
0,7830100
0,7634100
1,7758800
0,7468300
1,7613900
1,7585600
0,7617800
1,7475100
1,7633200
0,7537400
1,7620200
0,7485300
0,7908000
0,7615300
0,7640200
0,7471700
0,7661000
1,7446500
0,7547300
0,7481500
0,7666500
0,7455500
1,7682000
0,7479100
0,7637700
1,7444500
1,7778000
0,7479300
0,7758400
1,7447900
1,7483500
1,7515900
0,7479300
0,7726500
1,7924000
1,8570400
1,8385700
1,8802600
0,8284300
0,7738000
1,8313400
1,7603300
0,7820200
0,7641800
0,7708500
0,7613500
0,7690100
1,7607300
1,7684300
0,7613900
1,7731400
0,7622800
0,7703900
1,7762100
0,7633900
1,7666500
1,7616400
0,7678800
1,7673100
1,7646500
0,7632900
0,7697200
0,7633600
0,7684200
1,7596900
1,7746500
0,7477400
1,8212600
0,7622500
0,7549200
1,7541300
1,7556200
0,7474700
1,7528000
0,7478200
1,7551200
1,7461200
1,7683800
1,7652600
1,7656500
0,7631500
1,7647300
1,7765500
0,7815300
0,7632400
0,7653700
0,7637400
1,7652500
0,7640100
1,7660300
0,7640400
0,7731600
0,7549600
0,7591200
0,7398800
0,7379600
1,7421600
1,7296500
1,7468700
0,7348300
0,7464200
1,7293200
1,7556800
1,7357600
0,7494800
0,7455100
0,7724000
1,7445900
1,7574500
1,7444800
0,8623300
0,7471300
0,7552500
1,7445900
1,7623200
0,7496800
1,7536000
0,7400400
1,7570900
1,7357700
0,7437100
1,7363100
0,7390700
1,7857100
0,7873800
1,7440900
0,7346000
0,7423000
1,7406600
1,7486600
1,7425400
0,7576800
0,7480100
0,7717100
0,7683000
0,7526600
1,7464000
1,8166500
0,7672300
0,7805100
0,7513700
1,7612500
0,7465500
0,7794600
0,7757400
0,7863500
0,7765800
1,8013900
1,8152600
1,8159400
1,8027300
0,7841500
0,8103700
0,7720400
1,7677700
1,7708800
0,7728200
0,7890900
0,7889900
1,8041300
1,8394200
1,7807300
0,7821200
1,7948700
0,7863000
0,7817500
1,7819500
0,7836800
1,7857900
1,7977700
1,7820600
0,7851200
1,7883200
0,7868400
1,7842400
1,7886400
1,7843000
0,8369900
0,7872100
0,7854100
0,7951700
0,7809600
0,7597900
1,7546500
0,7618900
0,7527300
0,7540100
0,7980800
0,7498500
1,7535800
1,7560100
0,7679100
0,7550500
1,7585300
1,7584000
1,12810900
0,7558900
0,7405300
0,7610300
0,7329400
1,7485200
1,7378600
0,7412000
0,7431900
1,7419800
1,8677700
1,7548000
1,7607100
0,7509400
0,7499900
1,7519900
1,7573800
0,7671400
0,7538600
1,7500700
0,7510100
1,7462400
1,7580700
1,7560500
0,7543000
0,7491400
1,7830000
1,7505400
1,7686600
0,7478600
1,7528400
0,7486500
1,7634000
1,7464600
0,7496800
1,7518000
1,7494100
0,7478800
1,7770500
1,8212700
1,8441000
0,8430700
1,7766500
1,7535100
1,7512100
1,7462700
0,7632100
1,7501200
1,7489700
0,7476900
1,7885000
0,7688800
1,7797400
1,7617800
0,7727900
1,7639900
0,7688300
0,7631600
0,7693500
1,7638600
1,7662500
1,7620400
1,7672300
1,7638700
1,7616100
0,7491900
0,7377800
1,7503200
0,7376200
0,7522600
1,7368700
0,7444100
0,7377000
1,7492300
1,7328200
1,7437900
1,7357800
0,7480400
1,7914700
0,8181200
0,7751100
0,8314600
0,7553900
0,7610600
1,7446300
0,7614400
1,7461200
0,7514200
1,7448800
0,7541500
0,7501800
0,7605500
1,7601300
1,7739500
1,7616100
0,7675300
0,7620700
0,7678000
1,7631100
1,7682100
0,7620100
0,7698500
1,7616400
0,7666400
1,7478100
1,7435300
1,7397200
0,7372500
0,7675600
0,7386800
0,7559600
0,7376700
1,7362600
1,7374200
0,7584900
0,7375700
0,7504000
0,7404000
0,7552500
1,7483600
0,7541400
0,7912000
1,8349700
0,8544300
0,8486000
0,8634100
0,8469100
1,8119500
1,7514000
1,7582700
1,7638500
0,7619600
1,7647200
1,7633900
1,7677900
1,7635300
1,7725400
0,7657600
0,7682600
1,7639900
1,7954800
1,7636200
0,7694400
0,7554000
1,7651500
1,7508700
1,7489300
1,7482500
1,7723300
1,7876400
1,7810500
0,7533800
0,7581800
1,7518300
1,7689600
1,7481400
0,7579400
1,7853400
0,7671000
0,7754500
1,7602400
0,7685200
0,7610400
0,7778100
1,7620200
0,7684000
1,7597800
1,7701200
1,7637700
1,7641500
1,7508900
1,7557400
1,7464800
0,7590100
1,7441300
0,7663900
1,7468400
1,7554400
1,7444200
0,8962300
0,7547000
1,7523600
1,7423700
1,8711200
0,7403600
0,7482500
1,7298100
0,7659400
0,7759500
1,7638000
1,7297300
0,7488100
0,7383400
0,7438800
0,7301300
1,7586100
1,7461300
0,7593500
1,7477400
0,7534900
0,7526500
1,7587700
0,7520700
1,7606600
1,7469600
0,7477100
1,7502900
0,7560200
0,7618200
0,7920900
1,7679200
1,7481100
0,7650400
0,7513700
1,7488500
1,7480500
0,7562800
1,7464100
1,7833600
0,7920100
0,7577600
0,7516600
1,7613200
1,7637900
0,8437700
1,7744900
1,7643500
1,7654500
1,7668300
1,7618500
0,7673300
1,7651400
1,7648100
1,7617400
1,7642300
1,7542400
1,7464800
1,7372400
0,7494800
0,7825100
1,7361300
1,7373300
0,7482600
1,7407600
0,7392700
1,7371100
0,7530400
0,7326800
0,7543000
0,7478800
0,7536600
0,7478900
0,7556300
0,7479300
0,7456100
1,7621200
0,7463800
0,7557000
1,7484200
1,7571000
0,7466900
1,7564400
0,7357600
0,10709500
0,7490800
0,7469600
0,7366000
0,7799900
1,7361000
0,7531100
1,7356100
0,7455000
1,7325100
1,7450200
1,7355600
0,7456100
1,7357800
0,7576000
0,7366000
1,7496600
1,7498400
0,7484000
1,7354600
0,7512100
1,7301500
0,7532400
1,7352000
1,7458500
0,7317300
0,7998700
1,8897600
0,9194200
0,9029900
1,9010700
0,8844000
1,7491300
0,7377000
1,7436500
0,7383300
1,7395600
1,7439300
1,7801300
1,7797700
0,7781300
0,7788000
0,7805700
1,7783100
1,7838600
1,7786900
0,7827700
1,7787100
1,7810800
0,7785300
1,7889000
1,7618000
1,7748700
0,7623900
1,7776700
0,7609000
1,7703000
1,7602500
0,7731500
0,7612300
1,7701500
1,7600200
1,7807600
0,7524900
1,7438000
0,7374300
1,7755500
0,7556600
0,7656600
0,7762000
0,7956800
1,7293900
1,7992600
1,8159300
0,8992600
0,7999900
1,8699100
0,7944400
0,8467700
1,8182500
0,7862000
1,8168000
1,7663900
1,7595400
1,7711000
0,7636400
0,7687000
1,7599600
1,7694000
1,7778300
1,7929200
1,7766600
1,7817700
1,7780300
1,7816200
0,7773400
0,7793600
0,7804500
0,7910700
0,7770400
0,7776600
1,7781200
0,7689400
1,7600600
0,7664100
1,7768300
1,7696100
1,7600200
0,7683000
0,7634100
1,7683900
0,7610800
0,7697700
0,7617000
1,7677100
1,7443300
1,7579000
0,7625400
1,7527700
1,7476400
1,7577000
1,7448100
1,7518900
1,7444000
1,7647100
1,7446600
1,7580800
1,7446300
0,7480000
0,7314600
1,7373200
0,7467000
0,7386100
0,7368500
0,7385800
0,7655600
1,7404700
0,7406200
1,7374300
1,8403000
0,7930100
1,8220300
1,7830700
1,8058500
1,7786900
0,7939000
1,7877600
0,7739700
0,7642900
0,7685600
0,7634200
0,7669100
1,7675100
1,7648200
0,7756800
1,7783500
0,7797300
1,8075700
1,7781400
0,7883300
0,7782400
1,7783800
1,7780600
1,7791500
1,7801100
0,7794500
0,7796600
1,7678100
1,7637100
1,7653300
1,7614200
0,7747900
0,7620000
1,7680400
0,7634300
1,7984400
1,7633800
1,7847300
1,7619000
1,7675400
1,7511200
0,7658300
1,7462900
1,7587700
0,7461600
0,7624000
0,7477800
0,7561000
0,7462800
1,7584100
0,7473800
0,7563700
0,7463100
0,7501700
1,7313000
0,7476700
1,7444400
0,7542000
1,7581100
0,7670900
0,7788100
1,7654300
0,7419500
1,7419200
1,7559700
0,7373000
0,7675900
1,7940700
0,7531100
1,7445200
0,7565500
0,7469300
0,7613500
1,7446000
1,7559300
1,7482100
1,7551100
1,7450600
0,7616400
1,7483900
1,7678300
1,7598300
1,7809900
0,7628900
1,7681500
0,7619900
1,7712800
0,7613700
1,7690700
0,7619900
1,7696200
0,7605700
1,7811500
1,7716100
1,7653000
0,7493400
0,7545400
0,7690100
1,7611600
0,7453400
0,7763600
1,7534800
0,7820600
1,7445600
1,7597500
0,7464500
0,7701100
0,7612800
0,7668600
0,7621700
1,7631500
0,7685300
0,7617500
0,7762100
0,7644900
0,7810600
0,7621000
1,7697600
1,7630000
1,7528700
0,7311500
1,8747700
1,7409200
0,7519200
0,7312300
0,7422700
1,7390200
0,7468300
1,7333000
1,7444200
1,7425800
1,7452200
0,7316300
0,7531300
1,7390300
0,7432700
1,7331000
0,7470600
1,7589800
1,7411500
1,7334100
0,7429300
0,7423000
1,7356500
0,7456000
0,7378400
1,7433100
1,7625900
1,7537300
0,7561600
1,7543900
1,7372000
1,7587600
1,7358800
1,7435500
0,7362900
1,7533900
0,7376700
0,7440400
0,7363200
0,7485000
1,7330400
1,7510900
1,7947100
1,8409200
1,7547900
0,7591700
1,7447400
0,7378000
1,8395200
1,8721900
0,8784900
0,7939800
0,7644600
0,7682200
1,7597300
0,7738900
1,7628200
0,7708900
1,7602700
1,7772500
0,7642000
1,7673300
0,7613500
1,7718100
0,7643300
0,7684200
1,7600100
1,7637100
1,7664600
1,7623800
0,7807400
1,7640500
1,7700000
1,7616800
1,7639900
0,7621300
1,7920800
1,7886600
1,7514500
1,7483900
1,7714100
0,7477100
1,8290900
0,8232000
1,8222300
1,8498800
1,8035600
0,8698800
1,8537100
1,7761100
1,7760400
1,7835700
1,7769300
1,7788500
1,7759400
1,7861500
1,7786800
1,7855800
0,7864500
1,7829400
0,7783200
1,7801700
0,7795600
1,7837100
1,7761100
1,7778300
1,7810000
1,7821200
1,7763200
1,7789100
0,7783400
0,7814900
1,7769700
1,7801800
0,7794400
1,7898200
0,7629800
0,7686600
1,7619700
0,7759300
0,7624400
1,7661500
1,7616100
1,7825800
0,7622900
0,7695700
0,7626800
1,7837400
0,7505600
0,7577200
1,7443100
0,7610100
0,7464500
0,7868400
0,7459500
1,7574300
1,7445600
1,7588900
0,7454100
1,7562200
0,7562400
0,7482700
1,7294300
1,7390900
1,7529800
0,7342900
1,7439200
1,7771900
0,7558100
1,7330700
1,7448300
0,7373500
0,7565600
0,7328600
1,7529000
1,7395300
1,7638900
1,7329100
1,7629100
1,7391200
1,7359700
1,8414100
1,8400500
1,9268100
1,8889100
1,9154700
0,9002800
0,7896300
0,7857200
1,7778000
0,7792600
1,7799500
0,7864300
1,7783500
0,7780400
0,7778600
0,7835000
1,7783500
1,8013300
1,7801100
0,8032300
0,7652000
0,7669300
1,7637800
0,7686700
1,7618600
0,7736000
1,7655500
1,7706100
0,7633500
1,7643000
1,7654900
1,7666900
1,7616000
1,7697700
0,7658400
1,7662300
0,7638600
0,7689500
1,7659600
1,7806600
0,7637100
0,7682300
1,7668700
1,7647800
0,7634400
0,7954800
0,7707300
0,7601900
1,7499300
0,7510300
1,7497800
1,7647800
0,7477500
1,7525400
0,7518400
0,7517400
1,7458800
0,7930800
1,7688300
1,7643200
0,7630000
1,7708700
1,7652500
0,7761600
0,7632200
0,7671500
0,7632600
0,7812700
0,7635300
1,7659400
0,7635100
1,7561100
1,7311700
0,7366100
0,7497200
0,7817200
1,7452700
1,7293100
0,7480100
1,7358700
0,7468100
0,7366900
0,7488600
0,7374300
0,7557700
1,7444500
0,8321600
0,7607800
1,7567800
0,7493600
0,7528300
1,7447000
0,7627900
1,7447100
1,7608100
0,7466000
0,7565400
1,7571400
0,7689200
1,7603500
1,9011000
0,7643800
0,7677700
0,7617300
1,7716500
1,7624800
1,7696400
0,7622700
0,7698600
1,7613200
0,7941100
1,7358300
0,7462600
1,7367900
1,7480600
1,7392100
1,7674600
0,7483900
1,7333900
0,7583700
1,7370400
1,7605200
1,7331300
0,7439300
1,7461300
0,7745400
1,7483700
0,7730400
0,7476200
0,7514900
1,7477900
0,7607800
1,7459900
1,7563700
1,7481500
1,7564100
0,7479000
0,7579100
1,7550300
1,7445600
0,7526000
1,7547100
1,7546700
1,7479300
1,7509200
0,7468000
1,7570500
0,7466000
1,7531500
1,7477700
1,7628700
1,7356900
1,8177200
0,8403600
0,8710000
1,9067900
0,7635500
0,8335900
0,7724900
1,7454500
1,7545500
0,7306300
1,7604700
1,7577800
0,7704000
0,7610600
1,7699200
1,7603800
0,7694700
1,7600200
1,7678300
0,7620400
1,7699700
0,7623100
1,7742900
1,7611800
0,8053700
1,8052200
1,7919200
0,7727700
1,7488300
1,7361900
0,7407500
0,7382000
1,7466600
1,7357600
0,7508600
0,7411500
1,7831300
0,7525300
1,7706200
1,7609200
1,7867300
0,7607700
1,7697400
1,7603700
1,7681300
1,7599300
1,7703100
1,7605100
0,7693200
1,7599900
0,7704900
1,7449800
1,7476400
1,7543900
0,7801600
0,7557100
1,7543900
0,7534700
1,7480200
0,7536000
1,7492300
1,7551100
1,7480500
1,7618900
1,7478500
1,7547500
1,7482300
1,7625600
1,7480000
0,7528500
1,7479100
1,7646200
0,7494000
0,8012800
0,7730700
1,7734900
0,7613400
0,7700100
0,7624300
1,7934700
0,7575100
0,7601400
0,7504000
0,7659800
1,7483700
0,7589800
0,7537900
0,7694600
0,7478800
1,7603700
1,7517700
0,7532600
0,7663600
1,7446800
1,7529300
0,7581600
1,7635700
0,7455100
0,7549800
0,7478700
1,7524700
0,7457700
0,7514700
0,7481600
1,7898100
1,7504500
1,7841800
0,7503800
1,8022000
1,8077800
1,8655200
0,9177600
0,8216600
0,8380500
0,7567500
1,7558400
0,7872700
1,7760300
1,7854800
1,7764100
1,7809700
1,7759200
1,7814400
1,7765600
1,7804000
0,7771500
0,7811200
1,7762300
0,7586900
1,7353100
1,7990100
1,7941200
1,9303600
0,8532000
0,8886600
0,8650900
1,8628000
0,8307900
1,7396500
1,7442000
0,7483700
1,7821100
0,7786200
0,7911600
0,7794700
1,7782300
0,7781100
1,7773200
1,7794200
1,7792100
1,7806500
1,7861700
0,7808500
1,7727700
0,7981000
0,7669400
1,7640500
1,8266400
0,7619600
1,7787800
0,7649600
1,7671500
1,7634700
0,7665400
1,7637600
0,7674600
1,7576400
1,7570200
0,7492900
1,7572700
1,7639400
1,7702800
1,7482500
1,7655200
1,7479900
0,7536800
1,7500500
0,7764500
1,7485400
1,7450900
1,7525700
0,7453800
1,8919400
0,7550500
1,7806000
1,7446400
1,7547100
1,7446800
0,7570100
1,7444600
0,7621500
0,7512900
1,7809500
1,8386100
0,7514500
0,7501400
1,7774500
1,7442200
1,7548700
1,7461600
0,7537100
0,7451500
1,7680400
0,7516900
0,7558100
0,7484700
1,7541200
1,7458300
0,7565600
0,7456000
0,14044900
0,7947100
1,7555600
0,7739300
1,7558800
1,7564900
1,7462400
1,7488100
0,7602100
1,7669000
0,7725300
0,7674200
0,7792200
1,7737600
1,7707900
1,7710200
1,7702100
1,7700000
0,7649500
0,7708700
1,7701600
0,7510300
1,7393300
0,7688600
1,7812600
0,7403000
0,7478400
1,7384900
1,7576800
0,7414800
1,7407300
0,7409300
1,7544700
1,7403700
1,7589700
1,7520900
1,7643800
1,7515500
1,7960200
0,7525000
1,7951800
0,7569700
1,7590500
0,7525900
1,7708300
0,7539000
1,8660700
1,7674800
0,7748400
0,7654800
0,7720000
1,7614700
0,7921900
0,7664100
1,7840600
1,7689800
1,8168100
0,8243300
1,7797900
1,7673600
0,7696300
0,7658300
0,7765000
1,7660900
0,7726900
1,7623400
1,7760400
1,7662200
0,7886900
0,7669500
1,7716100
1,7618700
1,7713900
1,7521700
1,8048300
0,7494300
0,7520300
1,7485900
0,7522800
1,7490300
1,7480100
1,7521200
0,7476200
1,7511000
0,7463300
0,7589400
1,7460400
1,7638100
1,7482900
0,7555200
0,7763900
1,7522500
0,7464300
1,7490400
0,7475600
0,8545600
0,7465300
0,7565100
0,7577300
0,7637100
0,7378500
1,7411300
1,7391500
1,8480800
0,11007200
1,7548400
1,7390000
1,7823700
0,7316000
1,7437400
0,7589000
1,7755800
1,7422500
0,7544200
0,7497700
1,7538200
1,7485200
0,7584500
1,7477300
0,7643300
0,7466800
1,7522200
0,7554600
1,7640600
1,7483300
1,7623800
0,7495500
1,7520100
0,7465700
0,7540000
1,7478500
1,7558800
1,7484200
0,7644600
0,7495900
1,7517100
0,7466800
0,7821300
1,7791200
0,7874300
1,7586000
1,7484500
1,7618300
0,7454900
1,7554300
1,7644900
1,7558800
0,7455200
0,7537600
1,7461400
0,7565800
0,7453500
0,7534700
0,7479700
0,7887400
0,7566100
1,7550000
0,7483600
1,7618900
1,7444900
0,7536800
0,7480800
0,7527000
0,7452400
0,7532300
1,7575100
0,7994700
1,9523800
0,7798400
0,7484300
0,7539100
0,7454900
0,7581000
1,7532500
1,7527000
1,7441000
1,7672100
0,7483500
0,7484800
1,7322800
1,7396300
0,7560200
1,7313500
0,7429600
1,7393000
1,7510700
0,7326600
0,7615700
0,7560800
0,7484400
0,7386900
1,7612500
1,7487500
1,7483700
1,7312600
1,7474800
0,7375000
1,7471100
0,7326800
0,7556700
1,7390700
1,7480200
0,7331200
1,7569200
0,8296000
0,8718000
0,9320500
1,8966800
0,9027800
0,8270600
0,8403300
0,7577100
1,7525200
1,8210000
1,8483700
1,8260000
0,8636100
1,7780300
1,7825400
0,7804700
1,7861400
0,7782000
0,7797500
1,7785100
0,7779800
0,7779200
1,7949300
0,7799000
0,7835100
1,7839400
1,7828400
0,7815100
1,7799400
1,7760300
0,7825700
0,7790200
1,7819000
0,7784000
1,7820800
1,7781300
0,7864600
1,7765800
1,9470100
0,8994300
0,7783000
0,7784500
1,7832900
1,7760500
1,7822900
1,7765900
0,7827700
0,7772000
0,7806700
1,7765200
0,7893700
0,7380200
0,7464100
0,7317400
1,7540500
1,7355800
1,7451600
1,7479900
1,8325600
1,7356500
1,7455700
0,7316800
1,7447100
0,7365900
1,7490200
1,7299900
1,7551300
0,7365500
1,7522100
1,7298400
1,7389600
0,9042200
0,7599900
0,7856200
1,7699400
1,8475100
1,8446700
1,8134500
1,11145300
1,8193100
0,8796700
0,10466600
1,7892000
1,7853800
1,7988200
0,7812200
0,7825100
0,7698200
0,7649400
0,7828200
1,7834100
1,7793900
1,7837500
0,7827900
1,7807400
1,7798600
1,7835700
1,7823500
1,7842700
0,7850700
0,7786800
1,7830000
0,7658700
0,8230500
1,7641900
0,7762200
0,7638000
1,7658200
1,7639200
0,7676000
0,7631400
0,7675000
0,7617700
1,7879000
0,8030400
1,7976700
1,8316200
0,7680200
1,7641200
0,7700200
0,7618100
0,7686000
1,7637100
0,7648100
1,7634300
0,7804800
1,7632500
1,7645300
1,7819500
1,8212000
1,7639300
0,7808900
0,7662900
1,7768100
0,7685400
0,7721000
1,7658000
1,7700600
0,7687400
1,7863000
1,7730600
0,7760700
1,7792600
0,7761000
1,7795700
1,7704000
0,7678900
1,7702700
0,7658200
0,7764100
1,7681800
1,7706200
1,7674100
1,7669300
1,7485900
1,7569500
1,7557900
0,7610900
1,7836800
0,7785900
0,7538700
1,7778500
0,7491900
0,7599700
1,7552200
0,7666300
1,7562000
0,7494600
1,7652000
1,7529800
0,7636700
0,7524000
0,8297800
0,7561400
0,7674300
0,7538600
0,8014800
0,7580100
1,7627100
0,7680800
1,7490000
0,7432500
0,7516800
1,7320300
0,7532700
0,7416700
1,7479700
1,7310200
1,8116500
1,7940800
0,7807900
1,7796000
1,7594700
1,7660700
0,7724200
0,7654200
1,7798100
0,7810600
1,7727000
1,7900900
1,7716300
1,7707700
0,8246100
1,7971400
1,8089900
0,7952200
0,7874700
1,7785300
0,7827000
1,7798300
1,7836200
0,7773000
1,7840700
0,7784400
1,7829300
0,7770600
0,7819000
0,7784500
0,7725300
0,7609500
1,7734800
1,7601400
0,7687400
1,7615000
0,7668800
0,7618300
1,7765800
0,7655900
1,7931200
0,7660100
0,7744000
1,7517900
0,7864100
0,7456400
1,7793200
0,7433100
0,7707000
1,7437500
1,7485600
0,7426000
1,7525500
0,7408000
0,7656300
0,7443200
1,7626200
0,7509400
0,7873000
0,7535600
1,7502300
1,7571500
1,7533900
0,7649600
1,7505700
1,7563300
1,7539600
1,7642800
1,7556500
1,7567800
1,7621500
0,7929100
1,7557500
0,7659900
1,7707800
1,7679800
1,7522100
1,7737500
1,7542400
1,7788500
0,7541000
0,7670400
1,7581100
1,7728800
1,7685800
0,7966000
1,7906500
1,7846400
0,7643600
1,7703100
0,7657100
0,7741200
1,7713900
0,8344900
0,7880600
1,8041000
0,7875200
0,7906300
1,7653400
1,7668500
1,7868600
0,7698200
1,7638100
0,7812400
0,7621800
1,7713800
1,7642800
0,7669600
1,7637000
0,7677300
1,7638900
0,8384300
0,7889100
0,7989800
1,7642300
1,7668400
0,7676200
0,7781700
0,7711500
0,7736000
0,7734900
1,7698100
0,7647800
0,7692900
0,7713200
0,7721800
1,7635600
1,7696700
1,7692600
0,8171400
1,7631600
1,7698600
1,7745700
1,7668300
1,7674000
1,7701000
0,7628900
1,7768000
1,7618900
1,7783500
0,7622600
1,7823400
0,7723400
0,7770200
1,7896700
1,7893300
1,7623100
1,7775800
0,7623600
1,8110100
1,7620400
1,7803700
1,7660000
0,7687000
1,7623400
1,7601700
1,8706300
1,8120700
0,8931100
1,8451800
0,7821600
1,7790800
0,7796900
0,7822600
0,7806500
0,7793500
0,7796300
0,7790600
0,7780600
0,7930400
1,7783900
0,7798800
0,7730100
1,7664200
0,7633100
0,7689900
0,7618400
1,8467900
1,7619900
0,7701900
1,7637200
0,7695300
1,7615700
0,7840200
1,7639000
0,7585000
1,7376700
0,8041300
0,8309000
0,8630400
0,8931000
1,7518700
1,7390900
1,7524800
0,7406100
1,7388600
0,7377100
0,7447700
1,7549900
0,7837100
1,7967000
1,7798500
1,7660000
1,7729500
1,7645900
1,7664700
1,7645400
1,7662400
1,7648000
0,7751700
1,8362800
1,7657200
1,7639500
1,7659900
0,7652100
0,7949700
0,7621500
1,7812300
0,7653500
0,7723100
1,7640700
1,7663300
1,7635900
1,7655100
0,7478700
1,7861500
0,8158800
1,7540100
0,7503700
1,7790000
1,7377300
1,7772800
1,8188100
1,7473500
1,7314200
0,7523500
1,7518100
1,7578600
0,7633900
1,7657500
1,7637400
0,7712400
0,8127800
1,7635200
1,7706900
1,7624800
0,7693700
0,7612200
1,7843400
1,8219000
1,7621900
0,7607300
0,7682700
1,7623200
1,7889600
1,7607900
0,7705500
0,7681300
0,7841800
1,7597900
0,7679100
0,7640500
0,7835200
1,7500200
1,7573400
0,7481300
1,7584900
1,7443900
0,7533800
0,7466800
0,7783500
1,7446100
1,7584300
0,7535200
0,7562600
0,7456000
0,8120700
0,7380700
0,7511000
1,7357700
1,7766900
0,7375700
0,7685400
1,7394000
1,7439400
0,7378600
1,7570500
1,7329500
1,7333500
1,7682500
1,7617700
1,7699300
1,7654200
1,7746100
1,7618300
1,7711800
1,7719300
0,7668400
1,7617000
0,7728900
0,7638100
0,7689500
1,7616000
0,7667200
0,7634300
0,7686400
0,7635600
0,7698900
0,7634200
0,7682300
1,7719000
1,7667700
1,7656000
0,7702800
1,7617700
1,7663400
1,7410800
1,7733800
1,7313600
1,7413900
1,7429100
0,7574500
0,7329700
0,7439400
0,7440500
1,7473700
0,7330500
0,7446800
0,7390700
1,7414700
1,7576700
0,7919800
1,7415200
1,7581400
1,7317400
0,7365200
1,7577900
0,7376300
0,7410400
0,7366500
1,7642800
0,7377300
0,7535400
1,7447100
0,7539700
0,7465800
0,7852100
0,7495400
1,7570900
1,7444600
0,7534900
1,7441500
1,7598600
0,7466900
0,7530900
0,7463400
0,7622100
1,7360900
0,7435500
1,7357000
1,7520100
0,7844600
0,7331500
1,7769100
0,7414200
0,8591700
1,7578600
0,7557900
0,7456900
0,7743100
1,7620000
0,7668800
0,7639900
1,7673500
1,7716700
1,8887800
0,7781700
1,8087500
1,7682900
0,7772300
0,7626800
1,7822900
0,7633200
1,7698600
0,7621900
0,7677800
0,7633500
1,7675300
0,7708600
1,7667800
0,7631600
0,9003500
1,7827300
1,7792300
1,7592900
0,7624400
0,7461300
0,7573000
1,7463700
1,7521500
0,7461200
1,7740100
0,7491600
1,7537900
0,7462200
1,7578900
1,7465000
0,8020800
1,7485200
1,7499600
1,7738200
1,7530900
1,7613300
0,7592700
1,7478600
1,7561900
0,7463100
0,7465400
0,7528700
1,7460900
1,7533200
0,7464400
1,7636800
1,7459900
1,7636200
1,7447900
1,7547900
0,7458100
1,7576000
0,7497700
1,7526300
0,7474900
1,7536500
0,7464900
1,8355000
0,7812300
1,7534900
0,7436800
1,7563200
1,7357500
0,7513400
1,7362300
1,7477100
1,7293300
1,7453000
1,7356700
0,7494700
1,7361400
1,7635100
1,7660800
0,7647500
1,7672100
0,7621900
1,7727100
1,7682100
0,8053300
1,7877300
0,7959500
1,7968500
0,7632100
1,7863900
0,7672500
1,8112500
1,8129100
0,7776200
0,7641300
0,7866500
1,7641300
0,7742500
1,7624600
1,7888900
1,7649400
0,7905000
1,7785200
1,8227100
1,7930700
0,7990900
0,7921200
1,8066100
0,8117000
1,7806900
0,7696100
1,7710400
1,7625100
1,7746800
1,7664400
0,7877300
1,7795600
1,7911800
0,7883700
1,7915300
0,7824500
0,7961800
1,7806500
1,7854400
0,7812100
0,7875300
1,7781100
1,7845500
0,7810200
0,7869300
0,7806200
1,7863200
0,7808400
1,7889100
0,7839000
1,7814700
1,7805000
0,7885000
0,7836900
1,7835500
0,7794000
1,7764800
1,7642800
1,8040800
0,7632500
1,7766400
0,7659300
1,7707300
0,7652700
1,7819200
1,7640000
0,7750800
0,7667500
1,7841300
1,7405500
1,7573100
0,7407300
0,7584300
1,7408600
1,7477000
1,7706400
1,7371500
1,7480000
0,7413800
0,7548000
0,7337500
0,7563700
1,7542900
1,7631500
1,7778800
1,7817900
1,7943000
0,8110400
0,7540500
0,7584300
0,7553700
1,8281000
1,7564700
0,7599600
0,7583300
0,7954300
1,7997300
0,9504600
0,8064000
1,8046700
0,8274600
1,7849300
1,7867600
1,7924300
1,7965600
0,7951100
1,8408100
0,8111500
1,8331100
0,7822100
0,7946200
1,7819100
0,7835500
0,7815200
1,7851300
0,7812200
1,7863600
1,7821900
0,7843400
1,7769600
0,7709900
0,7683600
0,7739000
1,7621600
0,7726800
0,7682900
0,7777100
1,7621700
1,7796500
1,7672300
1,7717500
1,7622300
0,7713900
0,7524100
1,8738300
1,7918700
0,7636600
1,7624700
1,7773300
0,7502700
1,7588900
0,7543800
1,7566000
1,7515900
0,8790300
1,7622600
1,7946500
0,7710300
0,8787100
1,7808600
1,8176700
1,7657700
1,7980800
0,7677700
1,8009800
0,7735200
0,8560200
0,8271400
1,7878200
1,7906400
0,7780000
1,7786200
0,7889900
1,7865900
1,7799800
1,7773100
1,7778600
1,8079500
0,7828000
0,7812100
1,7790400
0,7888900
0,7795500
1,7802300
1,7802700
1,7809600
0,7786600
1,7795100
0,7838200
1,7815500
0,7803500
0,7818100
0,8256500
1,7803700
0,7813300
0,7785800
1,7861500
1,7806900
0,7823000
1,7804700
1,7926000
1,7811100
0,7833400
0,7827300
0,8366400
1,7804900
0,8076600
0,7804300
1,7840400
0,7804900
1,7842800
0,7863500
1,7810200
0,7842000
0,7803300
1,7789100
0,7816500
1,7767500
1,7832100
0,7808200
1,7827600
0,7791700
0,7798300
0,7825400
1,7826900
0,7782500
1,7812300
0,7806400
1,7812300
0,7774200
0,7802800
1,7780900
0,7820100
0,7609500
1,7720900
1,7603000
0,7685900
1,7596900
0,7708700
0,7623100
0,7688300
1,7598700
1,7749400
0,7623000
1,7672300
1,7355500
0,8755700
0,7413900
0,7582700
0,7363800
1,7478100
0,7500700
0,7445400
0,7366200
0,7478900
1,7297500
1,7617300
0,7413300
0,7410700
0,7374600
0,7388400
1,8665900
0,7891400
1,7500500
0,7453000
0,7682300
1,7478500
1,7431600
0,7340600
1,8257700
1,8518800
0,7998800
1,8125800
1,7880500
0,7645700
0,7684700
0,7633200
1,7657800
1,7676900
0,7792300
0,7632700
0,7754900
0,7626200
1,7688100
0,7641600
1,7663700
0,7658700
0,7750500
1,7817200
1,9494400
0,10463700
1,8953000
1,7693800
1,7601300
1,7697400
1,7604000
1,7687200
0,7609000
0,7671900
0,7620600
0,7736500
1,7777900
1,7697700
0,7619600
0,7717800
0,7609600
1,7688600
0,7618500
0,7706800
1,7510300
0,7525000
0,7463100
1,7517700
1,7518800
1,7481700
1,7536100
1,7478000
0,7541700
1,7483300
0,7524600
0,7545600
0,7633900
1,7440500
0,7442200
0,7403400
1,7604900
0,7314700
0,7443300
1,7385900
0,8203700
0,7542900
0,7534400
1,7508600
0,7493500
0,7313400
0,7776800
0,7659700
0,7802900
1,7641300
1,7678700
1,7639700
1,7655400
0,7619700
0,7724200
0,7666300
1,7645000
1,7634400
0,7728700
1,7636000
0,7575800
1,7483700
1,8045500
0,7494500
0,7656200
1,7572600
0,7565100
1,7465400
1,7446600
1,7529000
1,7462800
0,7525900
1,7442400
0,7882700
1,7461100
0,8344900
1,8463200
0,8684500
0,8807600
0,7479700
0,7599200
1,7511100
1,7468400
0,7522400
1,7442500
0,7617700
0,7800700
0,7816500
1,7757800
1,7798200
0,7801300
1,7804800
1,7760300
1,7832100
0,7817500
0,7795000
0,7992800
1,9030800
1,7629600
1,7375900
1,7482600
1,7609500
1,7390000
0,7388600
1,7352200
0,7588100
0,7314500
0,7541800
1,7355600
0,8580500
0,7497200
1,8544000
0,7609000
0,8266200
0,7744000
0,7688100
0,7611700
0,7685600
1,7603500
0,7690900
1,7597000
0,7745600
1,7602400
1,7736000
1,7601400
1,7687500
0,7622700
1,7676000
1,7613100
0,7849700
1,7600200
0,7773200
0,7627100
1,7820400
1,7604000
1,7669800
0,7626900
1,7692800
1,7445700
1,7645800
0,7468400
0,7528100
0,7464800
1,7715600
0,7548300
0,7617400
1,7524200
1,7649000
1,7554500
1,7605400
0,7531600
0,7511200
0,7408600
0,7446300
0,7458800
0,7433700
1,7699100
0,7781100
0,7465600
0,7431400
1,7562400
0,7331100
0,7483500
0,7561000
0,7874700
1,7499600
1,7562900
1,7533500
1,7707400
1,7504000
1,7650600
1,7538600
0,7728000
1,7555800
1,7549500
1,7542900
1,8357600
0,7452200
0,8371400
0,7561500
1,7695500
1,7493800
1,8467200
1,7740300
1,7707300
0,7402300
0,7575100
0,7349400
1,7528300
0,7417600
0,8064000
1,7779400
0,8250200
1,7678400
0,7851100
0,7699000
1,7719900
0,7667000
0,7730200
1,8138400
1,7739200
1,7994800
1,7991300
0,7888600
0,7899400
0,7668700
1,7659900
1,7644600
1,7649900
1,7634900
0,7673900
0,7665600
0,7760500
1,7636700
0,7667800
1,7632800
0,7648900
0,7618300
1,7889400
1,7638300
1,7659400
0,7620800
0,7675500
0,7636600
1,7674300
0,7615200
0,7694900
1,7613700
1,7670200
0,7483300
1,7535600
0,7476400
0,7509000
0,7463900
1,7529900
1,7466300
1,7587200
1,7571400
1,7495200
0,7626900
1,7442500
0,7544800
1,7436700
0,7650500
1,7916000
0,8269900
1,8690300
0,9131300
0,9499400
1,7418600
1,7453800
1,7372500
1,7554400
1,7331000
0,7633400
0,7804800
0,7779100
0,7813500
0,7793200
0,7813900
1,7863500
1,8148200
0,7784200
0,7796400
1,7890800
1,7818500
1,7782900
0,7777200
0,7662100
1,7494300
0,7511100
1,7460300
1,7445700
0,8107200
1,7448100
0,7538500
0,7452000
1,7924200
1,7449900
0,7571500
1,7443400
1,7742400
1,7447800
0,7760500
1,7441900
1,7577500
0,7635300
0,7536900
0,7454500
1,7676600
1,7446600
1,7595700
0,7453400
0,7592900
0,7465600
1,7565500
0,7455100
1,7574600
1,7444400
0,7582800
0,7455700
0,7567500
0,7465800
0,7562000
0,7455700
0,7583300
0,7466800
0,7558700
1,7293100
0,7868500
0,8109900
1,7469600
1,7296400
1,7741400
1,8411900
1,8590200
0,7825200
1,7664100
1,7524300
0,7467700
0,7584000
1,7685200
1,7856900
1,7668600
0,7727000
1,7831900
0,7623500
0,7678300
0,7624800
0,7675800
1,7601700
0,7708700
1,7615800
0,7622700
0,7604500
0,7478600
0,7607100
1,7481900
1,7518300
0,7507500
0,7527800
0,7499500
1,7509400
1,7462200
1,7595600
1,7479800
0,7584400
0,7385800
0,7453600
1,7390100
1,7523100
0,7389900
1,7474100
0,7373900
0,7418700
0,7390300
1,7459800
1,8068100
0,9400200
1,8344600
0,7665500
0,7616100
0,7665000
0,7665700
1,7658300
1,7636800
0,7803400
0,7649800
1,7650900
1,7634300
1,7697700
0,7647100
0,7599100
0,7463200
1,7734100
0,7819600
0,7582200
0,7525100
1,7627300
1,7480100
0,7531500
1,7480000
0,7537200
0,7489000
0,7765600
1,8012200
0,7802000
0,7676000
0,7851800
1,7703200
0,8249800
0,8245500
0,7884500
0,7941200
1,7797200
1,8072400
0,7670300
0,7620900
0,7761600
0,7791700
1,7789000
0,7778600
0,7929000
1,7813500
0,7917600
0,7845400
1,7814800
0,7795400
1,7907400
1,7797900
0,7816300
1,7777500
0,7852400
0,7782900
1,7790500
1,7780200
1,7798300
0,7779100
1,7779800
1,7778700
1,7773200
1,7816800
1,7910500
0,7803300
0,7583700
0,7389600
1,7497300
0,7388200
0,7489400
1,7426800
0,7498400
0,7387700
0,7426100
0,7389400
0,7413000
1,7373500
0,7457300
1,7344100
0,8321600
1,7415900
0,7443100
0,7394000
1,7359400
0,7385600
1,7426600
1,7712500
1,7395600
1,7374900
0,7364200
0,7539000
1,7298300
0,7550500
1,7355500
1,9280500
0,7582900
0,7756500
1,7450600
1,7726200
0,7552700
1,7658400
1,7574200
0,8363700
0,8024200
0,7944100
1,7776900
1,7932700
1,7777500
1,7927100
0,7778200
1,7834200
0,7827800
1,7824700
1,7805100
1,8231900
1,7786900
1,10465900
1,10982300
0,8596000
0,7915100
0,7993000
0,8751200
1,9145400
0,10109300
0,11507600
0,8508600
0,8755900
0,7932300
1,7868600
0,7800100
0,7794400
1,7764900
1,7777800
1,7768800
1,7840900
0,7946200
0,7798600
1,7773700
0,7894300
1,7784100
1,7749900
0,7937300
1,7755900
0,8064400
1,7642000
0,7696900
1,7707200
1,7837100
1,7900400
1,8038800
0,7988900
1,7945200
1,7620100
0,7776600
0,7782300
1,7789600
0,7794100
0,7831700
1,7894600
0,7925200
0,7795600
0,7818600
0,7782900
0,7793500
0,7796900
1,7779600
0,7679800
1,7660700
0,7633400
1,7700000
0,7618800
0,7683400
0,7921400
0,7685800
0,7620600
0,7790700
1,7621400
0,7825200
1,7638600
1,7568800
0,7478000
0,7531000
0,7468400
0,7665100
1,7466300
0,7523800
1,7480800
1,7522200
1,7477900
1,7533600
0,7464600
1,7569600
0,7560300
0,7448100
1,7395300
1,7489800
0,7325400
1,7497300
1,7391200
0,7512100
1,7312200
1,7375600
1,7516700
0,7409200
0,7435600
0,7413300
1,7623600
1,7358600
0,7431000
0,7382500
1,7456000
1,7324900
1,8046700
0,7607600
1,8006700
1,7826200
0,7749600
1,7357300
1,7481700
0,7566900
1,7713200
1,7765200
1,7813700
1,7728500
1,7792100
1,7603500
0,7682500
1,7601300
1,7694400
0,7612700
0,7832200
1,7641600
0,7750600
1,7601900
0,7680100
0,7619400
0,7706300
0,7609500
1,7691900
0,7622000
0,7730300
0,7608400
0,7669100
0,7617100
0,7700400
0,7462300
0,7457000
0,7346000
1,7521900
0,7364200
0,7315400
0,7438500
0,7872500
0,7794000
0,7565600
1,7627300
1,7559300
0,7532500
1,7411000
0,7719400
1,7483100
0,7528900
0,7463400
1,7493600
1,7498200
1,7526900
1,7483700
0,7553600
0,7496600
0,7581200
1,7482900
1,7498100
1,7391500
0,7456500
0,7888900
0,7690000
0,7526300
0,7487800
1,7332600
1,7359000
0,7465900
0,7364100
1,7436200
1,7359200
0,7517900
0,7433200
1,7566100
0,7465500
0,7734400
0,7582000
0,7866400
1,7567900
1,7652700
0,7530500
0,7837200
1,7566900
0,7714500
1,7442500
0,7545100
0,7466300
1,7828000
0,7789800
1,7726500
0,7503400
0,7931900
0,7455600
0,7719900
0,7470300
0,7566100
0,7452400
1,7752400
1,7566600
0,7760700
1,7605900
1,7704900
1,7626500
0,7632200
1,7669400
0,7617100
1,7716100
1,7618200
1,7660800
0,7619100
1,7822500
0,7494800
0,7712600
1,7395700
1,7655400
1,7806600
0,7978700
1,8229600
0,7965100
0,7392100
1,7532700
0,7373800
0,7454000
0,7391100
1,7479700
1,7478500
0,10600200
0,7571000
0,7456200
0,7464200
0,7539100
1,7463800
0,7886600
1,7500000
1,7539700
0,7475000
0,7646800
0,7480400
0,7628300
1,7458000
1,7718300
1,7584100
1,7707000
0,7509100
1,7651400
1,7533200
1,7577700
0,7885600
1,7513000
0,7480600
0,7605900
0,7631400
1,7661900
0,7632700
0,7679200
0,7633000
0,8323500
1,7744900
0,8099500
0,8166800
0,8535800
1,8814200
1,7820000
0,7782100
0,7805900
0,7780700
1,7783700
0,7795900
0,7815200
0,7779400
0,7791100
1,7782600
0,7815300
0,7782400
1,7781900
0,7808500
1,7473700
1,7395100
0,7514200
1,7509100
0,7520300
1,7392900
1,7374000
0,7391800
1,7498300
0,7409300
0,7467400
0,7385700
0,7444500
0,7434200
1,7504800
0,9008600
0,8541600
1,9149400
0,8759200
0,8775200
0,8620200
0,8528400
1,8189700
0,8692300
0,8597400
1,8205600
0,7852500
0,7820200
0,7809500
1,7836600
0,7867700
1,7800300
0,7774000
1,7813700
1,7792000
1,7794400
0,7775500
0,7780300
1,7783300
1,7797100
1,7761200
0,7795100
0,7799800
0,7812700
1,7878200
1,7817500
0,7804400
1,7936200
0,7770800
0,7844500
1,7735000
1,7676700
0,7612300
0,7681700
0,7625400
1,7687300
0,7608700
0,7695800
1,7703600
0,7694700
1,7598900
1,7708200
1,7602300
1,7657600
0,7368300
0,7448200
1,7300000
0,7541600
1,7355900
1,7578000
1,7301500
1,7566200
0,7523800
1,7674100
0,7482000
0,7728200
1,7356100
0,7555900
0,7465400
0,7625200
0,7464700
0,7621900
0,7499100
0,7578400
0,7457900
1,7860900
1,7451200
0,7477500
0,7572800
1,7500000
1,7520000
0,7479100
1,7507100
0,7849300
0,7519000
0,7668100
1,7522500
0,7482600
0,7589900
0,7478500
0,7546000
1,7505900
1,7506100
0,7475100
1,7515100
0,7479000
0,7554600
0,7478200
1,7522200
0,7480200
1,7649500
1,7461900
0,7701300
1,7500200
0,7744200
0,7472300
0,7920100
0,7747400
1,7644600
0,7580400
0,7582600
0,7510800
1,7599600
1,7466700
1,7518100
1,7594200
1,7533700
1,7462700
0,7537600
0,7478800
1,7637200
0,7477700
1,7615400
0,7509700
0,7542500
1,7466600
0,7451600
1,7662900
0,7461900
0,7564300
0,7451300
0,7540000
0,7464000
1,7509900
0,7308500
1,7657200
1,8030900
0,7651900
1,7295200
0,7723000
1,7359100
1,7626200
1,7298900
0,7617600
0,7375800
0,7669800
0,7432600
0,7725800
1,7602300
0,7693800
1,7603400
1,7749300
1,7809800
0,7710400
1,7629300
0,7682400
0,7630600
1,7886300
0,7640600
0,7638000
0,7463800
1,7520800
0,7472700
0,7522900
0,7465700
0,7632900
1,8646700
0,7589400
0,7472300
0,7665000
0,7475900
0,7569800
0,7468200
1,8076700
0,7506800
1,7619900
1,7450500
0,8159100
0,7930800
0,7606600
0,7504900
1,7642700
0,7506800
0,7527400
1,7450400
0,7518200
1,7730600
0,7618200
0,7685700
0,7634600
1,7661900
1,7633100
0,7713800
1,7617200
0,7820600
1,7636400
1,7709700
0,7629300
1,7653800
1,7393900
1,7440300
0,7329100
0,9085100
1,7393600
0,7562900
1,7390200
1,7362400
0,7549500
1,7419600
1,7419800
1,7385000
0,7377200
1,7452000
0,7423400
1,7357900
0,7962100
0,7438300
0,7671300
1,7486400
0,7375300
0,7446500
0,7436400
1,7858700
0,7377700
0,7447900
1,7429100
1,7615600
0,7465200
0,7541100
0,7498200
1,7445400
0,7558800
1,7446900
0,7568000
0,7491800
1,7578300
0,7466100
1,7554800
0,7429800
0,7501800
1,7364000
0,7431000
1,7426600
0,7490000
0,7468800
1,7510600
1,7355500
1,7865900
1,8106900
1,7649100
1,7426700
1,7760400
0,7467400
0,7547200
1,7442800
1,7594600
1,7448600
1,7565800
1,7445100
0,7526800
1,7450100
1,7507700
0,7511300
1,7513400
1,7640500
1,7442300
1,7353500
1,7647600
0,8144000
1,7489100
1,7354600
0,7374200
0,7576400
1,7392300
0,7578000
1,7459800
1,7441800
0,7430200
1,7491900
1,7636800
0,7814300
1,7842200
1,8067400
1,8141800
1,8693800
0,7664100
1,7859000
1,7877500
1,8159800
1,8619200
0,8824600
0,7824900
0,7907100
1,7837400
1,7788200
1,7830100
1,7811600
1,7887100
0,7773400
0,7783400
0,7864600
1,7884500
0,7818200
0,7826900
1,7827000
0,7796000
1,7772000
0,7801700
1,7805100
1,7778800
0,7783800
0,7805000
0,7802900
0,7794900
1,7781200
1,7820600
1,7746500
0,7672000
1,7652600
1,7678600
1,7675500
1,7616400
1,7655300
1,7653500
1,7877000
1,7618100
1,7663500
1,7653200
1,7840700
1,7565900
1,7528800
1,7499100
1,7539700
0,7479100
0,7529800
0,7479900
0,7761900
1,7459900
0,7820600
1,7497200
0,7655900
0,7481300
0,7504800
0,7411500
0,7462100
0,7554300
1,7499100
0,7388100
1,8258700
0,7546100
0,7457500
1,7410800
1,7422600
1,7331600
1,7626400
0,7397600
1,7701900
1,7624400
1,7660400
1,7658900
0,7853900
1,7705600
0,7947500
0,7668500
1,7679800
1,7628000
0,7700200
0,7647600
1,7680800
0,7636200
0,7738800
0,7761600
1,7638300
0,7762200
1,7649300
1,7731600
0,7671800
0,7716100
0,7643500
0,7700800
1,7631800
0,7755100
0,7673800
0,7722900
0,7627500
1,8317100
0,7812200
1,7747300
1,7728200
0,7738500
0,7644200
0,7747900
1,7604700
1,7677800
0,7622700
0,7693800
0,7621200
1,7925700
0,7883300
1,7712500
0,7631500
0,7702200
0,7612700
1,7693400
1,7600500
0,7735300
0,7612400
1,7709300
0,7465000
0,7553800
1,7445900
1,7802800
0,7463400
0,7919000
1,7486400
1,7562000
1,7448100
0,7632600
1,7448200
0,7570200
1,7450100
1,7552200
0,7453800
1,7543500
1,7475900
0,7708400
1,7649400
1,7545200
0,7792000
1,7686200
0,7521600
0,7464100
0,7511900
0,7528300
0,7507000
0,7461200
0,7539600
0,7491700
1,7715800
1,7482600
1,7504800
1,7474900
1,7585500
0,7461600
0,7520300
0,7493100
1,7566400
0,7475800
1,8427400
0,7854600
0,7444300
0,7314600
1,7477700
0,7986800
1,8808700
1,8583000
1,7823400
1,7499700
1,7382700
1,7488200
1,8067700
1,7621400
0,7694200
1,7640200
1,9329900
0,7635900
0,7828500
1,7635100
0,7740400
1,7617700
1,7746300
0,7617500
1,7703500
0,7635000
1,7664300
0,7620600
1,7840900
1,7618100
0,7974600
1,7638700
1,7670800
1,7617400
0,7673500
1,7635300
1,7682200
1,7617300
1,7625700
1,7544000
0,7609600
0,7478200
0,7517200
1,7494400
0,7542100
1,7461700
1,7502000
1,7513100
1,7609700
0,7483700
0,7509100
0,7408200
1,7373200
0,7619600
1,7356400
1,7426500
0,7391900
1,7473500
1,7358000
0,7364400
0,7391200
0,7654600
1,7404300
1,7559100
1,7408300
1,7434500
1,7396300
0,7581000
1,7418600
0,7478300
0,7417400
0,7412400
0,7417000
1,7552200
0,7384400
1,7957400
1,8127200
1,7646900
0,7640300
1,7614300
1,7616700
1,7986400
0,7531000
0,7592700
1,7521700
0,7666700
1,7511700
1,7671000
1,7473700
1,7534200
1,7648800
1,7593700
0,7581400
0,7552200
0,7767400
0,7563700
1,7532800
1,7762300
1,8110800
1,8325200
1,8580800
0,8590600
1,7553200
1,7827700
0,7680600
0,7833200
1,7607900
1,7737500
1,7607300
0,7633000
0,7708100
1,8047000
0,7624700
1,7714900
1,7623300
0,7618600
0,7676500
1,7669800
1,7657800
1,7718800
0,7678200
0,7760700
0,7536600
1,7619300
1,7608500
1,7999900
1,7858200
1,7861100
0,7912200
0,7812400
0,7746700
0,7681700
1,7608400
1,7768800
1,7649300
0,7680600
0,7626100
0,7683300
1,7634300
1,7634500
0,7718800
1,7616700
1,7670400
1,8056600
1,8355600
1,7579900
1,7834800
0,7569100
1,7609300
1,7481200
1,7527700
0,7748500
1,7502200
0,7514300
1,7550200
0,7480200
1,7792500
0,7650000
0,7677100
0,7954100
0,7674100
1,7834800
1,7655400
1,7637200
0,7685100
0,7646800
1,7658800
0,7618300
1,7667300
0,7492800
0,7743000
1,7483700
0,7523300
1,7480800
0,7520400
0,7463600
0,8128500
1,7502800
1,7600600
0,7464500
1,7619500
0,7499500
1,8500200
1,8346800
1,8363900
1,8926800
0,8556700
0,7377300
1,7445800
1,7315200
1,7525500
0,7374600
0,7581600
1,7315800
0,7503200
1,7797400
1,7779000
1,7780200
0,7787600
1,7801900
1,7812000
0,7794800
0,7787600
1,7801300
0,7946400
0,7797800
0,7784400
0,7644300
1,7479500
1,7375400
1,7755000
1,7898400
0,7808700
0,8539100
1,7473200
0,7425200
0,7517600
1,7374500
0,7543800
1,7352700
1,7535000
1,7721900
1,7661100
1,7679400
1,7600100
0,7688400
1,7735400
0,7760800
1,7602800
1,7844300
1,7643900
1,7760200
1,7631100
0,7761000
1,7517100
1,7625800
0,7494000
0,7625000
0,7525000
1,7680900
1,7466900
0,7878500
0,7525000
1,7671800
0,7482300
0,7758800
0,7527400
0,7619800
0,7543800
0,7559400
0,7524200
1,7733600
0,7540500
1,7722100
0,7529100
0,7864400
1,7521600
0,7617800
0,7469100
0,7662600
1,7528300
1,7489400
0,7578900
0,7555000
1,7586500
0,7501800
0,7538700
0,7569800
0,7666200
0,7550900
1,7513800
1,7574800
1,7599000
0,7491300
1,7391300
1,7535800
0,7691800
0,7454900
1,7783200
1,7426300
1,7575700
1,7417200
0,8587600
0,7604200
1,7678000
0,7507600
0,7722900
0,7660000
1,7700700
0,7919400
0,7744600
0,7770500
1,7709400
1,7658700
1,7719600
0,7648000
1,7728500
0,7677300
1,7709400
1,7700100
0,7583100
0,7558900
0,7633700
1,7502200
1,7582300
0,7548400
0,7598200
1,7553400
1,7645800
1,7571000
1,7695900
0,7540600
0,7563600
0,7425000
1,7481300
0,7430000
0,7336900
1,7498100
1,7628300
1,7520100
1,7322900
1,7495400
0,7428900
1,7520900
1,7322300
0,7625300
0,7420700
1,7565200
1,7385400
1,7522100
1,7409100
0,7470300
1,7320900
0,7513700
0,7427100
1,7552700
1,7414900
0,7564600
0,7413600
0,7363000
0,7418100
0,7409200
0,7729100
0,7885200
0,7491800
1,7450500
1,7499900
1,7420500
0,7410500
0,7413900
0,7668300
0,7422700
1,7904200
1,7712400
1,7803800
0,7669300
1,7780700
1,7659400
0,7931300
1,7681000
1,7830600
1,7641000
1,7758200
0,7658500
1,8073300
0,7732600
1,8123600
1,8262000
0,7718300
0,7704100
1,7670900
0,7665200
0,7888300
0,7712300
0,7703300
1,7670000
1,7691700
0,7828100
0,7711500
1,7657800
1,7708400
1,7673500
0,7728600
0,7633600
0,7719600
0,7687100
1,7734400
1,7675500
1,7676000
1,7672900
0,7747600
0,7610700
1,7619600
1,7535600
0,7561600
0,7538800
1,7568700
1,7584500
1,7582700
0,7499900
0,7561100
0,7572300
0,7674400
0,7540100
1,7558100
1,7418000
0,7555300
1,8606600
1,8233700
1,9003900
0,8538800
0,8821900
0,8018000
1,8659400
0,7467200
1,7352800
1,7498900
0,7841100
0,7835800
1,7864200
1,7892000
0,7837300
1,7872400
1,7858900
0,7821100
1,7820200
1,8838700
1,7890100
0,7829800
1,7858800
1,7643300
0,7761200
1,7641900
0,7744700
1,7618800
0,7757000
0,7661900
0,7670600
0,7699000
1,7715200
1,7710000
0,7670700
0,7585900
1,7425300
0,7535700
1,7413500
0,7506500
1,7439600
0,7783200
0,7838400
0,7429500
0,7414500
1,7501400
0,7413400
0,7641900
0,7458400
0,7565100
0,7551300
1,7961700
1,7708100
0,7719500
1,7462900
1,7549300
0,7464000
0,7529800
1,7463700
1,7585800
1,7479500
0,7533900
1,7389300
1,7532300
1,7390700
0,8143900
0,7646900
1,7433000
1,7331900
1,7442700
0,7390700
1,7459600
0,7314400
1,7454900
1,7436100
0,7527500
0,7830600
1,7600200
0,7802300
1,7641400
0,7677000
0,7763000
1,7741300
1,7617000
1,7948900
0,7661000
1,7679300
1,7652500
0,8007300
0,8004200
1,8208000
0,7991000
1,7995300
0,8149600
1,7965400
1,7964800
1,7735100
0,7621900
0,7699700
1,7598800
0,7745100
1,7790500
0,7910000
1,7801000
1,7851000
0,7859300
0,7804600
1,7759000
0,7779600
1,7759400
0,7813400
0,7785500
0,7784700
0,7779400
1,7817700
1,7760900
0,7781700
1,7785300
0,7811300
1,7762700
1,7813400
0,7785100
0,7795600
1,7781600
0,7878900
1,7797200
1,7650500
0,7365900
0,7457500
0,7394900
0,7448900
0,7363500
0,7907400
0,7393400
1,7398400
0,7367100
0,7669900
1,7434600
1,7454200
1,7355900
1,7592600
0,7394400
0,7385400
1,7617200
1,7490400
0,7552800
0,7531000
1,7388600
0,7434600
1,7335400
1,7375200
0,7431300
0,7373400
0,8193100
1,7658500
0,7655700
1,7637600
0,7832600
0,7633900
0,9090800
1,7732100
1,7623600
0,7693100
0,7614400
1,7713400
0,7636400
0,7582100
0,7458800
1,7660900
1,7470500
1,7522600
0,7526300
1,7482300
1,7631400
1,7461900
1,7500600
1,7480000
1,7544100
1,7460000
0,7461500
1,7394300
1,7453300
1,7374400
1,7355500
0,7370600
0,7500500
0,7328200
0,7508600
0,7375900
1,7475500
0,7479500
0,7460000
0,7403100
1,7503600
0,7331800
1,7388500
1,7703400
0,7789600
1,7438400
1,7296400
1,7497600
1,7378500
1,7452900
0,7401200
0,7436700
1,7373900
0,7630100
0,7454300
1,7543400
1,7464600
1,7605800
0,7488300
0,7845000
0,7524200
0,7556300
0,7455600
1,7559300
1,7481900
1,7506200
1,7405400
0,7470800
0,7562100
1,8166600
1,8756500
0,9078700
1,8811500
1,8141000
1,7357000
0,7600100
0,7314400
0,7524600
1,7356300
0,7680500
1,7761400
0,7792400
0,7769600
1,7844100
1,7762100
1,7789200
0,7771500
1,7819900
1,7762300
1,7800600
1,7759100
1,7941000
1,7465900
0,7515300
0,7338600
0,7437400
1,7355000
1,7375400
1,7354900
0,7466500
1,7391100
1,7387600
1,7358400
1,7501300
0,7376100
1,7611200
1,7359000
0,7504100
1,7358900
0,7411400
0,7381200
1,7410000
1,7516000
1,7312900
0,7499100
1,7656200
1,7603200
1,7308800
0,7442400
1,7506100
0,7568700
1,7463200
1,7754000
0,7480000
1,7652600
0,7479900
0,7507500
0,7500000
1,7615900
0,7474500
1,8256800
1,8123400
0,8413300
1,8584300
0,8528900
1,8684600
1,8293800
1,8268700
0,8647500
1,7673600
1,7597500
0,7549300
1,7528500
1,7481200
0,7724200
0,7795200
0,9302300
0,7781600
1,7784800
0,7830000
1,7775500
0,7781400
1,7766700
1,7825500
1,7762500
1,7820100
1,7769400
1,7529400
1,7519800
0,7464200
0,7540900
1,7481700
1,7509500
1,7480800
1,7508200
1,7478100
0,7585900
1,7522500
1,7595800
0,7511400
1,7544700
0,7310500
1,7410000
1,7608900
0,8242900
0,7316200
1,7617300
0,7407700
1,7527700
1,7359100
0,7444400
1,7389400
0,7429000
1,7394000
1,7492600
1,7475400
1,7564600
1,7484500
0,7869300
1,8438200
1,7698600
1,7487400
0,7512000
1,7536100
0,7454700
1,7530200
1,7444300
1,7644800
1,7355400
0,7749800
1,7521700
0,7905500
0,7725600
1,7770600
1,8214800
0,7878700
0,7742900
1,8539300
0,7539500
1,7691200
1,7598300
0,7678600
1,7635600
1,7801100
1,7597600
1,7758600
1,7618900
1,7666800
0,7608200
0,7660800
1,7620300
0,7696800
0,7556500
1,9825700
0,10366600
1,9868600
0,8004900
1,7878000
1,7822100
0,7684000
0,7917700
0,7954200
0,8263700
0,7874000
1,7782200
0,7640600
0,7863600
1,7708400
0,7705300
0,7679800
1,7835200
0,7643600
1,9865000
0,7841500
0,7632200
1,7682200
0,7629200
1,7679900
1,7602100
0,7713000
1,7688600
0,7801600
1,7603200
0,7811900
1,7638300
1,7693700
0,7624500
1,7853900
0,8539900
0,7666800
1,7597900
0,7701200
0,7611700
0,7677300
0,7622700
1,7668600
1,7599700
0,7674300
1,7606600
1,7634600
0,7736300
1,7638100
1,7793600
0,7513200
1,7415000
0,7341700
0,8614100
1,7623500
1,8754300
0,8812500
1,8821700
0,8535000
0,7403100
0,7534500
1,7330800
1,7579400
1,7762400
0,7780400
0,7799100
0,7814200
1,7761600
0,7926700
1,7781000
1,7788000
0,7771800
0,7787000
0,7818500
1,7813900
1,7642500
0,7432400
0,7391800
1,7315600
1,8045500
0,7784600
0,7399700
1,7371300
1,7358900
1,7364000
0,7521700
1,7373100
0,7408800
0,7466700
1,7693900
1,7620600
0,7672400
0,7617700
1,7698500
0,7631400
1,7903600
1,7643300
1,7677900
1,7616500
0,8912700
0,7618900
1,7670800
1,7460500
1,7502700
0,7464900
1,7653100
1,7463200
1,7515800
1,7484300
0,8606900
1,8213000
1,8274200
0,8641000
1,7543400
1,7518900
0,7669300
1,7679300
1,7653900
1,7617600
1,7729500
0,7635100
0,7971900
1,7708400
1,7651500
0,7644300
1,7663300
0,7633300
0,7666500
1,7655400
0,7816400
1,7620000
1,7674000
0,7633400
0,7674000
0,7729200
0,7806900
1,7641900
1,7650600
0,7633100
0,7862600
1,7737300
0,7870400
0,7952500
1,7721600
1,7329900
0,7504100
0,7387900
0,7641700
0,7315900
1,7521500
1,7643100
1,7505800
1,7334600
1,7625100
1,7623400
1,7700900
0,7617400
0,7849900
0,7634100
0,7627400
1,8171000
1,7659100
0,7636700
1,7673700
1,7638100
0,7619900
1,7678200
1,7461100
0,7523900
0,7467100
1,7588200
0,7469600
1,7558300
1,7446800
1,7506300
0,7470300
1,7747400
0,7502500
0,7642800
0,7491000
1,7504200
1,7296400
0,7459200
1,7370300
1,7495900
0,7346800
0,7624500
0,7382400
1,7699900
1,8241500
0,8838200
0,9237100
1,8279000
1,7809700
0,7835600
1,7777800
0,7791000
0,7783400
0,7847700
0,7774400
1,7819900
1,7762800
0,7819500
1,7762200
0,7812100
1,7741900
0,7698300
1,7597900
0,8027300
0,7812200
0,7838000
0,7709300
0,7664000
1,7621300
1,7660400
0,7609000
1,8002900
0,7655400
1,7682500
0,7610600
0,7664400
0,7638700
1,7757200
0,7610200
1,7696600
1,7802300
1,7751600
1,7601800
1,7700300
1,7626700
1,7678700
1,7570100
0,7528900
1,7464500
0,8509700
1,7444400
1,7601000
0,7504200
0,7548700
1,7724000
0,7765000
0,7483400
0,7539100
1,7479000
1,7519800
1,7371800
1,7438200
0,7305100
1,7471200
1,7372900
1,7521100
0,7310800
1,7521800
1,7377200
1,7373800
0,7377400
1,7391700
0,7644900
1,7370000
1,8577300
0,7581900
0,7659800
1,7465100
1,7383500
0,7591300
1,7472600
1,7370200
0,7408300
1,7391400
0,7511500
1,7373500
1,7442600
1,7483000
1,7669600
1,7460800
0,7515200
1,7588900
1,7526000
1,7465600
1,8808800
0,7464700
1,7768500
1,7463300
0,7566200
1,7478100
0,7457100
0,7386900
0,7430400
1,7712500
1,7528200
1,7473300
1,7590800
0,7413800
1,7374200
1,7424500
0,7365700
1,7398800
1,7375400
1,7652200
0,7450800
1,7535900
0,7500100
1,7524000
0,7454900
1,7588300
1,7464200
0,7535400
1,7442700
0,7641700
1,7462600
0,7697500
0,8021700
1,8026000
1,7529900
1,7915000
1,8040600
1,7983000
1,8168300
0,7805400
0,7365100
0,7461000
0,7531400
1,7690600
0,7621600
1,7715600
0,7621200
0,7682600
1,7596200
0,7768300
1,7765800
1,7705400
1,7605200
0,7687100
0,7622700
0,7688500
1,7597600
1,7654000
1,7696400
1,7615900
1,7731600
0,7785500
1,9441200
1,7680000
0,7618200
0,7715000
1,7606200
1,7677100
0,7627500
1,7701600
0,7623600
0,7724600
0,7627600
1,7636100
1,7679100
1,7618800
0,7670100
0,7616300
1,7807000
1,7614900
0,7732500
0,7621700
1,7663600
0,7633000
1,7564600
1,7480300
0,7521700
1,7460700
0,8268900
0,8488400
0,8391600
0,9141500
0,8378000
1,8223000
1,8572600
1,8518000
1,7901800
0,7823100
0,7815300
1,7819500
1,7761200
0,7955600
0,7811500
0,7865600
0,7846500
1,7817400
0,7778100
0,7858900
1,7763100
0,7865500
1,7784700
1,7822200
1,7762500
0,7801900
1,7781200
1,7777200
0,7769700
0,7789900
1,7783000
1,7922000
0,7768800
0,7800900
1,7464900
0,7581200
1,7446700
0,7521300
1,7460800
1,7544400
1,7443400
1,7543600
1,7484500
0,7615300
1,7545600
0,7617700
0,7487000
1,7646800
0,7308500
0,7461000
1,7378600
0,7840800
0,7304800
1,7805700
0,7398300
1,7530600
1,7294900
1,7437500
0,7363500
0,7386000
0,7480600
1,7482800
1,7543800
1,7462800
0,7884800
1,7675300
1,7523300
1,7462500
1,7630500
0,7467500
1,7576300
1,7467300
0,7588500
0,7463300
1,7616900
1,7461700
0,7556600
0,7555600
0,7655900
0,7479400
0,7782000
0,7467200
0,7564200
1,7462900
1,7505600
1,7480300
1,7681400
0,7415300
0,7352000
0,7409400
0,7391700
1,7424500
0,7305700
1,7446600
0,7393800
1,7574100
1,7295200
1,7476300
0,7483300
1,8300000
1,7531100
0,7680900
1,7499000
0,7587500
0,7888300
1,8337400
1,8327100
1,8482100
0,8505700
0,8695700
0,8476800
1,8347400
0,7977800
1,7824100
0,7782900
0,7790900
0,7798400
0,7797200
1,7774400
1,7799600
1,7789400
0,7780500
1,7775100
0,7803000
0,7777600
0,7715400
0,7642200
1,7463000
1,7518700
0,7461400
0,7546900
1,7463300
0,7713900
0,7786800
0,7695100
0,7476800
0,7679200
0,7503900
0,7563100
1,7461700
1,7460400
1,7543600
0,7464200
1,7521100
0,7466700
0,7541000
0,7462900
0,7565300
1,7477400
1,7541500
0,7467600
1,7574000
1,7483000
1,7445400
0,7531900
0,7495800
1,7372900
0,7439400
1,7295700
0,7464300
0,7381500
0,7450900
1,7329500
1,7429500
1,7371300
1,7334900
0,7497100
1,7373600
1,8180000
1,7613300
1,7673300
1,7466700
1,7480600
1,7348200
0,11369600
1,7623900
1,7370300
1,7550800
0,7575000
1,7711200
0,7626700
1,7697100
0,7795900
0,7698000
1,7733400
0,7674000
1,7604500
0,7737400
0,7611800
0,7617900
0,7669900
0,7575000
0,7575900
0,7563400
0,7538000
1,7475900
1,7493300
0,7461600
0,7527500
1,7477600
0,7607900
1,7483300
1,7516800
0,7491900
1,7506100
1,7390600
0,7663900
0,7464500
1,7377200
0,7373700
0,7626000
0,7403700
1,7384000
0,7376000
1,7388200
0,7460900
1,7355800
1,7520400
0,7376500
1,7401200
1,7356100
0,7420700
0,7375400
1,7388700
1,7354700
0,7418400
1,7385500
1,7407000
0,7382000
1,7603200
0,7379100
0,7460000
0,7370000
0,7468000
1,7495800
1,7549700
0,7924600
1,7392200
0,8612900
0,7597100
0,7517200
0,7467900
1,7560900
1,7330200
1,7530000
1,7635300
1,7650000
0,7648700
0,7672700
1,7633200
1,7655300
0,7646800
1,7887500
1,7638300
1,9088900
0,7652700
0,7733800
1,7522100
1,7493600
1,7416000
0,7478900
1,7334500
1,7652900
0,7401000
0,7449600
1,7330100
0,7756900
1,7582700
0,7849600
1,7858400
0,7757100
1,7653000
1,8637100
1,7570400
1,8400100
1,8221200
1,8388900
0,8659900
1,7560800
0,7477800
0,7524200
1,7481100
1,7563100
1,7558800
1,7653400
0,7620200
1,7656600
1,7616000
1,7645900
1,7636300
0,8751500
0,10298200
1,7888600
0,7644000
1,7658500
0,7635200
1,7553600
1,7532200
0,7649700
0,7476500
0,7549600
0,7503200
0,7523600
0,7476700
0,7502900
1,7498400
1,8312600
0,7606700
0,7697400
1,7648100
1,7770400
0,7629400
0,7700600
1,7870300
1,7672500
0,7777500
0,7659900
0,7636200
0,7691200
1,7618700
1,7659700
1,7655900
1,7528500
1,7460700
0,7573500
0,7502700
1,7510000
1,7463800
0,7597000
0,7478900
0,7518400
0,7479100
1,7473600
0,7551100
0,7463600
0,7531800
0,7365900
0,7593400
0,7375600
0,7626700
0,7366400
1,7577800
1,7328900
1,7570300
1,7337000
0,8366500
0,8057000
0,9065300
1,8142100
1,7874200
0,7780200
1,7796300
1,7782100
0,7788000
0,7781200
0,7878000
0,7788800
1,7951600
0,7781400
0,7815100
1,7775100
0,7793200
1,7762200
0,7800100
0,7785400
1,7982500
0,7787400
1,7778100
1,7800100
0,7816600
1,7759500
0,7808100
0,7788300
1,7800600
0,7479700
0,8286100
0,7591600
1,7768800
1,7517900
1,7630600
0,7453200
0,7780500
0,7500100
0,7565800
1,7444300
0,7511000
0,7466200
0,9687300
0,7725700
0,8020600
0,7879500
1,8273800
1,7746500
0,7684300
1,7828300
0,7819400
1,7918800
0,7617300
1,7747300
1,7687200
1,7774100
1,7796900
0,7822000
0,7796500
0,8134800
0,8673600
1,7888000
0,7798000
0,7784300
1,7796700
0,7878100
0,7794800
1,7767800
1,7636700
0,7682900
1,7615400
0,7658700
1,7651500
0,7743600
1,7624000
0,7673700
1,7653300
1,7660200
0,7633500
1,7648100
0,7551200
1,7498000
0,7477100
0,7457900
1,7567300
1,7447000
0,7538600
1,7440200
1,7595800
0,7464700
0,9112700
1,7442100
1,8256700
0,7388400
1,7396400
1,7351700
1,7628100
1,7656700
1,7649000
0,7366300
0,8513400
0,8675600
1,7694700
1,7434500
0,7588300
1,7359400
0,7593200
0,7611900
1,7698900
1,7605200
0,7697100
0,7609800
0,7703600
0,7621800
0,7739800
0,7610900
0,7694000
0,7619000
0,7692000
1,7565400
0,7436000
0,7376900
1,7483300
0,7306200
0,7586300
0,7378200
0,7452800
1,7323600
0,7556600
0,7376700
1,7451800
1,7294400
0,7604700
0,8052700
1,7373500
1,7350600
0,7394800
1,7405800
0,7387600
0,7369300
1,7405700
1,7477800
0,7385700
1,7371600
0,7454300
0,7468700
0,7438800
1,7487100
0,7474700
0,7531900
0,7944200
0,7820300
0,7510100
1,7490700
0,7475200
1,7493100
1,7494100
0,7634000
1,7462800
1,7595800
0,7635600
1,7677300
1,7618500
1,7677800
0,7635800
1,7794100
1,7618800
0,7851500
0,7960800
0,7835400
0,7633800
0,7674500
1,7637700
0,7736900
0,7638400
1,7655800
0,7616000
1,7686100
1,7620200
0,7678600
1,7638700
0,7886800
1,7617700
1,7710500
0,7629500
1,8055800
0,8438300
1,7639100
1,7564100
1,8688600
0,7793500
0,7534400
1,7482700
0,8189000
0,8261000
1,8377900
1,8885600
0,7613900
0,7675600
1,7701400
1,7634300
1,7650900
0,7646100
0,7674400
1,7637900
1,7662200
1,7633100
1,7644000
1,7636200
1,7661000
1,7630500
0,7549600
1,7393300
1,7356900
0,7403400
0,7450600
0,7314300
0,7454000
1,7402500
1,7395000
0,7314300
1,7700900
0,7436200
1,7482900
1,7330600
0,7622200
1,7450400
1,7521600
1,7654000
1,7427500
1,7556800
1,7592500
1,7432800
1,7359100
1,7840000
0,7369100
0,7537900
1,7373100
0,8172000
1,7583600
1,7633400
0,7500600
1,7625200
1,7444500
1,7581100
0,7464300
1,7526000
1,7445000
0,7558700
1,7448300
1,7577000
0,7452700
0,7554100
1,7619400
1,7610200
0,7556200
1,7547300
1,7465500
0,7493400
0,7515500
0,7461700
1,7528100
1,7495300
0,7547500
0,7462300
1,7632800
1,7478700
0,7505100
0,7465400
1,7527600
0,7489000
0,7684100
0,7465600
1,7512600
0,7493700
0,7645500
0,7467500
1,7499300
0,7375300
1,7596600
0,7381300
1,7752600
0,8007900
0,7753200
1,7390100
1,7364200
0,7407900
0,7363600
1,7467400
1,7312900
1,7519200
0,7609500
0,7679600
0,7618700
1,7680600
0,7607900
1,7689700
1,7618400
1,7853400
0,7610400
1,7718700
1,7618100
1,7672000
1,7597800
0,7462000
1,7391700
1,7558100
1,7387400
1,8263300
1,7734300
1,7468700
0,7424100
1,8209500
1,8444900
0,8737200
1,9025400
1,8533000
0,7809800
0,7864300
0,7792400
1,7857400
0,7785400
1,10528100
0,7869900
0,7802200
0,8097600
0,7845000
1,8539900
0,7978800
1,7825300
1,7758300
0,7827700
0,7796900
1,7779800
0,7795700
1,7806100
1,7800500
1,7763700
0,7795700
1,7903400
0,7779100
0,7805100
0,7795400
0,7815700
1,7800600
1,8078600
1,8890100
1,7783200
0,7780100
1,7761000
1,7811700
0,8978700
0,7782900
1,9652500
0,10935200
1,10368000
1,11541600
1,9553100
0,8008900
1,7851200
0,7544300
1,7524000
0,7840200
0,7563800
1,7658800
1,7698000
1,7658300
1,7688600
0,7673000
0,7711200
0,7650000
1,8843300
0,8156800
0,7966200
1,7980600
1,9476600
1,10903300
1,9776300
1,7947300
0,7816700
1,8027500
0,7756100
0,7921300
0,7648100
0,7709300
0,7552300
1,7591000
1,7473100
1,7638100
0,7467600
0,7712000
1,7598000
0,7748200
1,7610400
0,7738900
0,7608400
0,7783400
0,7622000
0,7684600
0,7611700
1,7680500
1,7602600
0,7702700
0,7484600
1,7420500
1,7358800
1,7383300
1,7957700
0,7688500
1,7698300
1,7436100
1,7622200
0,7376600
0,7449900
0,7402500
1,7430900
0,7493200
1,7673600
0,7666700
1,7658700
0,7617500
0,7667600
0,7646700
1,7656600
0,7718500
1,7800900
1,7638400
1,7782600
0,7619700
1,8602700
0,7669300
0,7628500
0,7619800
1,7732100
0,7576900
0,7629000
1,7613600
0,8692800
1,7413200
0,7629300
0,7376900
1,8065300
0,7945500
1,7873000
0,7794900
0,7856200
1,7812200
0,7806900
0,7783500
1,7808400
0,7795000
0,7792900
1,7798500
0,7827700
0,7795300
0,8859500
1,8482800
1,8553100
0,8318900
0,7457000
0,7569700
0,7473400
0,7477200
1,7546600
1,7518100
1,7555500
0,7477900
0,7659000
0,7802900
0,7803400
0,7796800
1,7793200
1,7820500
1,7802900
1,7777000
1,7795200
1,7801600
1,7775900
0,7866700
0,7818700
1,7761500
1,7736100
1,7620700
1,8209200
1,7645900
0,8080900
0,7633100
1,7918900
0,7620700
1,7704600
1,7618000
0,7684600
0,7620400
1,7693600
0,7632000
0,7725900
1,7640700
1,7665400
0,7631100
1,7665600
0,7616800
0,7709600
0,7728600
0,7687300
0,7615900
1,7661600
0,7526800
1,7446100
0,7376300
0,8239200
1,7682700
1,7513400
1,7488900
0,7548800
0,7343200
1,7495200
0,7374500
1,7466200
1,7314500
1,7556900
1,7484400
0,7525900
1,7466700
1,7456800
0,7558100
1,7448400
1,7675900
1,7480000
1,7541700
1,7448500
1,7519900
1,7494800
0,7518200
0,7486300
0,7402800
0,7380000
0,7421300
0,7796800
0,7710700
0,7663000
1,7468800
0,7382200
1,7566700
0,7340300
0,7508300
0,7380600
0,7524700
1,7483500
0,7518200
1,7469600
0,7595500
1,7580800
0,7542500
0,7469400
1,7787900
1,7486000
1,7481000
1,7544400
1,7481100
1,7498400
0,7461000
1,7646100
0,7477100
0,7532300
0,7463000
1,7586000
1,7481200
1,7646400
0,7806700
1,7598800
1,7499500
1,7561900
1,7482000
1,7508500
0,7495400
1,7529200
0,7534100
1,8276800
1,8253900
1,8562500
0,7760100
0,7688600
1,7590900
0,7496900
0,7465300
1,7550700
1,7634600
1,7667200
0,7620500
1,7745700
1,7656000
1,7662500
1,7637200
1,7651000
1,7634400
1,7666800
1,7636300
0,7686400
1,7649800
0,7767000
0,7311300
0,7528100
1,7388400
0,7551100
0,7375800
0,7470900
0,8294800
0,8594400
1,9102100
1,11241500
0,9003000
1,7902800
1,7849800
0,7785000
1,7797800
0,7789000
0,7815300
0,7784000
0,7939600
1,7760000
0,7801600
1,7766900
1,7798400
1,7774900
1,7707100
0,8052100
0,7738900
0,7608400
0,7709700
0,7621600
0,7681600
1,7596100
1,7740900
1,7599100
0,8080800
0,7608400
0,7689300
1,7605400
0,7740000
0,7611900
0,8027800
1,8508500
0,8704000
1,7996100
1,8064600
1,7605000
0,7734900
0,7635200
0,8652000
0,7862300
0,7973500
1,7970900
1,7847000
1,7829800
1,7841300
1,7762600
1,7907800
1,7763900
0,7819100
0,7770900
0,7790800
0,7781500
1,7803600
0,7772200
1,7797600
1,7759800
1,7853500
1,7778300
0,7796700
1,7763500
1,7796100
0,7770600
0,7795000
0,7783300
0,7842300
1,7474600
0,7525800
0,7467500
1,7693300
1,7443300
0,8140400
1,8178400
0,8292500
1,8179800
1,8652800
0,8492600
1,8557200
0,8120700
0,7807200
1,7816100
0,7795300
0,7782600
0,7781300
1,7832100
1,7782000
0,7806900
0,7788600
1,7785600
0,7793800
0,7801400
1,7721000
0,7667800
0,7631400
1,7666100
1,7663900
0,7687900
1,7619000
0,7665600
0,7635800
0,7680500
1,7614900
0,7821100
1,7740400
1,7891400
1,7921800
1,7954900
0,7875000
0,8460900
0,8451600
1,8318100
1,9037200
1,7559300
1,7464300
1,7538600
0,7463800
0,7642000
0,7794900
0,7790700
1,7799600
0,7801500
1,7781600
1,7891000
0,7780000
0,7803200
1,7781700
0,7864400
0,7783100
1,7777700
0,7674300
1,7622900
0,7373400
0,7500200
0,7326800
0,7823000
1,7392000
0,7708000
1,7630700
0,7513000
1,7394500
0,7522600
1,7314900
0,7445700
1,7634600
1,7684000
1,7620800
1,7731500
0,7620200
0,7620800
1,7664900
0,7644900
0,7664100
1,8351800
0,7699400
0,7608100
1,7697600
1,7603200
1,7694700
1,7598300
1,7687100
0,7618300
0,7698300
1,7598300
0,7675800
0,7621600
1,7693100
1,7598300
1,7706400
0,7618800
1,7703400
0,7364000
0,7426800
1,7359300
1,7433200
1,7296100
1,9141600
0,7492800
0,7632600
1,7490800
0,7415800
0,7433000
1,7472800
1,7530700
1,8097800
1,7601200
0,7700600
0,7612400
1,8132700
0,7757800
1,7743300
0,7619400
1,7690000
1,7604700
1,7822100
0,8097500
1,7954700
0,7825000
0,7939100
1,7759700
0,7902100
0,7895000
1,7803800
0,7770300
1,7802800
0,7803500
0,7849100
1,7759600
1,7775500
1,7374000
1,7471500
1,7295500
0,7714800
1,7373400
1,7477500
0,7305900
1,7540100
0,7461900
1,7724000
1,7296600
1,8108100
0,7514200
1,7558000
1,7443700
0,7516900
0,7481700
0,7478600
0,7596100
1,7482900
1,7554700
1,7460700
0,7498300
1,7482000
1,7520100
0,7474300
0,7515300
0,7372800
1,7443800
1,7372100
1,7453900
0,7376000
1,7425400
1,7374800
0,7376600
1,7394100
1,9454200
0,7558700
0,7629500
0,7484800
0,7549600
1,7463900
0,7563800
1,7484200
0,7557500
1,7464200
0,7507900
1,7480300
0,7526900
0,7474000
0,8968900
1,7497500
0,7542500
0,7385800
0,7491100
0,7667300
0,7772300
1,7867900
1,7681800
1,7355500
1,7977400
1,7373300
0,7550500
1,7682600
1,7640700
0,9018900
0,7703800
1,7659100
0,7812400
1,7672200
0,7943800
1,7863300
0,7913300
0,7812400
0,7766000
1,7691200
0,7679500
0,7633000
0,7659000
1,7674500
1,7657600
1,7621200
1,7598000
1,7707600
0,7620000
0,7824200
0,7621700
1,7688500
1,7878000
1,7682400
1,7618600
0,7707000
1,7449400
0,7538400
1,7489400
1,7526600
0,7464600
1,7538300
0,7488800
1,7565800
0,7466300
0,7552300
1,7459000
0,7573500
1,7462500
1,7940400
1,7907000
1,7586600
0,7578000
0,7642800
1,7663500
0,7619500
1,7363400
0,7441400
0,7382400
1,7330500
0,7444900
1,7372800
0,7658800
1,7641800
0,7666900
1,7613800
1,7676300
1,7638800
0,7657700
1,7616500
0,8467200
1,7642900
0,7664200
0,7632500
1,7663400
0,7440900
0,7406200
0,7387100
0,7467800
0,7374700
0,7391300
0,7387100
0,7839700
1,7617100
1,8116200
0,7427100
0,7558000
1,7452700
0,7894300
0,7926800
0,8721400
0,8644700
0,8497900
0,8505800
1,8236500
1,8462600
1,7634000
0,7563700
1,7618900
1,7624600
0,7882300
1,7802300
1,7814300
1,7880500
0,7826400
1,7839300
0,7793900
1,7799300
1,7803100
0,7794900
0,7799700
1,7819500
0,7865200
0,7823100
0,7773700
0,7792300
0,7805800
0,7812700
1,7763900
0,7848600
1,7803000
0,7813900
1,7761700
1,7798300
0,7808000
1,7805600
0,7686000
1,7689900
0,7658700
0,7696600
1,7606300
1,7961700
0,7829700
0,7747900
1,7609400
0,7792000
1,7648200
1,7838800
1,7725400
1,8120800
1,7614400
1,7682500
1,7609200
0,7802100
0,7742600
1,7761300
1,7638700
0,7892800
1,8873600
0,7713800
1,7660400
0,7706300
1,7626100
0,7724800
0,7624200
1,7885700
0,7732900
1,7747300
1,7651200
0,7698900
1,7628500
1,7672700
1,7638200
1,7801500
1,7605000
1,7728700
0,7631800
0,7770900
1,7599800
0,7691600
1,7622200
0,7616700
0,7678700
1,7617000
1,7679700
0,7617500
0,7675800
1,7616300
1,7563500
0,7313300
0,7437500
1,7375400
0,7785600
0,7743100
0,8034100
1,7667500
1,8464400
0,7560400
0,7668500
0,7617900
0,7468300
0,7580400
0,7701400
0,7631800
0,7666800
1,7633200
1,7667300
0,7632400
0,7829800
1,7809700
1,7663000
0,7634500
1,7664100
0,7618200
0,7575100
0,7343100
1,7444500
0,7375100
1,7450100
0,7326500
1,7431400
0,7371400
0,7374100
1,8068400
0,7388800
1,7611000
1,7427900
0,7621900
1,7464200
1,7599700
1,7446300
1,7550900
1,7479800
0,7535900
1,7448300
1,7590400
0,7471500
0,7629400
0,7501900
1,7618100
1,7460400
1,7695200
0,7376900
1,7403800
1,7467900
1,7452700
1,7416900
0,7843200
0,7366000
1,7522600
0,7375700
1,7410200
0,7362800
0,7405000
1,7534000
1,7460800
0,7647200
0,7463500
0,7593100
1,7463600
0,7664600
0,7533300
1,7518300
1,7474400
0,7745400
1,7652200
1,12915100
1,7705000
0,7611300
1,7703700
0,7625100
1,7859500
0,7611500
0,7666500
1,7734200
1,7743700
1,7597000
0,7680800
0,7655900
1,7692500
0,7456900
1,7635400
1,7463900
1,7685800
1,7443600
0,7523800
1,7462500
0,7552500
0,7456500
0,7463400
1,7529400
0,7476300
1,7613000
0,7397100
1,7425600
0,7387900
0,7550500
1,7394700
1,7429500
0,7423100
0,7458700
1,7392200
0,7372800
0,7401900
0,7789000
0,8228800
1,8505600
0,8408800
1,8700400
0,8501400
0,8450900
1,8009400
0,7487300
0,7464500
1,7528200
1,7463100
1,7512800
0,7491100
1,7558600
1,7620900
0,7665000
1,7638500
0,7752300
1,7619600
1,8112000
0,7737600
0,7670600
0,7631600
1,7654300
0,7636800
1,7666700
0,7628900
0,7722500
1,7746700
0,7751600
0,7796600
0,7664400
0,7675900
1,7694000
0,7631900
1,7829600
0,7638100
1,7657300
1,7618600
1,7655400
1,7676500
1,7692800
0,7632900
0,7699100
1,7653900
0,7679300
1,7620600
0,7666000
1,7653500
1,8534900
0,7635800
1,7769500
0,7643000
0,7545200
0,7483200
1,7631300
0,7467400
1,7507300
0,7473800
0,7517000
0,7481400
0,7556200
1,7599300
1,7584700
0,7619500
0,7564200
0,7555200
1,7621000
1,7482900
1,7506100
1,7498300
0,7525900
0,7462900
1,7497600
1,7461200
1,7545000
1,7557900
1,7448700
0,7551000
1,7376100
0,8456400
1,8441900
1,9088700
1,8383800
1,7393000
0,7378900
1,7372400
0,7469900
0,7317100
1,7329600
1,7794100
1,7372200
1,7655100
1,7603000
0,7700000
1,7614000
0,7774300
0,7720800
0,7684400
0,7635700
0,8172700
1,7643100
0,8730700
1,7597600
0,7677300
1,7693900
0,7744100
1,7601400
1,7699000
0,7622500
0,7735800
0,7610600
1,7676700
1,7598200
1,7732100
1,7601600
1,7708500
0,7619700
1,7529500
0,7307100
1,7460700
1,7356000
1,7593800
1,7298200
1,7480700
0,7375400
0,7450500
0,7306900
0,7447700
1,7359700
0,7416200
1,7373900
1,7390900
0,7620200
1,7325600
1,7662900
1,7359800
0,8372900
0,8620000
0,8962700
0,9375200
0,7320100
1,7496700
0,7521100
0,7647200
1,7763000
0,7829800
0,7774600
1,7829000
1,8347000
0,7813000
1,7764200
1,7802100
0,7823600
1,7784200
0,7770900
0,7798200
0,7531100
0,7524100
0,7454800
1,7643100
1,7459700
1,7654700
0,7455800
1,7509300
0,7720000
1,7493000
1,7540500
0,7463000
1,8343000
1,7622400
0,7658500
0,7622200
1,7836600
0,7638000
1,7646400
1,7701800
1,7618300
0,7637700
1,7928300
1,7639200
0,7760700
0,7729600
1,7674000
0,7466200
0,7545200
1,7463100
1,7565300
1,7484000
1,7660500
1,7467300
1,7675200
1,7505300
0,7861500
0,7540900
1,7543000
0,7911100
1,7683200
1,7570000
1,8095700
0,7609300
0,7533000
1,7686900
1,7642900
1,7542400
1,7882700
0,7517000
0,7604600
1,7727400
1,7619900
1,7623000
0,7667200
1,7664600
0,7809900
1,7617200
1,8248400
0,8156500
0,8798300
1,7622600
0,7671300
1,7773500
1,7664800
1,7615900
0,8452600
1,7642500
0,7698700
0,7636100
1,8544600
0,7621800
1,7664300
1,7791500
1,7670300
1,7641000
0,7683700
0,7688500
1,7714500
1,7654400
1,8046500
1,7671900
0,7719000
1,7843000
0,7695000
1,7621300
1,7699400
0,7617700
1,7799600
1,7620500
0,7693600
1,7635100
0,7662900
0,7629600
0,7691400
1,7639200
0,7678800
0,7649000
1,7651800
0,7620400
1,7664200
0,7643500
0,7763700
0,7619800
1,7381700
0,7569400
0,7306000
0,7733600
0,7378100
1,7507000
0,7306800
0,7614200
1,7359700
0,7496300
1,7292700
0,7558100
1,7392200
0,7493800
1,7353600
0,7438600
1,7357400
0,7546600
1,7550800
1,7877300
0,8931000
0,8583000
0,9046100
1,8448200
0,9057300
0,8086800
0,7878200
0,7858900
1,7814500
1,7826900
0,7813200
0,7861800
0,7837500
1,7966600
1,7793600
0,7844000
0,7848300
0,7881200
0,7664000
1,8141900
0,7559700
0,7679800
1,7462800
1,7701500
0,7558700
1,8185700
1,7610200
0,8036400
1,7533900
0,8103200
1,7553300
0,7648800
1,7644400
0,7791400
1,7644500
1,7777200
1,7628100
1,7768400
1,7644200
0,7844700
0,7649400
0,7721600
0,7652000
1,7876200
0,7678700
0,7698700
1,7525700
0,7720300
1,7729800
1,7566200
0,7528800
0,7564200
1,7524500
1,7558800
0,7532900
0,7801000
1,7517300
0,7680600
0,7542800
1,7653400
1,7536900
0,7618700
0,7529800
0,7795800
0,8120400
1,8463400
0,9227500
0,8245000
1,7682300
1,7593100
0,7776400
1,7849400
1,7805500
1,7880800
0,7835400
0,7854100
0,7807500
0,7878200
1,7815000
1,7893700
1,7807200
0,7859500
1,7813500
0,7634800
1,7520800
1,7563400
0,7568700
1,7671800
1,7592400
0,7736700
0,7538100
0,7568800
0,7535300
0,8064900
0,7589200
1,7774100
0,7664000
0,7793100
0,7628600
0,7727200
0,7667000
1,7710400
1,7619900
0,7855500
1,7644500
1,7796600
1,7615500
0,7741200
0,7658000
1,7464800
1,7477300
0,7333400
1,7502500
1,7415300
0,7575500
0,7332200
1,7456800
0,7432100
1,7478100
1,7437100
0,7502800
0,7477000
0,7474100
1,7350300
0,7765900
0,7445900
0,7533000
1,7424700
1,8044500
1,7668200
0,7512900
1,7467000
0,7611300
0,7443000
0,7503500
0,7430600
0,7734300
0,7688200
0,7714900
0,7641300
1,7696600
0,7690300
0,7649300
0,7708900
0,7810200
1,7748600
1,7638100
1,7745600
1,7523100
0,7528800
0,7385200
0,7488800
1,7317700
0,7532800
0,7390300
1,7442500
1,7401600
0,7521600
1,7651000
1,7568100
1,7316500
0,7584800
0,7407200
1,8342100
0,7537800
1,7620300
1,7497000
1,8197600
0,8069800
1,8638400
0,9000100
0,8378300
0,8363800
0,8743900
1,8323200
1,7817000
1,7857000
0,7836600
0,7828800
1,7860400
1,8166000
0,7851700
1,7852400
1,8331600
1,8185500
1,7800000
0,7844100
1,7873500
0,7910000
0,7835400
0,7808500
0,7849200
0,7856200
1,7821200
0,7865500
0,7823400
0,7835000
1,7817900
0,7913200
0,7653700
1,7468900
0,7428100
0,8808900
0,7333700
1,7988800
0,7399800
1,7600100
0,7336200
0,7650400
1,7540600
0,7432300
0,7338300
0,7563600
1,7657300
0,8433500
1,9924400
0,7753700
0,7671600
0,7765300
0,7821500
1,7998200
1,7653600
0,7724200
0,7664900
0,7906000
1,7682600
1,7689300
0,7662700
0,7738500
1,7676300
1,7830500
1,7724500
1,7745700
0,7709500
1,7920000
1,7825100
0,7732500
1,7710600
0,7753000
0,7681400
1,7735300
1,7692600
1,7871400
1,7685300
1,7799900
0,7724500
1,7883600
1,7693100
1,7826600
1,7663100
1,7693700
0,7578200
1,7607000
0,7556900
1,7605800
1,7571600
1,7908200
1,7903100
1,8410200
0,7503700
0,7658600
1,7479400
1,7799700
0,7544500
0,7724600
0,7635500
1,7656800
0,7618900
1,7681600
0,7634900
0,7661900
0,7616400
1,7681900
0,7779800
1,7667100
0,7690600
1,7728000
0,7485500
0,7415600
0,7932800
1,8806700
0,9637700
1,8584500
1,9133200
0,8456300
1,8489600
1,7691500
1,7633800
0,7626900
1,7644400
0,7787900
1,7816400
1,7808200
0,7791600
1,7818500
0,7783200
1,7755900
1,7679800
1,7813100
0,7783900
1,7784200
0,7795300
0,7730300
1,7677400
0,7746700
0,7645400
0,7716000
0,7619800
1,7668400
0,7632100
1,7673800
1,7637500
0,7735200
0,7632300
0,7669900
1,7527700
0,7558700
0,7477800
0,7540900
1,7482800
1,7662400
0,7507100
0,7574400
1,7482100
0,7702700
0,7477400
1,8211200
0,8469400
1,7907400
1,8032300
0,7675400
0,7618000
1,7673500
1,7807900
1,7646900
0,7621700
1,7670700
1,7633900
0,7802400
0,7620200
1,7659900
0,7650100
0,7654400
1,7635600
0,7727300
1,7633700
1,7705600
1,7637800
1,7665500
0,7665700
1,7683600
1,7639800
1,7666200
0,7648400
0,7481300
0,7317600
1,7454400
0,7408300
0,7365300
1,7448700
1,7396000
1,7569100
1,7449300
0,7368100
1,7361100
1,7479200
1,7357500
0,8533600
0,7513700
0,7561300
1,7450800
1,7388100
1,7358800
1,7455500
0,7365600
1,7477800
1,7361200
0,7457800
1,7359200
1,7492500
0,7499700
1,7619400
1,7446600
0,7526400
1,7447700
0,7646500
0,7599900
0,7644900
0,7699600
0,7547100
0,7501000
1,7481300
1,7997900
1,7479400
0,7792100
1,7639600
0,7684700
1,7652900
0,7654800
1,7637200
0,9942400
1,8197900
1,7661800
1,7818700
1,7620900
1,7743000
1,7627500
1,7390300
0,7729400
1,7312700
1,7405300
0,7375600
0,7477600
1,7313200
1,7393000
0,7376100
1,8016100
0,7363400
0,7455500
0,7426400
1,7497500
0,7477000
1,7552700
1,7481500
1,7537800
0,7473700
1,7730200
0,7468000
0,7536200
0,7477900
0,7591700
1,7625000
1,7539600
0,7418800
0,7582400
0,7375800
0,7727400
0,8405200
0,7966800
1,8011700
1,7896500
0,7924000
1,7874500
1,8213800
0,7972400
0,8138100
0,7862100
1,7672600
0,7809900
0,7634900
0,7661300
0,7641300
1,7663800
1,7618400
1,7662700
0,7675200
1,7664500
0,7720300
1,7668500
1,7673600
0,7670400
0,7634300
0,8432400
1,7654200
1,7833200
1,7616100
0,7665300
1,7655900
0,7667100
1,7746800
1,7740000
1,7653600
0,7555300
1,7463000
1,7514200
1,7883900
0,7555200
0,7477700
1,7500300
0,7500300
0,7675800
1,7466300
0,7662400
0,7576000
1,7481600
1,7537900
1,7446700
0,7544500
0,7468200
1,7588500
1,7444000
0,7646300
1,7445200
1,7562300
0,7455200
0,7541500
0,7464200
1,7528700
0,7413600
0,7524700
1,7361600
1,7433000
1,7661800
0,7475300
0,7379600
0,8097100
0,7860800
1,7700700
0,7470900
0,7836400
0,8498300
0,8157000
1,7814700
1,7824700
0,7798600
1,7826600
0,7785800
0,7912200
0,7799200
1,7802900
0,7786700
0,7792900
0,7847000
0,7804600
0,7781900
0,7817800
0,7786900
1,7815800
1,7763900
1,7810700
0,7773200
0,7923600
1,7764800
1,8462300
1,7761300
1,7833900
1,7763300
0,7545000
1,7352500
1,9175500
1,8301100
0,7458800
0,7362500
0,7451200
0,7378500
0,7980200
1,7674800
0,7802600
1,7955200
1,7469700
1,7613600
1,7689200
1,7604600
0,7709900
0,7609900
0,7684300
0,7637300
0,7911700
0,7612200
0,7676000
1,7621800
0,7709100
0,7661600
0,8334200
0,8418900
0,8617400
1,8682200
1,8436200
1,8472200
1,7765500
0,7455500
1,7670600
1,7471100
1,8138700
0,7591800
0,7885100
1,7766100
1,7796500
0,7776300
1,7831400
0,7784000
0,7824900
0,7775100
1,7994800
0,7783400
1,7795300
1,7760400
0,7838400
1,7528500
1,7910100
1,8410700
0,8380600
1,8576700
1,8256800
0,7483200
1,7618800
0,7465600
1,7659700
0,7696000
0,7545600
1,7474700
1,7792200
1,7778500
0,7792600
0,7783500
0,7821000
1,7803400
0,7844200
0,7781800
1,7994600
0,7807400
0,7860000
1,7764000
1,7749400
1,7459800
1,7542500
0,7467800
1,7534000
1,7461000
1,7536400
0,7466600
0,7538400
0,7504900
1,7692000
0,7466400
0,7597100
0,7470800
1,7500800
1,7393200
0,7385300
1,7392100
0,7377300
1,7450200
0,7328300
0,7463900
0,7372100
1,7389600
0,7386900
1,7470900
0,7375700
1,7518100
0,7391900
0,7988300
0,7818700
1,7735000
1,7410000
1,7780500
1,7749300
1,7621400
0,7349500
0,7476800
1,7410900
1,7359900
0,7763200
1,7619600
1,7706900
1,7604100
1,7693900
0,7628500
1,7704500
0,7623400
1,7684600
0,7625900
0,7895500
0,7620100
1,7694600
0,7548200
1,7486700
1,7360700
1,7382600
1,7360600
1,7565900
0,7380400
0,7509300
1,7295600
0,8212400
0,8795800
1,8593200
0,8175000
0,8163900
1,7767100
0,7834100
1,7782600
1,7845700
0,7807900
0,7819400
0,7778100
1,9289800
0,7834500
1,7797900
1,7787200
1,7803800
1,7869100
1,7623200
1,7652700
0,7622200
1,7732600
1,7623700
1,7601500
1,8781800
0,7707700
1,7618200
1,7657000
1,7635000
0,7705400
1,7493400
0,7595700
0,7632000
1,7466500
0,7518200
1,7581500
1,8187000
1,7675900
0,7514000
1,7611700
1,7484700
0,7505500
0,7720200
0,7589400
1,7714900
1,7602400
1,7679400
0,7609000
0,8813800
0,7803300
1,7618100
1,7655700
1,7656300
1,7838100
1,7683000
0,7610100
1,7589700
0,7467300
1,7690800
0,7454400
1,7612800
1,7444400
1,7521200
1,7443700
1,7591600
0,7467600
0,7550200
0,7492800
0,7634900
0,7451500
1,7453600
1,7561700
1,7572100
1,7490900
0,7486100
0,7367300
1,7483700
0,7313900
1,7442800
1,7356300
0,7393600
1,7410400
1,7373500
0,7474000
1,7430200
1,7553700
0,7391900
0,7421000
0,7391600
1,7395500
0,7388900
0,7420600
0,7422300
0,7377700
0,7359600
0,7521400
0,7484000
0,7452100
1,7345000
0,7512000
1,7540000
0,7458300
0,7727100
0,7803000
0,7541500
0,7565800
1,8254700
0,7703600
1,7536800
1,7643800
0,7633500
1,7647300
0,7671900
1,7662600
0,7677400
0,7675800
0,7637000
1,7656500
0,7742700
1,7601300
1,7719500
0,7620100
1,7540600
1,7355000
0,7489300
0,7375500
0,7410200
1,7360000
0,8220500
0,7377800
1,7405000
1,7356300
1,8046300
1,7427200
0,7527900
0,7410500
1,7552200
1,7448100
1,7531500
0,7456200
1,7640200
0,7465800
1,7678500
1,7446600
0,8703700
0,8967800
0,8222700
1,8426700
1,8097600
1,8151600
1,7927100
1,8286300
0,7960800
0,7900900
0,7648600
1,7708700
0,7627300
1,7663700
1,7629500
1,7616700
0,8353100
0,8022100
0,7861800
0,7842600
1,7802800
0,7801200
1,7801600
1,8025400
1,7806100
1,7935200
1,7826200
0,7849600
1,7856100
0,8337400
0,8794500
1,7782600
0,7783200
1,7838500
1,7783100
1,7813800
0,7798000
1,7839500
1,7807500
1,7792000
1,7840700
1,7945700
1,7779500
0,7907300
0,7807000
0,7817300
1,7786200
0,7786800
0,7785600
0,7972800
1,7779800
1,7773000
1,7803000
0,7822100
0,7796400
1,7806600
1,7657300
1,7703200
1,7617900
0,7726300
0,7621300
1,7794800
1,7620300
1,7655600
0,7639600
0,7682600
1,7618000
0,7689300
0,7544200
1,7528000
0,7475900
0,7517100
1,7517400
0,7532100
1,7462600
1,7572400
0,7478800
1,7488800
1,7589600
0,7453500
0,7532800
1,7501600
0,7583200
0,7440800
1,7503200
0,7527700
1,7478400
1,7726500
0,7829500
1,7474100
1,7592900
1,7356800
1,7816200
0,7318800
0,7574500
0,7608700
1,7791500
1,7604300
1,7682300
1,7596100
0,7813400
0,7663600
1,7849100
1,7737700
1,7899100
0,7663300
0,7701000
1,7602200
1,7706500
0,7624500
1,7802700
0,7609900
0,7799800
0,7622700
0,7821800
0,7609900
1,7749300
0,7618100
1,7681300
0,7763500
1,8285900
1,7359900
1,7529600
1,7315900
1,7465700
1,7357900
1,7478700
1,7309800
1,7439300
0,7375600
0,7388100
1,7391200
0,7393500
1,7613800
0,7386400
1,8325100
0,7375200
0,7446800
0,7384000
1,7727400
1,7395300
1,7658100
1,7603400
0,7805900
0,7318300
1,7434300
1,7400300
0,7671000
0,7463000
1,7527700
0,7478900
0,7660800
0,7464000
1,7490400
0,7477700
0,7546200
1,7494600
0,8465800
0,7786100
1,7788400
1,7483800
1,7636400
1,7466000
0,7534200
0,7463800
0,8792800
1,7705500
1,7527800
0,7463900
0,8418200
0,8032500
0,7896400
1,7672000
0,7619900
1,7619000
0,7701000
1,7634700
1,7707000
1,7619500
1,7825700
1,7642300
0,7668700
0,7630600
1,7673300
0,7620500
1,7653200
1,7473800
0,7546000
0,7342900
1,7435800
0,7403100
1,7426700
1,7606800
0,7376100
1,7482000
0,7363700
0,7455300
0,7377600
0,7436100
0,7380300
1,7677200
1,7358400
1,7465900
1,7390400
1,7449900
0,7375300
1,7437900
1,7372700
1,7546000
0,7373200
1,7451700
0,7382300
1,7489700
1,7458400
1,7795400
0,7473800
1,7483900
0,7541100
0,7478600
0,7689800
0,7649500
1,7683800
0,7476700
1,7570500
0,7461500
0,7566000
1,7463300
1,7540800
1,7480100
0,7525500
1,7522100
0,7552400
0,7461000
0,7544000
0,7478300
1,7540800
0,7704200
1,7603600
1,7480300
0,8205500
0,8050100
0,7545100
0,7533600
0,7472900
1,7392300
1,7532200
0,7421100
1,7295500
0,7574700
0,7376600
1,7423500
0,7601300
0,7553400
0,7629400
0,7699200
0,7609700
1,8116400
0,7639800
1,7715100
0,7611300
1,7702900
0,7620500
1,7690800
1,7598200
1,7725100
0,7667100
1,7645800
0,7367400
1,7430300
0,7375400
1,7466300
1,7388700
0,7608100
0,7378700
1,7523200
0,7643700
1,7725200
1,7793900
1,7927500
1,7532200
0,7621500
0,7740300
1,8038000
1,7485300
1,7577500
0,7537600
0,7552300
0,7457300
1,7721500
0,7469600
1,7543000
1,7652900
1,7650800
0,7627900
1,7710900
0,7611600
0,7616400
0,7670200
0,7776100
0,7715000
1,7636400
0,7682900
0,7635400
0,8181500
0,7949300
1,7961500
1,7990400
0,7618600
0,8301800
0,8300600
0,7813500
1,7991600
0,7793200
0,7685000
0,7678500
1,7601000
1,7825000
1,7739500
1,7813400
0,7767600
0,7805900
1,7782900
1,7781300
1,7782100
1,7825600
1,7768400
1,7799000
0,7782400
1,7845600
1,7768100
1,7829000
0,7455800
1,7493100
1,7495900
0,7505600
0,7553600
0,7479400
0,7543200
1,7492100
1,8090500
1,7616400
0,7513500
1,7459100
1,7500800
1,7534300
0,8299000
1,7496600
0,8188000
0,8001500
0,8745900
0,9234800
1,7713600
0,7472200
1,7525100
1,7462700
1,7538900
1,7588600
1,7765900
0,7795700
0,7804000
0,7782200
0,7795600
1,7776300
0,7814100
1,7801500
1,7780400
0,7793500
1,7776700
1,7800200
0,7600200
1,7373100
1,7456500
0,7346200
1,7362000
1,7341400
0,7394000
0,7372800
0,8556600
1,7654100
1,7743900
0,7478900
0,7842000
0,7471500
0,7680700
0,7618000
0,7708500
1,7616800
0,7716700
1,7637400
1,7647600
0,7632000
1,7671200
1,7638700
0,7678400
0,7743100
1,7764500
0,7374200
0,7616800
1,7768900
1,7326500
1,7469500
1,7673400
0,7408600
1,7354000
1,7528200
0,7374100
1,7505500
0,7362100
1,7451300
0,7377500
1,7383700
0,7400900
1,7991400
1,7357100
0,7414800
1,7355300
0,7478200
0,7378200
1,7371200
0,7382700
0,7476900
0,7719500
1,7475000
0,7473800
1,7481400
1,7515200
1,7458200
1,7508700
1,7752200
1,8274100
1,7480100
1,7634700
1,7483000
0,7770500
0,7514300
1,7685800
0,7465000
0,7543300
1,7480600
1,7522500
1,7487000
1,7520500
0,7493600
1,7492600
0,7468200
1,7538400
1,7474400
0,7941000
1,7907300
0,7640100
1,7521300
1,7515000
0,7464100
0,7573600
1,7496900
1,7519600
1,7383800
1,7490400
0,7495100
0,7499200
1,7481200
0,7466900
1,7996800
1,7301800
1,7461400
1,7533800
1,7448000
0,7304200
1,7519600
0,7377200
1,7443000
1,7296500
0,7485400
1,7450100
0,7461900
1,7296900
0,7525000
0,7375500
1,7667300
0,7431400
0,7435100
0,7375900
1,7769500
0,7748900
0,7593400
0,7379000
0,7483100
1,7300400
0,7611300
0,7627400
0,7727800
0,7613000
0,7679300
0,7621700
1,7780400
0,7657800
1,7711000
0,7623900
0,7915100
0,7611400
0,7620600
0,7697700
0,7394400
1,7388800
0,7377000
1,7454500
1,7388000
1,7358100
0,7562300
0,7466500
0,7404300
0,7491100
0,7378000
0,7465400
1,7771600
1,7400800
1,7391800
1,7830600
1,8185400
1,7595200
0,7375600
0,7546900
1,7460300
1,7438900
1,7329700
1,7848000
1,7508000
1,7485600
1,7406900
1,7449000
0,7644800
1,7442200
1,7596000
1,7447800
1,7963900
0,7454300
1,7543300
0,7465500
0,7680500
0,7453200
1,7657000
1,7475800
1,7815500
0,7686300
0,7873600
0,7708400
1,7456800
0,7365300
1,7413300
1,7394200
0,7518500
1,7357400
1,7530300
1,7298000
1,7855400
1,7446200
1,7549900
0,7466100
1,7675200
1,7444400
1,7539400
1,7806400
1,7480400
0,10209400
0,7581900
1,7644200
1,7794100
1,7487600
1,7561100
0,7510000
1,7864200
0,8144500
1,8424900
1,8393900
0,7881400
0,7454700
0,7528600
1,7468000
0,7579200
0,7457100
0,7613600
1,7622100
1,7669300
1,7596900
1,7816700
1,7618600
0,8026400
0,7738300
0,7881000
1,7667900
1,8101300
1,8335000
0,7839200
0,7882400
0,7952300
0,8010500
0,7876800
0,7675100
0,7698900
0,7608200
0,7697900
0,7621200
1,7664600
1,7596500
1,7761700
1,7605600
0,7697500
0,7609500
0,7691600
0,7623900
0,8192000
1,7596600
1,7712400
0,8095400
0,8267900
1,7644200
1,7696900
1,7602300
0,7688300
0,7623800
0,7676900
0,7619300
1,7683100
0,7627600
0,7672200
1,7602500
1,7678300
1,7614900
1,7781100
1,7771300
1,7795000
0,7624500
1,7594300
1,7300100
1,7432200
1,7390600
0,7315600
0,7552000
0,7390300
1,7558200
1,7332400
1,7532200
0,7387400
0,7517400
0,7747400
0,7556800
1,7462700
0,7475700
0,7368500
0,7484900
0,7479500
0,7680000
0,7463900
1,7497900
1,7459100
0,8269000
0,7666200
0,7602600
0,7602800
0,7693000
0,7619800
0,7899700
0,7687200
1,8687900
1,8573700
1,8099400
0,8221100
0,7664100
0,7621400
1,7722700
0,7652400
1,7745800
0,7782100
1,7784700
0,7809600
1,7807000
1,7835600
1,7918700
1,7898300
0,7788600
1,7800100
1,7773000
0,7817300
0,9076400
0,10626700
1,9020600
0,7813500
1,7763900
1,7811100
0,7865200
0,7813900
1,7762600
1,7800900
1,7778400
0,7848000
0,7771500
1,7781600
1,7459100
1,7878200
1,7447500
0,7553300
1,7487700
1,7638800
1,7542000
1,7589700
0,7580600
1,7462900
0,7595500
0,7514600
1,7513700
1,7461700
0,8954700
1,7573500
0,7469000
0,7545600
1,7570100
1,7499800
0,7609900
0,7474000
1,7509100
1,7498100
1,7590800
1,7457800
1,7576700
1,8334700
1,7765000
1,7438500
1,7517300
1,7408300
0,7459500
0,7327200
1,7677200
0,7395900
1,7582700
1,7314400
1,7409500
0,7615800
1,7804500
1,7621400
1,7794800
1,7655900
1,7706600
1,7814500
0,7840100
1,7757000
0,7820000
1,7622600
1,7705700
1,7676400
1,7648900
0,7631500
1,7653200
0,7638700
0,7695400
1,7616000
0,7612600
0,7684400
0,7617400
1,7689700
0,7855000
1,7748800
1,7598700
0,7588800
1,7310400
1,7443400
1,7361000
0,7433000
0,7321800
1,7483800
1,7359300
0,7504100
0,7304700
1,7502400
1,7360900
0,8136800
0,7400800
1,7574400
1,7450500
1,7524700
0,7468300
1,7565100
0,7467600
1,7517700
0,7554400
1,7574400
0,7470600
0,7560100
0,7471700
0,7548000
0,7379700
1,7499200
1,7361900
0,7392100
1,8607000
1,7499300
1,7791400
0,7393200
1,7409600
0,7390000
1,7462600
1,7329900
0,7665500
1,7473500
1,7535800
1,7559500
0,7739000
0,7556100
1,7655200
0,7542000
0,7573900
1,7461100
1,7520600
1,7482800
1,7636600
1,7579400
1,7669300
1,7483400
1,7676000
0,7479400
0,7538100
1,7483000
1,7895900
1,7463800
1,7530300
1,7515100
0,7526200
0,7695700
0,7600100
0,7566100
1,7666800
1,7620700
0,7626300
0,7677800
0,7620500
0,7740700
1,7616100
1,8033000
0,8104500
0,8003800
1,7918000
0,7621800
0,7678600
0,7633700
0,7693500
1,7641000
0,7680000
0,7634200
1,7677700
0,7615700
1,7668400
1,7617200
1,7676200
0,7621200
0,7793000
0,7477100
0,7422900
1,7541200
1,7545700
0,7497400
1,7295300
1,7490000
0,7492200
1,8312400
0,7495800
1,7721100
0,7557900
0,7462900
0,7371400
0,7569600
1,7475600
1,7628800
0,7495000
0,7636300
0,7466200
0,8696600
0,8279500
0,8633300
0,8328700
1,8655900
0,8110600
1,7917700
1,7813600
0,7799800
0,7863300
0,7780300
1,7801100
0,7797000
0,7797200
1,7801500
0,7812000
1,7837200
0,7786400
0,7786500
0,7831600
0,7730600
0,7674800
0,7465500
1,7552000
0,7479400
1,7447100
0,7521000
0,7482000
0,7553500
0,7453900
1,7697000
0,7873600
1,7723400
1,7602500
0,7679600
0,7638200
1,7679700
1,7601600
1,7698300
0,7638500
0,7698300
0,7612700
0,7687400
1,7618300
0,7701300
1,7426300
0,7398100
1,7395400
0,7476000
1,7354800
0,7390100
1,7576800
1,7735800
1,7488600
0,7396200
0,7402700
1,7511500
1,7357800
1,7965100
0,7902100
0,7623500
1,7630600
1,7900700
1,7890700
0,8020900
0,7401300
0,7620800
1,7301500
1,7452300
1,7357400
1,7427100
1,7612000
0,7631900
0,7667300
1,7651400
0,7692600
1,7619000
0,7782400
1,7893100
1,9021200
1,7699300
0,7648100
1,8297800
1,7650400
1,7760700
0,7476800
0,7646500
0,7540000
1,7598800
0,7784400
0,7655700
1,7523700
1,7532300
1,7565100
1,7580200
0,7604400
1,7543900
1,7680700
0,7552700
0,7614700
0,7553600
0,7603100
0,7542400
0,7679000
0,7549600
0,7563600
1,7555300
0,7642900
1,7532000
1,7609900
0,7470800
1,7713100
0,7432200
1,7567300
0,7419000
0,7594900
1,7400600
1,7489300
0,7330600
0,7518200
0,7439100
0,7489500
0,7431100
1,7404700
1,7525300
1,7375600
0,7665100
0,7416300
0,8535100
0,7536800
0,7502100
0,7828400
1,8287600
1,8355100
0,9043800
0,9002400
1,7510500
1,7881400
1,7844800
1,7832700
1,7822700
0,7942700
0,7822000
0,7858300
0,7856500
1,7847100
0,7828200
1,7830900
0,7856500
1,7767600
1,7499900
0,7536300
0,8416700
1,8159400
0,7897400
0,8728700
0,8164800
0,9273500
1,8166800
0,8239900
1,8655000
1,7894300
0,7822100
1,7863500
1,7816900
0,7967800
0,7798800
0,7864300
1,7817800
0,7815300
0,7823300
1,7829400
1,7852800
0,7937300
1,7530400
1,7461300
1,7410200
0,7489000
0,7452800
1,7369900
1,7515800
1,7482500
0,7423600
0,7487400
0,7499200
0,7490500
0,7430700
1,7661400
0,7431700
1,7544900
0,7359600
1,7506700
1,7601600
0,7612900
1,7475700
1,8229600
1,8023700
0,7594900
1,7524200
1,7482100
0,7688000
1,7807900
1,7719500
1,7744000
0,7672700
1,7694400
0,7682600
0,7947900
0,7646900
1,7688100
0,7685100
0,7736000
0,7771800
0,7677400
1,7578700
1,7597500
0,7494800
1,7564000
1,7681400
1,7628700
1,7541200
1,7527900
0,7574300
1,7719600
1,7541200
1,7946100
1,8105000
1,8141100
1,8285900
0,7809500
1,7654600
0,7722900
1,7703600
0,7752800
1,7658100
0,7768500
0,7675500
1,7713200
1,7672600
0,7702200
0,7672800
0,7762700
1,7678100
1,7673500
0,7672000
0,7728100
0,7656000
0,8267900
1,7639400
0,7738900
1,7674700
0,7725100
0,7542100
1,7581500
0,7463200
1,7596500
0,7411100
0,7520100
0,7612200
1,7548800
0,7656500
0,7686900
1,7416400
1,7469300
0,8795700
0,7812800
0,7661900
1,7711000
1,7680300
0,7686500
1,7678200
1,7693000
0,7688100
1,7624700
0,7716900
0,7664800
1,8000600
0,7654200
1,7678700
1,7519400
0,7683500
1,7848900
0,8751800
0,8196600
1,8493100
0,7812100
1,7956800
0,7781000
0,7498800
1,7615100
0,7878900
1,7754800
1,7799400
0,7842300
1,7947000
1,7982300
1,7820300
1,7827000
1,7869700
1,7854300
0,7839000
0,7834200
1,7840800
1,7856100
1,7557000
0,7809400
1,7498600
0,7667500
1,7533600
0,7523400
0,7594800
1,7529300
0,7638000
0,7522200
0,7697000
0,7542900
0,7595500
1,7436600
1,7428200
1,7424800
0,7699300
1,7380700
1,7481700
0,7421200
1,7518900
0,7385000
1,7513400
0,7443900
0,7602100
1,7379500
0,7578800
1,7409100
1,8438900
0,7488100
0,7506300
1,7533100
0,7625100
0,7539700
1,9277500
0,7337500
1,7491100
0,7710600
0,7487600
1,7474800
1,7746200
0,7649800
1,7963100
0,7641400
0,7852900
1,7639600
1,7761300
1,7641600
0,7721500
1,7637800
0,7773300
1,7652600
0,7842900
1,7400600
1,7451900
1,7553400
1,7579600
1,7478700
1,7713500
1,7382300
0,7535300
1,7406500
0,7549000
1,7404100
1,7507200
0,7454800
1,7707400
0,7538700
1,7737800
0,7471400
1,7687900
0,7540700
0,7552900
0,7564600
0,7522600
0,7585400
0,7512700
1,7579700
0,7566800
1,7635800
0,7384400
0,7868800
1,7557600
1,7623600
1,7424400
1,7472700
1,7640800
0,7729700
0,7437800
1,7443100
0,7425600
0,7593300
0,7778600
1,7743000
0,7663000
1,7719700
0,7668500
0,7759000
1,7836200
0,7759300
1,7659800
0,7726300
0,7767300
1,7705100
1,7658300
0,7748500
0,7639800
1,7709400
1,7655700
0,7745200
1,7675000
1,7698700
1,7658300
1,7747200
0,7666400
1,7623100
1,7762900
1,7899700
1,7554600
0,7364400
0,7481100
0,7426000
0,7720700
0,7336900
1,7584200
1,7400000
1,7534300
0,7336600
1,7482700
1,7421600
1,7678800
1,7511400
0,7505700
1,7413000
1,7520700
0,7336200
0,7611300
0,7427700
1,8163900
0,7993500
0,9045800
1,9040800
0,8455000
0,8617800
1,7893800
1,7842400
1,7914300
1,7827000
0,7866700
1,7859800
1,7847800
0,7854000
1,7866600
0,7865800
1,7894500
0,7866500
0,7880100
0,7835100
1,7844800
1,8378900
0,7822400
0,7829500
1,7848500
1,7863000
0,7835200
0,7838000
0,7820300
0,7859400
0,7844600
1,7804300
0,7658300
1,7783800
1,7620000
0,7672800
1,7635100
1,7795600
0,7636300
0,7678500
0,7618600
0,7724600
1,7616200
0,7667500
1,7552700
0,7490800
1,7373600
0,8526900
1,8422900
1,8410900
1,8850900
0,7490500
1,7415100
1,7464000
0,7326100
0,7472100
0,7393100
1,7639900
0,7635300
0,7714700
0,7656500
1,7736500
1,7616100
1,7659000
1,7656600
1,7674300
0,7634300
0,7779100
0,7637900
0,7669200
0,7524600
1,7414100
1,7537100
1,7456900
0,7653100
1,7356400
1,7407300
0,7681800
1,7408500
1,7688800
1,7415500
1,7358200
0,7798100
1,7364900
0,7671700
1,7446900
0,7546300
1,7444100
1,7631700
1,7449500
1,7537100
0,7455600
1,7645300
1,7447600
1,7743800
1,7474400
1,8052800
1,7592900
0,7665800
0,7513500
1,7525300
0,7466900
0,7557300
1,7459900
1,7560300
1,7446000
1,7538100
0,7487900
0,7552400
1,7716400
1,7561600
1,7464100
1,7541300
0,7464100
0,7476900
1,7631800
1,7482900
0,7545200
0,7477100
0,7551100
0,7462600
1,7771900
0,8077000
0,8687900
0,8412500
1,8697300
1,8332700
1,8217500
0,7688700
0,7533400
0,7592900
0,7478700
1,7761200
1,7448400
0,7619000
0,7502400
1,7643900
1,7661300
0,7700500
1,7602700
0,7619200
1,7911100
1,7641200
0,7775100
1,7652400
0,7695500
0,7657800
1,7660500
1,7635700
1,7834800
1,7652100
1,7667400
1,7635100
1,7660200
0,7649000
1,7994700
0,7620100
1,9249400
0,7643400
0,7691200
1,7767000
1,7712400
1,7731000
0,7679800
0,7618000
1,7932300
1,7675800
1,7695500
0,7618900
1,7660100
1,7617800
0,7649000
1,7637100
1,7684500
1,7585800
0,7532500
1,7480700
1,7557300
0,7477600
0,7523400
1,7481000
0,8561900
1,7465300
0,7513400
1,7480800
0,7601800
1,7464400
0,7566400
0,7376600
0,7865100
1,7312200
1,7428400
1,7396200
1,7458900
0,7330100
0,7468900
1,7649100
0,7459900
1,7317500
0,7368000
0,7512800
1,7431000
1,7372100
0,7457900
0,7484000
1,7469800
0,7389100
1,7354600
0,7564200
0,7677100
1,7644800
1,7387400
0,7501900
1,7376600
1,7472900
0,7456200
1,7543600
0,7498800
1,7555200
0,7536800
0,7462600
1,7543500
0,7475300
0,7514200
0,7462200
0,7809100
1,7502200
0,7521600
1,7482800
0,7632000
0,7477000
0,7558200
1,7482000
1,7548100
1,7561800
0,7964700
1,7682400
0,7664700
1,7500900
1,7604200
0,8039900
1,7696700
1,7617100
0,7660000
0,7617500
0,7791100
1,7621800
1,7645900
1,7633700
0,7679700
1,7613900
1,7646900
1,7634800
0,7696400
0,7437100
0,7392400
1,7424300
0,7434000
1,7374000
1,7293500
0,7475000
0,7500800
0,7462000
1,7290600
0,7408000
0,7388600
0,7631800
1,7292600
1,7667200
1,7382200
1,8788200
0,10034500
1,10567500
1,8830300
1,7846600
1,7405400
1,7683500
1,7996600
0,7696600
0,7613600
1,7644900
0,7678200
1,7618800
1,7712000
0,7637800
0,7682400
1,7795700
0,7664000
1,7656200
0,7687200
1,7624300
1,7755100
0,7584200
0,7540800
0,7628700
1,7463200
0,7569600
0,7466300
0,7567700
0,7471700
0,7556700
0,7466400
1,7539300
1,7479900
1,8284600
1,7580300
1,7657300
0,7512100
0,7530200
0,7473800
0,7598800
0,7472600
0,7583500
0,7466100
0,8263200
1,8437400
0,8317300
0,8425900
1,7677600
0,7630500
1,7704000
1,7600500
0,7699600
1,7619200
1,7699700
0,7619800
1,7800600
0,7610200
0,7670900
0,7624600
0,7772200
0,7548400
0,7451900
1,7358200
1,7496100
1,7494000
1,7479700
0,7534800
1,7557000
1,7581600
1,7624100
0,7566000
1,7452800
0,7307800
1,8064100
0,7852600
1,7832800
0,7844800
0,7821400
1,7765500
1,7820800
1,7760200
0,7797700
0,7784500
0,7827600
1,7763700
1,7814100
0,7784900
1,7792100
1,7756600
0,7779300
0,7780200
0,7820400
0,7772700
1,7820300
1,7764100
1,7829600
0,7788300
1,7814600
0,7801600
1,7725000
1,7683800
0,7464600
0,9967300
0,7637300
1,7485000
1,7529600
0,7482000
0,7637000
1,7440900
0,7718200
0,7487900
1,7688900
1,7523900
0,7670300
0,7635900
0,7675700
1,7594500
0,7682300
0,7657900
0,7684200
0,7607900
0,7719900
1,7649300
0,7834500
0,7729700
0,7606200
1,7377300
1,7374100
1,7527100
1,7330100
0,7415100
1,7370000
0,8716200
0,8494800
1,9365100
1,9088400
1,8551800
0,8336600
1,7806700
0,7817500
0,7773200
1,7855800
0,7780700
1,7804900
1,7781600
0,7782800
1,7762500
1,7791000
0,7789900
1,8061100
1,7746000
0,7695000
1,7852800
0,7737700
1,7603900
1,7662800
0,7633000
1,7695300
1,7602100
0,8148800
0,7626100
0,7789100
0,7622800
0,8239200
0,7647800
1,7769600
0,7622000
1,7672200
1,7617300
0,7802400
1,7646700
0,7712200
1,7601000
0,7765500
1,7676200
0,7741600
0,7610500
1,7687500
0,7635800
1,7635300
1,7654200
1,7637500
0,7715900
0,7649200
1,7660100
1,7638200
0,7670000
1,7651200
1,7693000
1,7578100
0,7481800
0,7404200
0,7483300
1,7517500
0,7438200
1,7388900
1,7387500
1,7589800
1,7602900
1,7704800
1,7722000
1,7332200
1,7570700
0,7643000
1,7645400
1,7635800
0,7681300
0,7649800
0,7672600
1,7636900
1,7650200
1,7653000
0,7725500
1,7766400
0,7683500
1,7633800
1,7479300
0,7312800
1,7406300
0,7402800
0,7363900
0,7375000
0,7438100
0,7475300
0,7364200
0,7526900
1,7359700
0,7512000
0,7425000
0,7834800
1,7446800
1,7630500
1,7445000
0,9162400
0,8498800
1,7621900
0,7554100
1,7555800
0,7477000
1,7509500
0,7451700
1,8317000
0,7622700
1,7706800
1,7598000
1,7685700
0,7636000
1,7660300
0,7610900
1,7704200
0,7634700
1,7677500
1,7597900
1,7683500
0,7654800
0,7747100
0,7369600
1,7498900
0,7396400
1,7674100
1,7394600
1,7453000
0,7396200
0,7508900
1,7326900
1,7495700
0,7425000
1,7626800
0,7700100
1,7769700
0,7618800
1,7594300
1,7443900
0,7527700
1,7526400
1,7793800
0,7515100
1,7527600
1,7578100
1,7462500
0,7507800
0,7715900
1,7545900
0,7475800
1,7822900
1,7484600
1,7653200
0,7480200
0,7513600
0,7462100
1,7525000
1,7461400
0,7518200
0,7463700
0,7648300
1,7430500
0,7490600
0,7374900
0,7510800
1,7343500
1,7532000
0,7379100
0,7501900
0,7386100
1,7411300
0,7570000
0,7390300
0,7505100
1,7292600
1,8669200
0,8861500
0,8946500
0,8488000
0,7496000
0,7703600
0,7385600
1,7560400
0,7392300
0,7393200
0,7389600
1,7519700
1,7643600
0,7800900
0,7793400
1,7775900
1,7833100
0,7799400
1,7779700
1,8080200
1,7822400
1,7819700
1,7779600
0,7777700
1,7820900
1,7582300
1,7463000
1,7503200
1,7495900
0,7546800
0,7505400
0,7675100
1,7588000
1,7529800
1,7573300
1,7520100
1,7815600
1,7527200
1,7510100
0,7420800
0,7516500
0,7427500
0,7427000
1,7404400
0,7487800
0,7441600
0,7720500
1,7559900
1,7783900
1,7403100
1,7440200
0,7829000
1,7644600
0,7974400
1,8462400
0,7565200
1,7739500
0,7709400
0,7778900
0,7546700
0,7568200
1,7520900
1,7750100
1,7536600
0,7840400
0,7665700
1,7750900
1,7661900
1,7725200
0,7665200
0,7865000
0,7789100
1,7706400
0,7714100
1,7695100
0,7707300
0,7776300
0,7730000
1,8300900
0,8515200
1,8259700
0,8202100
1,7789500
1,7623800
1,7748000
0,7658600
0,7753900
0,7628300
1,7729800
0,7659500
0,8120800
0,7810600
0,7878500
1,8071000
1,7882800
1,7805100
0,9362000
1,7798800
0,7898100
0,7824200
1,8375100
0,7874500
1,7817800
1,8256600
1,10916600
1,9667100
0,8402900
1,7982300
0,8328800
1,9150800
0,8484300
0,7818100
1,7876300
0,7840000
1,7808600
1,7809400
0,7881100
0,7803100
1,7833300
1,7808500
0,7823200
1,7899400
1,7841900
0,7839500
1,7867400
1,7768900
1,7887300
0,7672000
1,7818300
1,7607700
1,7875400
0,7675400
0,7732500
0,7625500
1,7756000
0,7652000
1,7720400
1,7704700
0,7728300
0,7635900
1,7698000
0,7620700
0,7634300
0,7875000
0,7632700
0,7691700
0,7634200
0,7695600
0,8047900
1,7904700
1,7638000
0,7677600
1,7635800
1,7663900
1,7629900
1,7675600
0,7618800
0,7684800
1,7656400
1,7793800
0,7619400
0,8153500
1,7642500
0,8068300
1,7640800
1,7665800
0,7493100
1,7578200
1,7487400
1,7565400
1,7479600
0,7542900
0,7490500
0,7528500
0,7494800
1,7594500
1,7482600
1,7621200
0,7611100
0,8234100
1,7485400
0,7545500
1,7485300
1,7645300
1,8264600
1,7900600
1,7483000
0,7570300
1,7521000
1,7521400
1,7479400
1,7593500
1,7616200
0,7748200
1,7634900
0,7772700
1,7643300
0,7695100
0,7633500
0,7902700
0,7618200
0,7686800
0,7636000
0,7689100
0,7621200
1,7784200
0,7784300
1,7629800
1,7565300
0,7642400
0,7389900
0,7589100
1,7435700
1,7584000
0,7337900
1,7358300
0,7832500
0,7384000
1,7674400
1,7786600
0,7759700
0,7656300
1,7716000
0,7910700
0,7821100
1,7835100
1,7678500
0,7818700
1,7906000
0,8058000
1,8032800
0,7957000
0,7844500
0,7788200
0,7929100
1,7766300
1,8102900
1,7776300
0,7795400
1,7770900
1,7830200
0,7794000
1,7778400
0,7794500
0,7637000
1,7701100
1,7617800
1,7653600
0,7680500
0,7627700
0,7701700
0,7652200
0,7649500
1,7602700
1,7670000
1,7596500
1,7737800
0,7408200
1,7581300
1,7297300
1,7586200
1,7358300
1,8406700
0,8458600
1,8813300
1,8562100
1,7378400
0,7452800
1,7364500
0,7416900
0,7820500
0,7644700
0,7801200
0,7663600
1,7865000
1,7662000
0,7767500
1,7761800
1,7809900
1,7826100
1,7691400
0,7628600
0,7698800
1,7617000
1,7600400
0,7520200
1,7666800
1,7615800
1,7800300
1,7692100
0,7631100
0,7629500
1,7703700
1,7806700
1,7678300
0,7641800
1,7592000
0,7462600
1,7769900
1,7445500
1,7580400
0,7467900
0,7564800
0,7455500
1,7593400
1,7477900
0,7524600
0,7469400
0,7619800
1,7787400
1,7537600
0,7455900
0,7586200
1,7444800
1,8062900
0,7454700
1,7581800
1,7447100
1,8064000
0,7456900
0,7502800
1,7348800
1,7501300
1,7445200
0,7575900
0,7468100
0,7553800
1,7441600
0,7540100
0,7507000
1,7527600
0,7453700
0,7492000
1,7505100
0,7505900
1,7465600
0,7374200
1,7632400
1,7777500
0,8363300
1,8065200
0,8096900
0,8284700
0,7918400
1,7979800
0,8387600
1,8341300
1,7908500
1,7995700
1,7798700
0,8885600
1,8823200
1,7947500
1,7688100
1,7942700
0,7832300
0,7794300
1,7697300
1,8440500
0,7690200
1,7833100
1,7785300
0,7797300
1,7757400
0,7816200
1,7762900
0,7797500
1,7759800
1,7827600
1,7762200
1,7903700
0,7773200
0,7810700
0,7529100
0,7553700
0,7367100
1,7537500
0,7347800
1,7408700
1,7600700
1,7627800
1,7297400
1,7394900
0,7364300
1,7583000
1,7297600
1,7556700
0,7990000
0,8236300
1,9002600
0,8952600
1,8489800
0,8586200
0,8474100
1,7537300
0,7374600
0,7512700
0,7373700
1,7453300
0,7569600
1,7835600
0,7622200
1,7697000
0,7631400
0,7687700
0,7623100
1,7906100
1,7778100
0,7830800
1,7603700
0,7700900
1,7619500
0,7984800
1,7640700
0,7698200
0,7632400
1,8116700
1,8356300
0,8436000
0,9168900
1,7639600
1,7664300
0,7963100
1,8345400
0,7690500
1,7779400
0,7812900
0,8102100
1,8861000
1,7851900
1,7798000
0,7781900
0,7783100
1,7802600
1,7780200
1,7819900
1,7802200
0,7909400
1,7315400
0,7461100
1,7394800
1,7482300
1,7312700
0,7428800
1,7357300
0,7381600
1,7373100
0,7458800
0,7373800
0,7467400
0,7388300
0,7334900
1,7600400
1,7314600
1,7443800
1,7350600
1,7517900
1,7330900
0,7546400
1,7413500
0,7527200
0,7315800
1,7597700
0,7365400
1,7455800
1,7297600
0,7507900
1,7358600
0,7423100
0,7313200
1,7474900
1,7437000
1,7392600
0,7554400
1,7397200
0,7575600
1,7394500
0,7407700
1,7485700
1,7636700
0,7381400
0,8226400
1,7585900
1,7739500
0,7535800
1,7918700
0,7771800
1,8014900
1,7395100
1,7436400
1,7742100
1,7775300
0,7778700
1,7783900
0,7793800
1,7781700
0,7775900
0,7844600
0,7794600
0,7771100
0,7780600
0,7820600
1,7779700
0,8348400
1,7594700
1,7554500
1,7461400
0,8026300
0,7468800
1,7568900
1,7463500
1,7507300
1,7483400
1,7521100
1,7464700
1,7572800
0,7493000
0,7533100
0,7478500
1,7602000
1,7485100
0,7573700
1,7462300
0,7521400
1,7482600
1,7790200
1,8026500
0,8685500
1,8533500
1,7827200
1,7618200
1,7659200
1,7658300
0,7684500
1,7619300
1,7644800
1,7652800
1,7700400
0,7727000
0,7879200
0,7638800
0,7892700
0,7767300
0,7836500
1,7682800
1,7873700
1,7620200
1,7663500
1,7777700
1,7672600
1,7708300
0,7698500
1,7695500
1,7898800
1,7620900
1,7818000
0,7641900
0,7673200
1,7617500
0,7683900
0,7620400
0,7754400
1,7619900
1,7684300
0,7620400
1,7661700
0,7635000
1,7710500
0,7877300
0,7404300
0,7550100
1,7370500
1,7436700
0,7344900
0,7497800
0,7382100
1,7402200
1,7357600
1,7438200
0,7378900
1,7451800
0,7377900
1,7556700
0,7396400
0,7559100
0,7345100
0,7446100
1,8405300
1,7690000
0,7437800
1,7453200
0,7352500
1,7421800
1,7355800
0,7668000
1,8409400
1,7697200
1,7605200
1,7707300
1,7617200
0,7660500
1,7600400
0,7692100
0,7672700
0,7793100
0,7996000
1,7669100
0,7629400
1,7562300
1,7602300
1,7461500
1,7557300
1,7479400
1,7530600
0,7477800
1,7841000
0,7461800
1,8272200
0,7818400
0,9889700
0,7900900
0,7622700
1,7728000
1,8118000
1,7733800
0,7619300
1,7772400
0,7620300
1,7693300
1,7604900
0,7706500
1,7596400
1,7734100
0,8169600
1,7683900
1,7598900
1,7694300
0,7626600
0,7764800
1,7599200
1,7679400
0,7619200
0,7652600
1,7653200
0,7617800
1,7785400
1,7619500
1,7441900
1,7389000
1,7392400
0,7388700
1,7428500
1,7389300
1,8604800
0,7325600
1,7494900
1,7396700
1,7447900
0,7390800
0,7596000
0,7456700
0,7543000
1,7575700
1,7636000
0,7498700
1,7645700
0,7474700
0,7555500
0,7636300
0,8014600
1,8143900
0,8353500
1,8395000
0,7788400
1,7954900
0,7791900
1,7727500
1,7693900
0,7634700
0,7695100
0,7618800
1,7695600
1,7620000
0,7668100
0,7782500
1,7663600
0,7630700
1,7893300
0,7620200
1,9155300
0,7762800
0,7662900
1,7656900
0,7726800
1,7618900
0,7702900
1,7657700
1,7646000
1,7712200
1,7794000
0,7634900
0,7786900
0,7633300
0,7677100
0,7637400
0,7693400
0,7630000
0,7651700
1,7673100
1,7660400
1,7618700
0,7661500
1,7561100
1,7655600
0,7477800
0,7547000
0,7482500
0,7621000
0,7480800
1,7660100
0,7478600
0,7572000
1,7462400
1,7445700
0,7595700
1,7385500
1,7361400
0,7366400
1,8482000
1,8742200
1,8811400
1,9060400
0,8674600
1,7799800
1,7374700
1,7553700
0,7421500
0,7550900
0,7897800
1,7789500
1,7798600
1,7784800
0,7818500
0,7840100
1,7879900
0,7931100
0,7806500
0,7806900
0,7789500
0,7812400
1,7809000
1,7925100
0,7793500
1,7780800
1,7805400
1,7783100
0,7808200
1,8192200
0,10241000
1,7781700
0,7781600
1,7765900
0,7803900
0,7675000
1,7639300
0,7679100
1,7624200
1,7666700
1,7639800
1,7687100
1,7616900
0,7655400
0,7617800
0,7694800
1,7616300
0,7670300
1,7393000
1,7453700
0,7331000
0,7527500
1,7394000
1,7426800
0,7330400
1,7356000
0,7463300
0,7391900
1,7573100
0,7363500
1,7602600
1,7391500
0,8483900
1,8585900
1,8653400
1,8446100
1,7558800
1,7436500
0,7374700
1,7878400
0,7617500
0,7307400
0,9162700
1,8394200
0,7865800
1,7774100
1,7825500
1,7782400
1,7778000
0,7806000
1,7820100
0,7780300
1,7778300
0,7899600
1,7834000
1,8628500
0,7745000
0,7533200
0,7481500
0,7528100
1,7464400
0,7562300
1,7519500
0,7463400
0,7535600
1,7445000
0,8262700
1,7782400
1,7611400
0,7819500
1,7649300
0,7678200
0,7633000
0,7614000
0,7696600
1,7600100
1,7687100
1,7691100
0,7621600
0,7621400
0,7679200
1,7615600
1,7622100
0,7346500
0,8569000
0,7382900
0,7413900
1,7393400
0,7470200
0,7381000
1,7514300
0,7377800
0,8732400
0,7386100
1,7418200
0,7438000
1,7721500
1,7633100
1,7720300
1,7603400
1,7681200
0,7624600
1,7698500
0,7621700
1,7743400
0,7631600
1,7697700
0,7621600
1,7731500
1,7407700
0,8170000
1,7301400
1,7457800
1,7407300
1,7528600
1,7298100
1,7565300
1,7918300
0,7841600
1,7681000
0,9515900
0,12484900
1,7704100
0,7619600
0,7748200
0,7609700
0,7852400
0,7623900
0,7702200
0,7608700
1,7679400
0,7621200
1,7675400
0,7709100
1,8808600
0,7779700
1,7823500
0,7762700
1,7808100
1,7680900
0,7765700
1,7593300
0,7781600
0,7656400
1,7775700
1,7629500
0,7760900
0,7659300
1,7816000
1,7611700
0,7903000
0,7825900
0,7721300
0,7645000
0,7673700
0,7628900
0,7677500
1,7599800
0,7664800
0,7624300
1,7661400
1,7597200
0,7681800
1,7702600
0,9364500
1,7613800
1,7705400
1,7603700
1,7925800
0,7743900
0,7743700
0,7620600
0,7670600
1,7443600
0,7538500
0,7464900
1,7522200
0,7546300
1,7591900
0,7465500
1,7529000
1,7445400
1,7590300
1,7493200
0,8098100
0,7546900
1,7726200
1,7449600
0,7624800
1,7445500
1,7611400
1,7775100
0,8182800
1,8789600
1,8236900
1,8567300
1,8342500
0,8343300
1,7750400
0,7805700
1,7783700
1,7939600
0,7782800
1,7782100
0,7803200
0,7801400
1,7800500
1,7762500
1,7776900
0,7903300
1,7812900
0,7676900
0,7687600
1,7613400
1,7707600
1,7601900
0,7681100
0,7625800
0,7807500
0,7620500
0,7695600
1,7599900
1,7708200
0,7621600
0,7591400
1,7294800
1,7609100
0,7375800
1,7613600
1,7295300
1,7463200
1,7358700
1,7448500
0,7305100
1,7480500
0,7377800
1,7538600
1,7358500
1,7587300
0,7633500
0,7490600
1,7355700
0,7561300
0,7657100
0,7447700
0,7654400
1,7482400
0,7506500
1,7524000
0,8407900
1,7975800
0,8129700
0,7725100
0,7614400
1,7633500
1,7645600
0,7651300
0,7671000
1,7634400
0,7737700
1,7641000
1,7644200
1,7637000
0,7659700
0,7492700
0,7581200
0,7463100
0,7581000
0,7511200
1,7708900
0,7460900
0,7581500
1,7474800
0,8383100
0,7601200
1,7565500
0,8326100
1,7681000
1,7640200
1,7766700
0,7698800
1,7732700
1,7639000
0,7701500
1,7617600
0,7665200
1,7634800
0,7971100
1,7616400
0,7663600
0,7621000
0,7713000
1,7618000
0,7739100
1,7635000
1,8172600
0,8232100
1,7901200
1,8405900
0,7876400
0,7635400
1,8064700
1,7711200
1,8214800
0,7793000
1,7760000
0,7796000
0,7802200
1,7778900
1,7756700
0,7813000
1,7807800
0,7826300
0,7844600
1,7950000
1,7784000
1,7781700
1,7777000
1,7819200
1,7905000
1,7779400
1,7781900
0,7798600
1,8038700
0,7796900
0,7808900
0,7796600
0,7823000
1,7717800
1,7435000
0,7373300
0,7444500
0,7388700
0,7357900
0,7389100
0,7468400
0,7388200
0,7505200
0,7389800
1,7600300
1,7372200
1,8093400
1,7913500
0,7574700
1,7500700
1,7502000
1,7480900
0,7600200
0,7478600
1,7563200
0,7464600
1,7634400
1,7539100
1,7501200
0,7704700
0,7663000
1,7859400
1,7657700
1,7842900
1,7638500
0,7869500
0,7668100
1,8285200
0,7660900
0,7853100
1,7659200
0,7729800
1,7568300
1,7568200
0,7673300
1,7659700
0,7482700
1,7696300
0,7562000
0,7642900
1,7737600
1,7623500
1,7560500
0,7624700
0,7490000
1,7663400
0,7627200
0,8474400
0,7535700
1,7994400
0,7511900
1,7606700
0,7540600
1,7587100
1,7481200
1,7590600
0,7536000
0,7800900
1,7442100
1,7500900
0,7483600
0,7632000
1,7392800
1,7577400
1,7421600
1,7432800
1,7389900
0,7512200
1,7401800
0,7467600
1,7400800
1,7663400
0,7402800
1,7418600
1,7399200
0,7414000
1,8565100
1,7521100
0,7483200
0,7464600
1,7473700
1,7347400
0,7603200
0,7416700
1,7443700
1,7528800
1,7564900
1,7555300
0,7602600
1,7676700
0,7562200
0,7542100
1,7591200
1,7500500
1,8259000
1,7717100
0,7614300
0,7570100
1,7667400
0,7663700
0,7720800
0,7690600
0,7723600
0,7638400
0,7718200
1,7700400
0,7702100
1,7763600
0,7732500
0,7691800
0,7847100
0,7567900
1,7683200
0,7570900
0,7640200
0,7534300
0,7479900
1,7734600
1,7513700
1,7583000
1,7516400
1,7932100
1,7551500
1,7659100
1,7541900
1,7959000
1,7446500
0,7520100
0,7605100
0,7723500
1,7452300
1,7481900
1,7469700
1,7512800
1,7444500
0,7533000
1,7448900
0,7646100
1,7827100
1,8372300
0,8493100
0,8418000
0,8637400
1,8292400
0,8275000
0,8171900
1,7551600
1,7590800
1,7503600
0,7587400
0,7706300
1,7858200
0,7782700
0,7805000
0,7769200
0,7802600
1,7762600
1,7790200
1,7765900
0,7838800
1,7769200
0,7807500
1,7760100
0,7662400
0,7678600
1,7795100
0,7610500
0,7752400
0,7622200
1,7666900
0,7609300
0,7979100
0,7622800
0,7682900
0,7610200
0,7865600
1,7731700
0,7649800
0,7568100
0,7850500
1,7526500
0,7529800
0,7453600
0,7538500
1,7544500
1,7540600
0,7456100
0,7541700
1,7444600
0,7587900
0,7455600
1,7621300
0,7466800
0,7563800
0,7489600
1,7539000
0,7466100
1,7520500
0,7453700
1,7693100
1,7451100
1,7462800
1,7556700
0,7394700
0,7504000
1,7374500
0,7559400
0,7552200
1,7512300
1,7416700
1,7397200
1,7477800
0,7491800
1,7410100
0,8372000
1,7552000
0,7787100
0,7585900
0,7636700
1,7621200
1,7770500
1,7601400
1,7871500
0,7489300
1,7744500
0,7671700
0,8578500
0,8233000
0,8482600
1,8094600
0,7753500
1,7667100
1,7811900
1,7659000
1,7733600
1,7671900
0,7724200
1,7640600
0,7732200
1,7680900
0,7934700
1,7656800
0,7720300
0,7657800
1,7688200
1,7672300
0,7701700
0,7664300
1,7751200
0,7692600
0,7683500
1,7677000
0,7731400
1,7695500
0,7578400
1,8360000
0,7560600
0,7455400
1,7488300
0,7334900
1,7649900
1,7429500
1,7469700
0,7494400
0,7537000
1,7435700
0,7576000
1,7524100
1,7820500
1,7557600
0,7588300
1,7537600
1,7713000
0,7566000
1,7517200
1,7639800
1,7592200
1,7645000
1,7519600
1,7585200
0,7529900
0,7565200
0,7424600
1,8525100
1,7694900
1,7510300
0,7480900
0,7497200
1,7315800
1,8275600
1,8455800
0,8906200
0,9052700
0,8134200
1,7824100
0,7827700
0,7911700
1,7824100
1,8336200
1,7823500
1,7848500
1,7825200
0,7867000
0,7820600
1,7861900
1,8546200
0,8401100
1,7873500
1,7825200
0,7838400
0,7815600
1,7858700
1,8608900
1,7807500
0,7837900
1,7862000
0,8192700
0,7813400
1,7796700
1,7816300
1,7798800
1,7787200
1,7805100
0,7788800
0,7806600
1,7794700
1,7847000
0,7811600
0,7834900
0,7825400
1,7799600
0,7715200
1,7683200
1,7665600
1,7732000
0,7723800
1,7706400
0,7725200
1,7860500
0,7665700
0,7857300
0,7650800
0,7737600
0,7678900
1,7689100
1,7511400
1,7586900
0,7534600
0,7923300
1,7502800
0,8103900
0,8007700
1,7725900
1,7906400
1,7718300
0,7541300
0,7564600
0,7807800
0,7820800
0,7832300
0,7864700
0,7873400
0,7831900
0,7801400
1,7822100
1,7842400
0,7846500
1,7823800
1,7954400
1,7865900
0,7519000
0,7402300
1,7402400
1,7436500
0,7420100
1,7430100
1,7455700
0,7454400
0,7457300
0,7379800
1,7498800
0,7467400
1,7537000
1,7352900
1,7936300
1,7455400
0,7408400
1,7544200
0,7338000
1,7514100
0,7404300
1,7513400
1,7313900
0,7528400
1,7380600
0,7525200
1,7364700
0,7622100
1,7642700
1,7587400
0,7535900
0,7888900
1,7484200
0,7602000
0,7489900
0,7662100
0,7527100
1,7749100
0,7487600
1,7695600
0,7407400
1,7461800
0,7340200
1,7541500
0,7406300
1,7475800
1,7421900
1,7507100
0,7504500
0,7411300
0,9369000
1,8409300
0,8883700
0,7872600
0,7929500
0,7950000
0,7864700
1,7873700
1,7857600
0,7870700
1,7793800
0,7844800
1,7837700
1,7865800
0,7814100
0,7829100
1,7755400
1,7757400
0,7666700
0,8100800
0,7648800
0,7740100
1,7640500
0,7733800
1,7635400
0,7965300
1,7646000
0,7758600
1,7619200
1,7732300
1,7698600
0,7772700
0,7658700
1,7723000
1,7641800
1,7744200
1,7646800
0,8859100
1,10226300
1,10326000
0,9869500
0,7505200
0,7777600
0,7539000
0,7945100
0,7519900
0,7567600
1,7709300
1,7552800
0,7569800
1,7545500
0,7537700
1,7586400
0,7545300
1,7505500
0,7401900
0,7543200
1,7423300
0,7531400
0,7420200
1,7378600
1,7550600
0,7623800
0,8916800
1,7757300
0,7502200
0,8183600
0,7889500
1,7779100
0,8184400
0,8848100
1,8841200
0,9867400
1,10985200
0,10988600
1,10476500
0,7995600
1,8530300
1,7817400
0,7831800
1,7765600
1,7796600
0,7771300
0,7801700
0,7813500
0,9213000
0,7831400
1,7801800
0,7783700
0,7796100
0,8413000
1,7487900
0,7529200
1,7493300
1,7753000
0,7465000
0,7517900
0,7477800
1,7531700
0,7462800
0,7570400
1,7463300
1,7543100
1,7483700
0,7465700
1,7535300
0,7471900
1,7533700
1,7448100
1,7656200
0,7469900
0,7518800
1,7483200
1,7512000
0,7468100
1,7568400
1,7392200
0,7456600
1,7370000
0,7590400
1,7298500
0,7602200
1,7389000
0,7461900
1,7299600
0,7634000
0,7407500
0,7779500
1,7564600
0,8181700
0,7621400
0,7550700
0,7564900
1,7792800
1,8033400
0,7774800
1,8546500
1,7609000
1,7771600
0,7546300
1,7447600
0,7577700
1,7493900
1,7937800
0,7626300
1,8012300
0,7706400
1,7703100
0,7623800
0,7695300
0,7611000
1,7684200
1,7603700
1,7685300
1,7601600
1,7613600
1,7500200
0,7492200
1,7542800
0,7458900
1,7526300
1,7478200
1,7654800
1,7479100
1,7516100
0,7514200
1,7488700
0,7462700
1,7542100
0,7426900
0,7380600
0,7376600
0,7423200
1,7392100
1,7559800
1,7393500
0,7477800
1,7387300
0,7410900
0,7375400
1,7360600
0,7492600
1,7295700
1,7493100
1,7357700
0,7510300
0,7433800
0,7498600
0,7377000
0,7492600
1,7293500
0,7632600
0,7832300
0,7817800
1,7295200
1,7558700
1,7604900
0,7785900
1,7598100
1,7695500
0,7620600
1,7632000
1,7750600
0,7668000
0,7873800
1,7759600
0,7659100
0,7689900
0,8444100
1,8008200
0,8287600
1,8190200
1,8275900
1,8197700
1,7698500
1,7732200
1,7674000
0,7772200
1,7638200
1,7736200
1,7665900
1,7789500
0,7830400
0,7849700
1,7928400
1,7989000
1,7827400
0,8422300
1,7826300
1,7851700
0,7818100
1,7890500
0,7823800
0,7961200
0,7773900
0,7815600
1,7766000
0,7835200
1,7760900
1,7835500
0,7783100
1,7782100
0,7802300
1,7842500
0,7783800
0,7805500
1,7735800
1,7456400
0,7315200
1,7622500
0,7393500
1,7467000
1,7359200
1,7470000
0,7367400
1,7466000
0,7372400
1,7436500
0,7370100
1,7407000
0,7420000
1,7328800
1,7690900
1,8002100
1,7438200
1,7313200
0,7457700
1,7406000
0,7397700
0,7807700
1,8944900
1,7450600
1,8345200
1,7553600
0,7800500
0,7661100
0,7691400
1,7617700
0,7795800
1,7746700
1,7840500
1,7926100
1,7785000
0,7991000
0,7870900
1,7669200
0,7888000
0,7783800
1,7780700
1,7777900
0,7942000
0,7779500
1,7780700
1,7777100
0,7810800
0,7783200
1,7777900
0,7793000
0,7824200
1,7515600
1,7508200
0,7573400
1,7585900
0,7495300
0,7527400
0,7476500
1,7734700
0,7464100
0,7533500
0,7473700
0,7527700
1,7482400
1,7623100
0,7357300
1,7467100
1,7394100
1,7638500
1,7408100
1,7611900
1,7392200
0,7317100
1,7700000
1,7545200
0,7662500
1,7355200
0,7758000
1,7616800
1,7697700
0,7620400
1,7710800
0,7627100
0,7685200
0,7624300
0,7884400
1,7882200
0,7762200
1,8081300
1,7708500
1,7741000
1,7698700
1,7602600
0,7821800
0,7649300
0,7790900
0,7623100
0,7699900
1,7595800
0,7823600
0,7622500
0,7750000
0,7736500
1,7987000
1,7867500
0,7715700
1,7598700
0,7688600
0,7618900
0,7698600
1,7600300
1,7765800
0,7622900
1,7710500
1,7596200
0,7814400
1,7552600
1,7602300
1,7473200
0,7518400
0,7464500
1,7523100
1,7446200
1,7589700
0,7478100
1,7509400
0,7456100
0,7523100
1,7462700
0,7533900
0,7366400
0,7440000
0,7416800
1,7389400
0,7579100
1,7930200
0,7556600
0,7544100
1,7770200
1,7573800
1,8294700
1,7437500
0,7580200
1,7480500
1,7625800
0,7619800
1,7541500
0,7463200
0,7775100
1,7458900
1,7555800
1,7823600
1,7535400
1,7491900
1,7575700
0,7462100
1,8769100
1,7465600
0,7837900
0,7463200
1,8524000
1,7466900
0,8021400
0,7599100
0,7787100
1,7588400
1,7606900
1,7564800
0,7701500
1,7633000
1,7657000
0,7620200
0,7703300
1,7619200
0,7753100
1,7636600
1,7696600
1,7618400
0,7671100
0,7641600
0,7687200
0,7636200
1,7424600
1,7367600
0,7559600
0,7383700
1,7488200
1,7349000
0,7463800
0,7385300
0,7561000
0,7329600
0,7565900
0,7390000
1,7416100
0,7313100
0,7440900
0,7442700
0,7364400
0,7484700
1,7466300
1,7586900
1,7352700
1,7558600
1,7432700
1,8041500
0,7567100
0,7365700
0,7471400
0,7693000
0,7697000
0,7687700
0,7639000
1,7683600
0,7627000
1,7704400
1,7603300
0,7709700
0,7609900
0,7681900
1,7601800
1,7771800
1,7415600
1,7483400
1,7297300
0,7578400
0,7366100
0,7461900
0,7320300
1,7430900
0,7364700
1,7438000
1,7302900
1,7371200
1,8981800
1,7699500
0,8000500
1,7608700
0,7460400
0,7482700
0,7547000
1,7464800
0,7654200
1,7499200
0,7706300
0,7479700
0,7938700
1,7498300
0,7733600
1,7466200
1,7561000
0,7482700
0,7645700
1,7463700
0,7508500
0,7499700
1,7520500
0,7512500
1,8952700
0,7500800
0,7574200
0,7400300
1,7444300
0,7493500
1,7569900
0,7388400
0,7368800
1,7368700
1,7446300
0,7326800
0,7517000
0,7391900
0,7395700
1,7315800
0,7864500
0,8556900
1,9098900
1,8790400
1,8823300
1,8740100
0,7575000
0,7386000
1,7807400
0,7437000
0,7561000
1,7473700
1,7548500
0,7776400
0,7858400
1,7806300
1,7958500
0,7847900
0,7850800
1,7781000
1,7827100
0,7787700
1,7815200
0,7854400
0,7856400
0,7783900
0,7795000
1,7807100
0,7810500
0,7792400
0,7818800
1,7793400
0,7819900
1,8116400
1,7911600
0,7930800
1,7776600
0,7785100
0,7785600
1,7671900
0,7824600
0,7744300
1,8237800
0,8308200
1,10297800
0,8877600
0,7756100
0,7936600
1,7788100
0,7862800
1,7677400
0,7879600
0,7821600
1,7836600
1,7808300
0,7848600
0,7820500
1,7840400
0,7789100
1,7808900
1,7807700
1,7922400
0,7692600
0,7694100
1,7655400
0,7798300
1,7765500
0,7839300
0,7767600
1,7871900
0,7786600
1,7802100
1,7758000
0,7806400
0,7782400
0,7814500
0,7783700
1,8003200
0,8175900
0,7692100
0,7630600
0,7687500
1,7605000
0,7688300
0,7627600
0,7702600
0,7623000
0,7676400
1,7618400
0,8079500
1,7647500
1,8522800
1,7644700
1,7767900
0,7621100
0,7807700
0,7710100
0,7710200
0,7618200
0,7791800
1,7620100
1,7737700
1,7601800
0,8356600
0,7732500
1,7692800
1,7600600
0,7693300
1,7616900
1,7680300
1,7598100
1,7704000
1,7596600
1,7691300
0,7621900
0,7593500
0,7502000
1,7469100
0,7376400
1,7433400
1,7316500
1,7388300
0,7590200
0,7327900
0,7403300
1,7391700
0,7567700
0,7330800
1,7450400
0,7374600
0,7797200
1,7595000
1,8025000
0,7376800
0,7572300
1,7328200
1,7445100
0,7482900
0,7731700
1,7348700
1,7424200
1,7394700
1,7829300
1,7735400
0,7568400
1,7520400
0,8334200
0,7496100
1,7515900
0,7463900
0,7653500
1,7608300
1,7521400
1,7485100
0,7466800
1,7665300
0,7304100
0,7568800
1,7448700
1,7545100
0,7306600
0,7459100
0,7378100
1,7929900
1,9004000
0,7635700
1,8465100
1,7597300
1,7549900
1,7682600
1,7603300
0,7750800
0,7608300
1,7690600
0,7619500
1,7677500
0,7606200
0,7798900
1,7601300
0,7698700
0,7610100
0,7548500
1,7328600
1,7508600
0,7362600
0,7787000
1,7530000
0,7480400
0,7366900
1,7489200
1,7541100
0,7727100
1,7627300
0,7469100
1,7374100
1,7552800
0,7458400
1,7581800
1,7447100
1,7810900
0,7459500
1,7660200
1,7640600
0,7558700
0,7456900
1,7530200
1,7508300
0,7676200
1,7477500
0,7370100
1,7441300
1,7388000
0,7543000
1,7391000
0,7690100
1,7386800
1,7459100
1,7391400
1,7374300
1,7391600
1,7461600
0,7370800
1,7733400
0,7430400
0,7509600
0,7371600
1,7474300
0,7430400
1,7734400
0,8091900
0,7379400
1,7506000
0,7550300
0,7373700
0,7951900
1,7799800
0,8145500
1,7640800
0,7683800
0,7636200
1,7650400
1,7643000
0,7692500
0,7635800
0,7667200
0,7715300
1,7693200
0,7562800
1,7549400
1,7516200
0,7542900
1,7513600
1,7441600
1,7527000
1,7482900
1,10321800
1,7525600
0,7465100
1,7573000
1,7464700
0,7485500
1,7610100
1,8153100
0,7690600
1,7401700
0,7314200
0,7519000
0,7389900
1,7355100
0,7725000
0,7393400
1,7478800
0,7365300
0,7452600
1,7484900
0,7758900
1,7448200
1,7527400
0,7484700
0,7547400
1,7445000
1,7534500
0,7480700
1,7532700
0,7532500
0,7661600
1,7613200
1,7576600
1,7532400
1,7732600
0,7593700
1,7686900
0,7530200
0,7530700
0,7508700
1,7642400
1,7445500
1,7603600
1,7452400
1,7571100
1,7443100
0,7689700
1,7445500
0,7477200
0,8355300
1,7667100
1,7489500
0,7580700
0,7534000
1,7497700
0,7530800
1,7462600
1,7538800
0,7601700
1,7660600
0,7632400
1,7705600
1,7672000
1,7664400
0,7632100
1,7679700
0,7633500
1,7763300
1,7817200
1,8243700
0,7815900
0,7875000
1,7879300
0,7997100
0,7771400
1,7807000
1,7626200
1,7668700
0,7642800
0,7681800
0,7633100
1,7660800
1,7675500
1,7653000
0,7764800
1,7664600
0,7620200
1,7854700
1,8010300
0,8877600
1,8563700
1,8350400
1,8723400
0,7638200
1,7701000
1,7601300
1,7746400
0,7789800
1,7829800
1,7763700
1,7971200
0,7773400
1,7812600
0,7783900
0,7811600
1,7762200
1,7806100
1,7768600
1,7801900
1,7514200
1,8140000
1,7329600
1,8019600
0,7369300
1,7382400
1,7359600
0,7492000
0,7361300
1,7622300
0,8218700
1,7774700
0,7430200
1,7559500
1,7605000
1,7706100
1,7599900
1,7685900
0,7620400
1,7695100
0,7608400
0,7621300
0,7770000
1,7638200
0,7675900
0,7623100
0,7586000
0,7402900
1,7494500
0,7516200
1,7463700
0,7406000
1,7484600
0,7371300
1,7415000
1,7567700
1,7873400
1,7392500
1,7423600
1,7388600
0,7585700
1,7647700
1,7563300
1,7488600
0,7560100
0,7464200
0,8861200
1,7512000
0,7520200
0,7461900
0,7557100
0,7473900
0,7726700
0,7463200
1,7521200
0,7475900
0,7805500
1,7483300
0,7515900
0,7590900
1,7488200
0,7462300
1,7529000
0,7475900
1,7442000
1,7656900
0,7462100
1,7359700
1,7357200
0,7413800
0,7342900
1,7468900
1,7354900
0,7588400
0,7359800
1,7470000
1,7355500
0,7556600
0,7316900
1,8333000
0,7848600
1,7583500
0,7395500
1,7539900
0,7364400
0,7501700
0,7332400
1,7475400
0,7366600
0,7788200
1,7659000
1,7449000
1,7430300
1,7635500
1,7854800
1,7709300
0,7610700
0,7615200
1,7745000
1,7616100
0,7668800
0,7615200
0,7713900
0,7633000
1,7653800
0,7616300
0,7816400
1,7495900
0,7529400
0,7464800
0,7536200
0,7479300
0,7515500
1,7480900
0,7661500
0,7474000
1,7508800
1,7480900
1,7533100
0,7488200
0,7777900
1,7455200
1,7453000
0,7328200
1,7423100
0,7373100
0,7724400
0,7328600
1,7594000
0,7376300
1,7468500
1,7314800
1,7357800
1,7546800
1,7343800
1,7362800
1,7354300
1,7531500
1,7370100
0,7523200
0,7362200
1,7825800
0,7457700
1,7425800
1,7354200
0,7666400
1,7441400
0,7624200
0,7368600
0,8504100
0,7924700
1,7473400
1,7412000
0,7470300
1,7378000
1,7457800
0,7306100
1,7482100
1,7376800
0,7565700
1,7444600
1,7530000
0,7646000
0,7567600
1,7442400
1,7611100
1,7522600
0,7476400
1,7632700
0,7463400
0,7580000
0,7478700
0,7537800
0,7464000
0,7633400
1,7463300
1,7556600
1,7484100
0,7586700
1,7463200
0,7566300
1,7511900
0,7530900
0,7476900
1,7523500
0,7579700
1,7683700
1,7912000
0,7828800
0,7842600
1,7877700
1,7469100
0,7728600
1,7427300
0,7520500
0,7390400
0,7404600
1,7393900
0,7397500
0,7572100
1,7443400
1,7544700
0,7482000
0,7533800
1,7664800
0,7542900
0,7483000
1,7523100
0,7456500
0,7527700
1,7460000
0,7538100
0,7375300
1,7536300
1,7391100
0,7445600
0,7427800
1,7456000
0,7485600
0,8451800
1,7630700
1,7593300
0,7848700
1,7684200
1,7418600
0,7512600
0,7643800
0,7687500
0,7608900
0,7681400
1,7625000
0,7735100
1,7599400
1,7713000
0,7622800
0,7700700
0,7612700
1,7717200
0,7842500
0,7546700
0,7658100
0,7391000
0,7368300
0,7388300
1,7505600
0,7387400
1,9455200
1,9045800
1,8895000
0,9289200
1,8646300
0,7845200
1,7865400
1,7829700
1,7765200
0,7816400
1,7800900
0,7790300
1,7764200
1,7802200
0,7791400
0,7923500
0,7784100
1,7767600
1,7611300
0,7805900
0,7814200
0,7676700
0,7628000
0,7680800
0,7715400
0,7695600
1,7615400
1,8095000
1,7606700
1,7677600
0,7569500
1,7670700
0,7468400
1,7684800
0,7451500
1,7547800
0,7465000
1,7524400
0,7455800
0,7652200
0,7466700
1,7875700
1,7802900
0,7676000
0,7493300
0,7646200
1,7444100
1,7990900
0,8072200
1,8948200
1,8584900
1,8419600
1,8891100
0,7797900
0,7459600
1,7548700
0,7726100
1,7809200
0,7774700
1,7815900
1,7783000
0,7860100
1,7797000
0,8175400
0,7866500
0,7820200
1,7763100
1,7814900
0,7812000
0,7814400
1,7762600
0,7822200
0,7877900
1,7984300
1,7819000
1,7862400
0,7826900
1,7830500
0,7817900
1,8028400
1,7781900
1,7768000
0,7416600
1,7520000
1,7318200
1,7516500
0,7391500
1,7560300
1,7315900
1,7523100
0,7448900
0,7526100
1,7321800
1,7615300
1,7541100
0,7558200
0,7365800
0,7546800
0,7388700
0,7606500
1,7319600
1,7689000
1,7403200
0,7550200
1,7313800
0,8014000
0,7653200
1,7459100
1,7553900
0,7675600
1,7830500
1,7724900
0,7700800
0,7676400
0,7699200
0,7676900
0,8000900
0,7654100
0,7712100
1,7698300
0,7747700
0,7752000
0,7593600
0,7558700
1,7633200
0,7547600
1,7517500
1,7657500
0,7602500
1,7532500
0,7569000
0,7552600
0,7741500
0,7556200
1,7657200
0,7555500
0,7854200
1,7530400
1,7572500
0,7543300
0,7643300
0,7555700
0,7557700
1,7563200
1,7595900
0,7552600
1,7649100
0,7463700
0,7849300
0,7633000
0,7701700
0,7485100
1,7707300
0,7548100
0,7593100
1,7501500
0,7598100
0,7517400
1,7551600
0,7537300
1,7644500
1,7505000
1,7565600
1,7500100
1,7586900
0,7556800
0,7625900
1,7498100
0,7540500
0,7610600
1,7552100
0,7539200
0,7537200
1,7653400
1,7480900
0,7503900
1,7404300
0,7828800
0,7426400
1,8450200
1,7519800
0,7554000
0,7466300
0,7933000
1,7395100
1,7545100
0,7433700
1,7701600
0,7646700
0,7892700
1,7669200
1,7750500
1,7619200
0,7791900
0,7699800
1,7745800
0,7651400
0,7842000
0,7676500
0,7725700
0,7510500
0,7560800
1,7613000
0,7730000
0,7623700
0,7553700
0,7689200
0,7620300
0,7569000
0,7712900
0,7620500
1,7679500
0,7418900
1,7621400
1,7466500
0,7635400
0,7544800
1,7636200
1,7466500
1,7626300
0,7536900
1,7577900
1,7468000
1,7554300
1,7604200
1,7551800
0,7499400
0,7423800
1,7491100
1,7413900
0,7637000
1,7430900
0,7708600
0,7445100
1,7381000
0,7382300
0,7552800
0,7650800
0,7578200
0,7439700
1,7622200
0,7588600
1,7558400
0,7537100
0,7707000
0,7574900
1,7569100
0,7535100
1,7523800
1,8269500
1,7623400
0,7631400
0,7582100
1,7858600
0,7519300
0,7601500
0,7535700
0,7775400
1,7518100
1,7731200
1,7514300
0,7637500
1,7516000
0,7551600
0,7541100
0,8260200
0,8027000
1,7928500
1,8115600
1,7868300
0,7653000
1,7757500
1,7664800
0,7716700
0,7652300
0,7726300
1,7658000
1,7735600
1,7641800
0,7728400
1,7660000
1,7717800
0,7652500
0,8652800
0,7675400
0,8010100
1,7760100
1,8342300
0,7764500
1,7764100
0,7621300
0,7747700
1,7789700
1,7792200
1,7759800
0,7814700
0,7788000
1,7802000
0,7767400
1,7834200
0,7788800
0,9860800
0,10484100
1,8074800
1,8065600
1,7708700
0,7949500
1,7937400
1,7592900
0,7474100
1,7553000
1,7479000
1,7492400
0,7709400
1,7515600
1,7478800
0,8133800
0,7675300
0,7791400
0,7618500
1,7660600
0,7636400
1,7672000
1,7637900
1,8822300
1,7627000
1,7700200
0,7620600
0,7660900
1,7597500
1,7523000
1,7482900
0,7724200
0,7599900
1,7892700
0,7659600
1,7527800
0,7478300
0,7482800
1,7598300
0,7460100
1,7552900
0,7468900
0,7515100
0,7463000
0,7579500
1,7451000
0,7573600
1,7480600
1,7648500
0,7470100
1,7579100
0,7465200
1,7626900
0,7459200
0,7525500
0,7424500
0,7455500
0,7382800
0,7424000
1,7540800
1,7515600
1,7560300
1,7451900
1,7360700
0,7395200
1,7556300
0,7765200
1,7557900
1,7385100
0,7538800
0,7465000
1,7509900
1,7459700
1,7530200
0,7462000
1,7555200
1,7462300
0,7532000
1,7511200
0,7734800
0,7477400
0,7547500
0,7648300
1,7527600
1,7312100
1,8322700
0,7609700
1,7586400
0,7488500
0,7372800
0,7372200
1,7823900
1,8503200
0,8431600
1,8673200
0,7928600
0,7828400
1,7829200
0,7780500
0,7805700
0,7814400
1,7758900
0,7781300
1,7777800
1,7797900
0,7856400
0,7823800
1,7966000
1,7825900
1,7823600
0,7930000
0,7875500
1,7801500
1,7822400
1,7848300
1,8626600
1,7820900
0,7925900
0,7846000
1,7828100
1,7753800
1,7617500
0,7665000
1,7709800
1,7733600
1,7644100
0,7720800
0,7684400
0,7772100
0,7655100
1,7751800
1,7642100
1,7730800
0,7454400
1,7429500
1,7336800
1,7629300
0,7529000
0,7348000
1,7632100
1,7396000
1,7548600
1,7615100
0,7592800
0,7429800
0,7517700
0,7450700
0,7678400
0,7670800
0,7619400
0,7555600
0,7566600
0,7549000
0,7697300
0,7558500
0,8463500
1,7688600
0,7749200
0,7620600
0,7745000
1,7660500
0,7710700
0,7687000
0,7779100
0,7675600
0,7746200
0,7682700
1,7763700
1,7635200
0,7712100
1,7699000
1,7703300
0,7624800
0,7546800
1,7572000
0,7637100
0,7545800
0,7579500
0,7552400
0,7567400
0,7550300
1,7528600
0,7538000
1,7579200
0,7550100
0,7525000
1,7489200
0,7546600
0,7416600
1,7483900
0,7429700
1,7405900
0,7542300
0,7416000
1,7622100
0,7420200
1,7844800
0,7483300
1,7560100
0,7543200
0,7724600
1,7467500
1,7659700
1,7513200
0,7642000
1,7467200
0,7661600
1,7521800
1,7594000
1,7471500
1,7763900
1,7527700
0,7860100
1,7469600
0,7482600
1,7403400
1,7462500
1,7312800
0,7524100
1,7384000
0,7784700
1,7460300
0,7518100
1,7404900
1,7797400
1,8241000
1,7810500
0,7838000
0,7842200
1,7754200
0,8134800
0,8059500
1,7872200
0,7675900
1,7737300
0,7640100
1,7735400
1,7661000
1,7832000
1,7784200
1,7852500
1,7817600
1,7859800
1,7800500
0,8025500
1,7841200
0,7847900
0,7824700
0,7884800
0,7779500
1,7823400
0,7419000
1,7517700
0,7322300
1,7579300
1,7402100
1,7469700
1,7379700
0,7511700
1,7398100
1,7519300
1,7311000
0,7562400
1,7387200
0,7420100
1,9015100
1,8298700
0,9173500
0,8465300
0,8818700
1,8212000
1,8345800
1,7713200
1,7651500
1,7494800
1,7404100
0,8174700
0,7813300
0,7861700
0,7853300
0,7878200
1,7781400
1,7886900
0,7845000
0,7878600
0,7790700
0,7877100
0,7871900
1,7878300
1,7691700
0,7728800
0,7692300
1,7920300
0,7673100
0,7774400
1,7645400
1,7869100
1,7646700
0,7908200
1,7621700
1,7723500
0,7650000
0,7734800
1,7622700
1,7734700
1,7646700
1,7820000
1,7637000
1,7709500
1,7638000
1,7730500
1,7644400
1,7686100
1,7645600
1,7748800
1,7482900
1,7635000
1,7463900
0,7565200
1,7512800
1,7400600
0,7499400
1,7676800
0,7420600
0,8213700
1,7731500
1,7720200
1,7552900
0,7623500
0,7630900
0,7764200
0,7658700
1,7731300
0,7649900
0,7711300
0,7659600
1,7708800
0,7646700
1,7733700
0,7669600
1,7732000
0,8066500
0,7449300
0,7506600
1,7478200
0,7432800
1,7468800
1,7584700
1,7490400
0,7428500
1,7413400
0,7541200
1,7412500
0,7506800
1,7473500
0,7621900
1,7727900
1,7625400
1,7509200
0,7627100
1,7534300
0,8156900
0,7616400
1,7744300
0,7585800
1,7666500
0,7508000
0,7642900
1,7664300
1,7730200
0,7644800
0,7725900
1,7654500
1,7861900
1,7674400
0,7709200
1,7658300
0,7710700
1,7681600
0,7711800
0,7599400
0,7508700
1,7435300
0,7470300
1,7343700
0,7485400
1,7437000
0,7420700
1,7417500
1,7510000
0,7414800
0,7427400
1,7407800
0,7560100
1,7434900
1,7432100
0,7417400
1,7535400
1,7692900
0,7337200
1,7431500
1,7400900
1,8613400
1,8518300
1,8689100
0,9264000
1,8290700
1,7824700
0,7859300
0,7775000
1,7799800
1,7781400
0,7814100
0,7796200
0,7780400
1,7818500
0,7827900
0,7943500
1,7874700
1,7898000
0,7799100
1,7760300
1,7798500
1,8034300
1,7776200
0,7826000
1,7809500
0,7899600
0,7795100
1,7780200
0,7780900
1,7814000
1,7715400
0,7661400
1,7638900
0,7700600
1,7615100
1,7676200
1,7636000
1,7803900
0,7632000
1,7649600
1,7635400
0,7690200
1,7617600
1,7529200
1,7391800
0,7400100
1,7691300
0,7619100
0,7312500
1,7598400
1,7464200
1,7357200
1,7389100
0,7495900
1,7723000
0,7715500
0,7437700
1,7547300
1,7462400
0,8151200
0,8055200
0,7676800
0,7481300
1,7553700
1,7495900
0,7585800
1,7462800
1,7514600
1,7499600
1,8248900
1,8462700
1,7467600
1,7412900
1,7361200
1,7371700
0,7435000
1,7427000
0,7471400
1,7373900
1,7391700
0,7435900
1,7296000
0,7725100
0,7498500
0,7657300
0,7794000
0,7550300
0,7456300
0,7551800
0,7466100
0,8175100
0,8166100
0,8234800
0,8253100
1,7825000
0,7490800
1,7846400
1,7602600
0,7866000
1,7601100
0,7772700
0,7618400
1,7661800
0,7607300
1,7816800
0,7616700
1,7672500
0,7607900
1,7800500
0,7624700
0,7675400
1,7598300
0,7726500
1,7602700
1,7730000
0,7682900
1,7688400
1,7601300
1,7727400
1,7615000
0,7693700
0,7624100
0,7593900
0,7473600
0,7656700
0,7617900
1,7631600
0,7470300
1,7545000
0,7467000
1,7582700
1,7552600
0,7984300
0,7467800
1,7703600
1,7637500
0,7682000
0,7712600
1,7685200
1,7616400
1,7736000
1,7601500
0,7708700
0,7629100
0,7690000
0,7673900
0,10465900
1,7840900
1,7845100
0,7900800
1,7922200
1,7689500
0,7719400
0,7622700
0,7763500
1,7612200
0,7677700
0,7625400
1,7688600
1,7605200
0,7784100
0,7623200
0,7702300
0,7607600
0,7919100
0,7623300
1,7875300
0,7610700
1,7690900
1,7601800
0,7708600
0,7707100
1,7686600
1,7603800
1,7688400
0,7611900
1,8353800
1,7606200
1,7722300
1,7601000
0,7672400
0,7637800
1,7814000
1,7601500
0,7871000
1,7761600
1,7699900
0,7772500
0,7779200
0,7796800
1,7778900
0,7770000
1,7822700
1,7780500
1,7800400
1,7758500
1,7813700
1,7782000
1,7924600
1,7709700
1,7792400
0,7481500
0,7465800
1,7354600
0,7577200
0,7424300
1,7450700
1,7293500
1,7475000
1,7371100
0,7554700
1,7297300
1,7618200
0,7482000
0,7478100
0,7775300
1,7481800
1,7590100
1,7461500
0,7503000
0,7460700
0,7546400
1,7461400
0,7514800
1,7481300
0,7605900
1,7398800
0,7383900
0,7377400
0,7464700
0,7389900
1,7369700
0,7376500
1,7466300
1,7375600
0,8226700
1,7883000
1,7814100
1,7450400
1,7650300
0,7465300
0,7587300
0,7479500
1,7518100
0,7464200
0,7721300
0,7531000
0,7524700
1,7480400
0,7632100
1,7461900
0,7531000
1,7482300
0,7526400
1,7510700
1,7653200
1,8070100
0,7792000
1,7786000
1,7446600
1,7569200
1,7445800
1,7769800
0,7453800
0,7588000
1,7502800
1,7673600
0,7611900
0,7813700
1,7600300
0,7689100
0,7610100
0,7682300
0,7619100
0,7719800
0,7607500
1,7711800
0,7619500
0,7741200
1,7389400
0,7609400
0,7313200
1,7450100
1,7445400
0,7410900
1,7370200
1,7372200
0,7608900
0,7392500
1,7497000
0,7391900
0,7445100
1,7404200
1,7414600
0,7385300
0,7472100
0,7385200
1,7711700
0,7382600
1,7728400
1,7411800
0,7556300
0,7389600
0,7413500
1,7407400
0,7457400
1,7767700
0,8214900
1,7536300
1,7589800
1,7463800
0,7444300
1,7502100
0,7316200
0,7442200
0,7364200
0,7620400
1,7558900
0,7863500
1,7600200
1,7733300
0,7620100
0,7680500
1,7602400
0,7701000
0,7617900
1,7679700
1,7599300
0,7824600
0,7621700
1,8577700
1,7525700
0,7579400
0,7437000
1,7554700
1,7296800
0,7478200
0,7378000
0,7407300
0,7365700
0,7486700
0,7380100
0,7412700
1,7362000
1,7516300
1,7420000
0,7444000
0,8899500
1,8722100
0,8779000
0,10459500
1,7399000
1,7456700
0,7318400
0,7461300
1,7370900
0,8130400
1,8041200
1,7835400
1,7802000
0,7801100
1,7762900
1,7786500
1,7783100
1,7798400
1,7760200
1,7808600
0,7773700
1,7811600
0,7781700
1,7713000
1,7600100
1,7693200
0,7621400
0,7881400
1,7599100
0,7711400
1,7600300
0,7707800
0,7607900
1,7727600
1,7603800
1,7716700
1,7516700
0,7537500
0,7465500
0,7581600
0,7629400
0,7604000
1,7550900
1,7560300
1,7444900
0,7524700
0,7724700
1,7575600
0,7456000
1,7583800
1,7447000
1,7593300
1,7609300
0,7573900
0,7464500
1,7535300
1,7446400
0,7565000
0,7555000
0,7495800
1,7560100
0,7461900
1,13434700
1,7692500
1,7446100
0,7564900
0,7523600
0,7814300
0,7454600
0,7617500
1,7491100
0,7587100
1,7443400
1,7602300
0,7481800
0,7571200
0,7457400
0,7544500
1,7467200
0,7562700
1,7447200
0,8033100
1,8277300
0,8209900
1,8343800
1,8601900
1,8246000
1,8171300
0,7705700
0,7710100
0,7623900
0,7689200
0,7606600
0,7715700
1,7600100
1,7845300
1,7602600
1,7744700
0,7714000
0,7848900
0,7730000
1,7969600
0,7621300
1,8196500
1,7599900
1,7843900
1,7604700
1,7664500
0,7609600
0,7695200
0,7620700
1,7661800
1,7600600
0,7732800
1,7779600
0,7700200
1,7598000
0,7691700
0,7616600
1,7688600
0,7626400
1,7824000
0,7622800
1,7713000
1,7617600
1,7687200
1,7608400
1,7595700
0,7470700
0,8092400
1,7449400
1,7648200
1,7464300
0,7517800
1,7583900
1,7527400
1,7482900
0,7505000
1,7445800
1,7539600
0,7471600
0,7463000
1,7577200
1,7461700
0,7595200
1,7481900
0,7523300
0,7475400
0,7530300
0,7461300
1,7587200
1,7501300
1,7653300
0,7466000
1,7509700
0,7479600
0,7682000
0,7462300
0,7547600
0,7479500
0,7532900
0,7465200
1,7522000
0,7479400
0,7536900
0,7464700
0,8007400
0,7873700
0,7571700
1,7511600
0,7678800
0,7384200
0,7449200
0,7371600
1,7358600
1,7368200
0,7493800
0,7737000
0,7315300
1,7563900
1,7647500
1,7685600
0,7759500
1,7703700
1,7615900
0,7710500
0,7622200
0,7728600
0,7624900
1,7704600
1,7604300
1,7728700
1,7616100
1,7524600
0,7317000
1,7636700
0,7357600
0,7616000
0,7421400
1,7531600
1,7374600
1,7480400
0,7315600
1,7528700
0,7627200
1,7599200
1,7698400
0,7556900
0,7469400
1,7685900
1,7449600
0,7552200
1,7461100
0,7620900
1,7447800
0,7609500
1,7794300
0,7543200
0,7466900
0,7522400
1,7459400
0,7462700
0,7526200
1,7498800
1,7505400
1,7558200
0,7602500
1,7501300
1,7698400
0,7460900
1,7738000
0,7476000
0,7986500
0,7464400
1,7488500
0,7489400
1,8092800
0,7577100
0,7747400
0,7570700
0,7518400
1,7478800
1,7535900
1,7479600
1,7504700
0,7462500
1,7606400
1,7579600
1,7529200
1,7480600
1,7583400
0,7487800
0,8451200
0,7463200
0,7562800
0,7551700
0,7561900
0,7462200
1,7504800
0,7522500
0,7513100
0,7663700
0,7649000
1,8209300
0,8062300
1,7484500
0,7607300
1,7500500
1,7704500
0,7464500
1,7522700
1,7477500
1,7611500
0,7615100
0,7746600
0,7925400
1,8083200
1,7965500
1,8021700
1,7641700
1,7658800
0,7619800
0,7674900
1,7638800
0,7658800
0,7620400
0,7705400
1,7619100
0,7657400
0,7615800
1,7695500
0,7727800
1,7653700
1,7638200
0,7682100
0,7633900
0,7661600
1,7635400
1,7482000
1,7530500
0,7334800
1,7475000
1,7577500
0,7414500
0,7360700
0,8532700
1,7559200
0,7476100
0,7674800
1,7808600
1,7379500
0,9885500
0,12009200
1,11884200
1,8155800
0,8465200
1,7780700
1,7857600
1,7609900
1,7684400
0,8248800
1,11041900
0,10548800
1,8702900
0,8292300
0,9186900
0,8466800
0,7887000
0,7825700
1,7815200
0,7846900
1,7800400
0,7977100
1,7820300
1,7800900
1,7803600
1,7802800
0,7828800
0,7800100
0,7865300
0,7877200
0,7823800
1,7835600
1,7790700
0,7806600
0,7782900
1,7825900
1,7680700
1,7645000
0,7617700
0,7678400
0,7647400
0,7673400
0,7626300
1,7709900
1,7617700
1,7704700
0,7617300
1,7854900
0,7870100
1,7526400
1,7502600
1,7496100
1,7785800
0,8149900
0,8636600
1,8523200
1,8918000
0,8190200
0,8236800
0,7878500
0,8244500
1,7728600
1,7805600
0,7933200
0,7797600
1,7821800
0,7781900
1,7790500
0,7798000
0,7826800
0,7779900
1,7787900
1,7780600
1,7810700
1,7692900
0,7729100
1,7618300
1,7881000
1,7641800
1,7669600
1,7620000
0,7927900
0,7619500
1,7661200
1,7616600
0,7712000
1,7639700
0,7600800
1,7463000
0,7754500
1,7481900
0,7567400
1,7461900
0,7780000
1,7480000
1,7511300
1,7462900
1,7510100
0,7463900
1,7652200
0,7478300
0,7591300
1,7482200
0,7543000
1,7461600
1,7517300
0,7463200
1,8106600
1,8325900
1,7515300
0,7464300
0,7541600
1,7477600
1,7488700
1,7423500
1,7568200
1,7419100
1,7412500
1,7652300
0,7590900
0,7626500
0,7304300
1,7489400
0,7375100
0,7753000
0,7366800
0,7505600
0,7466900
1,8818400
1,8016500
1,7740300
0,7626800
0,7565100
1,7443100
0,7575700
1,7446800
1,7517400
0,7450400
1,7556500
1,7449200
0,7840600
1,7763100
0,7815500
1,7775400
0,8069700
1,7764100
0,7790500
0,7784100
0,7849800
0,7769700
1,7855200
0,7783600
1,7806400
1,7522000
1,7662400
0,7571300
1,7771600
0,7497500
0,7583000
1,7467100
1,7593000
1,7446900
0,7632500
0,7481700
1,7554500
0,7452000
1,7548700
1,7463000
0,7626800
1,7445300
1,7560100
0,7496100
0,7569300
0,7494400
1,7541800
0,7474700
1,7519700
0,7594300
0,7495600
1,7863200
0,7476700
1,7489300
0,7462700
0,7597400
1,7460300
1,7523000
1,7484000
1,7568700
1,7462800
1,7501300
0,7465600
0,7591000
1,7419100
0,7763100
0,7405200
1,7526600
1,7310400
0,8122500
1,8468300
0,7679500
0,7478900
0,7972100
1,7393000
0,7526300
0,7384600
1,7921100
0,7614500
0,7701700
1,7946500
1,7789700
1,7636600
0,7727200
0,7631000
1,7765700
0,7657500
0,7710000
0,7631500
0,7671800
0,7575900
1,7548500
1,7464400
0,7516600
1,7481900
1,7539500
1,7559500
1,7702700
0,8129100
1,8386000
1,8593900
0,7747300
0,7487300
1,7633700
0,7636100
1,7661300
1,7673600
1,7651700
1,7613400
1,7656900
0,7630100
0,7750500
0,7636300
1,7643800
0,7633800
1,7645500
0,7519500
0,7456000
1,7410100
1,7447800
1,7406900
0,7547200
1,7706300
0,7573000
0,7479100
0,7364900
0,7435400
0,7623700
1,7545300
0,7387400
0,7598300
1,7451800
1,7652200
1,7566100
0,7573800
0,7467300
1,7523300
1,7445500
1,7614800
0,7465900
1,8008200
1,7619200
0,8104000
1,7687000
0,9017600
0,7609100
1,7748600
0,7621600
0,7754600
1,7621000
0,7716000
1,7605100
0,7688600
0,7626500
1,7700400
1,7604500
0,8650000
0,8111800
0,7701300
0,7541800
0,7708600
1,7467600
0,7553700
1,7447300
1,7694400
0,7469000
1,7538100
1,7447500
0,7545000
1,7480500
0,7596500
0,7465100
1,7604200
0,7472600
1,7771900
0,7467900
1,7594800
1,7522000
1,7550700
1,7447300
1,7712800
0,7529800
0,7754400
0,7511600
1,7462600
0,7607400
0,7463500
1,7497300
1,7458900
0,7680200
1,7481700
0,7699400
0,7476600
1,7625000
1,7479800
0,7640200
0,7651500
0,7537600
0,7463600
1,7509500
1,7459500
0,7662300
0,7462600
0,7553500
0,7479300
1,7575400
1,7482800
0,7737600
1,7906100
1,8440800
1,9144100
1,8723100
1,8752500
0,8350000
0,8590900
0,8324400
0,8737100
0,8741300
1,8367300
1,7921100
0,8024200
1,7802600
1,7841600
1,7799800
0,7835300
0,7793100
1,7833100
1,7775200
0,8042200
1,7760500
0,7781600
0,7804400
0,7831100
0,7774800
1,7850500
1,7860800
0,7809800
1,7761300
0,7815600
0,7781400
0,7812300
1,7760300
0,7798100
0,7783400
0,7940600
1,7749200
0,7508100
1,7299600
1,7663600
0,7433800
1,9934500
1,7936100
0,7478700
0,7307900
0,7468300
1,7358800
0,7727100
1,7296700
0,7602000
1,7448000
0,7563400
1,7447100
0,7790200
0,7500300
1,7569600
1,7444700
1,7557900
0,7467000
0,7712500
0,7470600
1,7561300
0,7466700
1,7583500
0,7304800
1,7459400
0,7440000
1,7343700
0,8526000
1,7857300
1,7473800
1,7611300
1,7322800
0,7561000
0,7382300
1,7374600
1,7642700
1,7639600
1,7676500
1,7628400
0,7687200
0,7620100
1,7667800
1,7616800
1,7674500
1,7634100
0,7677500
1,7620000
1,7675200
0,7484400
1,7504700
1,7377000
1,7430800
0,8102100
0,7529000
0,7602200
0,7461400
1,7923300
1,7480000
0,7387500
0,8066700
0,7528700
1,7803400
0,7638700
1,7638200
0,7491000
0,7559000
0,7475700
0,7572100
1,7479000
0,7554500
0,7473300
1,7581600
0,7462100
1,7510500
1,7463900
0,7565200
1,7642200
0,7516600
0,7515000
1,7524500
1,7482700
1,7511100
0,7476400
1,7538300
1,7483400
0,7530300
0,7475900
0,7469200
1,8137700
0,7315700
0,7659000
0,7762300
0,7429200
1,7298400
0,7419600
0,7380700
0,8516200
0,7421200
1,7589900
1,7466600
1,7553800
1,7508600
1,7667900
1,7611600
1,7695100
0,7618800
0,7691000
0,7625500
1,7715600
1,7600800
0,7693100
0,7624800
0,7871000
0,8064800
1,7861900
0,8017700
1,7732500
1,7602400
0,7706600
0,7611300
0,7670000
0,7616400
1,7676100
1,7594300
1,7827000
1,7602200
1,7685300
1,7600900
1,7680900
0,7619700
0,7750500
0,7785100
1,7680800
0,7617500
1,7698200
1,7596100
0,7676300
1,7601300
0,7803300
0,7608900
1,7736400
0,7465500
0,7604000
0,7586000
1,7711900
0,7466000
0,7773100
0,7453800
0,7545200
0,7466100
1,7539600
0,7455100
1,7596500
1,7527700
1,7802900
1,7599300
0,8235400
1,7650900
1,7728400
0,7685000
0,7676700
0,7679500
0,7759600
0,7608800
0,7740700
1,7634600
1,7821200
0,7660800
0,7758500
0,7655700
0,7695800
1,7612400
0,7817000
1,7621900
1,7674000
0,7611800
1,7682100
0,7641000
0,7698700
0,7610400
1,7700600
0,7659000
1,7659800
0,7610000
0,7681000
0,7633700
0,7732400
1,7599000
0,7661400
0,7633400
1,7800700
0,7607600
1,7736800
0,7552900
1,7450500
1,7357300
0,7384600
0,7426100
1,7374200
0,7516000
1,7329200
0,7483300
1,7478200
0,9243700
1,7519200
0,7500800
1,7616400
1,7744300
1,7651900
0,7682500
1,7618800
1,7734200
1,7653700
0,7819600
0,7637100
0,7684800
0,7636800
1,7664500
1,7692300
0,7627800
1,7496600
0,7834300
1,7804700
1,7652000
1,7526900
1,7491300
0,8301500
1,7572800
0,7484600
1,7649200
0,7474100
1,7606100
0,7637600
1,8187100
0,7633100
0,7860100
1,7741000
1,7790000
1,7616400
0,7671300
1,7743500
0,7994500
1,7816000
1,8001800
1,7782500
0,7825300
1,7792600
1,7869800
0,7786200
1,7780600
0,7793200
1,7789200
0,7781200
0,7790700
1,7778500
1,7776100
0,7780200
0,7710300
1,7662100
0,7911900
0,7618500
1,7660800
1,7752500
0,7668900
1,7634400
0,7679400
0,7631400
1,7713200
0,7755900
0,7946800
0,7669500
1,7656300
1,7635400
1,7790400
0,7649600
0,7887000
1,8083700
1,8475600
0,8542600
1,8166700
0,8139000
1,7604700
1,8043700
0,7790100
1,7834100
1,7770600
0,8089900
0,7771900
1,7892300
1,7809900
1,7878100
1,7832200
0,8075100
0,7822800
0,8057200
0,7793100
0,7865200
1,7856000
1,7844800
0,7804100
1,7876300
1,7826200
0,7953600
1,7831700
0,7807300
1,7886500
0,7985100
0,7778600
1,7858700
0,7827800
0,7848100
1,7762400
0,7985900
0,7828700
0,7855700
1,7769500
1,7817000
0,7788200
0,7814400
1,7798700
1,7842900
0,7868700
0,7734100
0,7607800
1,7692200
1,7602400
0,7688500
1,7599500
0,7684200
0,7621700
1,7664200
1,7594400
0,7718600
0,7619100
0,7640900
0,7536900
1,7587800
1,7448300
1,7434100
0,7334800
0,7465700
1,7357400
1,7784000
1,7438300
1,7552000
0,7380700
0,7742300
1,7511600
1,7710600
1,7602700
1,7851600
0,7645500
0,7708100
0,7622900
1,7788200
1,7616300
1,7698800
0,7623100
0,7729900
0,7628000
1,7516300
0,7583000
1,7472500
1,7481200
0,7316000
1,7451600
0,7634800
0,7456000
1,7331000
0,7501200
1,7374400
0,8493100
1,7920000
1,7833700
0,7634700
1,8482800
1,8111500
1,7857000
0,8150100
1,7697400
0,7617300
0,7674200
1,7615400
0,7674100
1,7637400
1,7656700
1,7613900
1,7835900
0,7617900
0,7846700
0,7676600
0,7874000
1,7679200
1,7715800
0,7691900
1,7672500
1,7678000
1,7876200
0,7710500
0,7705400
1,7679000
0,7717500
1,7809000
1,7737300
1,7681500
0,7734300
1,7677600
1,7834600
0,7638800
0,8095800
1,7682900
1,7711400
1,7626200
1,7646900
1,7559700
1,8252600
1,7563400
0,7657300
1,7513100
0,7592300
0,7538200
1,7572500
1,7500000
1,7712900
0,7538700
0,8384300
0,7370600
0,7443200
0,7420400
0,7545800
1,7490200
1,7545400
0,7686100
1,7637600
1,7550300
0,7701100
1,7558400
0,7668400
1,7563400
1,7929600
0,7926900
0,7740800
0,7569400
0,7729400
1,7560700
0,7620000
0,7502600
1,7547800
0,7713700
0,7566000
0,7678800
1,7582300
1,7977800
0,7680900
0,7737700
0,7633300
1,7732900
0,7697000
1,7713700
0,7631700
1,7744500
0,7679600
0,7909400
0,7654300
1,7663400
0,7558800
1,7980500
1,7482700
1,7587300
1,7526500
0,7826000
1,7517800
1,7626000
0,7508800
0,7616700
1,7524600
0,7620100
1,7564500
0,7577600
1,7526600
0,7649700
0,7723900
1,7625800
1,7514800
1,7659300
1,7472900
0,7625700
1,7516100
0,7587400
1,7505000
1,7659900
0,7414900
0,7611900
0,7549400
0,7497900
1,7399400
0,7465000
1,7316500
0,7429400
0,7524200
1,7587800
0,7485500
0,7411200
1,7596200
1,7432700
1,7491000
1,7412800
0,7592700
0,7435100
0,8637900
0,7527500
1,7558900
1,7553000
0,7405900
1,7396900
1,7647600
0,7455100
1,7630100
1,7535100
0,7994500
1,7769200
0,8230000
1,8467700
1,8121600
1,8182800
1,7847900
0,8001800
0,7692000
1,7824300
0,7596500
1,7806400
1,7877000
0,7804600
1,7837300
0,7835500
0,7843200
0,7798800
0,7819200
1,7837700
1,7826200
1,7847600
1,7792500
1,7860800
0,7564300
0,7614600
0,7489400
1,7556600
1,7656700
0,7540300
0,7555300
0,7558600
1,7735400
0,7538600
0,7602300
1,7479500
0,7780300
1,7449800
1,7677200
0,7346600
1,7490200
0,7417700
1,7626700
0,7529800
1,7901600
1,7456000
0,7904600
1,7314600
1,7423500
0,7372000
0,7497100
0,7488600
1,7563800
1,7482000
0,7760700
1,7463700
0,7599900
1,7482500
0,7698700
1,7493400
1,7603600
1,9042000
1,7914900
0,7818600
1,8018200
0,7877700
1,7693800
1,7695600
0,7697900
1,7653400
0,7729800
1,7677500
1,7745000
1,7667800
1,7724600
0,7694400
1,7622300
0,7685600
0,7688500
0,7566500
0,7608000
0,7482900
0,7605400
0,7568800
1,7677800
0,7604200
0,7513200
0,7643600
0,7525900
0,7710700
1,7529100
0,7685300
1,7642100
1,7846700
1,7466700
0,7646900
0,7526200
0,7604100
1,7465400
1,7640600
0,7525400
0,8421600
0,7916500
1,8347000
0,8942600
0,7655400
0,7746600
1,7659800
0,7702400
1,7680100
0,7746800
1,7657000
0,7825100
0,7657000
1,7756300
0,7831400
0,7957100
1,7818400
0,7872800
0,7835000
0,7841900
1,7844800
0,7941000
0,7858700
1,7833000
1,7909400
1,7857800
0,7839500
0,7859000
1,7848500
0,7833500
1,7802700
1,8066700
0,7850700
1,7829800
1,7797500
0,7819400
1,7880500
1,7812400
0,7832900
1,7870800
0,7664000
1,7707000
1,7650800
0,7820800
0,7666200
1,7720300
0,7669300
0,7740900
0,7638600
1,7838200
0,7680400
1,7826100
0,7495500
0,7679800
0,7427700
0,7527600
1,7363300
0,9293300
1,7690900
0,7660300
1,7440300
1,7416300
0,7428700
0,7555000
1,7465500
0,7586500
1,7510000
0,7645700
1,7559300
0,7484000
0,7619400
1,7540700
0,7894700
0,7484100
0,7595300
0,7551300
1,8767100
1,7528800
0,7518600
1,7449000
1,7612400
0,7413300
0,7599800
1,7421300
1,7540500
1,7358300
1,7374900
0,7473500
0,7459500
0,7376600
1,8270900
1,7482200
1,8122300
1,7449400
0,7585900
0,7456400
1,8204900
1,7568600
1,7759700
1,7482100
1,7685000
1,7448900
0,7559200
1,7442800
1,7554300
1,7605900
1,7870700
1,7598200
0,7709000
0,7622000
0,7690500
1,7599300
1,7686200
0,7622000
0,7696300
1,7597700
1,7697800
0,7624500
1,7697600
0,7457600
0,7313800
1,7715600
0,7405700
0,8210500
1,8542400
1,7391100
1,7573500
1,7355000
0,7315100
0,7540000
0,7419400
1,7512900
1,7480400
1,7515100
0,7492800
0,7708100
0,7463300
0,7555100
0,7583600
0,7521900
0,7464600
0,7676500
0,7493200
0,7588300
1,7407600
1,7421600
1,7476500
1,7474400
0,7316000
0,7540300
1,7410000
0,7616700
1,7752800
1,7465100
0,7409200
1,7358600
0,8656800
0,8225300
0,7653400
1,7667700
0,7615600
0,7723600
0,7725700
1,7649900
1,7634900
0,7688300
1,7777700
0,7703100
1,7639700
0,8488100
0,7635700
0,7793400
1,7637300
0,7716800
0,7754200
1,7643400
0,7680300
1,7664100
0,7651900
0,7605800
1,7703800
0,7636300
0,7718800
0,7927100
0,8748400
1,8516600
0,8759200
1,8756000
1,9702300
0,7540800
0,7478400
0,7504800
1,7504500
0,7547500
0,7475100
0,7632800
0,7657700
0,7726700
1,7616000
0,7697600
1,7660100
1,7750700
1,7924200
0,7674700
1,7666400
0,7673800
0,7637100
0,7679300
1,7647700
0,7543500
0,7477500
1,7506400
0,7515300
0,7562400
1,7462000
1,7744900
0,7495900
1,7540900
0,7480500
0,7506700
0,7658100
1,7482200
0,7624100
0,7744200
1,7557800
1,7447800
1,7595000
0,7472100
1,7586600
0,7464900
0,7521600
0,7467100
1,7681900
0,7463400
1,8194400
1,7619800
1,7689200
1,7768600
1,7676500
0,7628500
0,7670300
0,7622400
0,7678400
0,7644000
0,7665600
1,7599100
1,7676400
0,7629100
1,7671500
0,7465100
0,7624500
0,7470800
0,7818500
1,7448400
1,7519700
1,7464700
0,7570800
0,7467900
1,7510200
0,7468700
1,7480900
0,7705600
0,7508100
0,7530100
1,7480200
1,7509200
1,7461100
1,7665600
1,7484900
1,7559700
0,7476800
1,7521300
1,7484600
1,7544500
1,7454000
1,7514300
1,7424900
1,7364600
1,7370900
0,7455800
1,7392600
1,7502800
0,7387000
0,7472400
0,7376500
1,7871000
0,8015300
0,9055000
1,8091900
1,7657100
1,7617400
1,7673900
0,7619100
1,7929900
1,7637600
1,7669100
1,7636400
1,7656100
1,7632000
0,7771500
0,9638600
0,7818300
1,7801300
0,7922600
1,7836900
1,7782800
0,7841100
1,7775000
0,7780100
1,7784900
0,7820200
0,8263400
1,7845000
0,7842100
1,7802000
1,7792200
1,7808000
1,7828600
1,7783700
1,7796300
1,7812200
0,7808600
0,7812900
0,7843500
1,7881900
1,7939300
1,7880000
0,7822800
0,7811900
1,7822900
0,7851900
0,7796300
1,7872300
1,7834600
0,7858300
1,7780300
0,7866200
1,7814900
0,7850900
0,7828100
1,7961300
1,7832300
0,7852800
0,7793800
1,8044200
1,9488000
1,9182600
1,7762300
0,7805900
0,7782700
0,7820300
0,7699700
1,7884600
1,7601400
0,9259100
1,8790800
1,7828100
0,7619700
0,7707400
1,7617400
0,7684000
1,7602400
1,7802500
0,7636000
0,7651900
0,7495100
0,7846800
1,7483600
1,7680000
0,7466500
0,8340400
1,7605800
0,7847600
1,7570600
1,7668600
1,7464900
1,7862500
0,7663300
1,7759900
0,7639400
1,8034600
0,7666300
1,7773400
1,7639200
0,7715400
0,7658700
0,7735700
0,7649600
1,7747200
1,7642900
0,7662000
0,7481700
1,7730800
1,7521300
1,7648400
1,7523000
0,7582600
0,7545600
0,7643700
0,7531400
1,7496800
0,7568700
1,7556500
1,7705700
1,7355100
1,7595400
1,7437200
0,7490900
1,7350700
1,7548800
0,7467000
0,7473300
1,7345800
0,7498700
0,7448200
0,7463000
1,7350000
0,7588600
1,7438600
0,7542800
0,7391700
0,7676000
1,7442200
1,7507000
0,7339700
1,7751600
1,7466100
0,7476700
1,7709000
0,7646300
1,7678600
1,7756000
1,7676000
1,8105800
1,7687800
0,7719300
1,7679500
0,7741200
1,7652500
0,7924000
0,7793200
0,7759500
1,7663700
1,7738200
0,7685400
1,7661200
0,7827200
0,7671400
1,7754400
0,7796100
0,7657600
1,7639300
1,7855900
0,7775900
1,7655500
0,7535100
0,7839000
1,7464000
0,7666700
1,7313800
1,7627900
0,7444300
1,7500800
0,7323800
1,8150400
0,7964100
1,8833600
1,9124300
0,9404100
0,7833400
0,7740900
1,7745900
1,7679400
0,7723900
0,7635200
1,7752800
1,7681600
0,7675700
0,7631800
1,7828100
1,7659800
0,7665600
0,7909500
0,7802400
0,7746100
1,7774200
1,7618600
1,7645400
1,7654000
0,7818100
1,7616600
0,7667000
1,7652500
1,7648600
1,7493100
0,7518900
0,7712900
0,7518300
0,7517200
0,7487000
1,7620800
1,7447000
1,8916500
0,7608400
0,7464600
0,7524700
1,7465600
1,7491200
1,7568700
1,7448000
0,7831300
0,8026500
0,7759500
1,7482900
1,7577400
1,7460500
0,7532100
0,7463200
0,7552500
0,7490400
1,7655100
0,7620700
0,7686800
1,7715400
0,7686200
0,7620600
1,7723200
0,7628500
0,7669200
1,7601200
1,7683000
0,7626700
0,7666800
1,7443100
1,7433500
0,7470700
0,7485300
1,7298600
1,7431500
1,7392100
1,7621200
1,7296900
0,7450200
1,7400900
1,7391900
1,7432700
1,7371300
0,7491400
1,7361100
1,8170700
1,8359600
1,8261700
1,8566500
1,10171600
1,8700300
1,7718500
0,8027800
0,8002000
0,7993000
0,7805900
0,7812800
0,7798600
1,7948300
1,7807900
1,7827200
1,7780400
1,7799400
0,7778300
0,7811100
1,7787600
0,7825300
0,7783700
0,7718000
1,8620100
1,7948400
1,7602600
1,7698000
1,7660000
0,12879500
1,7641700
0,7911000
1,7624500
0,7762500
0,7652100
0,7997300
1,7801000
0,7855100
0,7816600
1,7874100
0,7825000
1,8169000
0,7792000
1,7889700
1,7803700
1,7847700
1,7778000
0,7765000
0,7410600
0,7627900
0,7344400
1,7583900
0,7424700
1,7533900
1,7352400
1,7643800
1,7397500
1,7639500
1,7400100
0,7674300
0,7458500
0,7583200
1,7887000
0,7609100
0,7542800
0,7581200
0,7537700
1,7713600
1,7517800
1,7623600
0,7553000
1,7637500
1,7525400
1,7577100
1,7551900
0,7562700
0,7660200
1,7604400
1,7570900
1,7562700
1,7522600
1,7599600
1,7537800
1,7510800
1,7727900
1,7535500
0,7595700
0,7469800
0,7474100
1,7414700
1,7499500
0,7590700
0,8864300
1,7417200
0,7651700
1,7418500
1,8206000
1,7532000
1,7547300
0,7474000
0,7588300
0,7669800
1,7746800
0,7666100
1,8171100
0,8217700
0,8436200
1,8876400
0,7724900
0,7693200
1,7690400
0,7656800
1,8027100
1,7850400
0,7822200
1,7823200
0,7851500
1,7841700
1,7808500
1,7823800
1,7824900
1,7879100
0,7812900
1,7835200
0,7968000
0,7772300
1,7549000
1,7522800
0,7406300
0,7438100
0,7658100
0,7686900
1,7542000
1,7422600
1,7418000
1,7440700
0,7742000
1,7455500
1,8349500
0,7465700
1,7705700
0,7501400
0,7630600
1,7799700
1,7717700
0,7588500
0,7755600
1,7658500
0,7620600
1,7481500
1,7641000
0,7534600
0,7844300
1,7482600
0,7620700
1,7566400
1,7623400
0,7554300
0,7573000
0,7531300
1,7578000
1,7493600
1,7832400
0,7545900
0,7705500
1,7469500
0,7578600
1,7896800
0,8068800
1,7538700
1,7498800
0,7464400
1,7569000
1,7382700
0,7433200
0,7416500
1,7516200
0,7422500
0,7515100
1,7562900
1,7623900
0,7558800
0,7506900
1,7572800
0,7582100
1,7719400
0,7525900
1,7578900
0,7562400
0,7644800
0,7643900
0,7547100
1,7426800
0,7871900
1,7316800
1,8466100
0,8111200
1,8727800
1,9511700
1,8841900
0,8088700
1,8036000
0,7993500
1,7518800
1,7801800
1,7639300
1,7705800
0,7733100
0,7891600
0,7673600
1,7714100
1,7656900
0,8270000
0,8479100
0,7932100
0,8227600
1,7881400
0,7801300
1,7809100
1,7826200
1,7971200
0,7802000
1,7811200
1,7809700
0,7847000
1,7838400
0,7820900
0,7786400
0,7814500
0,7725500
0,7722600
1,7634800
1,7720300
0,7649600
1,7815600
0,7717100
0,7803900
0,7659700
0,7676300
0,7620400
0,7665600
1,7631900
1,7651100
1,7635600
1,7731400
0,7667000
0,7672500
1,7639400
1,7655200
1,7631300
0,7660500
1,7636400
1,7656500
1,7632800
0,7655300
0,7462000
1,7467600
0,7405200
0,7458500
1,7332200
0,7468500
0,7608900
0,8019600
0,8072700
0,8900000
0,8923800
0,7551900
0,7765800
1,7644700
0,7633900
1,7864700
1,7639800
0,8367300
0,7635800
1,7694600
0,7684600
0,7876800
0,7671500
0,7719500
1,7704400
0,7854500
0,7585000
1,7558200
1,7530400
0,7589600
0,7554600
1,7563900
0,7657000
0,7626400
0,7510600
0,8354900
1,7560400
1,7626600
1,7535000
1,7593100
0,7332100
0,7585800
1,7408600
1,7550300
1,7353400
0,7569700
0,7430300
0,7925100
0,7844000
0,7755200
0,7478900
0,7472500
1,7528700
1,7738600
1,7662000
1,7720200
0,7678200
0,7700100
1,7660800
1,7821500
0,7687400
0,7712700
1,7667700
1,7693100
0,7773700
0,7663300
1,7539900
0,7879500
1,7575100
1,7519700
0,7554200
1,7522100
0,7641800
1,7514800
1,7545200
1,7514000
1,7680000
0,7543400
1,7504800
0,7390700
1,7550500
1,7383900
0,7632000
0,7497100
0,7597800
1,7399100
1,7795100
1,7398600
1,7707200
1,7389100
0,7777600
1,7391100
0,7691000
0,7545400
1,7484300
1,7789700
1,7634700
0,7669500
0,7502000
1,7633500
1,7571700
1,7892400
1,7478400
0,7695700
0,7552400
0,7764100
0,7545600
1,7550000
1,7586400
0,7621300
1,7535800
1,7552200
0,7566400
0,7608800
0,7559100
0,7617000
0,7538500
1,7977700
1,7637800
1,7791300
1,7537300
1,7627000
0,7591000
0,7566300
0,7533700
0,7651400
1,7533900
0,7551400
1,7570200
1,7518300
1,7751800
1,7534100
0,7565100
1,7523100
0,7643600
1,7537300
0,7561000
0,7646100
0,7614300
1,7541500
0,7596000
0,7551600
0,7674600
0,7781300
1,7653800
1,7640900
0,7718900
0,7667400
1,7796000
1,7827200
0,7760300
0,7660900
0,8640600
0,7637800
1,7731800
0,7668800
1,7992200
1,8156800
1,8445000
0,8580100
1,7969200
1,8133900
0,7726000
0,7709200
0,7659700
0,7737800
0,7696800
0,7727400
0,7639500
1,7743000
0,7847800
0,7870700
1,7850500
0,7828700
1,7846200
1,7863300
0,7825400
0,7840500
0,7871000
1,8154300
1,7942500
1,7864200
1,7802100
1,8102400
0,7825000
1,8080600
0,7824100
0,7815400
0,7816000
1,7848800
1,7821400
1,7805200
1,7842000
0,7881300
0,7868900
1,7718300
0,7639300
0,7915400
0,7670900
0,7729900
1,7678200
1,7719800
0,7698800
1,7693100
0,7660900
1,7686400
1,7657500
1,7737800
1,7565600
0,7651900
0,7438800
0,7594100
1,7772700
0,7463200
0,7412200
1,7480500
1,7457000
0,7450100
0,7441800
0,7485200
1,7436300
0,7584300
1,7585400
0,8044800
0,8610200
0,8485200
0,8597700
1,7728800
0,7960200
0,7603900
0,7550400
1,7608500
1,7599700
1,7598200
0,7775500
0,7821500
0,7849500
1,7835500
0,7842800
1,7790300
0,7823900
1,7833600
0,7843800
1,7843400
0,7810300
0,7848300
0,7844900
1,7556300
1,7551200
1,7532600
1,7529900
0,7659700
1,7551700
1,7686900
0,8011300
0,7875500
0,7643700
1,7759100
1,7512600
0,7618200
1,7555800
1,7752700
1,7481400
0,7653900
1,7560600
1,7819000
0,7528300
1,7629700
1,7564900
1,7575100
0,7503000
0,8044600
1,8685000
0,8082600
1,7982100
1,7830900
1,7687600
1,7895700
0,7745600
0,7697300
1,7675600
1,7706800
0,7691900
1,7685700
1,7656900
1,7722500
0,7697900
0,7749800
1,7654800
0,7778400
0,7694000
1,7763800
0,7638700
0,7728200
1,7696700
0,9023200
1,7681700
1,7727200
0,7639500
1,7552400
1,7516400
0,7659500
1,7486100
1,7618300
0,7541200
0,7585300
0,7495800
0,7616000
0,7577600
0,7603800
0,7592800
1,7517300
1,7498300
1,7471500
0,7488600
1,7501500
1,7928000
0,7497000
1,7586000
0,7556900
1,7686300
1,7654600
0,8425800
1,7875400
1,7872000
1,7630600
1,7937300
1,7755500
0,7671200
0,7686500
0,7701100
1,7601500
1,7700700
1,7642400
0,7803000
1,7597200
0,7680900
0,7635600
1,7519400
1,7443600
0,7544400
0,7614800
1,7635600
0,7456700
1,7563300
1,7464300
0,7630700
1,7444800
0,7552600
0,7485400
0,7548600
0,7492700
1,7584100
1,7612800
0,7640000
0,7930000
1,7641400
1,7450300
1,7515400
0,7456900
0,7480200
0,7607400
0,7477700
0,7669300
0,7597000
1,7665100
0,7633700
0,7596500
1,7553000
0,7698200
0,7631300
0,7672100
0,7634400
1,7672300
1,7619100
1,7655600
0,7636300
1,7572400
0,7387600
0,7454500
0,7408100
1,7360800
0,7423100
0,7681300
0,7390200
1,7977800
0,9405500
0,7634700
0,7391700
1,7444500
0,7329800
0,7859000
1,7869900
1,7803100
1,7732300
1,7483800
0,7640400
1,7456100
1,7380200
0,7307800
0,7553400
0,7376500
1,7617800
1,7447400
1,7765800
1,7603900
0,7710500
1,7600500
0,7772400
0,7623200
1,7693500
0,7608600
0,7829400
1,7727400
1,7678400
0,7626200
1,7668300
0,7467400
0,7646500
1,7458200
1,8148500
0,7470300
1,7541300
1,7518800
0,7553200
1,7449900
1,7613300
1,7461900
0,7531500
1,7449100
0,7544000
1,7459500
1,7545500
0,7465800
1,7521100
1,7456500
1,7719000
0,7525600
1,7540200
1,7490800
0,7509900
1,7447300
1,7632500
0,7499200
1,7486900
1,7361000
0,7462600
0,7546600
0,7314600
1,9258100
0,7658600
1,7627100
1,7440500
0,7437800
0,7472700
0,7668300
1,7444600
1,7512700
0,7773800
0,7531600
0,7460400
0,7525500
1,7461800
0,8876300
1,7760100
1,7586300
0,7695400
0,7566300
1,7511800
0,7632200
0,7634000
1,7802700
0,7619800
0,7836200
0,7631900
1,7652800
1,7641000
0,7676600
1,7630000
0,7693500
1,7640300
1,7658100
0,7593800
1,7435800
1,7391500
0,7420300
0,7435000
0,7757700
0,7374700
1,7507600
0,7406700
1,7469700
1,7390900
1,7479300
0,7328600
0,7590300
0,7466500
1,7790500
0,7493000
0,7642600
1,7479100
0,7572900
0,7575600
1,8280600
1,8231700
1,8582200
1,9342700
1,8505700
0,8162800
1,7791200
0,7836500
0,7936800
1,7830800
1,7805800
0,7806000
1,7761600
1,7798900
1,7780000
1,7796400
1,7760600
1,7812100
0,7674000
0,7716500
1,7600800
1,7702400
1,8006600
0,7689300
1,7690900
1,7678600
1,7618700
0,7691300
1,7713300
0,7658000
1,7901200
0,7634400
1,7665300
0,7619400
1,7883700
1,7973300
0,8231100
0,7921800
1,7602200
0,7834400
0,7613600
1,7707800
1,7604600
0,7631600
1,7742100
0,7633000
0,7680600
1,7615100
1,7667600
0,7634300
1,7665200
1,7616100
1,8286300
0,7657200
1,7720400
1,7623100
0,8021800
0,7393200
0,7519600
0,7361800
1,7506100
1,7406100
1,7595100
1,7312100
0,7709000
1,7413400
1,7474900
0,7329900
0,7449500
0,7389800
0,7578200
0,7361600
1,7454000
1,7412900
1,7647300
1,7343100
0,7457400
1,7434500
0,7471800
0,7329400
1,7456200
0,7425900
1,7437400
1,7379600
0,7369200
1,7826600
1,7745400
0,7425000
1,7358100
0,7479400
1,7297000
1,7555900
1,7357900
1,7463600
1,7301500
0,7472200
1,7356700
1,7679100
1,8057500
0,7672400
1,7549800
0,7889200
0,7536800
0,7652600
1,7445200
0,7566800
1,7447500
0,7552300
1,7537600
1,7562100
0,7598100
1,7665900
1,7601700
1,7711400
1,7793400
0,7698700
1,7603600
0,7691400
1,7606200
1,7679900
1,7602300
1,7740000
1,7603700
0,7594500
1,7356400
1,7409700
1,7551800
0,7390000
0,7368900
1,7407500
1,7578800
1,7376500
1,7399700
1,7406600
1,7656300
1,7403800
0,7460200
1,7409600
0,7518400
1,7344600
1,7448800
0,7484600
1,7513200
1,7371200
0,7427500
0,7409800
0,7461400
1,7312600
0,7497100
0,7387800
1,7437500
1,7312600
0,7364300
0,7507800
1,7359500
1,7397600
1,7535700
0,7599700
0,7378000
0,7390900
0,7366900
0,7466400
0,7362200
0,8011600
1,7445000
0,7542900
1,7446200
1,8226200
1,7675100
1,7793700
1,7487900
1,7556200
0,7457400
0,7639400
1,7441500
0,7547500
1,7507900
1,7693200
1,7599800
1,7675200
0,7607800
1,7718900
1,7635000
1,7673800
1,7599800
1,7881500
1,7627700
0,7697200
0,7617100
1,7906700
0,7467600
1,7510000
1,7463800
0,7576000
1,7451300
1,7560500
1,7616300
0,7559100
0,7465500
1,7631300
1,7461700
0,7632600
0,7464900
0,7613500
1,7505800
1,7624600
0,7768700
1,7396900
0,7659000
1,7551400
0,7965100
0,7581100
0,7760400
1,7675600
1,7520400
1,7589300
1,7645100
0,7618700
1,7900600
0,7637700
1,7664500
1,7736200
0,7694300
1,7618900
1,7664500
1,7635900
1,7664500
0,7631500
1,7707600
0,7431100
0,7432700
0,7391900
0,7510800
1,7622600
1,7529200
1,7341100
1,7443600
1,7392000
0,8085800
1,7801400
1,7521000
1,7426200
1,7575700
1,7620800
1,7655700
1,7635800
1,7875600
0,7652400
1,7674400
1,7639100
1,7692900
0,7631800
0,7720600
1,7636100
1,7678100
1,7565300
0,7572100
1,7559400
0,7466400
1,7579200
1,7447500
1,7530000
1,7446400
1,7643800
0,7454800
1,7525700
1,7444400
0,7571600
0,7447600
0,7455200
1,7358300
1,7550700
0,7366500
0,7426700
0,7466600
0,7437900
0,7365900
1,7460400
1,7358600
1,7418900
1,7355500
1,7487600
0,7374000
0,7326400
1,7436400
1,7392800
1,9485400
0,10971400
0,9743700
1,8896100
1,9160000
1,9120600
1,8233400
0,8294300
1,7821300
1,7779200
0,7772000
1,7800400
0,7942700
0,7795700
1,7795000
0,7797000
1,7824200
0,7832700
0,7907100
1,7826000
0,7809700
0,7824600
0,7780100
1,7826400
0,9300200
0,7819800
1,7821700
0,7843700
1,7808100
0,7811400
1,7779300
0,7805800
1,7794600
0,7797100
1,7850900
1,7800100
1,7779100
1,7791500
0,7786100
0,7971600
0,7825300
1,7822100
1,7820700
0,7857900
0,7785700
0,7801300
0,7794800
1,7809400
1,7775000
1,7810200
1,7801900
1,7806400
1,7763800
0,7814900
1,7776300
0,7796700
1,7763600
0,7957700
0,7715300
0,7450500
1,7359700
0,7881400
0,7367700
1,7480200
1,7359000
1,7497800
0,7382300
0,7410200
1,7549600
1,7315400
1,7436300
1,7388700
0,7582700
1,7461400
0,7589100
0,7463600
0,7548100
1,7678700
1,7502800
0,7465000
1,7531600
0,7493300
0,7554700
1,7480400
0,7642700
1,7510600
0,7812100
0,7465500
1,7962900
0,7946300
1,7814300
1,7514400
1,7522000
0,7513100
0,7543400
1,7485200
1,7534800
1,7478000
1,7657500
1,7637700
0,7685800
1,7701100
0,7703100
0,7620900
0,7669800
0,7647600
1,7599100
0,7691400
0,7620600
1,7698900
1,7598100
1,7612300
1,7359900
0,7512500
1,7294400
1,7478700
1,7544000
0,7574900
1,7357400
1,7416800
1,7362100
0,7445300
0,7364700
0,7409900
1,7356200
0,7530300
0,7367200
0,7550200
0,7380800
0,7498200
1,7314800
1,7635100
1,7681900
1,7392100
1,7566400
1,7392700
0,7423100
0,7373600
1,7929600
0,7615400
0,7750500
1,7653600
0,7673200
0,7758000
1,7659200
1,7637000
1,7652000
1,7636800
1,7654900
0,7648700
0,7664500
1,7491000
0,7582600
0,7403900
1,7510200
1,7333400
1,7615700
0,7532700
1,8129300
0,7849000
0,7532900
0,7488500
0,7521900
0,7376800
0,7462600
0,7486900
0,7502500
0,7586800
0,7465500
0,7744600
0,7452300
0,7628900
0,7466200
1,7938000
0,7535100
0,7596300
1,7466700
1,7583200
1,7377500
0,7599900
1,7322000
1,7702900
0,7433100
1,7489100
0,7340100
1,7544300
1,7402300
1,7544600
0,7529200
0,7668800
0,7708600
0,7767400
1,7470000
0,8172500
1,7640400
0,7589600
1,7618500
0,7602700
0,7526100
1,7586100
1,7519300
0,7683200
1,7520100
1,7597100
1,7490000
0,7783600
1,7521300
0,7552600
1,7631000
1,7649700
1,7688500
0,7537000
1,7612600
0,7495400
0,7572200
0,7534100
0,7673200
1,7513500
1,7456100
1,7413800
1,7467200
1,7331200
0,7757000
0,7399600
1,7524200
0,7340900
0,7447600
0,7416300
0,8124500
0,7720300
1,7702400
0,7643600
1,7706000
0,7656100
1,7706100
0,7656600
1,7723500
0,7678000
1,7682300
1,7678000
1,7715700
0,7673500
0,7695700
0,7599400
1,7540100
0,7541200
1,7439900
1,7442000
0,7508400
0,7502400
0,7322900
0,7629000
0,7414800
1,7430500
1,7298200
0,7493300
0,7392600
0,7462200
0,7305400
1,7528400
0,7469300
0,7459600
1,7297200
0,7470700
0,7659100
0,7622900
0,7306800
1,7452700
0,7388800
0,7499700
0,7565700
0,7536900
0,7500200
1,7560700
1,7444300
1,7537100
1,7693900
0,7475600
0,7512000
0,7462100
0,7564000
1,7463000
0,8303400
0,8137900
1,7876000
0,8040400
0,7657400
0,7922000
0,8420200
0,7878300
0,8040700
1,7914500
1,7649300
1,7677000
1,7597700
0,7758200
0,7731300
0,8518000
1,9870900
1,7833000
1,7762400
1,7808100
1,7783200
1,7850100
0,7785300
1,7940100
1,7779700
1,7816900
1,7757000
0,7700100
1,7631500
1,7822200
0,7619000
0,7748100
1,7639300
1,7747600
1,7602500
1,7684300
0,7626400
0,7690400
1,7602000
0,8157700
0,7562600
0,7522300
0,7714900
1,7544000
0,7473700
1,7706900
0,7467100
1,7529400
0,7471900
1,7741600
1,7449100
1,7512800
0,7471700
1,7486500
1,7303900
1,7374100
1,7466700
1,7387700
1,7654200
0,7663200
1,7391500
1,7362600
0,7485300
1,7372300
1,7409300
0,7376800
1,7734700
1,7375200
0,7473900
0,7373600
1,7434600
0,7729200
0,7469100
1,7464300
1,7372700
1,7369100
1,7328400
1,7479700
0,7313500
0,7473400
1,7481300
1,7561900
1,7448200
0,7590200
0,7469700
1,8911100
1,8460900
1,8375100
0,8207000
0,8516100
0,9459400
0,7993600
0,8087200
1,7865000
0,8019000
1,7866500
0,7827000
0,7817400
0,7832000
1,7874000
0,7815500
1,7839000
1,7848500
1,7798800
0,7953400
1,7838200
0,7850500
0,7816100
0,7821200
1,7841800
0,7864900
1,7825800
1,7809900
1,7845600
0,7920800
1,7819400
1,7804300
0,8079800
1,7620800
0,7420300
0,7546400
1,7351900
0,7424600
0,7648100
0,7601000
1,7352700
1,7545100
1,7413500
1,7460400
1,7350900
0,7819600
1,7662600
1,7702500
1,7656300
1,7765400
0,7679000
1,7729100
1,7699600
1,7694100
0,7676000
0,7705500
1,7712600
1,7698300
1,7658500
1,7672000
0,7442900
1,7428800
1,7415400
0,7560200
0,7377100
0,7512100
0,7415800
1,7529200
0,7434500
0,7593300
1,8370400
0,7653000
0,7570200
0,7601600
0,7478200
0,7526900
0,7634600
1,7553800
0,7594700
1,7603700
1,7546400
1,7448600
1,7563200
0,7485300
0,7644100
0,7598200
0,7709000
1,7443600
0,8311000
0,7541300
0,7565400
0,7527800
1,7631200
1,7513300
0,7561000
0,7527500
0,7622700
0,7535200
1,7724900
0,7650900
0,7749500
0,7663100
0,7725500
0,7763800
1,7804500
1,7649100
0,7734500
1,7621700
1,7753100
1,7639700
1,7836600
0,7557800
0,7825300
0,7437300
0,7620400
1,7340800
1,7785900
1,7403400
1,7432400
0,7341500
0,7511200
0,7415300
1,7593800
0,7319500
1,7501600
0,7421900
0,7509400
0,7343000
1,7596500
1,7406800
1,7474600
0,7525100
0,7448200
1,7525800
0,7417700
1,7393200
1,7444400
0,7537400
1,7398900
0,7600200
0,8216300
0,7655600
0,7463000
1,7527000
0,7663800
1,7385400
0,7358500
0,7449900
1,7365500
0,7436900
0,7386300
0,7440900
1,7619000
1,7502400
1,7462300
0,7698200
1,7482600
0,7575500
0,8174100
1,7608000
0,7466700
1,7636000
1,7464700
0,7553800
1,7701900
1,7357300
0,7462300
1,7330100
1,7494400
0,7378400
1,7916900
0,7380800
0,7378300
1,7357400
0,7525400
1,7370300
0,7402200
0,7376500
0,7548000
1,7459200
1,8022700
0,7910400
1,8613400
1,8523400
1,7669100
0,7564400
1,7509000
0,7476100
1,7627400
1,7534700
1,7580700
0,7645500
0,9005300
1,7603200
1,7686500
0,7626100
0,7659800
1,7601500
0,8280700
0,7626000
0,7674400
0,7622800
0,7832900
0,7887500
0,8392500
1,8365500
1,9012900
1,8735800
1,8498900
0,8330800
1,7484100
1,7488800
1,7482600
0,7525300
0,7548100
0,7626200
1,7838700
0,8576800
0,7812600
1,7791300
0,7782800
0,7824400
0,7816100
0,7773300
0,7776100
1,7792600
1,7782500
0,7788200
1,7789200
0,7680900
0,7633200
1,7644000
0,7619500
0,7695800
0,7721400
0,7747200
0,7620000
1,7697100
1,7620300
0,7658600
1,7637300
1,7701800
0,7448800
1,7431500
0,7312600
1,7373100
0,7691100
1,7649600
1,7456300
1,7372400
1,7609000
0,7366100
1,7387300
1,7393500
0,7461300
0,7521500
1,7577600
1,7460500
1,7518300
0,7452800
1,7558400
0,7483900
1,7712700
0,7457900
1,7539200
0,7481500
1,7633500
0,7453900
1,7531100
1,7376000
1,7373900
0,7496700
1,7330700
1,7403600
1,7463600
0,7461900
0,7314800
1,8257500
0,7581800
1,7509300
1,7512200
1,7463200
0,7477100
1,7512500
0,7461600
1,7508300
1,7464600
0,7558100
0,7595500
0,7752300
0,7477600
0,7600000
1,7478300
1,7585700
0,7475400
1,7786700
0,7478200
1,7745100
0,7484200
1,7508300
1,7516200
0,7683400
0,7509500
0,7455800
1,7720400
0,7520200
1,7626300
1,7444900
0,7565000
0,7467100
0,7537900
0,7453100
0,7605700
1,7451300
0,7607800
1,7604300
1,8401300
1,8626200
0,8999100
0,8844400
1,8389600
0,7796500
1,7777400
1,7932100
0,7786100
0,7929900
1,7774700
1,8448800
1,8232700
0,7795200
0,7794900
1,7821800
1,7864100
1,7820800
0,7862600
1,7799200
0,7788000
1,7790700
1,7780000
1,7787200
0,7782000
0,7815100
1,7777500
1,7891500
1,7802800
1,8127500
1,7817800
0,7866600
0,7864900
1,7870500
1,7797300
0,7793000
0,7795400
0,7789500
0,7817200
0,7774200
1,7801000
1,7775900
0,7812600
1,7744300
1,7635800
1,7651300
0,7671000
0,7671900
1,7767200
1,7661200
0,7645900
1,7680100
1,7633100
0,7668000
1,7633300
1,7815900
0,7538800
1,7537200
1,7463000
1,7523800
1,7480800
0,7853700
0,7474400
0,7512400
1,7480500
0,7652400
1,7478000
1,7559800
1,7483800
0,7563700
1,7489500
0,7487700
0,7563700
1,7335200
0,7492000
0,7596800
0,7488400
0,7342500
1,7763600
1,7388400
1,7534200
1,7422900
0,7458700
1,7513200
1,7907300
1,7491500
0,7648500
0,7530800
1,7661400
0,7552100
0,8225700
0,7531300
0,7601600
1,7555900
1,7536100
0,7522100
1,7663000
1,7419300
1,7700000
1,8135700
0,7699100
0,7508700
0,7643800
0,7504700
0,7546800
0,7580500
0,7433800
1,7366700
1,7503400
1,7924300
0,7772200
0,7638000
0,7681600
1,7795700
1,7659100
0,8489400
1,7720400
0,7694200
1,7654900
0,7717300
1,7656600
1,7717500
1,7536500
0,7610000
0,7482100
1,8059600
1,7534600
1,7650400
1,7522800
0,8288300
0,8380300
1,8230200
0,8378300
1,7588200
0,7564300
1,7701300
1,7714100
0,12923500
0,7741000
1,7656900
0,7717100
0,7659700
1,7742900
1,7655500
1,7734300
0,7640000
0,7726200
0,7411800
1,7546800
1,7315700
0,7504900
0,7491900
1,7561700
1,7315500
1,7541800
1,8391300
0,7611600
1,7333700
1,7530700
1,7398000
0,7626400
1,7448600
1,7565800
1,7926200
0,8042000
1,8607800
1,8794900
0,8327600
1,8258000
1,8681200
1,8431700
1,8403400
0,8312100
1,7705900
0,7815000
0,7623800
1,7762700
0,7720300
0,7703200
0,7610000
0,7772400
1,7602400
1,7908100
1,7599400
0,7675900
0,7637300
1,7665000
1,7600600
0,7964900
1,7622300
0,8006600
1,7599500
1,7808100
0,7639900
0,7702100
0,7611100
0,7739400
0,7639400
0,7693500
1,7603700
1,7698500
0,7636300
0,7678100
0,7611200
1,7679000
0,7653100
0,7680300
0,7608800
1,7853900
1,7623400
0,7708300
1,7483600
1,7470800
0,7391300
1,7572400
0,7307500
1,7480400
0,7485300
1,7556200
0,7304500
0,7426200
1,7372800
1,7419900
1,7297000
0,7432200
0,7413300
1,7502300
0,7443800
1,7452400
0,7408400
1,7374600
1,7437400
1,7646300
1,7525800
1,7373700
0,8611000
0,7501900
1,7795800
1,7868000
1,7828700
0,7682100
0,7686000
1,7621200
1,7686700
0,7746900
0,7698000
1,7618000
1,7721700
1,7696700
0,7721000
0,7671300
0,7719800
0,7681700
1,7706000
1,7657200
1,7715600
1,7694900
1,7718600
0,7783900
1,7718600
0,7680600
0,7793100
1,7649400
0,7720700
1,7571100
0,7622200
0,7491600
1,7606300
0,7572600
1,7678100
0,7500600
0,7707400
0,7556100
1,7608300
0,7495600
1,7610800
0,7553800
0,7502400
1,7362400
1,7463700
0,7416000
1,7500400
1,7335000
1,7684800
1,7443600
0,7496300
1,7330900
1,7402200
0,7669000
1,7394800
0,7660700
1,7496000
1,7521600
1,7750700
0,8493600
0,7405400
1,7508300
1,7398600
1,7437500
0,7409700
1,7546000
1,7382000
0,7447100
0,7490900
0,7743300
0,7660000
1,7803200
0,7747100
1,7763400
0,7823100
0,7867100
1,7616900
1,7759800
1,7638200
1,7732000
0,7657100
0,7723800
0,7661100
1,7705200
0,7664300
1,7738700
0,7715900
0,8518900
1,8405900
1,7750400
1,7616900
1,7727600
1,7676400
1,7865500
1,7552600
0,7664100
1,7559200
0,7701900
1,7465100
1,7722700
1,7537400
1,7658300
1,7564500
0,7496300
0,7612400
1,7549800
0,7967000
0,7571400
0,7733300
1,7676000
1,7694300
1,7640500
0,8153900
0,9129300
1,8352100
1,8433300
1,7643600
0,7748300
0,7662000
1,7744000
1,7785600
1,7845600
0,7820800
1,7841100
0,7810000
0,7962600
0,7803600
1,7871300
1,7800900
0,7832900
0,7840500
1,7853100
0,7809100
0,7908100
0,7515100
1,7637900
1,7661300
1,7855700
1,7690200
1,8379200
1,7619700
1,7673300
1,7581900
1,7936100
1,7460300
1,7721100
0,7684200
1,7725500
1,7619400
0,7766100
1,7662000
1,7861200
0,7634900
1,7745400
0,7680500
0,7871900
0,7650800
0,8130700
1,7897300
0,7875500
1,7961000
0,7755300
0,7645900
0,8124500
1,7638300
1,7748700
0,7658700
1,7756300
1,7638600
0,7755500
0,7659400
1,7749400
0,7606900
0,7775900
1,7602900
1,7675400
0,7610200
0,7797000
1,7603900
1,7679100
1,7600000
1,7688900
0,7621800
0,7786600
0,7552200
1,7960100
1,7389100
1,7780600
1,7331800
1,7575200
0,7578500
0,7797700
0,7340500
1,7478200
1,7360600
0,7438300
0,7307800
1,7526200
0,7621100
0,7720300
0,7610700
0,7766400
1,7603600
1,7805000
1,7601700
1,7712300
1,7606400
0,7773800
1,7813200
0,7696200
1,7622900
1,7615100
1,7696700
1,7635800
1,7654100
0,7630700
0,7890000
0,7681500
0,8355200
0,7955700
0,7940600
1,7812900
1,7698300
1,7687600
0,7820300
0,7985500
1,9032900
0,7827700
1,7761100
1,7797300
0,7783600
0,7812100
1,7760900
1,7808800
0,7784800
0,7856200
0,7606300
0,7651200
1,7446600
0,7539700
1,7444200
0,7550400
0,7464700
0,7610400
1,7603000
0,7540900
0,7465900
1,7497400
0,7513900
0,7435600
1,7557100
1,7386100
0,7363600
1,7391400
1,7409400
0,7498200
1,7522900
1,7608700
0,7469800
0,7401900
0,7451700
1,7512300
1,7488200
0,7747000
0,7596500
1,7477900
0,7537000
1,7521600
0,7681700
0,8366800
0,7557700
0,7518500
0,7596400
1,7484000
0,7542000
0,7492800
0,7678900
0,7767300
0,7699500
1,7516800
0,7615300
0,7463500
0,7755700
0,7494600
1,7637200
1,7483000
0,7599700
0,7488900
1,7445800
0,7518900
0,7466000
1,7598900
1,7445000
1,7553900
1,7447400
1,7525100
0,7453900
0,7575700
1,7447700
1,7674700
1,7448300
1,7531800
1,7422800
0,7492600
1,7385100
1,7382700
0,7504700
0,7516900
1,7458200
1,7536800
1,7402900
0,7545900
0,7404300
1,7420000
1,7479400
0,7621400
1,7649700
1,7530500
1,7396100
0,7860800
1,7384300
0,7340100
1,7584200
0,7520800
0,7638600
0,7515300
0,7574900
1,7443400
1,7482700
0,7548200
1,7711000
1,7684400
1,7720400
1,7780900
0,7696500
0,7878800
0,7699100
0,7653000
0,7783300
1,7661100
1,7735500
1,7678400
1,7634700
1,7333900
1,7518300
0,7417500
1,8530900
1,7933500
0,7533600
0,7492100
1,7558100
1,7329800
1,7488700
1,7436800
1,7477700
0,7498600
1,7876800
1,7681600
1,7723300
1,7635700
0,7706500
1,7678800
1,7734300
0,7668300
0,7698400
1,7680300
0,7788100
0,7710800
0,7698600
1,7549700
0,7691800
0,7543200
1,7667700
1,7560400
1,7635500
1,7572000
1,7518600
1,7553200
0,7611300
0,7547800
0,7496100
1,7542500
1,7441100
1,7524700
1,7312900
1,7512700
0,7433900
0,7517200
1,7376700
1,7781900
1,7419100
1,7606900
0,7324000
1,7563200
1,7422000
0,7807500
0,7388600
1,7533800
0,7431800
0,7527700
1,7317800
1,7833500
1,7453700
0,8576000
1,10933900
0,10614500
1,8169800
0,7690600
1,8679200
0,10906600
0,9940200
1,7881300
0,7899100
1,8023000
0,8188600
1,7873900
0,7800400
0,7998500
0,7695700
1,7844100
0,7826100
0,7852000
0,7850600
1,7865500
0,7806400
1,7819900
1,7764000
1,7831100
0,7772000
0,7811300
1,7763700
1,7819900
1,7758600
1,7826900
1,7791600
0,7877000
1,7893900
1,7849500
1,7787300
1,7793200
0,7772500
1,7814200
1,7804100
1,7797500
1,7758900
1,8474500
0,7817600
1,8320800
0,7955000
0,7818700
1,7795700
1,7851600
1,7759300
0,7798000
1,7784700
0,7803500
0,7769500
0,7734600
0,7620500
0,7705900
1,7597400
1,7752400
1,7600200
1,8076700
1,7611900
1,7762200
0,7622500
1,7678000
1,7617100
0,7834100
1,7603300
1,9211800
0,10180300
0,7532200
1,7523700
0,7863200
0,7480000
1,7702900
0,7483900
1,7528800
0,7480700
0,7688600
1,7463700
0,8395700
1,8029400
0,8007500
0,7887600
0,7802600
1,7698000
0,7812400
0,7836800
0,7779800
0,7863400
0,7991900
1,8323800
0,8570300
1,8485200
0,8379300
0,8190500
0,8734600
0,8166900
1,8297400
0,7921100
0,7866200
0,7993300
0,7623800
1,7657600
1,7671100
1,7770900
1,7798200
1,7817200
0,7795100
1,7781700
1,7798900
0,7795800
0,7797000
1,7783800
1,7812300
0,7851200
0,7806200
0,7752600
1,7903900
0,7790300
0,7779400
0,8324700
0,7624200
1,7744800
1,7957300
0,7891600
0,8249800
0,7911100
1,7837700
0,7803500
0,7754100
1,7761500
1,7779000
1,7788400
1,7817200
0,7831000
1,7779700
0,7791600
1,7819600
0,7818600
0,7791800
1,7759400
1,7817100
1,7482500
1,7311300
1,7841100
0,7570900
1,8579900
0,7488000
0,7510100
1,7510600
0,7457800
0,7390000
0,7482100
0,7421700
0,7428600
1,7495500
1,7663700
0,7728400
0,7692300
0,7635700
1,7688500
1,7652000
1,7660800
1,7616800
0,7672100
1,7675000
0,7679200
1,7618500
1,7613000
1,7554900
0,7574200
0,7633600
1,7708800
1,7606500
0,7530100
0,7480000
0,7544100
0,7506100
1,7587300
1,7471600
0,7611900
0,7472600
1,7648600
1,7468600
0,7736300
1,7523100
1,7498800
0,7924200
0,7506900
1,7595800
0,7466000
0,7558800
0,7470400
1,7604000
1,7446400
0,7643800
0,7966500
0,7523600
0,7465200
0,7590400
1,7750100
0,7899800
1,7447400
0,7786700
1,7461900
0,7528800
1,7447000
1,7582600
0,7696800
0,7688900
1,7601400
1,7664700
0,7625300
1,7696600
0,7623300
0,7829900
1,7708400
0,7686000
0,7623400
1,7667000
1,7620100
0,7940300
1,7540400
0,7561400
1,7461100
1,7681100
0,7467200
0,7695400
0,7509400
1,7565300
0,7466800
0,7526500
0,7489600
1,7689000
0,7436000
1,7469900
1,7371600
1,7528800
1,7451300
0,7385100
0,7379900
0,7379200
0,7595400
0,7390600
0,7437800
0,7374700
1,7397000
0,7587000
1,8045400
0,7834100
1,7933300
0,7796000
1,7652700
0,7376700
0,7814900
1,7312100
0,8072900
1,7392900
0,7442000
1,7328600
0,7513300
0,7615300
1,7654200
1,7631600
1,7668400
1,7638300
1,7790900
1,7625900
1,7696300
0,7618200
0,7679000
1,7634700
1,7714700
1,7627700
1,7664500
1,7499200
1,7492200
1,7480600
1,9275800
0,7528300
1,8039700
1,7963000
0,8478600
0,8710300
0,8429700
0,7659000
1,7666900
0,7630200
1,7637800
1,7637600
0,7701900
1,7616500
1,7690000
1,7638500
0,7716700
0,7629900
0,7651100
0,7618400
0,7716100
0,7554800
0,7670300
1,7481000
1,7725400
1,7697400
0,7571400
1,7479100
1,7701000
0,7477100
0,7650700
0,7466700
0,7543100
0,7477200
1,7595300
1,7478700
1,7560000
0,7480700
0,7453800
1,7554700
0,7794000
1,7555600
0,7451900
1,7698200
0,7483700
1,7573400
1,7676100
0,7563200
0,7516500
1,7720900
0,7453900
0,7537100
0,7481100
1,7852700
0,7517500
1,7647600
0,7483100
0,7592900
0,7455500
0,7605700
0,7528600
0,7582800
1,7444600
1,7563700
0,7481700
1,7515600
0,7452500
0,7523500
1,7492500
1,7516300
0,7453900
0,7654900
1,7461700
0,7732400
0,7412100
1,7847000
0,7964500
0,7674400
1,7448800
1,7616800
1,7484200
0,7565600
1,7357300
1,7332200
1,8531100
1,8555700
1,8852800
0,7939600
1,7764400
0,7791700
1,7762200
1,7840100
1,7764000
0,7794000
0,7770000
0,7844500
0,7839400
1,7946400
0,7799900
1,9166900
1,8053000
0,7937200
1,7904400
1,7918000
1,7843700
0,7871900
1,7860500
1,7858700
0,7803900
0,7841700
1,7821200
0,7968000
1,7802400
0,7843800
1,7819300
0,7846500
0,7821400
0,7990000
0,7839800
0,7969000
0,7832100
0,7909300
0,7795600
0,7853800
1,7813100
0,7669400
0,7476300
1,7644000
0,7537300
1,7836300
0,7473700
1,7764700
1,7531700
1,7719800
1,7516000
1,7588500
1,7521300
1,7602600
1,7435900
1,7454200
0,7400000
1,7536000
0,7481900
0,7883000
1,7732000
0,7717500
1,7490900
1,7428600
1,7383700
0,7536400
1,7491500
1,7646500
0,7596700
1,7735100
1,7525300
1,8006500
1,7469700
0,7739700
1,7566600
0,7602000
0,7486100
1,7562700
1,7810000
1,7639800
0,7559100
0,7712600
1,7692800
1,7683800
0,7729200
0,7669200
1,7816500
0,7649900
0,7749800
1,7637800
0,7723200
1,7678000
1,7796100
0,7538500
0,7548200
1,7437500
1,7601600
1,7333500
0,7559200
1,7659000
1,7648900
0,7388400
1,7424700
0,7395600
0,7522100
1,7440100
1,7479800
0,7541500
0,7615200
1,7485300
1,7723400
1,7555300
1,7630100
0,7597100
0,7729600
1,7560000
0,7723400
0,7501200
0,7574800
0,7537900
0,7544300
1,7330800
0,7488900
0,7386300
1,7665300
0,7342200
1,7613200
1,7581000
0,7774700
0,7864900
1,8111300
0,7917900
1,7613500
1,7609500
1,7684900
1,7679000
0,7730700
0,7669100
0,7711400
0,7637900
0,7757700
0,7815900
0,7719100
1,7656700
0,7748800
0,7672600
1,7529700
1,7853900
0,7588500
1,7378400
0,7396400
1,7607000
1,7395600
0,7640900
1,7417900
0,7600800
0,7396400
1,7408800
0,7366000
0,7464300
1,7463100
0,7526800
0,7453300
1,7553800
1,7462500
1,7602500
1,7474700
1,7544400
1,7480900
0,7851700
0,7690000
0,7636200
1,7425500
0,7454000
0,7362000
0,7327100
1,7400300
1,7373900
1,8547500
1,7347100
1,7538700
0,7387200
0,7473000
1,7433600
1,8315700
1,8529600
0,7803300
1,7996300
0,7672000
1,7661300
0,7657300
0,7634300
0,7730800
0,7632000
1,7651800
0,7654300
1,7649300
0,7630700
0,7739800
1,7678400
0,7951800
1,7687900
0,7912600
1,7664400
1,7714400
1,7614900
1,7654900
1,7658800
1,7648700
1,7616500
1,7679200
1,7643000
0,7685800
0,7643200
1,7682800
1,7638300
0,7705600
1,7616600
1,8110000
0,7619900
0,7790600
1,7617600
0,7674500
0,7617000
1,7638700
0,7510900
0,7548900
1,7511500
0,7847200
0,7479400
1,7510500
1,7798100
0,7708600
1,7463300
0,7523600
0,7464000
1,7558700
1,7459600
0,7559800
1,7508500
0,7576800
0,7476200
0,7542400
0,7463900
1,7505300
0,7475600
0,7465800
1,7562500
0,7466600
1,7519200
0,7466300
1,7498700
1,7326500
1,7437400
1,7792500
0,8495900
0,8309300
0,7558900
0,7696500
1,7588900
0,7320100
0,8004100
1,7376000
1,7803300
0,7543200
1,7666700
1,7633200
1,7677600
1,7601300
1,7910600
0,7668200
0,7667400
1,7694700
1,7840200
1,7648800
1,7816600
0,7664100
0,7784500
1,7828800
1,7751600
0,7664500
1,7745300
1,7619000
1,7746600
0,7789700
0,7836500
1,7639000
0,7735900
1,7603400
1,7696100
0,7574100
1,7552800
0,7542800
0,7674900
1,7882300
1,7935200
1,8990300
0,8840600
0,8547900
0,8273200
1,8626500
0,9275000
1,7860700
1,7812800
1,7848500
1,7855400
0,7874600
1,7908300
0,7901100
0,8087900
0,12351000
1,7950200
0,9131600
1,7900100
0,10891600
0,9715500
0,7890000
1,10114100
1,10828100
0,9462300
1,10428400
0,8564200
0,8216900
1,8356200
0,8130600
0,7860700
0,7852500
1,7832100
1,7777700
0,7806700
1,7761700
1,8120300
1,7768100
0,7835900
0,7864000
0,7804100
0,7778100
0,8267200
0,7615900
1,7704900
0,7618900
0,7708200
0,7609900
1,7944200
0,7667500
0,8265700
0,7650300
0,7783500
1,7643500
1,7724000
1,7575500
1,7765500
1,7522600
1,8266000
1,7489900
0,7639200
1,7774700
0,7728800
0,7492800
1,7736800
0,7542000
0,8322900
1,7560200
0,7565000
0,7728500
0,7748500
1,7703200
1,7803300
1,8243700
0,7869300
1,7666100
1,8393700
0,7644500
0,8252700
0,8070500
0,7709100
0,7800900
1,7824400
1,7823100
1,7876300
0,7827900
0,7887700
0,7795000
0,7867900
1,7812700
0,7901500
1,7788300
1,7929500
0,7840400
1,7613000
0,7531600
0,7636800
1,7520900
0,7745100
0,7535200
1,7567500
1,7522500
1,7707300
1,7518300
1,7570500
0,7549500
0,8339000
1,7674100
0,8327400
0,7643100
0,7787600
0,7658000
0,7758800
0,7665700
1,7837200
1,7748500
0,7762500
0,7669100
0,7746800
1,7641200
0,7854300
0,7672800
1,7708700
1,7632300
1,7779700
0,7672900
0,7740700
0,7654100
0,7843900
1,7705800
1,7742000
0,7642100
0,7728800
0,7585100
0,7637600
1,7468900
1,7897800
1,7671600
0,8480900
0,7531800
1,7568700
1,7555200
1,7584500
0,7480200
0,7646600
0,7560900
1,7625000
1,7520700
0,7949100
0,8209900
1,8274100
1,8050300
0,8717700
0,7484900
1,7722000
1,7522400
0,7664300
1,7518000
0,7644300
0,7665300
0,8365400
0,7671100
1,7888000
0,7663900
0,7740600
0,7662000
1,7781500
0,7638300
0,7747700
0,7667700
0,7733400
0,7579900
0,7637600
1,7628500
0,8076800
0,8000200
0,7783800
1,7753500
0,7608600
0,7530600
1,7653400
1,8478800
1,7771400
0,7518400
1,7718400
0,7626100
0,7684000
1,7616600
1,7636900
0,7683200
1,7812400
1,7699300
0,7712300
1,7663300
1,7623500
0,7690400
1,7635000
1,7594700
1,7460600
0,7539400
1,7555700
0,7516800
0,7475200
1,7762300
1,7482800
0,7513600
1,7461900
0,7538600
0,7460200
0,7669800
0,7483200
0,7451300
0,7376000
0,7382300
0,7388400
0,7509100
0,7375800
0,7485100
0,7391500
1,7460800
1,7743200
0,7318800
1,7474400
1,7370700
1,7531700
1,7293500
0,7590600
1,7392400
1,7468400
1,7298700
1,7697500
0,7381400
1,7794800
1,7330800
0,7476300
1,7372600
0,7378800
0,7358700
0,7824700
0,8587600
0,7437900
1,7552100
0,8221500
0,7466900
1,8022100
1,8064000
0,7775500
0,7549300
1,7422000
1,7456600
1,7501100
0,7699300
1,7638700
0,7670200
1,7633200
0,7685100
1,7637900
0,7667100
1,7633000
1,7713000
1,7639400
0,7682700
1,7632000
1,7532400
0,7372600
0,7463900
1,7387200
1,7382400
0,7375600
1,7644900
0,7686700
1,7396000
0,7536900
1,7462100
1,7390200
1,8160700
0,8000400
1,7866800
0,7505700
1,7463600
0,8903800
0,8405800
0,8800400
0,8922800
1,9117700
1,8594400
0,8753500
0,7440400
1,7518500
0,7667600
0,7858100
0,7610200
0,7857400
0,7760900
0,7713900
1,7607900
1,7717600
0,7638600
0,7886300
0,7835300
0,7747800
1,7622200
1,7682100
1,7597900
1,7651000
0,7684800
1,7619900
1,7670700
0,7854100
1,7660200
0,7643100
0,7712400
0,7644800
0,8081900
0,7834800
1,7606900
1,7662900
1,7653600
1,7626000
0,7664200
0,7639800
0,7839400
1,7619800
0,7695000
0,7638900
1,8009400
1,7616400
1,7643300
1,7530300
1,7611200
1,7494700
0,7741200
1,7520200
0,7833200
0,7652800
1,7492000
1,7495000
0,7545600
1,7459400
0,7731300
1,7497200
0,7516600
0,7479400
1,7512200
0,7476500
0,7568900
1,7464400
0,7784100
0,7480700
1,7528300
1,7460900
1,7517300
1,7497200
0,8605600
0,7548600
0,8341400
0,8169200
0,8966800
1,8951800
0,7725400
1,7547900
0,7620900
0,7831800
1,7489000
1,7480600
1,7527200
0,7606800
1,7837300
1,7830700
0,7785100
0,7794200
1,7838100
0,7777400
0,7805400
0,7835000
0,7810900
0,7782700
0,7933300
1,7795900
0,7649700
1,7479400
0,8203000
1,7642900
0,7545300
0,7500600
1,7533900
0,7491100
1,7515400
0,7497500
1,7625700
0,7488600
1,7523600
0,7518000
0,7685600
1,7654300
1,7659800
1,7636300
0,7801700
1,7632900
1,8438900
0,7617800
0,8268200
0,7648700
1,7672200
1,7638400
0,7556400
0,7401300
1,7546000
0,7374000
1,7447200
1,7386200
0,7456800
0,7370700
1,8467400
1,8983800
0,8614300
0,8982100
0,7630700
0,7551300
0,8014900
0,7671400
1,7713700
0,7854400
1,7755800
1,7637000
1,7707800
0,7632500
1,7656100
1,7636800
0,7739000
0,7634200
0,7655600
0,7613200
0,7712500
0,7632500
0,7780900
0,7619600
1,7676300
1,7741600
0,7679800
0,7659500
1,7646900
1,7617900
0,7687700
0,7575800
0,7547900
1,7461000
1,7524600
1,7568400
0,8337400
1,7869200
1,7584200
0,7523300
0,7532900
1,7461400
1,7539200
0,7478600
0,7660000
0,7632900
1,7852400
0,7632100
0,7677900
0,7631700
0,7649800
1,7671000
0,7669200
1,7615500
1,7646900
1,7649200
1,7667700
0,7490500
0,7437900
1,7411000
1,7370900
0,7326600
1,7354000
1,7498200
0,7376800
1,7380600
0,7460300
1,7524300
0,7361700
1,7477900
1,7326500
0,8563400
0,7808900
1,7659400
1,7356600
0,7654900
0,7375900
0,7458700
0,7397800
1,7692200
0,7376800
0,7383600
0,7364400
0,7455300
0,7576200
0,7910100
0,7612600
0,7686100
1,7696100
0,7810300
1,7597600
0,7764700
0,7618200
0,7692100
1,7600300
0,7721100
1,7603200
1,7567300
0,7452700
1,7582600
1,7449700
1,7568400
1,7445300
0,7624500
1,7447800
0,7477300
0,7541400
0,7481100
0,8227800
0,7647000
0,7512000
1,7583500
0,7467400
1,7459900
0,7529600
1,7480400
0,7524900
0,7474900
1,7551400
0,7464400
0,7565000
0,7478900
1,7508300
0,7437300
1,7518000
0,7446000
1,7378500
0,7495600
1,7617000
0,7600100
0,7743400
0,7332900
1,9031600
0,8468900
1,7494500
1,7416800
1,7436900
1,7543200
1,7742500
1,7507100
1,7623400
1,7809500
1,7636000
0,7536400
1,7587900
0,7552900
1,7579800
0,7544600
1,8373400
1,7963900
0,7895000
0,7777500
1,8042100
1,7971100
1,7968600
0,7778200
0,7925400
1,7652800
1,7713000
0,7660600
0,7713400
1,7677000
1,7725100
1,7844100
0,7845100
1,7850400
0,7914700
0,7826400
0,7901200
1,8501000
0,7840300
1,7845800
0,7824500
0,7859800
0,7828100
1,7738600
0,7908100
0,7688200
1,7681200
1,7681000
0,7730100
0,7672200
0,7711200
0,7656200
1,7765600
1,7637200
1,7713000
0,7657000
1,7636500
1,7480700
1,7613400
1,7526200
1,7561600
0,7503400
0,7624000
1,7519600
0,7619800
1,7480100
1,7566600
0,7538600
1,7594500
1,7414000
0,7409100
1,7505200
0,7418400
0,7411200
0,7395400
0,7604000
1,7421400
1,7524200
1,7555700
0,7605700
0,7453300
1,7497100
1,7403300
1,7530800
1,7825200
1,7529000
0,7340200
0,7455900
1,7460600
0,7423000
1,7602100
0,7532300
1,7422900
0,7453700
0,7402400
1,8609200
0,7947900
1,7793000
0,7770900
1,7829300
1,7803000
0,7796600
0,7767900
0,8860300
1,11211900
0,11063800
1,11624800
0,10039100
0,8151900
0,7976100
0,7569200
1,7727000
1,8284000
1,8879800
1,8101400
0,8739500
1,8618000
0,8768900
1,8833700
1,7876600
1,7787400
0,7846000
1,7761700
1,7817800
0,7816300
1,7828400
0,7773800
0,7788000
0,8007100
1,8066600
1,7889300
0,7852100
0,7853600
0,8303300
1,7929200
1,7800400
0,8378600
1,7779400
1,7761000
1,7821800
0,7801800
0,7795100
1,7904300
0,7796500
0,8085800
0,7804400
1,7820800
0,7804400
0,7791400
0,7794200
1,7796400
1,7817400
0,7800600
0,7791100
0,7771100
0,7803800
1,7782700
1,7673500
0,7826800
0,7655600
0,7718200
0,7648200
0,7699200
1,7639100
0,7906900
1,7619100
1,7678400
0,7617800
1,7667000
1,7620900
1,7657000
0,7618400
1,7665200
0,7719800
1,7797900
1,7638400
0,7670800
0,7630700
0,7639900
0,7888800
0,7681300
0,7670900
0,7691100
0,7623700
1,7662000
1,7718900
1,7671200
0,7619500
1,7666900
1,7620500
1,7665400
0,7616200
0,7623200
0,7959900
0,7628000
0,7683100
1,7495200
0,7560100
1,7372700
1,7606000
1,7359600
1,7367800
1,7638000
0,7552200
0,7343800
1,7865400
0,7380700
0,7586800
0,7315600
0,7531100
0,7471300
0,7890200
1,7481200
0,7588700
0,7512100
1,7581100
0,7466900
1,7752900
0,7473400
1,7616000
0,7467900
0,7614100
0,7492500
0,7580300
1,7451000
1,7587700
1,7465100
0,7552900
0,7468400
0,7479800
1,8702700
0,7466700
0,7528900
0,7493000
1,7526600
1,7481700
1,7565700
1,7389900
1,7358300
1,7393900
0,7768100
0,7344700
1,7471700
1,7391700
1,7449400
1,7346500
1,7616500
0,7503700
1,7699300
0,7638600
0,7554100
1,7694800
0,8330300
0,8161000
1,7737700
1,8035300
0,7642500
1,7597500
0,7637900
0,7513400
0,7617700
1,7689600
1,7746800
1,7916000
0,8168200
1,7644800
1,7809800
1,7781500
1,7675500
0,7642800
0,7645300
0,7624200
0,7701900
0,7653000
0,7665000
0,7620900
1,7602100
0,7766600
1,7621700
0,7666600
0,7643000
0,7735500
0,7769000
0,7757400
1,7630100
0,7775900
0,7620300
0,7688800
1,7650700
0,7688600
0,7611900
1,7680900
1,7617200
1,7683000
1,7598600
0,7900700
0,7785100
0,7977500
1,7767700
0,8195300
1,7992800
0,7891200
0,7791300
0,7814900
0,7801200
0,7791700
0,7782000
0,7819800
1,7802200
1,7785000
1,7761200
0,7798800
0,7802900
1,7772600
1,7725900
0,7767800
0,7616300
1,8101800
1,7686700
1,7661300
0,7670100
1,7645600
0,7613400
1,7711200
0,7620200
1,7677800
1,7599900
0,7726300
0,7621000
0,7701600
1,7599200
1,7713300
0,7622000
1,7682200
1,7599300
0,7849900
1,7604400
1,7676200
1,7597200
1,7668300
0,7452700
1,7626000
1,7436700
0,7500700
0,7576200
1,7721400
1,7819000
0,8137400
0,7685800
1,7443500
0,7370800
0,7484600
1,7362500
1,7664900
0,7628200
0,7690900
0,7654700
1,7687100
0,7627200
0,8093700
1,7639300
1,7862500
1,7600800
1,7634400
0,7623100
0,7814800
1,7480100
1,7539700
0,7464400
0,7661000
0,7471600
0,7648100
0,7463600
1,7542300
0,7488700
0,8274400
1,8071300
0,7551100
1,7463000
0,7411800
1,7351800
0,7415800
1,7501000
0,7794100
1,7831800
0,8117100
0,9023900
1,7855500
0,8072700
0,7862600
0,7839000
1,8457500
0,7849300
1,8448400
1,8603300
1,8499500
0,8293100
0,8267800
1,8587000
1,7828500
1,7641000
1,8340900
1,7612000
1,7705500
0,7802000
0,7824500
1,7773300
0,7826200
0,7811800
0,7952800
0,7783300
1,7839600
1,7795600
1,7827000
1,7807000
1,7832500
1,7933500
1,7687200
0,7824000
0,9796300
0,8856100
0,8975300
1,8339000
1,8817100
0,8867300
0,8441700
0,8263700
0,8767300
0,8240000
0,8028800
1,8058200
1,7882900
0,7906900
0,7883000
0,7843700
1,7883600
1,7839700
1,7930700
0,7812800
0,9826800
0,8478400
1,7874200
0,7833200
0,7895200
0,8105600
0,7928700
1,7850400
0,7897000
1,8354100
1,8388600
0,8829200
1,10343100
0,9054900
1,8882400
1,7933100
0,7869300
0,7904100
1,7864000
1,8385400
1,8025400
0,7922800
0,8498400
1,7836500
1,7918500
1,7819700
1,7948700
0,7815300
0,7924200
0,7818400
0,7862600
0,7829200
1,7866200
0,7911000
0,7858400
0,7868300
0,7838600
1,7919400
1,7866000
1,7831400
1,7854200
1,7800100
1,7858100
0,7869100
0,7851400
0,7820800
1,7971800
0,7812400
0,7853800
0,7799400
1,9296200
1,10955700
1,7804900
0,7809600
0,7824200
0,7816500
1,7821500
0,7803000
1,7840400
1,7797700
0,7822600
1,7837900
0,7838000
1,7785000
0,7770100
0,7706200
1,7857200
1,7709300
0,7870600
0,7815500
0,7821300
1,7804200
1,7966700
1,7938400
0,7747100
0,7787700
0,7680400
0,8059500
0,8147800
0,8901200
0,10351200
0,8397400
0,7640700
0,7821900
0,7649100
0,7726800
1,7708600
0,7704300
1,7709900
0,7809200
1,7783700
0,7816300
0,7782800
1,8448000
1,7787200
1,7785500
0,7808200
1,7794400
0,7820700
1,7828400
1,7822400
1,7846500
1,7794800
0,7798100
0,7787700
0,7875700
0,7814700
1,7794300
0,7818000
1,7802900
0,7813200
0,7851500
0,7800700
0,8168600
1,7810600
1,7776900
1,7805500
0,7809900
0,7813400
1,7815000
1,7809800
0,7815200
1,7791500
0,7792500
0,7786500
0,7927000
1,7794600
0,7717800
0,7617100
1,7751100
1,7749300
1,8139100
0,8112900
0,8339900
1,8221700
0,7899400
1,8109700
1,7717300
1,7617000
1,8204200
1,7825800
1,7837800
1,7794300
0,7779900
1,7821600
1,7925500
1,7823700
0,7777900
1,7866400
0,7821900
1,7960300
0,7773200
1,7832800
1,7772200
1,7882200
0,7781500
1,7831800
1,7766100
1,7856700
0,7788000
1,7896700
0,7791500
0,7869900
1,7786600
1,7824700
0,7684500
0,7758100
1,7767600
0,7818000
0,7782800
1,7809500
0,7778400
1,7859400
1,7768800
1,7796900
1,7764900
0,7841500
1,7766400
0,7745400
0,7610000
0,7775800
1,7600600
0,7732600
1,7616900
1,7740100
1,7642000
1,7901600
0,8547500
0,7920900
0,7621000
0,7828400
1,7621500
0,7741200
1,7626100
0,7748100
1,7615200
0,7620400
0,7695300
0,7634000
0,7723000
0,7619300
1,7823100
1,7618000
1,7752300
0,7490700
0,7625300
1,7617300
0,7577700
1,7547100
0,8124400
1,7502500
0,8856600
1,7522000
0,8715600
1,8778300
0,8495000
1,8673600
1,7766200
0,7849000
1,7763200
1,7828500
1,7765900
0,7843600
1,7809100
0,7814200
1,7792900
0,7814400
1,7761900
0,8201200
1,7994200
1,7685200
1,7798200
1,7782900
1,7885400
1,7666600
0,7522600
0,7839500
1,7627200
0,7550000
1,7624400
1,7552200
1,7612600
0,7653600
0,7687700
0,7654000
1,7706400
1,7618000
1,9516400
0,8532100
0,7689800
0,7751700
0,7752600
0,7660600
1,7656500
1,7621400
0,7777100
0,7641700
1,7706800
1,7623400
0,7662600
1,7658400
1,7669800
1,7618700
0,7682000
1,7654400
0,7720900
0,7633100
1,7677700
0,7638900
0,7690000
1,7618500
0,7826400
1,7728400
0,7777100
0,7636100
0,7716200
0,7664200
0,8085800
0,7671600
0,7780500
1,7664400
1,7947600
1,7775800
1,8107000
1,7811500
1,7787100
0,7635400
0,7735800
1,7832000
1,7714700
0,7674500
1,7717300
0,7622100
1,7930000
1,7784000
0,7822600
1,7798100
0,7946400
1,7779800
0,7831400
1,7803600
0,7899300
1,7784400
1,7816800
1,7808100
1,7789700
0,7731900
1,7755000
1,7672500
1,7740000
1,7803900
1,7771700
1,7686600
0,7936800
0,7835700
1,7974000
0,7832400
0,8140100
1,8363300
1,7867700
0,7860500
1,8736600
0,9114000
1,8684600
1,8571000
0,8059800
1,11025200
1,9059700
0,7860700
1,7942100
1,7830900
1,7894900
1,7932800
0,7993300
0,7872600
0,7900500
1,8041600
0,7874900
0,7876700
0,7804400
0,7872300
1,7834700
0,7867900
0,7785900
0,7866300
1,7805700
1,7820300
0,7821400
0,7834200
1,7791200
0,7931200
0,8737400
1,7864300
0,7795800
1,7803500
0,7796700
0,8033000
0,7628000
1,7876700
0,7635100
0,7683700
1,7605400
1,7614800
0,7999700
1,7691000
0,7626200
1,7734200
1,7623000
0,7621500
0,7728300
1,7616600
0,7679600
1,7752600
1,7672500
0,7652500
0,7682800
1,7638900
0,7733300
1,7637800
1,7683600
0,7619300
1,7816000
0,7698500
1,7780900
0,7628600
0,7767600
1,7664800
1,7735200
0,7627400
1,7707600
1,7684700
1,7801700
1,7691500
1,7719500
1,7667100
0,7791000
0,7658800
0,7807500
0,7735900
1,7702600
0,7621900
1,7789500
1,7640400
1,7666900
1,7803700
0,7689100
0,7677000
0,7732500
1,7740300
1,7998800
1,8271300
1,7890800
0,8037000
0,7908300
0,7728100
1,7911200
1,7869000
0,7723300
0,7682500
0,7708600
1,7726500
0,7846400
0,7835400
0,7850500
0,7804900
0,7893000
1,7821300
1,7830800
0,7917000
1,7852200
1,7834500
0,7839700
1,7861600
1,7805800
0,7680100
0,7726800
1,7690100
0,7784100
0,7675100
1,7783700
0,7710600
1,7742700
1,7650900
1,7825600
1,7700400
1,8071200
1,7609300
1,7996400
1,7674000
1,7632500
0,7612200
1,7716600
0,7811000
0,7705200
1,7577700
0,7638500
0,7598800
0,7629100
1,7570700
0,7642100
0,7684600
1,7732100
1,7761200
0,7759600
1,7790100
1,7950400
0,7678300
0,7729400
0,7643400
1,7655700
0,7739400
1,7749500
1,7658100
0,7792800
1,7727400
1,8080700
0,8184300
0,7803200
0,7807800
1,7963200
1,7685400
1,7714700
0,7674700
1,7814700
1,7903600
1,7806700
1,7814400
1,8404900
0,7836600
0,7885200
0,7865800
0,7830900
0,7867800
0,7861900
0,7874300
0,7856400
1,7822900
0,7851800
1,7856700
1,7760500
1,7664500
1,7755500
1,7711500
0,8060800
0,7876500
1,7740500
1,7690800
0,7817700
0,7696500
1,7750100
1,7702200
0,7751600
1,7735700
0,7880700
1,7665400
1,7759400
1,7720400
0,7749800
0,7650300
0,7799400
1,7704800
1,7788400
0,7755700
0,7771200
0,7695900
1,8155100
1,7669300
1,8013400
1,7680900
0,7799900
0,7702200
1,7756600
0,7723200
0,7776000
0,7671200
1,7758700
1,7679800
1,7708000
0,7919600
0,7783700
1,7696900
0,7800800
1,7657400
1,7658500
1,7910300
1,7725200
1,7712500
0,7758100
0,7645500
0,7736100
0,7634000
0,7944500
0,7712900
1,7738700
1,7618500
1,7660000
1,7676000
0,7725000
0,7634000
1,7862100
0,7689100
0,7686700
0,7634000
1,7666700
1,7655000
0,7681700
0,7633000
1,7683300
1,7658500
1,7640900
0,7692100
1,7598800
0,7725000
1,7602800
0,7695200
0,7636900
1,7604800
0,7563900
1,7639600
0,7631600
0,7581300
0,7695800
1,7683000
1,7495800
1,7772500
1,7586100
1,7707600
0,7575100
0,7882600
1,7516100
1,7646900
1,7712900
1,7779700
0,7855100
0,8445800
0,7710600
0,7853000
0,7542100
1,7833900
0,7642000
1,7951900
1,7630400
1,7838500
0,7671700
0,7766000
0,7621700
0,7757100
1,7620700
0,7687100
0,7841900
0,7742900
1,7642300
1,7918400
1,7688700
0,7713600
1,7597300
1,7874000
0,7670500
0,7812400
0,7616500
1,7849300
0,7783100
1,7898900
1,7673100
0,7685600
1,7602700
0,7755000
0,7611000
0,7669700
0,7621300
1,7706300
1,7600000
0,7808700
1,7603600
1,7712300
0,7610300
1,7693500
0,7622400
0,7711400
1,7602100
0,7591800
0,7662200
0,7622900
0,7617600
0,7495600
0,7675400
1,7575800
0,7640600
0,7562900
0,7592300
1,7579600
1,7615800
1,7546100
1,7724900
1,7619500
1,7658000
0,7620500
0,7727700
1,7714800
1,7728200
1,7644700
0,7746200
1,7719400
0,7990400
0,8239400
0,8382500
0,8005300
1,7783200
0,7793300
0,9285500
0,7864800
1,7775600
0,7807200
0,7785900
0,7828800
1,7759200
0,7806000
1,7790200
0,7797300
1,7798900
1,7817500
0,7808600
1,7777200
0,7796500
0,7790200
0,7817600
1,7780600
1,8954900
1,7830500
1,8107800
1,7832800
0,7810300
0,7823800
0,7804400
0,7845800
0,7800600
0,7800900
0,7785500
0,7816700
1,7801000
1,7803300
0,7801700
0,7796300
0,7841800
1,7739800
0,8001900
1,7715400
0,7880400
0,7732400
1,7638900
1,7620000
1,7710100
1,7639500
0,7721600
1,7655000
0,7717300
1,7681600
0,7801800
0,7633900
0,7777400
1,7851200
0,7685400
0,7744000
0,7858200
0,7687400
0,7698500
0,7722500
1,7632100
0,7620300
0,7766200
0,7655400
0,7680000
1,7673500
1,7718100
0,7787400
0,8057100
1,8052200
0,8300400
0,8210300
1,7607500
0,7676600
0,7698300
0,7921000
1,8035300
0,7825500
1,7810900
1,7853900
1,7764900
1,7819800
0,7808100
1,7801900
0,7773500
0,7828500
0,7806900
0,7821700
0,7769000
0,7823900
1,7723900
1,7796900
0,7649800
1,7805300
0,7689600
1,7752500
0,7610800
1,7689500
0,7640300
0,7689500
1,7598800
0,7676400
1,7641200
0,7693900
1,7599600
0,7617100
1,7681000
0,7631300
1,7683400
1,7655800
0,7700300
0,7633700
1,7653600
1,7644700
0,7685600
1,7522900
0,7694400
1,7532300
0,7718600
1,7628100
1,7683200
0,7562800
0,7609200
0,7542400
0,7827300
0,7518200
1,7891000
1,7578000
1,7665900
1,7657200
0,7872900
1,7617200
1,7663600
1,7660000
0,7749000
0,7632700
1,7858800
0,7645100
0,7622600
1,7677300
1,7646100
1,7746400
1,7645600
1,7766500
0,7844200
0,7730200
1,7604600
1,7762400
1,7640500
0,7794800
0,7663400
0,8144000
0,7689200
1,7746400
1,7644300
0,7731900
0,7632000
1,7740900
1,7644300
0,8022900
1,7709100
1,7743800
0,7626500
1,7718600
0,7651700
1,7701300
1,7605500
0,7703600
1,7618700
1,7691700
1,7605800
0,7693500
1,7616100
1,7695300
1,7603200
1,7768300
0,7639700
1,7705800
0,7619000
0,7693600
1,7555700
0,7665600
1,7662900
0,7607600
1,7525700
1,7809400
0,7727100
0,7614300
1,7581100
0,7647200
0,7531400
1,7561700
1,7540700
1,7701600
1,7603600
1,7871000
0,7676600
1,7697000
1,7604300
1,7697300
1,7908200
0,7692400
1,7603700
1,7705400
0,7612300
0,7679600
0,7621400
1,7810400
1,7608000
0,7673600
1,7505400
0,7623800
0,7617500
0,7911000
1,7653300
0,7816600
0,7803900
0,7761400
1,7604100
0,7712600
0,7645700
0,7710300
1,7673400
0,7654400
0,7715600
1,7641600
0,7684600
1,7697200
1,7932200
1,7714600
0,7724400
0,7631400
1,7663200
1,7637500
1,7674700
0,7649700
1,7703000
0,7620200
0,7709600
0,7633100
0,7804600
0,7618900
0,7712500
0,7632600
0,7696800
1,7520400
1,7733500
1,7498500
0,7890500
1,7623400
1,7916500
1,7573500
1,7776800
0,7702200
1,8137900
0,7781700
1,8000200
0,7622600
0,7901100
1,7619800
0,7860800
0,7664400
1,7759800
0,7676100
1,7701500
1,7638700
0,8117500
1,8082500
0,8203300
1,8400100
1,7902900
1,7731600
0,8051100
1,8221100
1,7973300
0,8214400
1,8230000
1,7971500
0,8268900
0,8171700
1,8028100
0,8134900
0,7665900
1,7709300
0,7673000
0,7714400
0,7659300
0,7733300
1,7667300
1,7801200
0,7737000
1,7705100
0,7699300
0,7730600
1,7871600
1,7991800
0,8963500
1,13164600
0,8515500
0,9679400
1,9507400
1,9799800
0,8998200
0,8962600
0,8086500
1,8160600
1,7889800
0,8032700
0,7846700
0,7954100
0,7832100
0,7870400
0,7923900
0,7894100
0,7863000
0,7874300
1,7800200
0,7863100
1,7865100
0,7878900
1,7780800
1,7905100
0,7829700
1,7852200
0,7824200
0,7896400
1,7767300
0,7858500
0,7805000
1,7853400
1,7799200
1,7814700
1,7805300
1,7819200
1,7765300
0,8351600
0,7919000
0,7810100
1,7767200
0,7873100
0,7797600
0,7929100
1,7766400
0,7825700
1,7742600
0,7676200
0,7620600
1,7847300
0,7645100
0,7731900
1,7602300
0,7729800
0,7643100
0,7719200
0,7622600
1,7672900
1,7598900
1,7734700
0,7661400
0,7739600
1,7638600
1,7863800
0,7746600
0,7905900
1,7670400
0,7711500
1,7641600
1,7731400
0,7644900
1,7927800
1,7718000
0,7828700
1,7642200
0,7963700
1,7651300
1,7851700
0,7607300
0,7700200
1,7626500
1,7679200
0,7740000
1,7934600
1,7933200
1,7684100
1,7604600
0,7769100
0,7801300
1,7810700
1,7641500
1,7697700
0,7629600
1,7611900
0,7800100
0,7656600
1,7722200
0,7633100
0,7810800
1,7638700
1,7678400
1,7620600
1,7665100
1,7631800
1,7683300
1,7618900
0,7693400
0,7620600
1,7683900
0,7633100
0,7734200
1,7585600
1,7697400
0,7542000
0,8092100
0,7538400
0,7637700
0,7544100
0,7707100
0,7542000
1,7730300
1,7664800
1,7765900
0,7595000
1,7726000
0,7633200
1,7696100
0,7637400
0,7737900
0,8048200
1,7696200
1,7658500
0,7789300
0,7836200
0,7754400
1,7667500
0,7674100
0,7633200
0,7608100
1,7753100
0,7741700
0,7874100
0,7609100
0,7976300
1,7704100
0,7687700
0,7608700
0,7736300
0,7622900
0,7682900
1,7686400
1,7839700
1,7601700
0,7697900
1,7596400
0,7693700
1,7599600
1,7690500
0,7779300
0,7682100
1,7602000
1,7738800
0,7626800
1,7638600
0,7530300
1,7522500
1,7509000
1,7563700
0,7493300
0,8026400
0,7476500
0,7821900
0,7619800
0,7712100
1,7673300
0,7705900
0,7611200
1,7754000
0,7622700
1,7714300
1,7608200
1,7725300
0,7633900
0,7674700
0,7617500
1,7684200
1,7639900
1,7636300
1,7651300
1,7580900
1,7572200
0,7491700
1,7616000
0,7476200
0,7574000
0,7494200
1,7523800
0,7540600
0,7669900
0,7493200
1,7599300
0,7487300
0,8385600
1,7681500
1,7803400
1,7618400
0,7718800
0,7616700
1,7659700
1,7633700
0,7670700
1,7638100
1,7839300
1,7638900
1,7709400
1,7638900
1,7667400
1,7634800
0,7963300
0,7618900
0,7739300
1,7656300
1,7691000
0,7639900
1,7914700
1,7722600
1,7779300
0,7621400
1,7762600
0,7672800
0,7741300
0,7621900
1,7671200
0,7648400
0,7662400
1,7637700
0,7681700
0,7649100
0,7753400
1,7682400
0,7683500
0,7643100
1,7442600
0,7728900
1,7448800
1,7562500
0,7547900
0,7665700
0,7502900
0,7633200
1,7444100
0,7594300
0,7482400
0,7603600
0,7483900
1,7666400
0,7482100
0,8110100
0,7504400
0,9828000
1,7534500
1,7590400
1,7446900
1,7613900
1,7497000
0,7625500
1,7519700
0,7589400
1,7628100
0,7821300
1,7630000
1,8653000
0,7745000
0,8184600
1,8089900
1,7758100
0,7854800
0,7863600
1,8004400
0,7899100
1,7893900
0,7848600
1,8282100
0,8732200
0,7864700
0,7876200
1,7826100
1,7841500
1,7861400
1,7794900
0,7821900
0,7798100
1,7809400
1,8009300
0,7987700
1,7839300
0,7839700
1,7783500
0,7839100
0,7778100
1,8529900
0,7859000
0,7997800
1,7832600
0,7901300
1,7780100
1,7795800
0,7804900
0,7808900
0,7797100
1,7799900
1,7797100
0,7805300
1,7779400
1,7840400
0,7780500
1,7893100
1,7810500
1,7929800
1,7641200
1,7694500
0,7650800
1,7725300
0,7618400
1,7662700
0,7648700
1,7670100
0,7616500
0,7685800
0,7703600
0,7691900
1,7642100
1,7794200
1,7634400
0,7737800
1,7642000
1,7724900
0,7671900
1,7731100
1,7799400
0,7665000
1,7896700
0,7617600
1,7745700
1,7601700
0,7694300
0,7608800
0,8431700
1,8399400
1,8386100
1,8551600
0,7623700
1,7798800
1,7759600
0,7720200
0,7622500
0,7779700
1,7770100
0,7775700
0,7804700
1,7800800
1,7799000
0,7770400
0,7798000
0,7820600
1,7799500
0,7769600
0,7831500
0,7783900
1,7812100
0,7450300
1,7639800
0,7464500
0,7680900
1,7504000
1,7586400
1,7450500
1,7609700
1,7600700
0,7573000
0,7466300
1,7635300
1,7477300
1,7938500
1,7448800
0,7594000
1,7505900
1,7969000
1,7446400
1,7577500
0,7487800
1,7633800
1,7447600
1,7613400
1,7474700
0,7623400
0,7465900
1,7574000
0,7496300
0,7898900
0,7484900
0,7557200
0,7924900
0,7815200
1,7609100
1,7465200
0,7626000
0,7660900
1,8144800
0,7836000
1,7624300
0,7771300
0,7668500
0,7671300
1,7748100
0,7792800
1,7696800
1,7753000
0,7818000
0,7699600
0,7732100
1,7797400
1,7663300
1,7532900
0,7809200
1,7636700
1,7853000
1,7501300
0,7652100
0,7550900
0,7616400
0,7698800
1,7694900
1,7538000
1,7689000
0,7655200
1,7725700
0,7676300
1,7736100
1,7677500
0,7831900
0,7674200
1,7817600
1,7678700
1,7697400
1,7666900
0,7737700
1,7679600
1,7632000
1,7528900
1,7676100
0,7534700
0,7607500
0,7582800
0,7706300
0,7540200
1,7585300
1,7480500
0,7787600
1,7557600
0,7661000
1,7481800
0,7612100
1,7522400
0,7742900
1,7500800
1,7638100
0,7503600
0,7571900
0,7500800
0,7607000
0,7785000
1,7525100
1,7599600
0,7528100
0,7661900
0,7537800
0,8410900
0,7825800
0,7819100
0,7611700
1,7928600
1,7464500
0,8033700
1,7528600
0,8152500
0,7528000
0,7715900
0,7831600
1,8012300
0,7814400
0,7868000
1,7806900
1,7911000
1,7814200
0,9599500
0,8067300
1,7807200
0,7914900
0,7785700
1,7752700
1,7618900
1,7662600
0,7620000
1,7689000
1,7615200
0,7785500
0,7717600
1,7661500
1,7620400
1,7599300
0,7684600
0,7691300
0,7611800
0,7455900
1,7600700
1,7510400
0,7682800
0,7453400
0,8403300
0,7618600
1,7713100
1,7542000
0,7530400
0,7512900
1,7665200
0,7451200
1,7584400
1,7593200
0,7918400
0,7519500
0,7566300
0,7676100
0,7714900
0,7486800
0,7740800
0,7468700
1,7605300
1,8797600
1,7756500
0,7624900
1,7673900
1,7600300
1,7654600
1,7666200
1,7618900
1,7835400
0,7926500
1,7700400
1,7693300
0,7664700
0,7637900
1,7666800
1,7618200
0,7718500
1,7709500
1,7835100
0,7983900
1,7807500
0,7920700
0,7683800
0,7766800
1,7666900
1,7857200
0,8247900
0,7841700
0,7816000
1,7844700
1,7790300
1,7805300
0,7811700
0,7847100
0,7788600
0,7824600
1,7778800
0,7796500
1,7763700
1,7826800
1,7796500
0,7806400
0,7782700
1,7835100
1,7777700
1,7821900
1,7760300
0,7818000
1,7775100
1,7810600
0,7784500
1,7824100
0,7719600
0,7745000
0,7622300
0,7708600
1,7596100
0,7668300
0,7621700
1,7754000
1,7599300
1,7703800
1,7599000
0,7882200
1,7613600
0,7661300
1,7479500
1,7668300
1,7691400
0,7606200
0,7500600
1,7600800
1,7518500
1,7482400
0,7673000
1,7587800
1,7834200
0,8017700
1,7702200
1,7674700
0,8102400
0,7688300
1,7682800
0,7667700
1,7657100
1,7676000
0,7886400
0,7677600
0,7670900
1,7635300
0,7700900
1,7578200
1,7535600
0,7493100
1,7595300
1,7532100
0,7562400
0,7532700
0,7598200
1,7463100
0,7636200
0,7498200
1,7757100
1,7462900
0,7683400
1,7482500
0,7684300
1,7462100
0,7570000
1,7545700
1,7559000
0,7619400
0,7484300
0,8379100
0,8442500
0,8872900
1,9425900
0,7901000
0,7818700
1,7778100
0,7804300
0,7803200
0,7799900
0,7793700
1,7798600
1,7835200
1,7793400
1,7796000
1,7819900
0,7821400
1,7797300
1,7802800
0,7816500
1,7836500
0,7808700
1,7776000
0,7794000
1,7820100
1,7900500
0,7802600
0,7816900
1,7800600
0,7815900
1,7640700
1,8033000
1,7698800
0,7773300
0,7634000
0,7762400
0,7619600
1,7760000
0,7631200
0,7919600
1,7639900
1,7675200
0,7633800
0,8204700
1,8043700
0,7736800
0,7718400
1,7690300
0,7618900
1,7660400
0,7633100
1,7681000
1,7637100
1,7764600
0,7632200
0,7685100
0,7572300
1,7523300
0,7478500
0,7720900
1,7543800
1,7446500
1,7583500
0,7500400
1,7588500
0,7495400
0,7677300
0,7617600
0,7586200
1,7447000
0,7558600
1,7460200
1,7726100
0,7466400
1,7625800
0,7611700
1,7621300
0,7464000
1,7600400
1,7654400
1,7674600
1,7478100
1,7770000
1,7601000
0,7674800
1,7772900
1,7687400
1,7664000
1,7639100
0,7685100
1,7636400
0,7790600
1,7637500
0,7753800
1,7635400
1,7683500
1,7704500
0,7678600
0,7651100
0,8026600
1,7676400
0,7975700
0,7716400
0,7692600
1,7638200
1,7741100
1,7690300
1,7669500
0,7614900
1,7700800
1,7634100
0,7671500
1,7699300
0,7711300
1,7635900
1,7774500
0,7622600
0,7760600
0,7632800
0,7684600
0,7619700
0,7599600
1,7463500
0,7563500
0,7501100
0,7724800
0,7480700
0,7601700
0,7536400
0,12707200
1,7795500
1,7607300
0,7464000
1,8139400
1,8034400
0,7848200
0,7760900
1,7985800
1,7622400
1,7666700
1,7891700
1,7657700
1,7618500
1,7913000
0,7658900
1,7664400
0,7708400
1,7777700
0,7798500
0,7784500
0,7791500
1,7800200
1,7864700
0,7851800
0,7819300
0,7935000
0,7851200
1,8280400
1,7821500
1,7548500
0,7462500
0,7539800
0,7411700
1,7558500
0,7328800
1,7487600
0,7430000
0,8776200
1,8630000
0,8693200
1,8931400
0,7393400
1,7818000
1,7839900
0,7986500
1,7892000
1,7871000
1,7779600
1,7951300
0,7773500
1,7821900
1,7766300
0,7862500
0,7777600
0,7843700
1,7876400
0,7763000
0,7613700
0,7677000
0,7621200
1,7782000
1,7640800
1,7766400
1,7832700
0,7841900
0,8325400
0,7739600
0,7750900
1,7815200
0,7771300
0,7782600
1,7802200
1,7779200
1,7817700
1,7800500
1,7807900
1,7780800
0,7790900
0,7785600
0,7819700
0,7885200
1,8045700
1,7565000
0,7943400
0,7551000
1,7582000
0,7534800
1,7713400
1,7537000
1,7553600
1,7832100
0,7911500
0,7737600
0,7817700
1,7668300
0,7727400
1,7655900
0,7896200
1,7657100
1,7738600
1,7615900
0,7759600
1,7653600
1,7712000
1,7617300
1,8060900
0,7639800
1,7667700
0,7630100
0,7665300
1,7649200
1,7661200
1,7616800
0,7668800
1,7651300
1,7652900
1,7616400
0,7664200
1,7671500
1,7612900
0,7479200
0,7532800
1,7501600
0,7637000
0,7480300
1,7519000
1,7501300
0,7522700
1,7462300
1,7529900
1,7495500
0,7649700
1,7435100
1,7529100
1,7408700
0,7453400
1,7580800
0,7566200
1,7512700
0,7682900
1,7621300
1,7485800
0,7442800
1,7295800
0,7458300
1,7354500
1,7758100
0,7467600
1,7745200
0,7455900
1,7577100
1,7445900
0,7556100
1,7444400
0,7971200
1,7768700
0,8783500
1,7520800
1,9094200
1,7648600
1,7686600
1,7613100
0,8303500
1,7609900
0,7742600
0,7636900
0,7684100
1,7606100
0,7991500
1,7625300
0,7680200
0,7605100
0,7913800
1,7463600
1,10310800
1,7955300
0,7606200
1,7871900
1,7485200
1,7668500
1,7531200
1,7520000
0,7463800
0,7563000
0,7560800
0,7706800
1,7636400
1,7707200
1,7633300
1,7657700
0,7616300
1,7659800
1,7631500
1,7677600
0,7621200
1,7797000
0,7650100
0,7567100
0,7375400
0,7515700
1,9949000
1,10102100
0,8495700
0,8738000
1,7630100
0,7953300
1,7915800
0,8116700
1,7672800
1,8134600
1,7804400
0,7847600
0,7911300
0,7804000
0,7887000
0,7826500
0,7798500
1,8288200
0,7875700
0,8011400
1,7991400
0,7833200
0,7810600
1,7797000
1,7780200
1,7771700
0,7819600
0,7824100
1,7784200
1,7779100
0,7804100
0,7879300
1,7784400
1,7791300
0,7826600
0,7665000
1,7793800
0,7821400
0,7671300
0,7776600
1,7657500
1,7702500
1,7692700
1,7871000
0,7809200
0,7828100
1,7670100
1,7749400
0,7671400
0,7745300
0,7660100
1,7710300
0,7634400
0,7722100
0,7690000
1,7704800
1,7658700
0,7759600
1,7677600
1,8625400
0,7770600
0,7759300
0,7794000
1,7644400
0,7941600
1,7623400
1,7750900
1,7713600
0,7854200
1,7625700
1,7726500
0,7618300
1,7667500
0,7678000
0,7800200
0,7782300
1,7798200
0,7777500
0,7811900
1,7765900
0,7815500
0,7771900
0,7872200
0,7801000
1,7825100
1,7767000
1,7833400
1,7602000
0,7736700
1,7601900
1,7864400
1,7603500
0,7711400
1,7603000
1,7696200
0,7623500
1,8097900
0,7646100
1,7821700
0,7836100
0,7952600
1,7929000
1,7917500
0,7628100
1,7774100
0,7623100
0,7673000
1,7630100
1,7680600
1,7635800
1,8137000
1,8846300
1,7754900
1,7710200
0,7736900
0,7703700
1,7764500
1,7601100
1,7765800
0,7698500
0,7753200
1,7597600
1,7773500
0,7678300
0,7738100
0,7648500
1,7704700
0,7682800
1,7718700
0,7685600
1,7676600
1,7665100
1,7617300
0,7667500
1,7635500
1,7700300
0,7810800
0,7669400
1,7811300
1,7602000
0,7684700
0,8590400
1,7941200
0,8118700
1,7994400
1,8159900
1,8383700
1,8034400
1,7685000
1,7598600
0,7738600
0,7778800
0,7825100
1,7779300
0,7810900
0,7783300
0,7806000
0,7789200
0,7930800
0,7783500
0,8723900
1,8366400
0,7937900
0,7718000
1,7675700
0,7625500
1,7794900
0,7621200
1,7725100
1,7617100
1,7734500
0,7620700
1,7794400
0,7627000
1,7698300
0,7621600
1,7611200
1,7536400
0,8036500
1,7635800
1,7830500
1,7522300
1,7679300
1,7480200
1,7604900
1,7487300
1,7954200
0,7535800
0,7680000
1,7521700
0,7667300
0,7618900
1,7693900
1,7850300
1,7876900
1,7644100
1,7951800
0,7686500
1,7824800
0,7619600
0,7707200
1,7641400
1,7730100
0,7622200
1,7731200
1,7636200
0,7904500
0,7620500
1,7805300
0,7610100
1,7925000
0,7811000
0,7755500
1,7672500
1,7806900
1,7655800
1,7712100
0,7651400
0,7804000
1,7660200
1,7718000
1,7638700
1,7702400
0,7757600
0,7788800
0,7963300
0,7834100
0,7671900
1,7767300
0,7678400
1,7936300
0,7747200
0,8715200
1,8326700
0,7815400
0,7758100
0,7816300
1,7681000
0,7708300
1,7681800
0,7772400
1,7636700
0,7738000
0,7779800
1,7707300
1,7640100
0,7913500
0,7682000
1,7739200
0,7649100
0,7766300
1,7619200
1,7718600
0,7650100
0,7622500
0,7546000
0,7560900
0,7529600
1,7756000
0,7490900
1,7648500
1,7517300
1,7578200
0,7538800
0,7564400
1,7639000
0,7593400
1,7429900
1,7417400
0,7408200
1,7879600
0,7418900
1,7401400
0,7411000
1,7565900
0,7401400
0,7403600
1,7747000
1,7638400
1,7437300
1,7460700
1,7867700
1,7775600
0,7545400
0,7502000
0,8136500
0,8125100
1,7602700
0,7555000
0,7573300
0,7818600
0,8273800
0,7620300
0,7694600
0,7681400
1,7881100
1,7671500
1,7767800
0,7641200
0,7839200
0,7698900
1,7763800
0,7685900
0,7795400
1,7699300
0,7777500
1,7674200
1,7577500
1,7687600
0,7689300
1,7707900
0,7742100
0,7687800
1,7614700
0,7542500
1,7688400
0,7785200
0,7936400
0,7619100
0,15442600
1,8495100
1,8143300
0,9076000
0,7703300
1,7690100
0,7916700
0,7686900
0,7645300
1,7672500
1,7601200
1,7753100
0,7819700
1,7799500
0,8065900
0,7786100
1,7857800
1,7801000
0,7827600
1,7836400
0,7865700
0,7798000
0,7911900
0,7806700
0,7783300
1,7788500
0,7772700
0,7807900
1,7766300
0,7822000
0,7774400
0,7816300
1,7769000
1,7814000
1,8122000
0,8203600
0,7786300
1,7709500
1,7444200
1,7580100
0,7468200
1,7537700
1,8630500
0,8465900
1,8621900
1,8182800
0,7485300
1,7666600
1,7448300
0,7581100
1,7598100
1,7699300
0,7620700
1,7665300
1,7614000
0,7697200
1,7670800
0,8421100
1,9020500
0,7723600
0,7639200
1,7735800
1,7679400
1,8321000
0,7648100
0,7669600
1,7506000
0,7541600
1,7480500
1,7547200
1,7466300
0,7675600
1,7448000
1,7519200
0,7694100
1,7540500
1,7689400
1,7701400
0,7612900
0,8016800
0,7711400
0,7710600
0,7610600
1,7710600
0,7617700
0,7716300
0,7762400
1,7963400
0,7914100
1,7737400
0,7643800
0,7717700
1,7651900
0,7780200
0,7650800
1,7740300
0,7667700
1,7815300
1,7645300
0,7777500
0,7666700
1,7989000
1,7756300
1,7859300
0,7907100
1,8381900
1,7744000
1,7753000
1,7668800
1,7708200
1,7635000
0,7759100
1,7662400
1,7708100
1,7637900
1,7782100
0,7683200
1,7854000
1,7620800
0,8054800
0,7689100
0,7936200
0,7633400
1,7744800
1,7678200
1,7708900
0,7631900
1,7716100
1,7539700
1,7582100
1,7525400
1,8330500
1,8036300
1,7909600
1,7721800
1,7798300
0,7546500
1,7687300
1,7517300
0,7618600
0,7548800
1,7736000
0,7649700
1,7752800
1,7622400
1,7727900
1,7637700
0,7750800
0,7650600
0,7815700
1,7824200
1,7914400
0,7645500
1,7793400
0,7568900
0,7616800
0,7545000
1,7568500
0,7531000
0,7647500
1,7519700
0,7624400
1,7828100
0,7564300
0,7815300
0,7494000
1,7545900
0,7427400
0,7490900
1,7337700
0,7460000
0,7451900
1,7729500
0,7521400
0,7599900
0,7686400
0,7864200
1,7489600
0,8059700
1,7474200
0,7521000
1,7461400
1,7532300
0,7480600
1,7503600
1,7460400
1,7494600
0,7479700
1,7522100
0,7477700
1,7537900
0,7496500
0,7627800
1,7424500
0,7422900
1,7404600
0,7376600
1,7452000
0,7303000
0,7587700
1,7357000
1,8464500
1,7462500
0,7610600
0,7725000
0,7556900
1,7458900
1,7708900
1,7602200
0,7697600
1,7781700
1,7696000
0,7617700
1,7688400
1,7635600
1,7681300
1,7692300
0,7771900
0,7624900
0,7753500
1,7448500
0,7709700
1,7462700
0,7560000
1,7448000
0,7705700
0,7470600
1,7536800
1,7447700
1,7516600
1,7461400
0,7668200
0,7690600
1,7601300
1,7464800
1,7619900
1,7449800
1,7538400
0,7597000
0,7463300
0,7563700
0,7476900
1,7585000
0,7459900
1,7594200
0,7475500
1,7539900
0,7460800
1,7517500
1,7460400
1,7551500
1,7478500
0,7546700
1,7461100
0,7524800
1,7481900
1,7520300
1,7464700
0,7730400
1,7393800
1,8816200
0,7387300
0,7421800
1,7463100
1,7534000
0,7388000
0,7553100
0,7573700
0,7499800
0,7390300
0,7716200
1,8091500
1,7673700
0,7632800
0,7886100
1,7638400
0,7689000
1,7626500
0,7694800
0,7619500
0,7660000
0,7741900
1,7768400
1,7636200
1,7669400
1,7994900
1,8193000
0,7463800
0,7654500
1,7481000
1,7520400
0,7464700
0,7520200
0,7494400
1,7444600
0,7548600
0,7663700
0,7587700
1,7523400
0,7672600
1,7601600
0,7758700
1,7599800
1,7689600
0,7618100
0,7791500
1,7614200
1,8137500
1,8187200
0,8328600
0,7982600
0,7801900
1,7762200
0,7825800
1,7761800
1,7816600
1,7779700
1,7915800
0,7770300
0,7789800
1,7783500
1,7918400
1,7774200
1,7798900
0,7484900
0,8716000
1,8551000
0,8226700
0,8573800
0,8707900
1,9042200
0,7398500
1,7391400
0,7385100
0,7878300
0,8542400
0,8180700
0,7826600
0,7852800
1,7823500
0,7807400
0,7797600
0,7799300
1,7823700
1,7781200
0,7792900
1,8489500
1,7842500
1,7828200
0,7831200
0,7845100
1,7860700
0,7799300
1,7779900
0,7827900
1,7803200
0,7813700
1,7779600
1,7810800
0,7779800
1,7790800
1,7780000
1,7793800
1,7800900
1,7892000
0,7796800
1,7783700
0,7782300
1,8313600
1,7782200
0,7800700
0,7779700
1,7787200
0,7808300
0,7649800
0,7376900
1,7487200
0,7344300
1,7610700
1,7394100
0,7689200
1,7330100
0,8174700
1,8077800
1,9031700
0,8598000
1,9389000
1,7830700
0,7735500
0,7711000
0,7610500
0,7767500
1,7641700
1,7688200
1,7781400
1,8405700
1,7628300
0,7689800
1,7600300
1,7723100
1,7623500
0,7729000
0,7833700
0,7688000
0,7640500
1,7748600
1,7601300
0,7751500
0,7758900
1,8100000
1,7667800
0,7682500
0,7668500
1,7729500
0,7606800
1,7700000
0,7641100
1,7685000
0,7612400
0,7692600
0,7641400
1,7707700
1,7603200
1,7845300
1,7662300
1,7618600
0,7657500
0,7460500
1,7524200
0,7479200
1,7497500
0,7461600
0,7562000
0,7480100
0,8739300
1,7516100
0,7750100
0,7475900
0,7565100
0,7383200
0,7480600
1,7374100
1,7406600
1,7403800
1,7493100
0,7385800
0,7508500
0,7388700
1,7352800
0,7385500
1,7429400
0,7327500
0,7466100
1,7527800
0,7363200
1,7438400
1,7356000
0,7433100
1,7354700
1,7389800
1,7391800
1,7478400
0,7453200
1,7386200
1,7594600
0,7529900
0,7336400
1,7431100
0,7388100
1,7511800
0,7557500
1,7431100
1,7500200
1,7544400
1,7379100
0,7335200
0,7637300
1,7567200
1,8471500
1,7596300
1,7706900
1,7658600
0,7720800
1,7702800
1,7735800
1,7659900
1,7719300
1,7702400
0,7710900
1,7658400
1,7718600
1,7697600
0,7634400
1,7545200
0,7605800
1,7544100
0,7578900
0,7508900
0,7607700
1,7565900
1,7559700
1,7512900
1,7570700
0,7570600
0,7729600
1,7443600
0,7504600
0,7466400
0,7512200
1,7456800
1,7510700
0,7426900
0,7479300
1,7335600
0,7490400
0,7408000
0,7921100
1,7337700
1,7505800
1,7453700
0,9923000
0,7383100
0,7679400
1,7792000
0,7480300
0,7410500
0,7903100
1,7467100
1,7495900
1,7413300
1,7400100
0,7581300
1,7718400
0,7672100
1,7705000
0,7651800
0,7689500
0,7631600
0,7702500
0,7691000
1,7834800
1,7864400
1,7720600
1,7672100
0,7722700
0,7494800
0,7424800
0,8566700
1,8233900
1,7420200
1,7559500
1,7461200
0,7369900
0,7358900
0,7355800
1,7726900
0,7457500
0,7474000
0,7629600
0,7774500
1,7603900
0,7683700
0,7626300
0,7813700
0,7619800
0,7684800
1,7613600
0,7710400
0,7625900
0,7714800
0,7624300
0,8439900
1,8542900
0,8296100
0,8571200
0,7546700
1,7448900
1,7590400
0,7454200
1,7533200
0,7463200
1,7635300
0,7456000
1,7618000
0,7618800
0,7704000
1,7597200
1,7699700
1,7603600
0,7720600
0,7610200
1,7695400
0,7621800
0,7701000
1,7599700
1,7816800
0,7610700
0,7451600
1,7311300
1,7667600
0,7646900
1,7635900
0,7366300
1,7409500
0,7375200
1,7483200
1,7355400
0,7702700
1,7436800
1,7455100
0,7523200
1,7484500
1,7605800
1,7497300
0,7535700
0,7464700
0,7779900
0,8346800
1,7743000
1,7628400
1,7776600
1,8034300
1,7919400
0,7858300
1,7704900
1,7628000
1,7671800
1,7644300
0,7742700
0,7641100
0,7705400
0,7653600
0,7854700
0,7654200
0,7986700
0,9862700
1,8553400
1,10960400
1,10870700
0,7948200
1,8407000
0,9288900
1,9615500
1,7951300
1,10217700
1,7710500
1,7624600
0,7807400
1,7812600
1,7783200
1,7782100
1,7947700
0,8316100
0,7874400
1,8104400
0,7849900
1,7765800
1,7798700
1,7765200
1,7813300
0,7786000
1,7820700
1,7763800
1,7831600
0,7816700
0,7882200
1,7815300
0,7858000
1,7828700
1,7925000
0,7817900
0,7798900
1,7788300
1,7800000
0,7771400
1,7840500
0,7823600
1,7813200
1,7760600
1,7833800
0,7798300
1,7936700
0,7781200
0,8708100
0,7814000
0,7817600
0,7779900
1,7813100
0,7807900
1,7794000
1,7760200
1,7912500
1,7788200
1,7815400
0,7771000
0,7864900
0,7785800
0,7984800
0,7648600
0,7857300
0,7635400
0,7692000
0,7610700
0,7706100
0,7621800
1,7705900
1,7597900
0,7684100
0,7623500
0,7709300
1,7692400
1,7582400
1,7451700
1,7611400
1,7447000
1,7571300
1,7447000
1,7544100
0,7460500
0,7628400
1,7450100
0,7551300
1,7448700
0,7738100
1,7411200
0,7454400
0,7370500
1,7410200
1,8129500
0,8214700
1,8401600
0,7512400
1,7517900
0,7480200
1,7298400
1,7702900
1,7497100
0,7551300
0,7797500
1,7677700
0,7779100
1,7616700
0,7713100
1,7638400
0,7716000
1,7618700
1,7684800
1,7636200
1,7668000
0,7632700
0,8109000
0,8475700
1,7672000
0,7581800
0,7578700
0,7464800
0,7564500
1,7464500
1,7542700
0,7669800
1,8133700
1,7465400
1,7534200
1,7599800
1,7674500
0,7637600
0,7756400
1,7763600
1,7669600
0,7924300
0,8778500
0,7622800
0,7677200
0,7632100
1,7671900
0,7619000
0,7673100
1,7616600
1,8449900
1,7636500
1,7758400
1,7653600
1,8248300
1,7778100
0,7793600
1,7638600
1,7805600
1,7641000
0,7687600
0,7492900
0,7515400
1,7484800
0,7565300
0,7494100
1,7523600
1,7512200
0,7985100
1,7479000
1,7530100
1,7768700
1,7553000
0,7499000
0,7535200
1,7519700
1,7523700
1,7496200
1,7540000
1,7478000
0,7656300
1,7477000
1,7557200
0,7463300
0,7529900
0,7736600
0,7534900
1,7417000
0,7383600
1,7533500
0,7367000
1,7559900
0,7376400
1,8499900
0,7529600
1,7609200
1,7423300
0,7480500
1,7357200
0,7710900
1,7582800
0,7594900
1,7524900
0,7865600
1,7683300
0,8087500
0,8244000
0,8232400
0,8570800
0,7550000
0,7454800
1,7540700
0,7486400
0,7898700
0,7610000
0,7686800
0,7637400
1,7682300
1,7703900
1,7693000
0,7654000
1,7675600
0,7611500
1,7738800
0,7635400
0,7902400
1,7456300
0,7592300
1,7373500
1,7461700
0,7611700
0,7451000
1,7376900
0,7474100
0,7308500
0,7413900
1,7375100
1,7632000
0,7305600
0,7406800
0,7475000
0,7388200
1,7350800
0,7377300
0,7764100
0,7390900
1,7400700
1,7426000
0,7582300
1,7378200
1,7435500
0,7407100
1,7453100
0,7392200
1,7588900
0,7373500
0,7470800
1,7311800
1,7461700
1,7944200
1,7629000
1,7374800
1,8018500
0,7847300
0,7696600
1,7579100
1,7610800
1,7637500
0,7712800
0,7631900
1,7662900
0,7621200
0,7742700
0,7630900
0,7694600
1,7641800
0,7705900
1,7616700
0,7664800
1,7519200
0,7392900
1,7601000
1,7355600
0,8157600
0,7905600
0,7623800
0,7369600
0,7702400
0,7529100
0,7461600
1,7357800
0,7493200
1,7440400
0,7741700
1,7602900
0,7866500
0,7624900
0,7796500
1,7599200
0,7692500
0,7623300
0,7692600
0,7613600
1,7875200
0,7621300
1,7667200
1,7477800
0,7640300
1,7449600
0,7542500
0,7454900
1,7578400
1,7448100
0,7549500
1,7570600
1,7498500
0,7653300
1,7830800
0,7772800
1,8145000
0,8833500
1,8346800
0,8879400
0,8347500
1,8487000
1,7673100
1,7468300
0,7543800
1,7663400
1,7726500
0,7489000
1,8220800
0,7598200
0,7710900
1,7617100
1,7765400
0,7624900
1,8096900
1,7753800
1,7741500
0,7620800
0,7717700
0,7693800
1,7722700
0,7650600
1,8055100
0,7881600
1,7757200
0,7662000
0,7745000
0,7649800
1,7796400
0,7660700
1,7763300
1,7619900
0,7724200
0,7744000
0,7768500
1,7619500
0,7893100
0,7669900
0,7897400
0,7652600
0,7700600
1,7644000
1,7750300
0,7648700
1,7731100
0,7803100
0,7801100
1,7554700
1,7585300
1,7620800
0,7863300
0,8437800
1,8829900
0,8837100
0,8805000
0,7486800
1,7622300
0,7584600
0,7727600
1,7639200
0,7842800
1,7824200
1,7856900
1,7778600
0,7842600
0,7839400
0,7859800
0,7814700
1,7852000
1,7803500
0,7939900
1,7760800
1,7704000
1,7358900
0,7472900
1,7356100
0,8142200
0,7622000
1,7570400
0,7425800
0,7574100
0,7377400
1,7472400
1,7353800
0,7495100
0,7368300
0,7539000
0,7454000
1,8040700
1,7786200
1,7689600
0,7489900
0,7478300
1,7769300
0,7854600
1,7505500
1,7497700
0,7622300
1,7494800
0,7673400
1,7650800
1,7659600
1,7614000
1,7657600
0,7631800
1,7665300
0,7632500
1,7665400
1,7652100
0,7791200
0,7629500
0,7658000
1,7476300
1,7452400
1,7607600
1,7450200
0,7530700
0,7463100
0,7327800
1,7479100
1,7381200
1,7468400
0,7326500
0,7816400
0,7392300
1,7525800
0,7474500
1,7533400
0,7578400
1,7505400
0,7476700
1,7472300
1,7615000
1,7445300
0,7749000
1,7443400
1,7625800
1,7445900
0,7494900
1,7355200
0,7476800
1,7424800
1,7411100
0,7367200
0,7627800
1,7357400
1,7664900
0,8045500
0,8386900
0,8669200
0,8655900
0,8397000
0,7679500
1,7602800
0,8237000
0,7733800
1,7705100
1,7607800
0,7704800
1,7618300
1,7696900
1,7600300
0,7693900
1,7774900
1,7641200
0,7782800
0,7667200
1,7613200
0,7906600
1,7600000
0,7693900
1,7614500
0,7674300
0,7621600
1,7659400
0,7795100
1,7773900
0,7525300
0,7553300
0,7521000
0,7516900
1,7448900
1,7711700
0,7469000
0,7866800
1,7448500
1,7583800
0,7467400
1,7588800
0,7468400
1,7552600
0,7469300
1,7580100
0,7468200
1,7534200
1,7460400
1,7583000
0,7464800
1,7538800
0,7470600
1,7530600
1,7448500
0,7536400
1,7471300
0,7455700
0,7469200
1,7433500
1,7524000
1,7561600
0,7375800
1,7600000
0,7383500
1,7360800
1,7433400
1,7315800
0,8642900
1,7554000
0,7742600
1,7618900
1,7661000
0,7619200
0,7773300
0,7671800
1,7655800
0,7621700
0,7826200
1,7634700
0,7661900
1,7636500
1,7703800
0,7531000
0,7636100
1,7478700
1,7531800
1,7503900
0,7525500
1,7482800
0,7687800
0,7553000
0,7666100
0,7728200
0,7526400
1,7478100
1,7504900
0,7500500
0,7526000
1,7497000
0,7532200
1,7511400
0,7524300
0,7488700
1,7531200
1,7481400
0,7568100
1,7567800
1,7633900
0,7427500
0,7377100
0,7572400
1,7443300
0,7369600
0,7425200
0,7704600
1,7293300
0,7495800
0,7377000
1,7453600
1,7296000
0,7492000
1,7360300
0,7483500
0,7304600
1,7501200
1,7517700
1,7691400
1,7541700
1,7542300
1,7435400
1,7393200
0,8344300
0,8171500
0,9011400
0,8537700
0,8066900
1,8078800
1,7756900
0,7700800
0,7611400
0,7800600
1,7622200
1,7668800
0,7606900
0,7711200
0,7667400
1,7681100
1,7654500
0,7677400
0,7637200
1,7826400
1,7839600
0,7866700
1,7621600
1,7670400
1,7597500
0,7677600
1,7621200
0,7723200
1,7599900
1,7693200
0,7638400
0,7689800
0,7611700
1,7827400
1,7638800
0,7693900
0,7611400
1,7636300
0,7923600
0,7632900
1,7662100
1,7636400
1,7764900
1,7434800
1,10112400
1,10473800
0,10579600
0,11370400
1,8575200
0,8052900
0,7585500
1,7564600
0,7684500
0,7376100
0,7627400
1,7626700
0,7677100
0,7665800
1,7766000
1,7661900
0,7704400
1,7668600
1,7723100
0,7656800
0,7819800
1,7662300
0,7796700
0,7713400
0,7717900
0,7656900
0,8032600
0,7783300
0,7804100
0,7701700
0,8163100
0,8130600
1,8085900
0,8236900
0,9556900
0,8752300
0,7819800
0,7783000
1,7819000
1,7777400
1,7784100
1,7798800
1,7793100
0,7795200
0,9263300
0,7859800
1,7795700
1,7826900
0,7800300
1,7848700
1,7795800
1,7805600
1,7757900
1,7862900
1,7764700
0,7793000
1,7762800
0,7816400
0,7783500
1,7809500
1,7776500
0,7831500
0,7624200
1,7676800
0,7643000
0,7695100
0,7624400
0,7693600
0,7611400
0,7686400
1,7605300
1,7617200
0,7663000
1,7654100
1,7629600
1,7315100
0,7452600
1,7425300
1,7613800
0,7521800
0,7775600
0,7767500
0,7918700
0,7389500
1,7464900
1,7419400
1,7879800
1,7440700
1,7993200
1,8000100
1,8448200
1,8777700
1,7545400
0,7466700
0,7629700
1,7461600
0,8149500
1,7768300
0,7519000
0,7606500
1,7921600
0,7783100
1,7786100
0,7797500
1,7790300
1,7797400
1,7782600
0,7794000
0,7811400
1,7799700
1,7781900
1,7783800
0,7855600
0,7460700
1,7688400
0,7478500
1,7533400
0,7462600
1,7537000
0,7492900
1,7534700
0,7463900
1,7632700
1,7463100
0,7657900
1,7486800
0,7594100
1,7329400
0,7466100
0,7377100
0,7378900
0,7457500
1,7375000
0,7502600
1,7362100
0,7642200
1,7367600
1,7589800
0,7378400
1,7387300
0,7380000
0,7491100
1,7358400
0,7678300
1,8782100
1,7838700
0,7612500
0,7776200
0,7305800
0,7712200
0,7377200
0,7516800
0,7376500
0,7547100
1,7445800
0,7557100
0,7458000
1,7848100
1,7547100
0,7566100
0,7457000
1,8071100
1,7450500
0,7544600
0,7455300
0,7569400
1,8093000
1,7699500
1,7481500
0,7521600
1,7450300
0,7492300
0,7552700
0,7491800
0,7574300
1,7479900
1,8715400
0,7467400
0,7701400
0,7651800
0,7713700
1,7650000
0,7695800
0,7647100
1,9095400
1,7639100
0,7710900
1,7709000
1,7714000
0,7661100
1,8074700
0,7652100
1,7714700
0,7655000
0,7755600
0,7655000
0,7704200
0,7654500
0,7767400
1,7639700
1,7694400
1,7676400
1,7734000
0,7655200
1,7615300
0,7419800
0,7543000
1,7332100
1,7466800
0,7398900
1,8021800
1,7507500
0,7749300
0,7610900
1,7888600
1,7571600
1,7592200
1,7562800
0,7686800
1,7544400
0,7610800
0,7544800
1,7666400
0,7557200
1,7530600
0,7546300
1,7607300
1,7503300
0,7609700
1,7563500
1,7830500
0,7718000
1,7594600
0,7481500
1,7693500
0,8349100
1,8239000
0,8733100
0,8380800
0,8432600
1,7839700
1,8135200
0,8308000
1,7696600
1,7883600
0,7861400
0,7836900
0,7843600
1,7828500
0,7845300
1,7816200
1,7838300
0,7845600
1,7840700
1,7894300
0,7820800
1,7722300
1,7653700
0,7733500
0,7698300
0,7690200
0,7641000
0,7780900
1,7630700
1,7680200
0,7620700
1,7662800
1,7698700
0,7743600
1,7640700
0,7883700
1,7633600
1,7677300
1,7638600
0,7751100
0,7632600
1,7683900
0,7618400
1,7676300
1,7616800
0,7743500
0,7621700
1,7482600
1,7312300
0,8153500
1,7805500
0,9972300
1,7508700
0,7527400
0,7371900
1,7771900
0,7444700
0,7378300
1,7390300
1,7574100
1,7621100
0,7703700
0,7617200
0,7832400
1,7637200
0,7668000
0,7618000
0,7789900
0,8723000
1,7761000
0,7921800
1,7701100
0,7653400
0,7702100
0,7619800
0,7680300
1,7657700
0,7678100
0,7621800
1,7666200
1,7620800
1,7656700
0,7623300
0,7728600
0,7793800
0,7717400
1,7395500
1,7486900
0,7394400
0,7426800
1,7392400
0,7424900
0,7386500
0,7451800
1,7393700
0,7332300
1,7427800
0,7365900
0,7587200
0,7351200
1,7450700
1,7357900
0,7436900
0,7318100
0,7605800
1,7384800
1,7655600
1,7663800
1,7799500
1,7470700
0,7833900
0,7465800
1,7450300
0,7368400
0,7561300
0,7338300
0,7560100
0,7370100
0,7754300
0,9466400
0,8908300
1,8691400
1,7899100
1,7387000
0,7550800
1,7612100
0,7791400
0,7802900
1,7806400
1,7766500
1,7837400
0,7799600
1,7801400
1,7760500
0,7802900
1,7768300
0,7813400
0,7769600
1,8510900
1,7736700
1,7652000
1,7495300
1,7550500
1,7300600
1,7672600
0,7367700
1,8187100
0,8039800
1,8612000
0,9310900
1,8816700
1,7784400
1,7799800
0,7794800
0,7909700
0,7785200
0,7812000
0,7810800
1,7809300
0,7786400
1,7787100
1,7777500
1,7793800
1,7553000
1,7472200
1,7403300
0,7440700
1,7481200
0,7450800
1,7370000
1,7436200
0,7316600
1,7562100
1,7370900
0,7560200
1,7297800
0,7633100
1,7408100
1,7427200
1,7389300
0,7387200
0,7501200
0,7549800
1,7409400
1,7376800
1,7620400
0,7836500
0,7687000
1,7376500
0,7561300
1,7551100
1,7522100
0,7475600
1,7516200
0,7465100
0,7522000
0,7475900
0,7547600
0,7462600
0,8160400
1,8660600
0,8507800
1,7749000
0,7776500
1,7808900
1,7784800
1,7811300
0,7842000
1,7786200
1,7773700
0,7782300
1,7792400
0,7827700
1,7781200
0,8031700
0,8268600
0,7654600
1,7734900
0,7616300
0,7713800
0,7671300
1,7667200
0,7621100
1,7654900
1,7636300
1,7708400
0,7617100
1,7662100
0,7660300
0,7566700
1,7479500
0,7529800
0,7492100
0,7506100
1,7479400
0,7528200
0,7491400
0,7642300
0,7464600
0,7582800
0,7517200
1,7565000
1,7447400
0,7493800
0,7410200
1,7597200
1,7395100
0,7448300
0,7404400
1,7417800
0,7374200
0,7408800
1,7422200
0,7472400
1,7329300
0,7549400
0,7556900
1,7354900
0,7407800
1,7359000
1,7625300
1,7356000
1,7395000
1,7358300
0,7710700
0,7469600
0,7523700
1,7568100
0,7464500
0,7598700
1,7695700
0,7621100
0,7695800
1,7598800
0,7672700
1,7602000
0,7757700
0,7652800
0,7832900
0,7653300
1,7799300
0,7656000
0,7968700
0,7837800
1,8191500
0,8443300
1,8079600
1,8136900
1,7898100
1,7811600
0,7631100
0,7559800
1,7621000
0,7476900
0,7647200
1,7662300
1,7737100
0,7627400
0,7829400
0,7677100
1,7698000
1,7635500
0,8541200
0,8115400
0,7862200
1,7644700
0,7820500
0,7593200
1,7931200
0,7528100
0,7744800
1,7462100
0,8279800
0,7537800
0,7626100
0,7479600
1,7843000
0,7529000
0,7755500
0,7537900
0,7632800
1,7599400
1,7712000
1,7604400
1,7675600
0,7611100
1,7743300
1,7599200
0,7730700
0,7611100
1,7697700
0,7754600
0,7905200
0,7523000
0,7619600
1,7356700
1,7402300
1,7360200
0,7490100
0,7377700
1,7341500
1,7494300
0,7391800
1,7418300
1,7331800
1,8076200
0,8315600
1,7710800
0,7632900
0,7808200
1,7680200
1,7671600
1,7619000
0,7810500
0,7622300
1,7657300
1,7614500
1,7668400
1,7637500
0,7684200
1,7460400
1,7563500
0,7463300
1,7543700
0,7477100
1,7517400
1,7477400
1,7559800
0,7475100
0,7596000
1,7554400
0,7606600
1,7536800
0,7832300
1,7831300
0,7590400
1,7463900
1,7557300
0,7465100
1,7542100
0,7478500
0,7542100
0,7463200
1,7873800
1,7942000
0,8872500
1,8095000
0,7774600
0,7632100
0,7789100
0,7807100
0,7641100
1,7517400
0,7629100
0,7618000
0,7682000
1,7620400
1,7856600
1,7637400
1,7769300
1,7796900
1,7896300
1,7801700
0,7797000
1,7794500
0,7850500
1,7798400
0,7796500
0,7811000
0,7857400
1,7798900
1,7760100
1,7449500
1,7644700
1,7808600
0,8014000
0,7599400
0,7580700
0,7496700
0,7385500
0,7518200
0,7367200
1,7479400
0,7375200
1,7480200
1,7559800
1,7816500
0,7620200
0,7715400
0,7612800
0,7747800
0,7622300
0,7696800
0,7609000
0,7684100
0,7622700
1,7778400
0,7611000
1,7609500
1,7299500
0,7577500
0,7490500
0,7492900
0,7599700
1,7568700
0,7366700
1,7571500
0,7840000
0,7483000
1,7357700
0,7453700
0,7475900
0,7832600
0,8178900
0,8246500
0,8347100
1,8378000
0,7610300
0,7678500
0,7647400
1,7697000
1,7723700
0,7681500
0,7642300
1,7794400
0,7787800
0,7926400
0,7825600
0,7842100
0,7787200
1,7838800
0,7815600
0,7820200
1,7758700
1,7843200
0,7785900
1,7879500
1,7760500
0,7813200
0,7782000
1,7793500
0,7775200
1,7827200
1,7769600
0,7809700
1,7756200
1,7825300
1,7762800
1,7920300
0,7758600
0,7704600
1,7601200
0,7711400
0,7610700
0,7722600
0,7710300
1,7782600
1,7601500
1,7713700
0,7620500
0,7753300
1,7599500
1,7681900
0,7373300
1,8320300
0,7309200
1,7548900
1,7357800
0,7466800
1,7294800
1,7637100
1,7360500
1,7445000
1,7295900
1,7475100
1,7362000
0,7733500
1,7300700
1,7498500
0,7377100
0,7477400
0,7792000
1,7554000
0,7376300
1,7372400
1,7387500
0,7391000
1,7583800
0,7706100
1,7499300
0,7636500
0,7719000
1,7619300
1,7702500
1,7638700
0,7686700
0,7631700
1,7678900
1,7640000
0,7677300
1,7619100
1,7679100
1,7531600
0,7467100
1,7373200
1,7601300
1,7333000
0,7498400
0,7385900
1,7426900
0,7314100
0,8155600
0,8189800
1,7667200
0,7460000
0,7654200
1,7659100
0,7710000
0,7640100
1,7704600
1,7657800
1,7698900
0,7657000
0,7709100
1,7655900
0,8285600
0,7870400
0,7796800
1,7835100
1,7876600
0,8070500
1,7834200
0,7679400
0,10144800
1,7639900
1,7737000
0,7676700
1,8065700
0,7621900
1,7738100
0,7654400
1,7748500
1,7798500
0,7812100
1,7799500
0,7822800
1,7800400
1,7777600
0,7819200
1,7797400
0,7810700
0,7984800
1,7814600
1,7814300
0,7694400
1,7698800
1,7644200
0,7675500
0,7637800
0,7728100
1,7619400
1,7663300
0,7621900
1,7741200
0,7634200
0,7672700
1,7836100
0,7562600
0,7477200
0,7536300
0,7462300
0,7589800
0,7480900
0,7536800
0,7465200
1,7514000
0,7477800
1,7523700
0,7465300
1,7668200
0,7552400
0,7749100
0,8133600
1,7679900
1,7435900
0,7620500
1,7391900
1,7374100
0,7444300
0,7306800
1,7412200
1,7374500
0,7786200
0,7517700
0,8004800
1,7568900
1,7759700
0,7476700
1,7635100
0,7635800
0,7560600
0,7455600
1,7622400
1,7492700
1,7521800
0,7452300
0,7612500
0,7713400
1,8060000
0,7846800
1,8389100
0,8870200
1,7654800
1,7441800
1,7683500
0,7465100
1,7512200
0,7454700
1,7795700
0,7616500
1,7925800
1,7760100
0,7838200
1,7765700
1,7793400
0,7772000
0,7806700
0,7784800
0,7813100
0,7772500
0,7813600
0,7781900
1,7638400
0,7399200
0,7738100
0,7375200
1,7485000
0,7364000
0,7580700
1,7512700
0,7717500
0,8127100
0,7869900
0,7381100
0,7418700
0,7409600
0,7558400
1,7451200
1,7464700
1,7655700
0,7480700
1,8327700
0,7695800
1,7482300
1,7590400
1,7444700
1,7461600
1,7547200
1,7483200
0,7527900
1,7462400
1,7560100
0,7466400
1,7521700
1,7716700
0,7610700
0,7503200
1,7521700
1,7804100
1,7535200
0,7467700
1,7527700
0,7476100
1,7504700
1,7482100
1,7566900
1,7464900
0,7532200
0,7493700
0,7466000
1,7540600
0,7531100
0,7570200
0,7977900
1,7587600
0,7478800
1,7609100
1,7446900
0,7549800
0,7584200
1,7625000
1,7448600
0,7567000
1,7461400
0,7524200
1,7449800
0,7589800
1,7748800
1,7555500
1,7445400
1,7516200
1,7459700
1,7567500
0,7467500
0,7640100
0,7620900
1,7811600
1,7717800
1,7818200
1,7470200
0,7527000
1,7447100
0,7569400
1,7483600
1,7552700
0,7465500
1,7554200
1,7485300
0,7504100
1,7533400
0,7477900
1,8073800
1,7618200
0,7566800
1,7553700
1,7674200
0,7625300
0,7921200
0,7660100
0,7820200
0,7633000
1,7667400
1,7626300
1,7667700
0,7627600
0,7672200
1,7613200
0,7699000
1,7774800
1,7687400
0,7650900
0,7859100
1,7639000
0,7878200
0,7653100
0,7664600
0,7620700
1,9085900
0,7652800
1,7791400
1,7608400
1,7563800
1,7480400
0,7572500
0,7467200
1,7541100
1,7478600
1,7696600
0,7462500
0,7607600
0,7515900
1,7503500
1,7481300
1,8378000
0,8115900
0,8661000
1,8794000
0,7859100
1,7617200
0,7736200
1,7636700
0,7744900
0,7632900
1,7679900
0,7618300
1,7682600
1,7701000
0,7786200
1,7799200
1,7816800
1,7780300
1,7772800
1,7798300
1,7828000
1,7784000
1,7757300
1,7797000
1,7779800
0,7796600
1,7782600
1,7500500
0,7724000
1,7507600
0,7469100
1,7388000
0,13876600
1,7632300
0,7395800
1,8246600
0,7379000
1,7371000
0,7443600
1,7736400
1,7605700
0,7682900
1,7598400
0,7694100
0,7781900
0,7911300
1,7975200
1,8092800
1,8118500
1,7858900
1,7678200
0,7715400
1,7763700
0,7805300
1,7779000
1,7822200
0,7783600
1,7825000
1,7777600
0,7927700
1,7765600
1,7797700
1,7795000
1,7899200
0,7707900
0,7696700
1,7620100
1,7699700
0,7619700
1,7679300
1,7618200
0,7666500
1,7629200
0,7735700
1,7614100
0,7688400
1,7604400
0,7486400
1,7435300
0,7736200
0,7485100
0,7329300
0,7423800
0,7374500
1,7449500
1,7314700
0,7611600
0,7378000
1,7420600
0,7325100
1,7450000
1,7389200
1,7500200
1,7404100
0,7831200
1,8070000
1,7910500
1,7473900
1,7573900
1,7500400
0,7438700
0,7486500
1,7450700
1,7394100
0,7582100
1,7567000
0,7489800
0,7553600
0,7556600
1,7778500
0,7456600
0,8405000
0,8302400
0,8365900
0,8381000
1,7643900
0,7509300
0,7829700
1,7760800
1,7811900
0,7782000
0,7828600
1,7760100
0,9219600
1,7803300
1,7781400
1,7779900
0,7781600
0,7824500
1,7763800
0,7997800
1,7394100
1,7562900
0,7326500
0,7437600
1,7389700
1,7376900
1,7482500
1,7355500
1,7529500
1,7784300
1,7387600
1,7381600
1,8505400
1,7464500
0,7538900
0,7486700
0,7518700
0,7501500
1,7575200
1,7440800
0,7563400
0,7481700
0,7536000
1,7439400
1,7696200
1,7396500
1,7504100
0,7366500
1,7449900
0,7391000
0,7605400
1,7551400
0,7411300
0,8460500
1,7960600
1,7555100
1,7656900
1,7465300
1,7607200
0,7608400
1,7699400
1,7620100
0,7694200
1,7599500
0,7674000
0,7634900
0,7634500
1,7666000
1,7636600
1,7861600
1,7668900
0,7468900
1,7393800
1,7454800
0,7386000
0,7442400
1,7394000
1,7431800
1,7372700
0,7453400
0,7314100
0,7547000
0,7391000
1,7399300
0,7676000
0,7537800
1,7465400
1,7572800
1,7393600
0,7439300
1,7371000
1,7293700
1,7432700
0,7392300
1,7455100
0,7306700
1,7603300
0,7390500
1,7459100
0,7303200
1,7887700
1,7650700
0,7645600
1,7295100
0,7445500
1,7373000
1,7488400
0,7305800
0,7529200
0,7392100
1,7404000
0,7303100
0,7606100
0,7396400
0,7390400
0,7453200
0,7373800
0,7471300
0,7387500
1,8150300
0,7520300
1,8110100
0,7660800
0,8402700
0,7539700
0,7860000
1,7533500
1,7672300
1,7481200
0,7576000
0,7756000
1,7630600
0,7463600
1,7783500
0,7479600
1,7563900
1,7638600
1,7738400
0,7631500
1,7656900
1,7651400
0,7758300
1,7615800
1,7661500
1,7650300
0,7679700
0,7635400
1,7653100
0,7654500
1,7669900
1,7575500
1,7402100
0,7386400
1,7489600
1,7404000
0,7410700
0,7393700
1,7367700
0,7388000
1,7354000
0,7592200
0,7315900
1,7686200
1,7357300
1,7457000
0,7358100
1,7632800
1,7357800
1,8403300
0,7318900
1,7541700
1,7398800
0,7556700
1,7318900
0,7521800
0,7407500
0,7505500
1,7317500
0,7556600
0,7416000
1,7574200
1,7407400
1,7549100
0,7596400
1,9463900
1,7313500
0,7549600
0,7671600
1,7571800
1,7315000
1,7622000
0,7651900
0,7817900
0,7679100
0,7765300
1,7661400
1,8343100
1,7926600
1,8427500
1,8519400
0,10653000
0,7736000
0,7807900
0,7856700
1,7840800
1,7809400
0,7842800
1,7863700
1,7855100
1,7824000
1,7821700
1,7979800
1,7848500
1,7846700
1,7830800
0,7864500
1,7855700
0,7854500
1,7844800
1,7852200
0,7906000
0,7920900
1,7875900
1,7807000
0,7802800
1,7833500
1,7843800
0,7951400
1,7740900
0,7848200
1,7695900
0,7717100
0,7656800
0,7831000
1,7685400
1,7861200
0,7619700
0,7678100
1,7640000
1,7793400
1,7640500
1,7676800
1,7619700
1,7662000
0,7618200
1,7673200
1,7625100
0,7674000
0,7633100
0,7792700
0,7651200
1,7724800
0,7625500
1,7692000
0,7551800
1,7685700
1,7481700
1,7549800
0,7475500
0,8034600
1,8155400
1,7744600
1,7501800
0,7691900
1,7480400
0,7970100
0,8185500
0,8298100
0,7823000
1,7807000
0,7796900
1,7797700
0,7822500
1,7786400
0,7794000
1,7907900
0,7797300
0,7799200
0,7893700
1,7894000
1,7677100
1,7652900
0,7633300
1,7737400
1,7653600
0,7785700
0,7636600
0,7667000
1,7652100
0,7763000
0,7635900
0,7813100
1,7653900
0,7572900
0,7472700
0,7515400
1,7514400
1,7593800
0,7474700
0,7531000
0,7571500
0,7545800
0,7475500
1,7521800
0,7480300
0,7517900
1,7376800
0,7638700
1,7411300
1,7454200
1,7312300
1,7570700
1,7733700
0,7927700
1,8382500
0,7446300
0,7766800
0,7506800
0,7389700
0,7395000
1,7705500
1,7448800
0,7535600
0,7455000
1,7575200
0,7463800
0,7556200
1,7458800
0,7785500
1,7443100
1,8234000
0,7650000
1,7740100
0,7625200
0,7689500
0,7626000
0,7707500
0,7617300
0,7686100
0,7641800
0,7675400
1,7603700
1,7672100
0,7626800
0,7820200
0,7806200
0,7619900
1,7460000
0,7551000
0,7464700
0,7539500
0,7473500
1,7564600
0,7465700
1,7517100
0,7469300
1,7805100
0,7467700
0,7479800
0,7446200
0,7376700
1,7389400
1,7376700
1,7473500
1,7333000
1,7583600
0,7386600
1,7443200
0,7371700
0,7366100
0,7388800
1,7581700
1,7331800
0,7565600
1,7341900
1,7517500
0,7316000
1,7445800
0,7389700
0,7379200
0,7380800
0,7377400
1,7630500
1,7394200
1,7475700
1,7360200
1,7612900
1,7618800
0,7444300
1,7330200
1,7465300
1,7649700
1,7421800
0,7378400
1,7388400
0,7381900
1,7419100
0,7377200
1,7650500
0,7479600
1,7884500
0,7876500
0,7651100
0,7525400
0,7554000
1,7451300
1,7459100
0,7588900
0,7462100
0,7569500
0,7477400
1,7554000
1,7481400
0,7617700
1,7459600
1,7559700
0,7460100
0,7552300
0,7477000
0,7640000
1,7483200
1,7526800
0,7474400
1,7669200
1,7484300
0,7699200
0,7451400
0,7492700
0,7347600
1,7639600
0,7390800
1,7520500
0,7324700
1,7677600
0,7429400
1,7372300
1,7505800
0,7406800
1,7433900
1,7374100
0,7390500
1,7360300
1,7463900
1,7369600
1,8045400
1,8716300
0,13334100
1,7573700
1,7694700
1,7457500
1,7416400
1,7576100
1,7644600
0,7869700
1,7638000
1,7791500
1,7634800
1,7703900
1,7638300
1,7660100
0,7620100
1,7794500
0,7817400
0,7791500
1,7571100
1,7585600
1,7481100
0,7563600
0,7558800
0,7464200
0,8349300
0,7671800
0,7505600
1,7482500
1,7568200
1,7445200
1,7575100
0,7814200
1,7693700
0,7608800
1,7699000
0,7621500
1,7701000
0,7609500
1,7680500
1,7618200
1,7683200
0,7609600
0,7676900
0,7638600
0,7615300
1,7356800
1,7448100
1,7378200
1,7615000
0,7365400
0,7544500
1,7334800
0,7573900
0,8798300
0,8244500
0,9071400
1,8863300
1,8512700
0,7782000
0,7712900
0,7698800
1,7599800
0,7843800
1,7623400
1,7682100
1,7608200
1,7806900
1,7611800
1,7751900
0,7623700
0,7708600
1,7694400
0,8425500
0,7967300
1,7831800
1,8108300
1,7779700
0,8453600
0,7823500
0,8146600
0,8100100
0,7693600
0,7961400
1,7766000
0,7808100
0,7787500
1,8323000
1,7810600
1,7805500
1,7828300
1,7795900
0,7805500
0,7798700
0,7879400
1,7803600
1,7750000
1,7621300
0,7682200
0,7621300
1,7601500
1,8748200
1,8591900
0,8222300
1,8872100
1,7648000
0,7669800
0,7620000
1,7741000
1,7798900
0,7918900
1,7795800
0,7807600
1,7794100
0,7788900
1,7796200
1,7772300
0,7829900
1,7774800
0,7781700
0,7798300
0,7768100
0,7466700
1,7395100
0,7373600
1,7527100
0,7366500
1,7559900
0,7565200
1,7469600
0,7454500
1,7728400
0,7717100
0,7590900
0,7445000
1,7697100
1,7619200
1,7754300
1,7641000
0,7719600
1,7658100
0,7735500
0,7647500
0,7839400
0,7678000
0,7736400
0,7773700
1,7750200
1,7463400
1,7613400
1,7400500
1,7637300
0,7446200
1,7462200
0,7393200
1,7449900
1,7418500
1,7411900
1,7493500
1,8309300
1,8022900
0,7932100
0,7632300
0,7712000
0,7687400
0,7772700
1,7617000
0,7724100
1,7662700
1,7721100
1,7619700
0,7724800
0,7681800
0,7727400
0,7436900
0,7496900
0,7442800
1,7478800
1,7319100
0,7484800
0,7438200
0,7495500
1,7309200
0,7472400
0,7500600
0,7433900
1,8028200
0,7334100
1,7488600
0,7430500
0,7388900
1,7515600
1,7691600
1,7410200
0,7392800
1,7410100
1,7561700
0,7619200
1,7710300
1,7417200
1,7612200
1,7415700
1,7738900
1,7443300
1,7545400
0,7433600
1,8117700
0,7336300
1,7529800
0,7430400
0,7482300
1,7358000
1,7558900
0,7439300
1,7856000
1,7500900
0,7571400
0,7753600
1,7512200
1,7611100
1,7643600
1,7733400
1,7612100
0,7539400
0,7565900
0,7678400
0,7535600
0,7529200
1,7393400
1,7426800
1,7456000
0,8111000
1,8037200
0,7497000
1,7533700
1,7505900
1,7401400
0,7532000
1,7404200
1,7532700
1,7436800
1,7773500
1,7639000
0,7751200
1,7626900
1,7837500
1,7641700
0,7758300
0,7636100
0,7866400
1,7638000
1,7765500
0,7661700
0,7747600
1,7509700
1,7661100
0,7537700
1,7616200
0,7532900
1,7635200
1,7731200
0,7986100
1,7520200
0,7723600
0,7692800
1,7657700
0,7593900
0,7967600
1,8855800
0,7725400
1,7659100
1,7790200
0,7661100
1,7725500
1,7728400
0,7736700
0,7659100
1,7839600
1,7760900
0,7637700
1,7550400
1,7614900
1,7539000
1,7598500
0,7537000
1,7612700
0,7548300
1,7583300
1,7549500
0,7752500
0,7572600
0,7488100
0,7809800
1,7401500
1,7694500
0,7487600
0,7420100
1,7417800
1,7527900
1,7535700
1,8506400
1,7490800
1,7489200
0,7474200
0,7557100
1,7487100
1,7757200
1,7676400
1,7694600
1,7655600
1,7746100
1,7679100
0,7695000
0,7678200
1,7748200
0,7659600
0,7751300
0,7655600
0,7675400
0,7408700
0,7504000
1,7327400
0,7635900
1,7470100
0,7596200
0,7465700
1,7633800
1,7432000
0,7579100
0,7639800
0,7686100
1,7595100
1,7691000
1,7802100
1,7702000
1,7564500
1,7522400
1,8516300
0,8481000
1,8481900
0,8100500
1,8465200
0,7723800
0,7833200
1,7920100
1,7852900
0,7839800
0,7829200
0,7860900
0,7835500
0,7846800
0,7826300
1,7864100
1,7805500
0,7898200
0,7854400
1,7930600
0,7746600
1,7670600
1,7675300
1,7731700
0,7670000
0,7704700
0,7658800
0,7761300
1,7659900
0,7690600
1,7676900
0,7864000
0,7689800
0,7740000
0,7520200
1,7706700
1,7538600
0,7796500
0,7485800
0,7902900
0,7556300
1,7550200
0,7502500
0,7606000
1,7540300
0,7561100
0,7479900
0,7627100
1,7497600
0,7682500
0,7512300
0,7544100
1,7626000
1,7638300
0,7600800
1,7505800
0,7814900
1,7657600
0,7627700
1,7471800
1,7617600
1,7523400
0,7688700
0,7483400
1,7562800
1,7518400
0,7709900
0,7488200
1,7765200
0,7525600
1,8225500
0,8509600
0,8567000
0,7869000
1,8044500
0,7864700
1,7821400
0,7819200
1,7866400
0,7955400
0,7835600
0,7857400
0,7818100
1,7845600
0,7872100
0,7944100
0,7810000
0,8642400
0,8302000
1,7852700
1,7842000
0,7824600
1,7823200
0,7877600
0,7819500
1,7866400
0,7811500
1,7898700
0,7829100
0,7858600
1,7821100
0,7815500
0,7823500
0,7859100
0,7877600
0,7826900
0,7820300
1,7956200
0,7855300
1,7836200
1,7681000
1,7596000
1,7530600
1,7598000
0,7484800
0,7694200
1,7554500
0,7757900
0,7542300
1,7730200
1,7554100
1,7628000
1,7554900
0,7624900
1,7573600
1,7836200
0,7541300
0,7552500
0,7578700
0,7896900
1,7608300
0,7735900
1,7568800
0,7561100
1,7557300
0,7587800
0,7769300
1,7757800
0,7662500
1,7708400
0,7674200
0,7722500
0,7661100
1,7751700
1,7638300
1,7724900
1,7678900
1,7735400
1,7638500
1,7749100
1,7553600
0,7628700
1,7536000
1,7546100
0,7539300
0,7563500
1,7619600
1,7459900
0,7604600
0,7556000
1,7708600
0,7475800
0,7604000
0,7447500
1,7603100
1,7344300
1,7596000
1,7462500
1,8729000
0,7512800
1,7801100
1,7507600
1,7525800
1,7309800
1,7509000
1,7419900
0,7649500
0,7473000
1,7632000
1,7540700
1,7622900
0,7474000
0,7678000
1,7679900
0,8382200
0,7499000
0,7822600
1,7524800
1,7645300
1,7546500
1,7621500
0,7575700
1,7642400
1,7698300
0,7560900
1,7624300
0,7701500
1,7512400
0,7574100
1,7522100
1,7762600
1,7686000
0,7671100
0,7524500
1,7600500
0,7527900
0,7685400
0,7529700
0,7558000
0,8764000
1,7639300
1,7514200
1,7482000
0,7583800
0,7581100
0,7776900
1,7371500
0,7477200
0,7430500
0,7468800
0,7347500
0,7747900
0,7438300
0,7553500
0,7349300
0,7414200
1,7451700
1,7525300
0,7432000
1,7414700
0,7432600
1,7666700
1,7333000
1,7598200
0,7430800
0,7430200
0,7428800
1,8175400
1,7937300
0,7625800
0,7408900
1,7802000
1,7710100
0,7719300
0,7652300
0,7719500
1,7703100
1,7718000
0,7652700
1,7730700
1,7695700
1,7691800
1,7656700
0,7628500
1,7765700
0,7485700
1,7983500
1,7435800
0,7944200
1,7555700
1,7704000
0,7843100
0,7564700
0,7528100
1,7538000
1,7421200
0,7448300
1,7400600
1,8070100
0,7682100
0,7708400
0,7773900
0,7747800
1,7660000
1,7865600
0,7670400
1,7746200
1,7664300
0,7820300
1,7624300
0,7910800
1,7867300
0,8420000
0,8491600
0,7993400
1,7830100
1,7994500
0,7770900
1,7879600
1,7764000
0,7659700
0,7765700
1,7684600
1,7708100
0,7852700
1,7829200
1,7851700
0,7830300
1,7843300
1,7850600
1,7842600
0,7852900
0,7815100
1,7829700
1,7860400
0,7843400
1,7649700
0,7963400
0,7830800
1,7683300
0,7578400
0,7611400
1,7539400
0,7895300
1,7568600
0,7513300
1,7702500
0,7683900
1,7617600
0,7632300
0,7724100
0,7650600
1,7776500
1,7679500
0,7728700
0,7645900
0,7730000
1,7686200
0,7754100
1,7600000
0,7682300
1,7784000
1,7583900
0,7504400
0,7582900
0,7480500
0,7584300
0,7456000
1,7541300
1,7463000
1,9010100
1,8625200
1,7677400
1,7485800
1,7543000
0,7594100
0,7394400
1,7396200
0,7579000
0,7396700
0,7417200
1,7367600
0,7454200
1,7354800
1,7512000
0,7488600
0,7855600
0,7367800
0,7387300
1,7670600
1,7464500
0,7509800
1,7479000
0,7592800
0,7477300
0,7524500
0,7466000
1,7558300
0,7476600
0,7642600
0,7483200
0,7704300
0,7432600
1,7534600
1,7358500
0,7516900
1,7417800
0,8176200
1,7663300
0,7658500
0,7410800
1,7564100
0,7331900
1,7521900
1,7446400
0,7667800
0,7730200
1,7730700
0,7669600
1,7737800
1,7722700
1,7900100
1,7659900
1,7777900
0,7680500
1,7684000
0,7673100
1,7947200
1,7861500
0,7726200
1,7665100
1,7705100
1,7698400
1,7636900
1,7830100
1,7715800
0,7670800
1,7737200
0,7653800
0,7733400
0,7678200
0,7660400
1,7470900
1,7450600
1,7603400
1,7468500
1,7541500
1,7446100
0,7530800
0,7468100
1,8386800
1,8279900
1,9022700
1,8970000
1,7783600
1,7880600
1,7865700
1,7792900
1,7778600
1,7837700
0,7783800
1,7905700
0,7796000
1,7812200
1,7801400
0,7819700
1,7561600
0,7476200
0,7376300
1,7630000
1,7335600
1,7749300
1,7433400
0,7617600
1,7515900
1,7550300
0,8036600
0,8477200
0,7585200
1,7502600
0,7724300
0,7665100
1,7740400
1,7626500
0,7768800
0,7658200
1,7780700
0,7635500
0,7732100
0,7702100
1,7738400
0,7731900
1,7748700
0,7571600
0,7639800
1,7515500
0,7566500
0,7537300
1,7642600
0,7527800
0,7572300
0,7549100
0,7636100
0,7525800
1,7716900
1,7470000
0,7798100
1,7400300
1,7417500
1,7385100
1,7457400
0,7389200
1,7648800
1,7444100
1,7663200
0,7408500
0,8514100
1,7322300
0,7642600
1,7642600
1,7848900
0,7657400
1,7747700
1,7641300
1,7743400
1,7624200
0,7802300
1,7642100
0,7730400
1,7648600
0,7740500
0,7649500
0,7586600
1,7610100
1,7415000
0,7416300
0,7393200
0,7543600
1,7850800
1,7515100
0,7419600
1,7487100
0,7345800
1,7625500
1,7435800
1,8913700
1,7848400
0,7599700
0,7566200
1,7639100
1,7532000
1,7937500
1,7520500
0,7678000
1,7503000
0,7588400
1,7554100
1,7704400
1,7761800
0,7698800
1,7691400
0,7713700
1,7659200
0,7700500
1,7679500
1,7744700
0,7673900
1,7815900
0,7640500
0,7791000
0,7675200
0,7613200
0,7486700
1,7825800
0,7558500
0,8140100
1,8213900
0,8252500
1,8742400
0,7565600
0,7561100
1,7559300
0,7555500
1,7799400
0,7677200
1,7718100
1,7639300
0,7716300
1,7699200
1,7715400
1,7637700
1,7713100
1,7697700
0,7730600
1,7733100
1,7805100
0,7946800
1,8268000
1,7749500
1,7915800
0,7676500
1,7751900
0,7674400
0,7786000
1,7743500
0,7735700
1,7658000
0,8005100
1,7655000
0,7774300
0,7781000
1,7698300
1,7684200
0,8235900
1,7724700
0,7717600
1,7674600
0,7748600
0,7674700
0,7769000
1,7684700
0,7877900
1,7640400
0,7737800
0,7654100
1,7707700
0,7671800
0,7733200
1,7677400
0,7710800
1,7654000
0,8118400
0,7666600
1,7729600
1,7677100
1,7763100
1,7556700
1,7642600
0,7566700
0,7404900
1,7422800
1,7766600
1,7433600
0,7408000
1,7437500
0,7399200
0,7653100
0,7322800
1,7595000
1,7525600
1,8647000
1,7569300
1,7496400
0,7661000
1,7557000
0,7491000
1,7589800
1,7486300
0,8799800
0,7536000
0,7572900
1,7500100
1,7552500
0,7391100
1,7422900
0,7423000
1,7547500
1,7479700
1,7455400
0,7428100
0,7484900
1,7381800
1,7430100
0,7424000
0,7496600
0,7391600
1,7473500
1,7600600
1,7638100
0,7523300
0,7557900
0,7711200
1,8152200
0,8096100
0,7897000
1,7386600
0,7581900
0,7493100
0,7585000
0,7869600
0,7704100
1,7716100
1,7676400
0,7755100
1,7637100
0,8290100
1,7690200
0,7746700
0,7713900
1,7913600
1,7881500
1,7651900
0,7725000
1,7643200
0,7791700
0,7678600
0,7772300
0,7655200
0,7770900
1,7682000
1,7721000
0,7654200
1,9000500
0,9691300
0,9470400
0,9676800
1,9492900
0,10239200
0,9971100
0,8033000
1,7882900
1,7941900
0,7774400
1,7750800
0,7655200
1,7659500
0,7743200
1,8193800
1,7725700
0,7623500
1,7683600
0,7612400
1,7884000
0,7623900
0,8097500
0,7840000
1,7773000
1,7603400
0,7711500
0,7609800
1,7636300
0,7693600
1,7631900
0,7669000
0,7618800
0,7715600
0,7645700
0,7678500
1,7639300
1,7799400
1,7803600
0,7640600
0,7592400
1,8598800
1,8144700
0,8442900
1,9064500
1,7516800
0,7563000
0,7633200
0,7602600
1,7566800
0,7702000
0,7650800
0,7877300
0,7838500
0,7858800
1,7807200
1,8127900
1,7802000
0,7838000
0,7805400
0,7796200
1,7813500
1,7795900
1,7759700
0,7925900
0,7787200
1,7808200
1,7766300
0,7829300
1,7769300
0,7837300
1,7761100
0,7837900
0,7786600
1,8502700
0,9838600
0,7810300
1,7538800
0,7685100
0,7494300
0,7814200
0,7621400
1,7826300
1,7527400
1,9267400
1,10578100
1,10484300
0,10611700
1,10770300
0,10880100
0,10835500
0,9966800
0,7711300
0,8106600
0,7758000
1,7764500
0,7696200
0,7784400
1,7645600
0,7779500
0,8022000
0,7955500
1,7699800
1,7708800
1,7667100
1,7944900
0,8162400
1,7831700
0,7867100
1,7788300
0,7633200
0,7704600
1,7688300
0,7831100
1,7780000
1,7794900
1,7806900
1,7810500
0,7790700
1,7791800
0,7780700
1,7789600
1,7791500
0,7907000
1,7828100
0,7950300
1,7617500
0,7676600
1,7639600
0,7677600
1,7625800
1,7678400
0,7623700
0,7683000
0,7632000
1,7726900
1,7636000
0,7721700
0,7587700
0,7527200
1,7486000
1,7768300
1,7462400
0,7560400
0,7462000
1,7539600
0,7599600
1,7520700
1,7558400
1,7713400
1,7639300
1,7464900
1,7552700
1,7524900
1,7522000
1,7457800
1,7657200
1,7887300
1,9731100
0,8425700
1,8500000
1,7879300
1,7988600
0,7959100
1,7697200
0,7809400
0,7838700
0,7799400
0,7781100
0,7952700
0,7820600
0,7813500
0,7785200
0,7830700
0,7795200
0,7806200
0,7784700
0,7942700
1,7681800
0,7666000
1,7638100
0,7898900
1,8079300
1,7649700
0,7618400
1,7698000
1,7618000
0,7679400
0,7617800
0,7698500
0,7510900
1,7520100
0,7468800
0,7484700
0,7646400
0,7450700
0,7533000
1,7460500
1,7543600
1,7447600
0,7638100
1,7463400
0,7555400
1,7372300
0,7517000
1,7393000
0,7585300
0,7302500
1,7503200
0,7486000
0,7563500
0,7367700
0,7430500
1,7442000
1,7543500
1,7293200
0,7502000
1,7373200
0,7494600
0,7560900
1,7393900
1,7527900
0,7387200
0,7786900
1,7391400
1,7569800
1,7309100
0,7493400
1,7388000
1,7931600
1,7454100
0,7702200
0,7463500
1,7636400
0,7478800
0,7528900
0,7528800
1,7678600
0,7485800
0,8168100
1,8315400
1,7990400
0,7915400
1,7769800
1,7657600
1,7757800
0,7641300
0,7802400
1,7657400
1,7744000
1,7669700
1,7706900
1,7689800
0,7691000
1,7679200
0,7683200
1,7670700
1,7674800
1,7630500
1,7672300
1,7665200
1,7658500
0,7631400
0,7681100
0,7636700
0,7673400
1,7619900
0,7609900
0,7736500
0,7497900
0,7626100
1,7442600
0,7603200
0,7463100
0,7704200
1,7445200
1,7967300
0,7675300
0,7635800
1,7444100
0,9635400
0,7464600
0,7698500
0,7626000
1,7709600
1,7599500
1,7715400
0,7625600
1,7698000
0,7620700
1,7685600
1,7634000
0,7714800
0,7622500
0,7819800
0,7536800
0,7719500
1,7449100
0,7560000
1,7462700
1,7702400
1,7445700
1,7564000
1,7461300
1,7557100
1,7449900
1,7525200
0,7499400
1,8000300
1,8115000
1,7468100
1,7487700
1,7647900
0,7318000
0,7512200
1,7391600
0,7425900
1,7295700
0,7467800
1,7403100
0,7311100
0,7662800
1,7613200
1,7670000
1,7631700
0,7679800
0,7635500
0,7680200
1,7636300
1,7661300
0,7629700
0,7673200
0,7613300
1,7769300
0,7552000
0,7493500
0,7373700
1,7380800
1,7372600
1,7495200
1,7609400
0,7556600
0,7389000
1,7466000
0,7409500
0,7391700
0,7393600
1,7370700
1,7451600
1,7296200
0,7584100
0,7380800
1,9978500
0,7780500
0,7616100
0,7682400
1,7729300
1,7552500
0,7841800
1,7906700
1,7919600
0,8270700
1,8326800
1,7661900
0,7621600
0,8005500
0,7665400
0,7778800
0,8485000
0,7782900
1,7635400
0,7746700
1,7638500
1,7741900
0,7813600
1,7878000
1,7798900
1,7792100
1,7809900
0,7795800
0,7790500
0,7814400
0,7796000
0,7780100
1,7798700
0,7801100
1,7871500
1,8197100
1,8454100
0,8610400
1,9028800
1,7674300
0,7620900
1,7686700
1,7619300
0,7665400
1,7651500
0,7688600
0,7650300
0,7829400
0,7818600
0,7805000
1,7780700
0,7780500
0,7796900
0,7808600
0,7797800
1,7868200
0,7800600
0,7836800
0,7837600
0,7769800
1,7656800
0,7677900
0,7632400
0,7668800
1,7653800
1,7655400
1,7617100
1,7664600
0,7635400
1,7710800
1,7628100
1,7661600
0,7756200
1,7554600
1,8528900
1,7970700
1,7514900
0,7733200
0,7701000
1,7589300
0,7554100
0,7528100
0,7477700
0,7531400
0,7464000
1,7603900
0,7772900
0,7903100
1,7919500
1,7786000
0,8048300
1,7874100
1,7767000
0,8080500
0,7697700
1,7720400
0,7661600
0,7799800
0,7741700
0,7858000
0,7825600
0,7972800
0,7833500
0,7840200
0,7824500
0,7856100
1,7853800
0,7827200
1,7848300
1,7817100
1,7836100
0,7775300
0,7662100
0,7725100
0,7694400
1,7723000
0,7644300
1,8807000
1,7780400
0,7719300
1,7673600
1,7717000
0,7696100
1,7706700
1,7518900
1,7426000
1,7593200
0,7592400
1,7438200
1,7379900
1,7418600
1,7618100
1,7419900
1,7487400
1,7442500
0,7415000
1,7354600
1,7575600
0,7557900
0,7878900
0,7647400
1,7555400
0,7581400
1,7607200
0,7537000
0,8038600
1,7678900
0,7643700
0,7546000
1,7616700
1,7536400
1,7566500
1,7562600
0,7588900
0,7496600
1,7555600
1,7642000
0,7666300
1,7742000
0,7525500
1,7627900
0,7585400
1,8476200
1,7633900
0,7751300
1,7590000
1,7708800
1,7502100
1,7588100
0,7556100
0,7649900
0,7472500
0,7608000
1,7540800
0,7676100
1,7458600
1,7617600
0,7424500
1,7779300
0,7355600
1,7502400
1,7438600
0,7571400
1,7313200
1,7554600
0,7592300
1,7539400
0,7325500
0,12151900
0,7469400
1,8197200
1,7599700
0,7770500
0,7623200
0,7687300
0,7611200
1,7724100
0,7620400
0,7859700
1,7604600
0,7708800
0,7711200
0,7888500
0,7623700
1,7734200
1,7601400
1,7749200
1,7646300
1,7803200
0,7657600
0,7764600
0,7632000
1,7760100
1,7648600
1,7730700
1,7573100
0,7946900
1,7555800
0,7753800
0,7473100
1,7643600
0,7541500
0,7627500
0,7509600
1,7731100
0,7536900
0,7619300
1,7534700
0,7612500
1,7522200
1,7632100
1,7537400
1,8269200
1,7666800
0,7759600
0,7587400
1,7600100
0,7549500
0,7615400
0,7508900
1,7581900
0,7543400
0,7739100
1,7544700
1,7592800
1,7527100
0,7648200
0,7566600
1,7591000
0,7545700
0,7606000
0,7550100
0,7583600
0,7483500
0,7625300
1,7485700
1,7430200
0,7740700
0,7369700
0,7653400
0,7399100
1,7534500
0,7692900
0,7599700
0,7417200
1,7995300
1,7502500
0,7581100
0,7640000
1,7964700
1,7659600
0,7972800
1,7681500
1,7759900
1,7637500
0,7745200
1,7672300
1,7724000
0,7675300
0,7726900
1,7678700
1,7845100
0,7680600
0,7722200
0,7659800
0,7847400
1,7678600
0,7819100
0,7663500
1,7715100
1,7670500
1,7679800
1,7687600
1,7706400
0,7721500
0,7917800
1,7678500
0,8204700
1,8219000
0,8268200
0,8263700
0,8168900
0,7693400
1,7788400
0,7743600
1,7956200
0,7806200
1,7842500
0,7871400
0,7820200
1,7828500
1,7919000
1,7803200
0,7971000
0,7902600
0,7917600
0,7847300
0,7857400
1,7849800
0,7706300
0,7843400
0,7697000
1,7851900
1,7638500
0,7700200
1,7666500
1,7737100
1,7641800
0,7736300
0,7666600
0,7801600
0,7805200
1,7578700
1,7397600
0,7429400
1,7476900
1,7471300
1,7487700
1,7411900
1,8424800
1,8513300
0,8917000
0,8570300
1,7372000
1,7579300
0,7827100
1,7853900
1,7776400
1,8105500
0,7910700
0,7896500
0,7826200
0,7826100
0,7838500
1,7860800
1,7828500
1,7857600
0,7831600
1,7849500
1,7851000
1,7861400
1,7785900
1,7857900
0,7831300
0,7870100
1,7803300
1,7852800
0,7853700
1,7863900
0,7877200
1,7909500
0,7902300
0,7906300
0,7876300
1,7846200
1,7798700
0,8459000
1,7804900
0,7911000
0,7795600
0,7854500
0,7831200
1,7872500
1,7673700
1,7720900
0,7725700
1,7923300
0,7754800
0,8903300
1,7662900
1,7833400
1,7638600
1,7742100
0,7659700
1,7735800
1,7637600
0,7866800
1,7867800
0,8353400
0,7652100
1,7805000
1,7675900
0,7750400
1,7621300
0,7766400
0,7686600
0,7751100
0,7633900
1,7760700
1,7534600
1,7623100
0,7474600
0,7597700
0,7621300
1,8049400
0,7593200
1,7926700
1,7587600
1,7637200
0,7530700
1,7657700
1,7600000
1,7749000
1,7612900
1,7734200
0,7688700
0,7766400
1,7639700
0,8143300
0,7650100
0,7942900
1,7688900
0,8085400
0,7723500
1,7731200
0,7652100
0,8003400
0,7683400
0,7758900
0,7653000
0,7756100
1,7648200
1,7700600
1,7734400
1,7793200
0,7705500
0,7858100
1,7646300
1,8854200
0,7804400
0,9282900
1,7721100
0,7647900
1,7716400
1,7660600
0,7778700
1,7678300
1,7822500
0,7673700
0,7905500
1,7966700
0,7781100
0,7561500
0,7775900
1,7559000
1,7550800
0,7551900
1,7634100
0,7535900
0,7481800
0,7582700
1,7531200
1,7689900
1,7523900
1,7899400
0,7553600
0,8479200
0,7466200
0,7536700
0,8709400
0,7518600
1,7459600
0,7550200
0,7452800
0,7518500
0,7466000
0,7696100
1,7599700
1,7748800
1,7645700
0,7896300
1,7621500
0,7726900
1,7646600
0,7780900
0,7648800
1,7729600
0,7662500
0,7761500
1,7488700
0,8596100
1,7395100
0,7969400
1,9439800
0,10196500
1,9079300
0,9551200
0,8375500
1,7853200
0,7893100
0,9080600
1,7838200
0,7863700
1,7915100
0,7863800
0,7833000
0,7850600
1,7818900
1,7807500
1,7822900
1,7994100
1,8896400
1,7829700
1,7815200
0,7890000
1,7822500
1,7895100
0,7829100
0,7837300
0,7838000
1,7853400
0,7842000
0,7863700
0,7800000
0,7874100
1,7826200
0,7691900
0,7483300
0,7734300
1,7629400
0,7953600
0,7910500
1,7649900
1,7472900
0,7445700
1,7447800
0,7477000
1,7930200
1,7482000
1,7745000
0,7635100
1,7677800
0,7620600
1,7704000
0,7638000
1,7675000
0,7620300
0,8312900
1,8010100
1,9243300
0,7881600
1,7606800
1,7981400
0,7610000
0,7845100
1,7606100
1,7702900
0,7613900
0,7820900
1,7605100
1,7959500
0,7842900
0,7802400
0,8090200
0,7760600
0,7611400
1,7687200
0,7623900
1,7739000
1,7818900
1,7807700
0,7655100
0,7700600
1,7600700
0,7724000
0,7652700
0,7837200
1,7733100
0,7807300
0,7655300
1,7675300
1,7599700
1,7637800
1,7697400
0,7631100
0,7789600
0,7618800
1,7667500
1,7615900
0,7672300
1,7605400
0,7518100
1,7698800
0,7494800
0,7376500
1,7492100
1,7373600
1,7564100
1,7360900
1,7434100
0,7389800
1,7595900
1,7392700
1,7666200
0,7460100
1,7512300
0,7545200
1,7516300
0,7507800
1,7506600
0,7524300
0,7946800
0,7481900
0,7530300
0,7466400
1,7528700
0,7476100
0,7528800
1,7392600
1,7544500
1,8742900
0,7414800
1,7393200
0,7486600
1,7434900
1,7296300
1,7480100
0,7414300
0,7491000
0,7307800
0,7707500
1,7468500
1,8318800
0,7741800
1,7543200
1,7550300
1,8809400
1,7928900
1,8429800
0,8419000
0,8920000
0,8272000
0,8217600
0,7934000
0,7823700
0,7801500
1,7847100
1,7782900
0,7795100
1,7780200
1,7827300
1,7803800
0,7791800
0,7815900
1,7802000
0,7841700
1,7883700
0,7604600
1,7482300
0,7524100
0,7510100
0,7572800
0,7460800
1,7508500
1,7462500
1,7499800
0,7565500
1,7445400
1,7522000
0,7488800
1,7555300
0,7463800
0,7537600
0,7633600
1,8521600
1,8376000
0,8976500
0,8941300
0,7465000
0,7534700
1,7464400
0,7566000
1,7887700
0,7829500
0,7811600
1,7775400
1,7799900
0,7819600
0,7819800
0,7797900
1,7847600
0,7809800
0,7835500
1,7898400
1,7738000
1,8447600
0,7684100
1,7659700
1,7638600
1,7869000
1,7711400
1,7803000
1,7697000
1,7689100
0,7703500
1,7811900
1,7680100
0,8009700
0,7756100
1,7706900
1,7674900
1,7736700
0,7652800
0,7777900
0,7659700
0,7775000
1,7636700
0,7710000
0,7656400
1,7739000
1,7557700
0,7905500
1,7555700
0,7765400
0,7556600
1,7521600
1,7554500
1,7658900
0,7551700
0,7554300
0,7542200
0,7613400
0,7691700
1,7466200
0,7611900
1,7566100
1,7645000
0,7473300
0,7602700
0,7558400
0,7640100
0,7476800
0,7620500
1,7538700
1,7631700
0,7527500
1,7542600
0,7436400
1,7716700
1,7379200
0,8334500
1,7989700
0,7728300
1,7458400
1,7513000
1,7392000
1,7527000
0,7406100
1,7436100
1,7472200
1,7704700
0,7537800
1,7924400
0,7556600
0,7636400
1,7501700
1,7597800
1,7745400
0,7813400
1,7881600
0,7921400
0,7636000
1,7763300
1,7646700
0,7809700
0,7644100
1,7666700
1,7712800
1,7713100
0,7712200
1,7654100
1,7751500
0,7684200
0,7717400
1,7638700
0,7696800
0,7559900
1,7747300
0,7502700
1,7603200
0,7563900
1,7596600
1,7482100
0,7589500
0,7554900
1,7748600
1,7535700
0,7669800
1,7586100
1,7397900
1,7332100
0,7527600
1,7469000
1,7660500
0,7428100
1,7571800
0,7417400
0,7492100
1,7333300
1,7395600
0,7570400
0,7402100
0,8786800
1,9601700
0,8323800
0,7970400
1,7541100
0,7807600
1,7498300
0,7698000
1,7680800
0,7567100
0,7530300
0,7749200
0,7705600
1,7856400
1,7840900
0,7850100
0,7835800
1,7952100
1,7841900
0,7918200
1,7812400
0,7868500
0,7824500
0,7858400
1,7822200
1,8544900
0,7900500
1,7510200
0,7507600
1,7400300
0,7417100
1,7596800
1,7494700
1,7446200
1,7440700
0,7489900
0,7449800
1,7450100
0,7665400
1,7708700
1,7880000
1,7829400
1,7714900
0,7710700
0,7834900
1,7698700
1,7661000
1,7643800
0,7761200
0,7647800
1,7727500
0,7729000
1,7569900
0,7535000
0,7551400
0,7538600
0,7639300
0,7529200
0,7552300
1,7521000
0,7630300
0,7532900
1,7639000
0,7481300
1,7616000
1,7379200
0,7462400
1,7407600
0,7581300
1,7431900
0,7475400
0,7350100
1,7549400
0,7418000
0,7395400
1,7383000
0,7545800
1,7401400
1,7436400
1,7402800
1,7507800
0,7622800
1,7504200
0,7376500
1,7439000
0,7588500
1,7707000
1,7415600
1,7443000
0,7495100
0,7332800
0,7574700
1,7557100
1,8833100
1,7536700
0,8358800
0,7677400
0,7819900
1,7676200
0,7950000
1,7503400
1,8681000
0,7466200
1,7638900
0,7658400
0,7812100
1,7825100
1,8244000
1,7799500
0,7814600
1,7825100
0,7838500
1,7805000
1,7794100
0,7786000
0,7825500
1,7784100
1,7714400
0,7638500
1,7670700
1,7676200
0,7721800
1,7647700
0,7737300
0,7666000
1,8119000
1,7689500
0,7709600
0,7649500
0,10056300
1,10903200
0,8443700
0,10185200
0,10677200
1,9387800
1,9283400
1,10211400
1,9419200
0,7716100
0,7898200
1,7718700
0,7646700
1,8049500
1,7609800
0,7688900
0,7612400
0,7671200
0,7628200
1,7678600
0,7612600
0,7680500
0,7641500
0,7760300
1,7732000
0,7727100
0,7531600
0,7692400
1,7650500
0,7595300
0,7586300
1,8135700
0,7774100
1,8114000
1,7541700
1,8267500
0,8364500
1,8648800
1,8003900
0,7984200
1,7762000
1,7982100
0,7785600
1,7813400
1,7760400
0,7807900
1,7763900
1,7908300
0,7791100
0,7877200
1,7792300
1,7815400
1,7784100
1,7880900
0,7816600
1,7803900
0,7797400
0,7805700
1,7764700
0,7811700
1,7779700
0,7795000
0,7774400
1,7677500
1,7614300
1,7705600
0,7619700
0,7690700
0,7626100
1,7692700
1,7603900
1,7673800
0,7646300
0,7774200
1,7606800
1,7658500
0,7380100
1,7552000
0,7350100
1,7679400
0,7386200
0,7500200
1,7331700
1,7806600
0,7622600
0,7373900
0,7417100
0,7388300
1,7459800
1,7456400
1,7506900
1,7675200
1,7661700
0,7463400
0,7586200
0,7477800
1,7533000
1,7482200
0,7671400
1,7459400
1,8494200
1,7598400
1,7606500
1,7617700
1,7771200
0,7620900
1,7658100
1,7618300
1,7678900
1,7637900
1,7672800
1,7618200
1,7670700
0,7617100
1,7757200
1,7465200
1,7452000
0,7373900
1,7546700
1,7704500
1,7657000
0,7382800
1,7436100
1,7316400
1,7462400
1,7493400
0,7426500
0,7373700
1,7372600
0,7473500
0,7377200
0,7453500
0,7385400
0,8345100
1,8515100
1,8719200
0,8277900
0,7653500
0,7471200
1,7644600
1,7545500
0,7873200
0,7786000
0,7827000
0,7771700
0,7803000
1,7772100
1,7941700
0,7800100
1,7805200
0,7792900
0,7830900
0,7770700
0,7806700
1,7940800
1,7872300
0,7372000
0,7571000
0,7416500
0,7401900
1,7356800
0,7460900
0,7332800
0,7540300
1,7357200
1,7633300
0,7317600
1,7577900
0,7608900
0,8446800
0,7731900
0,7736300
1,7741300
1,7835500
1,7672700
1,7720600
0,7611000
1,7693500
0,7641500
0,7685800
1,7667100
0,7796300
0,7822000
0,7804100
1,7759700
1,7809200
0,7798900
0,7805000
1,7764500
1,7812200
1,7780700
0,7803200
1,7760700
1,7649200
1,7371300
0,7673500
1,7356900
1,7403300
0,7389100
0,7496900
1,7360400
1,7583100
1,7380400
1,7445300
0,7557400
0,7315800
1,7516000
0,7387700
1,7474000
1,7333100
0,7709600
0,7420500
1,7392400
0,7313100
1,7795400
0,7391500
1,7453100
0,8293000
0,7662600
1,7561000
0,8348800
1,7665100
1,7808200
0,7634500
1,7659000
1,7655900
0,7733600
1,7625100
1,7662800
1,7652300
0,7691500
0,7661200
1,7878000
1,7838500
1,7681000
0,7643400
1,7658900
1,7663000
1,8935300
1,7621700
1,7651400
1,7662700
0,7683200
1,7615200
1,7716600
0,7639900
0,7684600
1,7618700
1,7659100
1,7653600
1,7658400
1,7618400
1,7829900
1,7637400
0,8833700
1,7677700
0,8004000
1,7884000
1,7823700
0,8070400
1,7900400
0,7727700
1,7715900
1,7652600
1,7797100
0,7657800
0,7706600
1,7785200
0,8790100
1,7687200
1,8027900
1,7663100
0,7770900
0,7660500
1,11256400
0,7810600
0,7652500
0,7753500
1,7646600
1,7839800
0,7683700
0,7715200
1,7631300
1,7741100
0,7828300
1,7793400
1,7625300
0,7774900
0,7651700
0,7710000
0,7638000
0,7705400
1,7804300
0,7655600
0,7747200
0,7656700
0,7785400
0,7538900
1,7957800
0,7504800
0,7640700
0,7533400
0,7633800
0,7493600
0,7638100
0,7502400
1,8057300
0,7769200
1,7574400
1,7608000
0,7761700
1,7653600
1,7690200
1,7671600
1,7738500
0,7674900
1,7765100
0,7656800
0,7731800
1,7655400
0,7698100
0,7660900
1,7750800
0,7430800
1,7484500
1,7351600
1,7560300
1,7419300
0,7467900
1,7353200
0,7686600
0,7412000
0,7479800
0,7457100
0,7530800
1,7418000
1,7415700
0,7400200
1,7512900
0,7609300
0,7327700
0,7462500
0,7436300
1,7499300
1,7523000
1,7453000
0,7436500
1,7922200
0,7325400
1,8308700
0,7930500
1,7760500
0,8192300
1,7987600
0,8607500
1,7746700
1,8184200
0,8788900
0,7735700
0,7659600
0,7727700
0,7680500
0,7832600
0,7817800
0,7893000
1,7871400
1,7848400
0,7836600
0,7862900
1,7839400
0,7840300
1,7820000
0,7976900
1,7819500
0,7995100
0,7760900
0,7735600
0,7523800
1,7705800
0,7557600
0,7727600
0,7482600
1,7639300
1,7541600
0,7789800
0,9492900
1,8678800
1,8193700
0,7845200
1,7806000
1,7767100
0,7824600
0,7794100
0,7784000
1,7781800
1,7801500
1,7804500
1,7820100
1,7805900
0,7845500
1,7827900
1,7804300
0,7789900
1,7805800
1,7776800
1,7797700
1,7790500
1,7795400
0,7805600
0,7781300
1,7959100
1,7814900
1,7949000
0,7781200
0,8172600
1,7623400
1,7663300
0,7621100
1,7686200
0,7630300
0,7670200
0,7616000
0,7690600
1,7617200
1,7678000
1,7637100
1,7591500
1,7554900
1,8009800
1,7485200
0,7550500
1,7464300
0,7510500
0,7550700
0,7562500
0,7478600
0,7793100
1,7484300
1,7466300
0,7767800
1,7448700
0,7517100
1,7485000
1,8133700
0,7585500
0,7746900
1,7503900
1,7539300
1,7441600
0,7570000
0,7482500
1,7550000
1,7446600
1,7687300
0,7482300
0,7538700
0,7454300
0,7523300
1,7463800
0,7532800
1,7481500
1,7597400
1,7464600
0,7753900
0,7454800
1,7524700
0,7409000
0,7430200
0,7305900
1,7919000
1,7348500
1,7576000
0,7388700
0,7786000
0,7421800
0,7388300
1,7466600
1,7331400
0,7485200
1,7464200
0,7552300
1,7606700
1,7529500
0,7476200
0,7640400
0,7462900
0,8138700
0,7477800
1,7609000
1,7483000
1,7550800
0,7476100
0,7577500
1,7480600
1,7848000
0,7479100
1,7501400
0,7501100
0,7618100
0,7477400
0,7519800
1,7480500
0,7554800
1,7462800
0,7521900
0,7411800
1,7455100
1,7434800
0,7528300
1,7455200
1,7490700
0,7482700
1,7349400
1,7365200
0,7390900
0,8642600
1,7451100
1,7560900
1,7497600
0,7838800
0,7654600
1,7646100
1,7507700
0,7538900
0,7457400
1,7670100
0,7489700
0,8526400
1,7530600
1,7675300
0,7486200
0,7928200
0,7649300
1,7817100
0,7639900
0,7804100
1,7649100
0,8643800
0,7909300
0,7759000
0,7852400
1,8165200
0,7737600
1,7674800
1,7785400
0,7709000
0,7676600
0,7632900
0,7675900
0,7663700
0,7824000
0,7633200
1,7677700
0,7619100
1,7663700
0,7636200
0,7910600
1,7640600
0,7696300
0,7870200
1,7670300
0,7645600
1,7600300
1,7848300
0,7627200
0,7667400
0,7617700
1,7679900
0,7623000
1,7785300
1,7546800
1,7579100
1,7482100
1,7541400
1,7446400
1,7564800
0,7532100
1,7639900
1,7468200
0,7795700
0,7518600
1,7666800
1,7467700
1,8646700
1,7586400
1,7646700
0,7398400
1,7533100
1,7429900
0,7696100
1,7437900
0,7538700
1,7418600
1,7579200
0,7442400
0,7421800
0,7466300
0,7618400
0,7541200
1,7479500
0,7750700
1,7553800
0,7694300
1,7483700
0,7635800
0,7796500
0,7726000
1,7486000
1,7633800
0,7537200
1,7608500
0,7494800
0,7729900
0,7704000
1,7621800
1,7518000
0,7677700
0,7537300
0,7722200
1,7557700
0,7590600
0,7618300
0,8535600
0,7503100
0,7569000
1,7486300
1,7583500
1,7494000
0,7509000
0,7460000
1,7540000
1,7476800
0,7543500
0,7463100
1,7646500
1,7500900
0,7525400
0,7591100
1,7634300
1,7658200
1,7829100
0,8191300
0,8206500
0,7659800
0,7627200
1,7566500
0,7692800
0,7511100
1,7604300
0,7934900
0,7772900
1,7663100
0,7705600
1,7678500
1,7903200
0,8328100
1,7760900
0,7686000
0,7855400
1,7679900
0,7663200
0,7893400
1,7619000
0,8355300
1,8241100
0,8331100
1,8242200
0,7675400
1,7663800
0,7622000
0,7871800
1,7620400
1,7803700
0,7621300
1,7672200
1,7783500
1,7777800
0,7819500
1,7773900
0,7692100
1,7691800
1,7818200
1,7891400
0,7842300
0,7831700
0,7844700
0,7833600
1,7681900
1,7632600
1,7730000
1,8020800
1,8412400
0,8845000
1,8989500
0,8441800
0,7389700
1,7409800
1,7394000
0,7505000
1,7343000
0,7782400
0,7781200
0,8162700
0,7810100
1,7936600
1,7836800
1,7819500
0,7855700
1,8392600
1,7857700
1,7836200
1,7820800
0,7992200
1,7835400
1,7855700
0,7812900
0,7837600
1,7840600
0,7893100
0,7836500
0,7824900
1,7819500
0,7862600
0,7864800
1,9248400
0,7769200
0,7537600
1,7599800
1,7524200
0,7683800
0,7553200
0,7653200
0,7621800
1,7806900
1,7483000
1,7578200
1,7546300
1,7498400
1,7613200
1,7559400
1,7711900
0,7647100
0,7841600
0,7572700
1,7647300
0,7538000
1,7550300
0,7571200
0,7564000
1,7559400
1,7669000
0,7599600
0,7702600
1,7678300
0,7496300
0,7440000
0,7706300
0,7569800
0,7480100
1,7416600
1,7475800
1,7413300
1,7526800
1,7440300
0,7538400
1,7559800
1,7548400
1,7582400
1,7481800
1,7868200
1,7494500
0,7581600
1,7520600
0,7636700
1,7503500
1,7579300
1,7523700
0,7797400
0,7425300
1,7539800
1,7397500
0,7423700
0,7420700
1,7411000
1,7441800
1,7778100
1,7324300
1,7653300
1,7494900
1,7781800
1,8513600
0,8062500
0,7696100
0,8069200
1,7628000
1,7709600
1,7598400
1,8075800
0,7638700
0,7715700
0,7610000
1,7704500
1,7642600
0,7852800
0,7517900
0,7928000
0,7520800
1,7593800
1,7451100
0,7538000
0,7518100
0,7533400
1,7446400
0,7737600
1,7541200
0,7559600
1,7443600
0,7463600
1,7804600
0,8376400
0,8947800
0,8485100
0,8479300
1,8030600
1,8791800
0,7893400
1,7553200
0,7651100
0,7472900
1,7937600
1,7779400
1,7809500
1,7759200
0,7812100
0,7779000
1,7793700
1,7780200
1,7824300
1,7769000
0,7816800
1,7798600
1,7945800
0,7700700
1,7657500
1,7459200
1,7820000
1,7447100
0,7526500
0,7469300
0,7527500
1,7480500
1,7649900
0,7474600
0,7621500
0,7468500
0,8647100
1,8979700
0,8289000
1,7507100
0,7836200
1,7652400
0,7451900
1,7357000
1,7758900
0,7428000
0,7476100
0,7376100
0,7403100
0,7455000
0,7702000
0,7619000
0,7693300
0,7744800
1,7702300
0,7622300
1,7679100
1,7599000
1,7694300
1,7604000
0,7708100
1,7601900
0,7592300
1,7872600
0,7498300
0,8216200
1,7964300
1,8047400
1,7739400
1,7985500
0,7319200
1,7465200
1,7396300
0,7504300
0,7315000
0,7502200
1,7635000
0,7764500
1,7637600
0,7680100
0,7647400
1,7716300
0,7621000
0,7676800
0,7650300
1,7645300
0,7619000
1,7666100
1,7648900
1,7541900
1,7394000
0,7363400
1,7386100
1,7430400
0,7374900
0,7416200
0,7406000
1,7353300
0,7709900
1,7403800
0,7537400
1,7390200
1,7833100
1,7446700
1,7585900
1,7440600
1,7670900
1,7446500
0,8584100
1,8210200
1,8965800
1,8535300
0,7545700
1,7724400
1,7572900
1,7789200
0,7808000
1,7760900
1,7818200
1,7784100
0,7818700
0,7771500
1,7948900
1,7779400
0,7821600
0,7792100
0,7783400
0,7822300
0,7387400
1,7321600
1,7683700
0,7389400
1,7870300
1,7358900
0,7373600
1,7393900
1,7538600
1,7325600
1,7671600
0,7392000
1,7755300
0,7441300
0,7615400
1,7462200
1,7648500
0,7455600
1,7534700
1,7461800
1,7640600
0,7485200
1,7541000
0,7483900
1,7461000
0,7524500
0,7402500
0,7578300
1,7372100
0,7490100
1,7330500
1,7462000
0,7389600
0,7416300
1,7327800
1,7545600
1,7369900
0,7585300
0,7315400
1,7551900
1,7347900
1,7488300
0,7315200
0,7466300
1,7577900
1,7349200
0,7376000
0,7406900
1,7864600
1,7294500
1,8266400
1,7688000
0,7533400
0,7651700
0,7641500
0,7726600
1,7728500
0,7609800
1,8082200
1,7603200
1,7682500
0,7612300
0,7846500
1,7602200
1,7682300
1,7600400
0,7577600
1,7447300
1,7693400
1,7458200
0,7647600
1,7448800
0,7545800
1,7442300
1,7663100
0,7470300
0,7549200
1,7444400
0,7554300
0,7400000
0,7460800
1,7357500
0,7462700
0,7470200
0,7589000
1,7354300
1,7481300
0,7318900
1,7451700
0,7368900
1,7407000
1,7386700
0,7390900
1,7555700
1,7426500
1,8472100
1,8651000
0,9472600
0,9153300
1,7362900
1,7468200
1,7555500
0,7732400
1,7359800
0,7447200
1,8412900
1,8514800
0,8227500
1,7790500
0,7790200
0,7780000
0,7785600
0,7945300
1,7782300
1,7838400
0,7786800
0,7815400
0,7810500
1,7797800
1,8388100
0,7913300
1,7575500
1,7895100
1,7390400
1,7599700
0,7429300
0,7514900
1,7358200
0,7438900
0,7381600
1,7487000
1,7556900
1,7811500
1,7789000
0,7683600
0,7623100
0,7719400
1,7600700
1,7688000
0,7621600
1,7680400
0,7613800
1,7766300
0,7619800
1,7628000
0,7456400
1,7591300
1,7450500
1,7476300
1,7509100
0,7463800
1,7516000
1,7477400
1,7624400
1,8083100
0,8842600
1,8160400
0,7995600
0,7787500
0,7672200
1,7713800
0,7611800
0,7678200
1,7604000
1,7679400
1,7600900
1,7700300
1,7603000
1,7808300
0,7610000
0,7714500
0,7638700
1,7789900
0,7845500
0,7732400
1,7624400
1,7616800
0,7709300
0,7861500
1,7708400
0,7632800
1,7659900
1,7729600
0,7699300
0,7688400
0,7625000
0,7723700
0,7986600
0,7673400
0,10419300
1,7694400
1,7622400
1,7704800
1,7598900
1,7702700
1,7597200
0,7627000
1,7473700
0,7591300
1,7604000
0,7517500
1,7632700
0,7505500
1,7554000
1,7462700
0,7717700
0,7490100
1,7507300
0,7683200
0,7509600
0,7476600
0,7519900
0,7475700
1,7542300
1,7495500
1,7527200
0,7474900
1,7518800
1,7496600
0,7525500
1,7463100
0,7544100
0,7407900
0,7507000
0,7390100
0,7532100
1,7346700
0,7425200
1,7372500
1,7389200
1,7531700
0,7578600
1,7474300
0,7457800
1,7521600
0,7663900
1,7719600
0,8030200
1,7756200
0,7466500
1,7572100
0,7452500
1,7553000
1,7447100
0,7698900
0,7455300
0,7985600
1,7985000
0,8263400
1,8109500
0,7720800
0,7753400
0,7696500
1,7599800
0,7742800
1,7606000
1,7843200
1,7600400
1,7750800
0,7620800
1,7777700
1,7595600
0,7685600
0,7810000
0,7702900
0,7611700
0,7702700
0,7619800
1,7701900
0,7609800
0,7823900
1,7599000
1,7801900
1,7614100
0,7659100
1,7447500
0,7528600
0,7470300
0,7575200
0,7463300
0,7568900
0,7467500
0,7527500
1,7446600
0,7575100
1,7478700
1,7615100
0,7588900
0,7385700
0,7438300
1,7332800
1,7432700
1,7372200
0,7454100
0,7318000
1,7429500
0,7385900
1,7537700
1,7362100
1,7404500
1,7373100
1,7333300
0,7386500
1,7415400
0,7387100
0,7924400
0,7405900
0,7448400
1,7377300
1,7327400
1,7750700
1,7356800
0,7482700
1,7294400
1,7535600
0,7465600
0,7617700
1,7444000
0,7637900
0,7464400
1,7576300
1,7460500
0,7570000
0,7528900
1,7551800
1,7443200
0,8114200
0,7725600
1,7665800
0,7529000
0,7594800
1,7449400
1,7637800
0,7656800
0,7543000
0,7580800
1,7536200
1,7502200
0,7463200
0,7852800
1,7463100
1,7541200
1,7482600
0,7539000
0,7478400
1,7563600
0,7462700
0,7675500
0,7477000
1,7640000
0,7465100
1,7527600
0,7476700
0,7616100
0,7464700
0,7522800
0,7506900
0,7650300
0,7464900
0,7681700
0,7477600
1,7538000
1,7480800
0,7656200
1,7465700
0,7582400
1,7481200
1,7849700
1,7461100
1,7458700
0,7523200
0,7467800
0,7537000
0,7486600
0,7594200
0,7463700
0,9393900
1,8308300
1,8112600
1,7539400
0,7652500
0,7677300
0,7872700
1,7896400
1,7836300
0,7845100
1,7645000
0,7689300
1,7630100
0,7771300
1,7885100
0,7700600
1,7665900
1,7668400
0,7622000
0,7946300
0,7880900
0,7909600
1,7680400
0,7681300
0,7651300
0,7840200
1,8209000
0,8729300
1,8606300
1,8395500
0,7786600
1,7803900
0,7792800
1,7760300
0,7783600
1,7823600
1,7791100
0,7951700
0,7811600
1,7922800
0,7818200
1,7800900
0,7813900
1,7811600
0,7797300
0,7782800
1,7800100
1,7954900
0,7840900
0,7857600
0,7799900
1,7847500
1,7821800
0,7854500
1,7862100
0,7686100
0,7552400
0,7570400
0,7555300
0,8021600
0,8172000
1,8768300
1,8586900
1,8629000
0,8559600
1,8378900
1,8114000
1,7502400
1,7930500
0,7792600
0,7861900
0,7788700
0,7826300
1,7780900
0,7801900
1,7764100
0,7808600
0,7791600
0,7800800
0,7802300
0,7768500
1,7465900
1,7537600
0,7479200
1,7464400
0,7625900
1,7517900
1,8397200
0,7615600
1,7624800
1,7514700
0,7546500
1,7463700
0,7634500
0,7624800
0,7674900
1,7637600
1,7659900
1,7642500
0,7684000
1,7637400
0,7711500
0,7620100
1,7703800
1,7634000
0,7673200
1,7616600
0,7511900
1,7409500
0,7358400
0,7378700
1,7381500
0,7401700
0,7528100
1,7393900
1,7373700
1,7767500
0,7379800
1,7425300
0,7374500
0,8012300
1,7444500
1,7573100
1,7449200
0,7552700
1,7442600
0,7534500
0,7495100
0,7616200
1,7444500
1,7641700
0,7514900
1,7760100
0,7575300
1,7608400
1,7517300
1,8739700
0,8306000
0,8324200
1,8662900
1,7613700
0,7453900
0,7523800
0,7463600
0,7606600
0,7456200
1,7653700
1,7602400
1,7887300
0,7614400
1,7697100
0,7621600
0,7706300
0,7609600
0,7780200
0,7637500
0,7846200
1,7639900
1,7852900
0,7640400
1,7678100
0,7610100
0,7667900
1,7618500
1,7663300
0,7611900
0,7672200
1,7618000
1,7804600
0,7609200
0,7675900
0,7653700
1,7471800
1,7387200
0,7472800
0,7390700
1,7428900
1,7297500
0,7447500
0,7363200
0,7397300
0,7364200
0,7536300
1,7409300
0,7325800
1,7445300
0,7372900
1,7449200
0,7328000
0,7503900
1,7567800
0,7610200
0,7324800
1,7460600
0,7888100
0,7520200
1,7315500
0,7424100
1,7389800
0,7515200
1,7465800
1,7502900
0,7643800
1,7532000
1,7462500
0,7572300
0,7460300
1,7533400
0,7480500
1,7443600
0,7524200
1,7462500
1,7471300
0,7366500
0,7452000
1,7453600
0,7789300
1,7829100
1,8242800
1,8157600
0,8166500
1,7647200
1,8027900
0,7700300
0,7886800
0,7706200
1,7670600
0,7646800
0,7852400
1,7646000
1,7684500
1,7622300
1,7688600
0,7612100
1,7695600
0,7639100
0,7684700
1,7598800
1,7617700
0,7465800
1,7660200
1,7447400
0,7575900
1,7448000
0,7534900
0,7454000
0,7571300
0,7577800
1,7654000
0,7489400
1,7878100
0,7904900
1,7561400
0,7457600
1,7554900
1,7449100
1,7603600
0,7453700
1,7555900
1,7447300
0,9855400
1,7444400
1,7554900
0,7465000
1,7543700
1,7442300
1,7661100
0,7673600
1,7616200
0,7456000
1,7676000
0,7465900
0,7828600
0,8404900
1,7575300
0,7466300
1,7523900
1,7445900
0,7552200
1,7477200
1,7869700
0,7545400
1,7498100
0,7521900
1,7461400
0,7522100
0,7498500
0,7512500
0,7479100
0,7677900
1,7501300
1,7445100
1,7404300
1,7399100
0,7388500
0,7426000
1,7373400
1,8023800
1,8096400
0,7706100
1,7436300
0,7394400
0,7390600
1,7456300
0,7585600
1,7683900
0,7640500
1,7669600
1,7675900
0,7672000
1,7729900
0,7662500
1,7731300
0,7653900
1,7722300
0,7665600
0,7736100
1,7461900
0,7408100
0,7413900
0,7522200
1,7590200
1,7437400
1,7405300
1,7468800
0,7448200
0,7659300
1,7394500
1,7464200
1,7398300
0,7629500
1,7523800
1,7622600
1,7504100
0,7744000
1,7528300
1,7607700
1,7536300
0,7694400
0,7546200
1,7598300
0,7553900
0,7484800
0,7702900
0,8050600
1,8748800
0,8232400
1,8834400
1,7772700
1,7824300
0,7855400
1,7522200
1,7706200
1,7577300
1,7679800
1,7566400
0,7694600
0,7645500
0,7796700
0,7670900
1,7752300
1,7617700
0,7720600
0,7921800
0,7752200
0,7516100
0,7700700
1,7722900
0,7711100
0,7612500
1,7695400
1,7604700
0,7706400
1,7600100
1,7699200
1,7600200
0,8073400
0,7968600
1,8325600
0,8455500
0,8324700
0,7613500
1,9367400
1,7816300
1,7841600
0,7774200
1,7811700
0,7797900
1,7814300
1,7763300
0,7817200
1,7782500
1,7798900
1,7763900
0,7683800
0,7454500
0,7759600
1,7528800
0,7719200
1,7479000
1,7648600
1,7379800
1,8011700
0,8445000
0,8763800
0,8920300
0,7559100
1,7518300
1,7706200
1,7641200
1,7961300
1,7648100
0,7723200
1,7637500
0,7746700
1,7643900
1,7723200
0,7642700
0,7786700
0,7659200
0,7680400
0,7474200
1,7623000
1,7525500
1,7560000
1,7518200
0,7696600
1,7520100
1,7621500
1,7461100
0,7668900
0,7541200
1,7599500
1,7412300
1,8691800
0,7719900
0,7580100
1,7451100
0,7456800
1,7360100
1,7440300
1,7310300
0,7487700
1,7419400
1,7531700
0,7307800
0,7513100
1,7623000
1,7464600
0,7512900
0,7480300
0,7874800
0,7477800
0,7527900
0,7464400
0,7788900
0,7505700
1,7547900
1,7502200
0,7801800
0,7646600
1,7678300
0,7618800
1,7656300
1,7706200
0,7692400
0,7616500
0,7807200
0,7634400
1,7702600
0,7620200
0,7722600
1,7616000
1,7519600
0,7316900
0,7594700
0,7387600
0,7486300
0,7315900
1,7488600
1,7375500
0,7446700
1,7335000
0,7490300
0,7404900
0,7458400
0,7319300
0,7374900
1,7432800
1,7401100
1,7725800
1,7361300
1,7584300
1,7380400
1,7429300
0,7382000
0,7482000
1,7370600
0,7600300
0,7529800
1,7532900
0,7381900
1,7517200
0,7377300
0,8487000
0,7867100
0,7492400
0,7535600
0,7578100
1,7530600
1,7486700
0,7534500
0,7478000
0,7907900
0,7619500
1,7705700
0,7826100
0,7628400
1,7691400
0,7628000
0,7695700
0,7626400
0,8128400
0,7627400
1,7675300
0,7628500
0,7536100
0,7516700
0,7560400
1,7657600
0,7463600
0,7532900
1,7469600
0,7549300
1,7483000
0,7742300
1,7462300
0,7878500
0,7466900
1,7470900
0,7325400
0,7672600
1,7843100
0,7492700
0,7328900
1,7446700
0,7374600
0,7376600
0,7360000
1,7457200
0,7374900
1,7626500
1,7384100
1,7596100
1,7483400
1,7551900
1,7531800
1,7677700
1,7555700
1,7553400
0,7498000
1,7595500
0,7532100
1,7546800
0,7543400
1,7511200
1,7545100
0,7399500
1,7456000
0,7426000
0,7459300
0,7417800
1,7384500
0,7425500
1,8377900
1,7613300
0,7485900
1,7503000
1,7529600
1,7516300
1,7541500
1,7542200
1,7622300
0,7793400
0,7673800
1,7524400
1,7616800
0,7537900
1,7879000
1,7471100
1,7655000
0,7542700
1,7621600
0,7473500
0,7651400
0,7538300
1,7757800
0,7476300
0,7696300
0,7535900
1,7671100
1,7472500
1,7630000
0,7540000
1,7641000
0,7413100
1,7418700
0,7484600
0,7428300
1,7399600
0,7464400
1,7577900
1,7429900
0,7425700
0,7418000
1,7499600
1,7419600
0,7512000
1,7558300
1,7707700
1,7662200
1,7582600
0,7664300
0,7706200
0,7481600
1,7707700
1,7431800
1,7566100
1,8359300
0,8585500
0,8844400
1,8282000
0,8241900
1,7874500
0,7751200
1,7715300
1,7666300
1,7688700
1,7674500
1,7861600
0,7653600
0,7880400
1,7679600
0,7976400
0,7843900
0,7732600
0,7656700
0,8024300
0,7674500
0,7699100
0,7657300
0,7714700
1,7655500
0,7709300
0,7661300
1,7729000
1,7657900
1,7688900
0,7664300
1,7728000
1,7769100
0,7895400
0,7673300
1,7749900
1,7651200
0,7713800
0,7698900
1,7738800
0,7682600
1,7808800
0,7762400
0,8059700
1,8027700
0,8025600
0,7755300
1,7752200
1,7638800
0,7840000
1,7702800
0,7714800
0,7651600
1,7720600
1,7698200
0,8050800
0,8382400
1,8315900
0,8459100
1,8166600
0,7681500
1,7757800
1,7655200
1,7925000
1,8046500
1,8286400
1,8020900
1,7888000
0,7844000
1,8084000
1,7861200
1,7830500
0,7817900
1,7840800
1,7837900
1,7825100
1,7827400
0,7871600
0,7817000
0,7852300
1,7743200
0,7708200
0,7660100
0,7976700
1,7727800
0,7664200
1,7639200
1,7684600
0,7652600
1,7813300
1,7637800
0,7683300
0,7649700
1,7662600
0,7620800
0,7689300
1,7634100
1,8290900
1,7639200
1,7799600
0,7653200
0,7749000
0,7622600
0,7682800
1,7655200
0,7675600
1,7514200
0,7683300
1,7558700
1,7519200
0,7462500
0,7600500
1,7530100
0,7511400
1,7481800
0,7537900
1,7478100
1,7592300
1,7484600
0,7509200
0,7384000
1,7354400
0,7634700
1,7395600
0,8408500
0,7366600
0,7629200
1,7378600
1,7468400
0,7489200
0,7956400
1,7378100
1,7553000
0,7612100
1,7700700
1,7619500
0,7781300
1,7597100
0,7671400
0,7637700
0,7685400
1,7597900
1,7752300
0,7637000
1,7682500
1,7710200
1,7850600
1,7394800
1,7429300
1,7294400
1,7544200
0,7390700
1,8217400
1,7641100
0,7507000
0,7458100
1,9186800
1,7293000
1,7681500
0,7637500
1,7674700
0,7608400
0,7811100
0,7637300
1,7721800
0,7609900
0,8452700
1,9692500
1,7686300
1,7599600
0,7707800
1,7423200
1,7561800
1,7355800
1,7812200
1,7299100
1,7431700
1,7356000
0,7508800
0,7316100
1,7555700
0,7365600
0,7447200
1,7300600
0,7476700
0,7430900
1,7504800
1,7484500
0,7356500
0,7458800
1,7404000
0,7409400
1,7424000
1,7456000
0,7389100
1,7469500
0,7385900
1,7422500
1,7405600
1,7471000
1,7371500
0,7404500
0,7388400
1,7374200
0,7633300
0,7440900
1,7361800
1,7418400
1,7434500
1,7352500
1,7484800
1,7372100
1,7467200
0,7362700
1,7439900
0,7376800
0,7755300
1,7352500
1,7447300
0,7377900
1,7579400
1,7708400
0,8172000
0,7576900
1,7594700
0,7609000
0,7692100
0,7621500
0,7669700
1,7756300
0,7918500
0,7621200
1,7683000
0,7610800
1,7694700
0,7622800
1,7681600
1,7601800
0,7429700
1,7297600
0,7608700
1,7393500
0,7949400
0,7816200
0,8345300
0,7806300
0,7569300
0,7380200
0,7405700
0,7364000
1,7608900
1,7612500
1,7766700
0,7610000
0,7836100
1,7608100
1,7700000
1,7603900
0,7748300
1,7608400
0,7691200
0,7609000
0,7694000
0,7624100
1,7551500
0,7400100
1,7410800
1,7446200
0,7389200
1,7914500
1,7428300
0,7494300
0,7583800
1,7386000
0,7653600
1,7391700
1,7453000
1,7545200
1,7663600
0,7772700
0,7388800
1,7528500
0,8375500
0,8617000
0,8803500
1,8845900
1,8978000
0,8532300
1,8591100
1,7511500
1,7832400
0,7797300
0,7829500
0,7778000
1,7857700
1,7767100
1,7876700
0,7772000
0,7803900
1,7766400
1,7828700
0,7788400
1,7799900
1,7601700
0,7735600
1,7821200
1,7708900
0,10745800
0,8064600
0,8057000
1,7701700
0,7664600
1,7823700
0,7611100
1,7705400
0,7801700
1,7807500
0,7772800
0,7793900
0,7804400
1,7806600
1,7758500
0,7833200
1,7779700
1,7924000
1,7760900
1,7888800
0,7710800
1,7409900
1,7354100
0,7586300
0,7410300
0,7477900
1,7355500
1,7383600
1,7373000
0,7587900
1,7355000
0,7459300
1,7371100
1,7546500
1,7449800
1,7411800
1,7373200
0,7386300
1,7389200
0,7683800
1,7447000
1,7369500
1,7349600
1,7719300
0,7452800
0,7389500
0,7408800
0,7409200
0,7590600
0,7477500
1,7537200
1,7480600
0,8037200
0,7838700
1,7762200
0,7572000
0,7600400
1,7562200
0,7568800
1,7483000
1,7555300
1,7618000
1,7600900
0,7830300
1,7601700
1,7682100
1,7600100
1,7953500
0,7624400
0,7706100
0,7608800
1,7866800
1,7603400
0,7672000
0,7454500
1,7580400
0,7465800
1,7739700
1,7451000
1,7755300
0,7618800
1,7572400
1,7514500
0,7749000
1,7517100
0,7736400
0,7501400
1,7660500
1,7445300
1,7535800
1,7443200
0,7531900
0,7462400
1,7649300
1,7444500
0,7581800
0,7462700
1,7685200
0,7570400
0,8243400
1,8567600
1,8445300
1,8594700
0,7996200
1,7605400
1,7665500
0,7632800
0,7753300
1,7604700
0,7800200
0,7631800
0,8127700
1,7708500
0,7861500
1,7866700
1,7853900
1,7764100
1,7813700
0,7791400
0,7790500
1,7769400
1,8048300
0,7814500
0,7960200
1,7849600
1,7690900
1,7549400
1,7646100
0,7868200
1,7619700
1,7487100
1,7577700
1,7514500
0,7671100
1,7517600
1,7638700
1,7522000
0,7746100
0,7523900
0,8344900
0,7580500
0,7638700
0,7480300
1,7616500
1,7523000
1,7632200
1,7468700
1,7666400
0,7536600
0,7612300
1,7461600
0,7675000
1,7449300
0,7621200
0,7455300
1,7585500
0,7463500
1,7540100
0,7454500
1,7547400
0,7466400
0,7567800
0,7487800
1,7524900
1,7445800
0,7417400
1,7413100
1,7375900
1,7603300
0,7403200
1,7571000
1,7393600
0,7415800
1,7387700
1,8116600
0,7374500
1,7531700
1,7391900
0,7546300
1,7545700
0,7445800
1,7389300
1,7624200
0,7376800
1,7454400
1,7406700
0,7692200
1,7391000
0,7378600
0,7490200
0,7402000
1,7495500
0,7465600
0,8321900
0,7548200
1,7621000
0,7496500
1,7536700
0,7491100
0,7530600
0,7467300
0,7550100
0,7453300
0,7526000
0,7465200
0,7599900
0,7454200
1,7553200
0,7467700
1,7692200
0,7450900
1,7627100
0,7466900
0,7551900
1,7444800
1,7604400
1,7453400
0,7586700
1,7407900
1,7333800
0,7639400
0,7402900
0,7442400
0,7314000
1,7495600
1,7409700
0,7423700
1,7333800
0,7645400
0,7402200
1,7515100
1,7393000
1,7863700
1,7407700
0,7475900
0,7377500
0,7505500
0,7394500
1,7352600
1,7296800
0,7598000
0,7406100
0,7504600
1,7394700
1,7358300
0,7604200
0,7488100
1,7531200
0,7502600
0,7803900
0,7452200
1,7637200
1,7447800
1,7529200
1,7440500
0,7546000
0,7464400
1,7558900
0,7376500
0,7933600
0,8532300
1,9502800
1,8963300
0,9114200
1,8938300
0,8591700
1,9092100
0,8426700
1,8683800
1,8888500
0,7799100
0,7807300
0,7804800
1,7781300
0,7792100
1,7817900
1,7774400
0,7796100
1,7810700
1,7820600
1,7783000
1,7780400
1,7698700
0,7480900
1,7506200
1,7460300
1,7501700
1,7519400
1,7563100
0,7475400
0,7558800
1,7496000
0,7523400
1,7500200
1,7622200
1,7508700
1,7421600
0,7389200
0,7515700
1,7437400
1,7420800
1,7465700
1,7425700
0,7390900
0,7398300
1,7620400
0,7364400
1,7503400
1,7356500
0,7546400
1,7444500
1,7686800
1,7449100
1,7537800
0,7622700
0,7711400
1,7445000
1,7574800
1,7444300
1,7550400
0,7464800
1,7668100
0,7489400
0,7620800
0,7691700
1,7950500
1,7909800
0,7886800
1,7460400
0,7710500
1,8142200
1,8723900
1,7988900
1,7883100
1,7873800
0,7881700
1,7856100
0,8088100
1,7814900
0,8028700
0,7805600
0,7871700
0,7810600
0,7808500
0,7790900
0,7896000
0,7796700
1,8241900
0,7623500
1,7708600
1,7600400
0,7780800
1,7602100
0,7707300
1,7598800
0,7674600
1,7602300
0,7722900
0,7757800
0,7683800
1,7603100
1,7699300
1,7453100
0,8332000
0,7487900
0,7653800
1,7355600
0,7472900
1,7354500
1,7544800
0,7363400
0,7454800
1,7362900
1,9445300
0,7768600
1,7902400
1,7767900
1,7819500
0,7771300
0,7944400
0,7785600
0,7849000
0,7770400
0,8880400
1,7788100
0,7859600
0,7685000
0,7545700
1,7464300
0,7737300
1,7799300
0,7659100
0,7486600
0,7593400
1,7445200
0,7629200
0,7480800
1,7514000
0,7457500
0,8120800
0,7970900
1,7724500
1,7476900
0,7631500
1,7489700
0,7755400
1,8289000
0,8736100
1,8880800
1,8828600
0,7458600
1,8169600
1,7932300
0,7847400
0,7808400
0,7811700
1,7791200
0,7824500
1,7782300
1,10128900
1,8417800
0,7895100
0,7834900
0,7781300
1,7860200
1,7782400
0,7795600
1,7803700
1,7784800
1,7780200
1,7901700
1,7849500
1,7840500
0,7878400
0,7864200
0,7824800
0,7837700
1,7631900
1,7599100
0,7852100
1,8107000
1,7502400
1,7710000
0,7462500
1,7447600
1,7610500
0,7456000
0,8559800
0,7586200
0,7614500
1,7540200
1,7694800
0,7617800
0,7869400
1,7597700
0,7679500
0,7618800
1,7705500
1,7601300
1,7711600
0,7621800
1,7708700
1,7599900
0,7611200
1,7410100
1,7518400
0,7441800
1,8485600
0,8427800
0,7900100
0,7892500
1,7912400
0,7861100
0,7848000
1,7754600
1,7771000
1,7675400
0,8176300
0,7671400
1,7765400
1,7626600
0,7746600
1,7623500
0,7718500
1,7615700
0,7719300
0,7684400
1,7718400
0,7633300
0,7820900
0,7712500
0,7683300
1,7622200
0,7897300
1,7599600
1,7830600
1,7620000
1,7814700
1,7598200
0,7745300
1,7616800
0,7696400
1,7487100
1,7564000
0,7569100
0,7721500
0,7697600
1,7577900
0,7470100
0,7541600
0,7451800
0,7555200
1,7463900
1,7700500
0,7532700
0,7491900
1,7661400
0,7588700
1,7720500
1,7652300
0,7567700
1,7637400
1,7613100
0,7550100
1,8152700
0,7628200
0,7512100
0,7503500
1,7612200
0,7630600
0,7937600
1,7964600
1,7996700
0,7883100
0,7711800
0,7641900
1,7983000
0,7651300
1,8136100
0,7764500
1,8129400
1,7785600
0,7809400
1,7839600
0,7798800
0,7808800
1,7786700
1,7816300
0,7784100
0,7805200
0,7806400
0,7927400
0,7782100
0,7825300
1,7704200
0,7755100
1,7628100
0,7926100
0,7673000
0,7874600
0,7640400
0,7747100
1,7665100
1,8014900
0,7642200
1,7762700
1,7652200
0,7776400
0,7662800
0,7974400
0,8456600
1,7881200
1,7646700
0,7886500
0,7736800
0,7805900
1,7648400
0,7774800
1,7625000
0,7655000
1,7433000
0,7534700
0,7329600
0,7417600
1,7707800
0,7452400
1,7840100
0,7664700
1,7747600
0,7467300
1,7438100
1,7434300
0,7498700
0,7567500
1,7601200
0,7486500
1,7709600
0,7713700
0,7581100
0,7486400
1,7581400
0,7568800
1,7633700
0,7564600
0,8154100
1,7834800
1,7730700
1,7659100
1,7900300
0,7709300
0,7711500
0,7659300
1,7675700
0,7714400
1,7703400
1,7675200
1,8047400
1,7660100
0,7732800
1,7699200
1,7749700
1,7927600
1,7591500
0,7537400
1,7607800
1,7572800
1,7701300
1,7557100
0,7655300
0,7500100
1,7730600
0,7542200
1,8480400
1,7662100
0,7692100
1,7682900
0,8007900
0,7673300
1,7711300
0,7576200
0,7610700
0,7634900
1,7597300
1,7714600
0,7645300
0,7542800
1,7443500
1,7563000
0,7728500
0,7567200
0,7457400
0,7579600
1,7560700
1,7513200
1,7444600
0,7734200
0,7500300
1,7553400
1,7444400
0,7518100
1,7464300
0,7538500
0,7456400
0,7515200
1,7464100
0,7571600
1,7441200
0,7568700
1,7465700
1,7547100
1,7447300
1,7593400
0,7393700
1,8036600
1,7892000
0,7590100
1,7498100
1,7640300
0,7370300
1,7435000
0,7347400
0,7586000
0,7424800
0,7312100
1,7425300
0,7476800
1,7501500
0,7463500
1,7514400
0,7475600
0,7720800
1,7482600
1,7527000
0,7479200
1,7578000
1,7495600
1,7561200
0,7478300
1,7667600
0,7406100
0,7499000
0,7386800
1,7640300
1,7654700
1,8094800
0,7839200
0,7896900
0,7365000
1,7845700
0,8394600
0,8741200
1,7771900
0,8078800
0,7875300
0,8373100
1,8054600
1,7814800
0,8007800
0,7710900
1,7680400
1,7680600
0,7636300
0,7711800
0,7689400
1,7773300
0,7792800
0,7800900
0,7781200
0,7789400
0,7884300
0,7796900
0,7782800
1,7778500
1,7778700
1,7848200
1,7806200
1,7939600
1,7751100
0,7732200
0,7684700
1,7778400
1,7410700
0,8234300
0,7542800
0,7637800
0,7444400
1,7653100
0,7654900
1,7647600
1,7481100
1,7936800
1,7644800
1,7657600
0,7653500
0,8335700
1,8034500
1,8243500
1,8581800
1,8021700
1,7642100
0,7942700
0,7678400
1,7912400
1,7817600
0,7792700
0,7811600
0,7791100
0,7786400
0,7933000
0,7814500
0,7896300
1,7803300
1,7813700
0,7795900
1,7764200
0,7463100
0,7757900
0,7475100
0,7843200
1,7514600
1,7594900
1,7463200
1,7526400
1,7484600
1,7594100
0,7481300
0,7588400
0,7463300
0,7632300
1,7462900
1,7538900
0,7465900
1,7530400
1,7465300
1,8090700
1,8246400
0,8419700
1,8473900
0,7572500
0,7469800
1,7537600
1,7617500
1,7658300
1,7635400
0,7699800
0,7630000
0,7768400
0,7622900
1,7688300
0,7632700
1,7811100
1,8560400
1,7800800
0,7905200
1,7510800
0,7479100
0,7521900
0,7478100
1,8692600
0,8110900
1,8539500
1,8433900
1,8702300
0,9356800
0,8120400
0,8221900
0,7780100
1,7817700
0,7782200
0,7807800
0,7809700
0,7800800
0,7785000
1,7789500
1,7777200
0,9262500
0,9222900
1,7824200
0,7712600
0,7835700
1,7602600
1,7705000
1,7599600
0,7793800
1,7601400
0,7764800
1,7599800
1,7700700
0,7622100
0,7733700
1,7640000
1,7641300
1,7448600
0,7572800
0,7508400
1,7580800
1,7450800
1,7533000
0,7456500
0,7547300
0,7467000
1,7534600
1,7448000
1,7628400
1,7445400
1,7441900
1,7357000
1,7578200
0,7377300
1,7685100
0,7402700
0,7539800
1,7361300
0,7405300
0,7447200
0,7312900
0,8182200
1,7508600
1,8266700
0,7815800
1,7549800
0,7497300
1,7631100
1,7481800
1,7506800
0,7490200
1,7557500
0,7464800
0,7538100
1,7479200
0,7551600
1,7481900
1,7898800
0,7525900
0,7763600
0,7598300
0,7899000
1,7485300
1,7556400
0,7512900
0,7558100
1,7585400
1,7600900
0,7540300
0,7580500
0,7576700
1,7841000
0,7553900
1,7855700
1,7537200
1,7675400
0,7537700
0,7582800
0,7550300
1,7588700
0,7534800
0,7557800
1,7698200
1,7522500
1,7604100
1,7538300
0,7592000
1,7511400
0,7608700
1,7556900
0,7597800
1,7522200
0,7611100
1,7537500
0,7582800
0,7518700
0,7493600
1,7401100
1,7675000
1,7391900
0,7458900
1,7416100
1,7676100
0,7412100
1,7588000
1,7397200
0,7438600
1,7489800
1,7579200
1,7441200
1,7534300
1,7375900
0,7415000
0,8340600
0,7964400
1,7447500
0,7484700
0,7643900
0,7350900
0,7518200
1,7431100
1,7530300
1,7547700
1,7702700
1,7677100
1,7736900
1,7739800
1,7847200
1,7682200
0,7741700
1,7712500
0,7708000
0,7663300
0,7757000
1,7657600
1,7746300
0,7488000
1,7610200
1,7539300
1,7535200
0,7520200
0,7744700
0,7602800
0,7532200
0,7814100
1,7821600
1,7904900
0,7555900
1,7764700
0,7814000
0,7643800
0,7670600
1,7635100
1,7731800
0,7684500
1,7678200
1,7698000
0,7696400
0,7647000
0,7696000
1,7663900
1,7952000
1,7635900
0,7752800
0,7764700
0,7736500
0,7713400
0,7845300
1,7692500
0,7695900
0,7661900
0,7715000
1,7708300
1,7598800
0,7680900
0,7895900
0,7897100
0,7794200
1,7635500
0,7687700
1,7654900
0,7692400
0,7971000
0,7760500
0,7932600
1,7754700
1,7620600
1,7726900
0,7629000
0,7647800
1,7671100
1,7605400
1,7797000
0,7623600
1,7688500
1,7629300
1,7690800
0,7625500
0,7769400
1,7605400
0,7811000
1,7617900
1,7714100
0,7705600
0,7877700
1,7635800
1,7677100
1,7628800
1,7694200
0,7624600
0,7679600
0,7614800
1,7695700
1,7612000
0,7711100
0,7617100
0,7683100
0,7621700
1,7682800
1,7607000
1,7699600
0,7621600
0,8093100
1,7781900
0,8288200
0,8259600
0,7931300
0,7921900
0,7812400
0,7803000
1,7848100
0,7796200
1,7851700
0,7798500
0,7856800
1,7797900
1,7864600
1,7787300
1,7804300
1,7758700
0,7933500
1,7766400
1,7973900
0,7771500
0,7944600
0,7801000
0,7803200
0,7771200
0,7971000
1,7782100
1,7802100
1,7712200
1,7698900
1,7621600
0,7682400
0,7611500
1,7926900
0,7643200
1,7689300
0,7608500
1,7689600
0,7637900
0,7707000
0,7612200
0,7591400
1,7393500
0,9512500
1,8226900
1,9223400
1,8668200
0,9447300
1,8518700
0,8871500
0,7603200
0,7386200
1,7381500
0,7489600
1,7693500
1,7705400
1,7703400
1,7650900
0,7811000
1,7630800
1,7662300
1,7642200
1,7716800
1,7816900
1,7705900
0,7619100
1,7666000
1,7616700
0,7699200
0,7627200
1,7663100
1,7611500
0,7689500
0,7621000
1,7786500
1,7620900
0,7673800
1,7730700
1,7695800
0,7600400
0,7845500
0,7705100
0,8029400
0,7476200
1,7544100
1,7551200
1,7506500
1,7461200
0,7838000
0,7493300
1,7523800
0,7477100
1,7720900
0,7466800
0,14941600
0,7856400
0,7857500
1,7896600
0,7543700
1,7550000
0,7452700
1,7550700
0,7484100
0,7628200
1,7445400
1,7704300
1,7621400
1,7673600
1,7810900
1,7683900
1,7635600
1,7617000
1,7669700
0,7618800
0,7698000
1,7619100
1,7657500
0,7617400
1,7618200
1,7312300
1,7701300
1,7391800
0,7527700
0,7328400
1,7416700
0,7374700
1,7515800
1,7312200
0,7434600
0,7378100
1,7453700
0,7327600
0,7455100
0,7829100
0,7393100
0,7987600
0,7413400
0,7548900
0,7460200
1,7431800
0,7391300
0,7458800
0,7446600
1,7479000
0,7454900
1,7637100
1,7540400
0,7565700
0,7568600
1,8120900
0,7796800
0,7787000
0,7479000
1,8557100
0,8384100
0,8871900
0,8148500
1,7831000
0,7681800
0,7741000
0,7648500
0,7893800
0,7770300
1,8118300
1,7643600
1,7875500
1,7783000
1,7784300
1,7639700
0,7756500
0,7592400
0,7563400
0,7530500
0,8827300
0,7771900
0,7609700
1,7633600
0,7758300
1,7577000
0,7554800
0,7473800
1,7646900
0,7537400
0,7607500
0,7529300
0,7621900
0,7538800
1,7643600
0,7473600
1,7731100
0,7545300
1,7619800
0,7476800
0,7639700
0,7510200
1,8259700
0,8018600
1,7729400
0,7665700
0,7748100
0,7680400
0,7831800
1,7732900
1,8114300
1,7655300
0,7836100
0,7645400
1,7830000
1,7678600
1,7786500
1,7628700
1,7603900
0,7551200
1,7624100
1,7465000
0,7814200
0,7551500
0,8646000
0,7540600
1,7769700
1,7559100
0,7613800
0,7647100
1,7763500
0,7699400
1,8193500
1,7644200
0,7931600
0,7631000
0,7713100
1,7637700
0,7759700
1,7619100
1,8265100
1,7626300
0,7787300
1,7621600
0,7710000
1,7649800
1,8605400
0,7654400
1,7852400
1,7642400
1,7717600
0,7650000
0,7731500
1,7621600
0,7803400
1,7593700
1,7745800
0,7488700
0,8187100
1,7525600
0,7672400
0,7525100
0,7595700
1,7518100
1,8036500
1,7538800
0,7585600
0,7521700
1,8002100
0,7551800
1,8034400
1,8249700
0,9106200
0,8512000
0,7791400
0,7472800
0,7572400
0,7576500
0,7641200
1,7521500
1,7747600
0,7676500
0,7758400
1,7634100
0,7699400
0,7681200
0,7811800
0,7650000
0,7726000
0,7689900
0,7941600
1,7638100
1,7769200
1,7602100
0,7436900
0,7388800
0,7504700
0,7332100
1,7730700
0,7810000
1,7452400
1,7299900
0,7442800
1,7387900
1,7489300
0,7347600
1,7464200
1,7355100
0,7938000
1,8091200
1,7558400
1,7416000
0,7928600
1,7982500
0,7566900
1,7358500
1,7588600
0,7321600
1,7374200
1,7455400
1,7519300
0,7660700
1,7460000
0,7502400
0,7510300
0,7542300
1,7462700
1,7505900
0,7481500
1,7518100
1,7464100
0,7618900
1,8098000
1,8361000
0,8512500
0,8642800
0,7940700
1,9947700
0,8754500
0,7482500
1,7545500
1,7447400
0,7636000
1,7780500
0,7598800
0,7636900
0,7805600
1,7841200
1,7818200
0,7784100
0,7818300
1,7786700
1,7812100
1,7760300
0,7844500
1,7793700
0,7851400
1,7858300
0,7862600
1,7760100
1,7952500
0,7783000
1,7810600
0,7777100
1,7846500
0,7786100
1,7810300
0,7771500
1,7816400
1,7764800
1,7925300
0,7470700
0,7638000
0,7380500
0,7461300
0,7697700
0,7832600
0,7677700
1,8331700
1,7460500
0,7755500
1,7407100
1,7628600
1,7359700
0,7580800
1,7669700
0,7667600
1,7687000
1,7636500
0,7681400
0,7648300
0,7675600
0,7618400
1,7771200
0,7652700
1,7662900
1,7635700
1,7503400
1,7374300
1,7537900
0,7377100
0,7996200
0,7331100
0,8740500
0,7891500
0,7470800
0,7327700
0,7594300
1,7394800
1,7697000
1,7486300
0,7722900
1,7673300
0,7753500
0,7651500
1,7706000
0,7792500
1,7776500
1,7655400
0,7702400
0,7873600
0,7751300
0,7672200
0,7658500
0,7541700
0,7598100
0,7554000
0,7563100
1,7555700
0,7749800
1,7539100
1,7578900
0,7544500
1,7626500
0,7551900
1,7548800
0,7501200
1,7524800
0,7428200
0,7406800
1,7438800
0,7439400
1,7518700
1,7311800
0,7628000
0,7988200
1,7803500
0,7668600
0,7499800
0,7473600
1,7599800
1,7554600
0,7550700
1,7550000
0,7617900
1,7514500
1,7643400
0,7584900
0,7634900
0,7532000
1,7587100
0,7539500
0,7577300
0,7438900
0,7415400
0,7436600
1,7692200
1,7401400
1,7520700
0,7523700
0,7763200
0,7472900
0,7437100
1,7402800
1,7996300
1,7442800
0,7483800
0,7731100
0,7908200
1,7574500
1,7579000
0,7565600
1,7540900
1,7629800
1,7520000
0,7613400
1,7511900
1,7609200
0,7587300
0,7674600
1,7546000
0,7612400
0,7562300
1,7600100
1,7539100
1,7756900
1,7576600
0,7634600
0,7550200
0,7620500
0,7569000
1,7599700
0,7494300
1,7584500
0,7550600
1,7694500
1,7813200
1,7738800
1,7672200
0,7624400
1,7483600
0,7594500
1,7575100
0,7654700
0,7496600
1,7994700
0,7895100
1,7765100
1,7555100
0,7702600
0,7485000
1,7512200
1,7461600
1,7571100
0,7499000
0,7604500
1,7551700
0,7509900
0,7480000
0,7465000
1,7523200
1,7445400
1,7569100
1,7446100
1,7555100
1,7444500
0,8386800
1,8424400
1,8347600
1,8396200
0,7489500
1,7651300
0,7675800
1,7718300
1,7657100
1,7726300
0,7666800
1,7971300
0,7657700
0,7768500
1,7656500
1,7724300
1,7845700
1,7692500
1,7656100
1,7735800
0,7664200
0,7860700
0,7653800
0,7739200
1,7807700
1,7704000
0,7651600
1,7783200
0,7658400
1,7701600
1,7653600
0,7616500
1,7441000
0,7487500
0,7464700
1,7412900
1,7392500
1,7408100
1,7374700
0,7424700
0,7611100
1,7355100
0,7417500
0,7381000
1,9604500
0,10735800
1,10291400
1,11424000
1,9829100
0,8305600
0,7780000
0,7658600
1,7808800
1,7747900
0,7806700
0,7554900
0,7635900
1,7626500
1,7702000
1,7640800
0,7705900
0,7662500
0,7749100
0,7664400
1,7816000
1,7828400
0,7808000
1,7728100
1,7820300
1,7665900
1,7747300
1,8460900
0,7714000
1,7609400
0,7716400
1,7628500
0,7680100
1,7683100
1,7920000
1,8009100
1,7884700
1,7965900
1,7822400
0,7813300
1,9058400
0,9471900
1,7803200
0,7833200
1,7815600
1,7767800
1,7816400
0,7789500
0,7795700
1,7763300
1,7758600
0,7610100
0,7869900
1,7608900
0,7905600
0,7646400
1,8724900
0,7624900
0,7751500
0,7609300
1,7741200
1,7602300
1,7670800
1,7498900
0,7642900
1,7603900
1,7680200
1,7599300
0,7684000
0,7621500
0,7706000
0,7611300
1,7966000
0,7663000
0,7741500
1,7601600
0,7582000
0,7466600
1,8090000
1,8070700
1,8940900
1,9230500
1,8381400
0,8403800
1,8115800
1,8692500
1,8398700
0,8205000
0,7838300
0,7828800
0,7838600
0,7808100
1,7844600
0,7792700
0,7799300
0,7771200
1,7917100
0,7835200
1,7796600
0,7788100
0,7799900
0,7726900
1,7618000
0,7683900
1,7655100
0,7695800
0,7702700
0,7730400
1,7654200
0,7682000
0,7631600
1,7656400
0,7635700
1,7675600
0,7552300
1,7345800
0,7442300
1,7431400
1,7373600
1,7354300
1,7404000
1,7357600
0,7553600
0,7331800
1,7543100
1,7359300
0,7406000
1,7357400
0,7511100
0,7376900
0,8143300
0,7556900
1,7676200
0,7667000
0,7617900
1,7319400
1,7503800
0,7409500
0,7530100
0,7328600
0,8249900
1,7598100
0,7722600
1,7501600
1,7844400
0,7544400
1,7631800
1,7485000
0,7730100
0,7595100
1,7728200
0,7502500
1,7927300
1,7531300
0,7723900
0,7753100
0,8196000
0,7548600
1,7718400
0,7554100
0,7597300
0,7544300
0,7674300
1,7566400
1,7587100
1,7487500
1,7619200
1,7534300
0,7621400
1,7552800
1,7543500
0,7674700
1,7562400
0,7753500
0,7653900
1,7608800
1,7554800
0,7608600
1,7537900
0,7621300
0,7538300
1,7554500
0,7517600
1,7558100
0,7801700
0,7570000
1,7539500
1,7621300
0,7542300
1,7597400
0,7553700
1,7614000
0,7543700
0,7637200
1,7398900
1,7513500
1,7437200
0,7525600
1,7452100
0,7510600
1,7434600
0,7411600
0,7428100
0,7531600
1,7459900
1,7313200
1,7486700
1,7431600
1,7620700
1,7314700
1,8712800
1,7551500
1,7518700
0,7452200
1,7415400
1,7401000
0,7577300
0,7421900
0,8758300
0,8277800
1,8402300
1,8097300
1,7650200
0,7660600
0,7618900
0,7717900
1,7824000
1,7598200
0,7673400
0,7620500
0,7857600
1,7598800
0,7676500
0,7618500
1,7825700
0,7609200
0,7677600
1,7599700
0,7833600
1,7598200
1,7881100
0,7623300
1,7679400
0,7610600
0,7740100
0,7498100
0,7488300
0,7364800
0,7432700
0,7313700
0,7532200
1,7356500
1,7578200
1,7711800
1,7945100
1,7902500
1,8224400
0,7954300
0,7773800
0,7636700
1,7785400
0,7649300
0,7744800
1,7701900
0,7720800
0,7681700
1,7690000
1,7654000
0,7845400
1,7624900
0,7790900
1,7616100
0,7726000
1,7620200
1,7688400
0,7620200
0,7680300
0,7659200
1,8064800
1,7641200
1,7735100
0,7652800
1,7677700
0,7702500
0,7680600
1,7614900
1,8114100
1,7695300
1,7860800
0,7689900
1,7718100
0,7610400
1,7756000
0,7623700
0,7684700
0,7610500
0,7700400
0,7624900
0,7692200
0,7612400
0,7694100
1,7604200
1,8090900
1,7778100
1,7753300
1,7641300
0,7722000
1,7637900
0,7780700
0,7668500
0,7582100
0,7388700
0,7581700
0,7981900
1,8473000
0,8853400
1,8629900
1,8382300
1,8127800
0,8271200
0,7433800
1,7398800
0,7573600
1,7838800
1,7860600
1,7782100
1,7850900
1,7826200
0,8096300
0,7801800
0,7849400
1,7818500
0,7862600
1,7824400
1,7803000
0,7987100
0,8329700
0,7604100
1,7559700
1,7599100
0,7539600
0,7857700
0,8625100
1,9127800
0,8173800
0,8775200
1,7886800
1,8302000
1,7955300
1,9555600
1,8557900
0,7782500
1,7810300
1,7799600
0,7798300
0,7777400
1,7801800
1,7781400
1,7793300
1,7761600
1,7806100
1,7620500
1,7683400
1,7734300
0,7683000
0,7656400
1,7815900
1,7600700
0,7672000
0,7620500
0,7631200
1,7759600
1,7651700
0,7584300
1,7372600
0,7396100
1,7348100
1,7410400
1,7372600
0,7469300
1,7377600
1,7430100
1,7450200
0,7483300
1,7333000
0,7637200
1,7373400
0,7412900
1,7333600
0,7549200
0,7429800
1,7632300
0,7315600
0,7390800
0,7675700
0,8063800
0,8049000
0,7698600
1,7375600
1,7476400
0,7647900
0,7468200
1,7557000
0,7455100
0,7527300
1,7541900
0,7540600
1,7440800
1,7574700
1,7449100
0,7874900
0,7462900
0,8283200
0,7468300
1,7634100
1,7803600
0,7723200
0,8041600
0,7723200
0,7487800
1,7635200
1,7448200
0,9212900
0,8287100
1,8907000
0,8142500
0,7847400
1,7863300
0,7846000
1,7898900
0,7797400
1,7805300
0,7786600
1,7767000
0,7814000
0,8015700
1,7802900
0,7924800
0,7799600
0,7830800
1,7801600
0,7808800
1,7789400
1,7815000
1,7813500
0,7818200
1,7803500
0,7779200
1,7831300
1,7798400
1,7808400
0,7862500
0,7619500
0,7775800
1,7633800
0,7684900
0,7623400
1,7661900
1,7638800
0,7674000
0,7620800
1,7706700
0,7664600
0,7755700
1,7636800
1,7724300
0,7654900
1,7651900
0,7615800
0,7685800
0,7656900
1,7695700
0,7621900
1,7693200
1,7660300
1,7656200
1,7634800
1,7687600
1,7553800
0,8056500
0,7991200
0,8555500
0,8634800
0,8583500
0,7642200
0,7717900
1,7535800
1,7743000
1,7555500
1,7658700
1,7876200
0,7827000
0,7822100
0,7869000
1,7820600
1,7815700
1,7922100
1,7834400
0,7842900
1,7833500
1,7843800
0,7969900
0,7823400
0,7649200
0,7554300
1,7550300
0,7555700
1,7604000
1,7569900
1,7587200
0,7553900
0,7596500
0,7578800
1,7531400
1,7535900
0,7660500
1,7487900
0,7517600
1,7448400
1,7579600
0,7591400
0,7418300
0,7431100
1,7396500
0,7539600
0,7336500
1,7697500
1,7421800
0,7496700
1,7318500
0,7496100
0,7411600
0,7667400
1,7315900
1,7728100
0,7402900
1,7472000
0,7335400
1,7480500
1,7399000
1,7588100
1,7610300
1,7584300
0,7570600
1,7666000
0,7778300
0,7723300
1,7518300
0,7587800
0,7610700
1,7676100
0,7862300
0,7817100
1,7930100
0,7886200
1,7549100
0,7762400
0,7660700
1,7720500
0,7767000
0,7856800
0,7669000
0,8266300
0,7630600
0,7752000
0,7659400
0,7723600
0,7648800
0,7662300
1,7407000
0,7486700
0,7406200
0,7714200
1,7979800
1,7622700
1,7421500
0,7411600
0,7519100
1,7387300
1,7490700
0,7423400
1,7616900
1,7525900
1,7637100
1,7502900
1,7608800
1,7545600
1,7716600
0,7481400
1,7608500
0,7551600
0,7650500
0,7482900
0,7671100
0,7829100
0,8486800
0,8442600
0,7997900
0,8235600
1,7889500
0,7944300
1,7538900
1,7539400
1,7608300
1,7556900
0,7701600
0,7504100
0,7785400
0,7819400
0,7878400
1,7837000
0,8016400
1,7839000
1,7856800
0,7886900
1,7768100
0,7781100
1,7769400
1,7789900
1,7762200
0,7735400
1,7837400
1,7724000
1,7600400
1,7856400
0,7626400
1,7901100
0,7648300
0,7672800
1,7602500
0,7648500
0,7667100
1,7638600
0,7725800
0,7648000
0,7669600
1,7746400
0,7680200
0,7645300
1,7776800
1,7637300
0,7732200
0,7634200
0,7673700
1,7640100
0,7707200
1,7518000
1,7439100
0,7376100
1,7430000
0,7540700
0,7487300
0,7565900
1,7392100
1,7373800
0,7547600
0,7376300
1,7358000
0,7400700
0,7418000
1,8654800
1,7461100
1,7317400
0,7472900
0,7387900
1,7316100
1,7415400
0,7366400
0,7574800
0,7353100
1,7428600
0,7364500
1,7990000
0,7612900
0,7743400
0,7808000
0,7997500
1,7563700
0,7969500
0,7365900
0,7628900
0,7401700
0,7841800
0,7530800
1,7827100
0,7624600
1,7603200
0,7610700
1,7789600
0,7658500
1,7840100
1,7641500
0,7787100
0,7679500
1,7670600
0,7611000
0,7715400
1,7617800
1,7685300
1,7601100
1,7696000
0,7636200
0,7677400
0,7608200
1,8012200
0,7636400
0,7691900
0,7612200
0,7706100
0,7619600
0,7690000
0,7608700
0,7636200
1,7450200
1,7630300
0,7454700
1,7613100
0,7465900
0,7738400
1,7447800
0,7679200
0,7467600
0,7544900
0,7491600
0,7478100
1,7460600
0,7386600
0,7446800
0,7329600
0,7491700
1,7375000
0,7489200
1,7345700
0,8330200
1,8581600
1,8910600
0,9196400
1,8798900
1,8447700
1,7809400
0,7961300
1,7816200
0,7967200
1,7815100
0,7844800
1,7795800
0,7925100
1,7816100
0,7802800
1,7765200
0,7807800
0,7786300
1,7946000
1,7762400
0,7812200
1,7794200
0,7791300
1,7767400
1,7804400
0,7796200
0,7801200
1,7766700
0,7829700
0,7686600
0,7558600
0,7474600
1,7695500
1,7445300
0,7567600
0,7465000
0,7574200
0,7455300
0,7665200
1,7449000
0,7566600
1,7445700
0,7603600
0,7378500
0,7447600
0,7310200
0,7405300
0,7590700
0,7343200
0,7502900
1,7395000
0,7543700
1,7313400
1,7488900
0,7437100
1,7461500
1,7329100
1,7618600
1,7513400
1,7442600
1,7313400
1,7459600
0,7375000
1,7390200
1,7438200
0,7477600
1,7394400
1,7524300
1,7511900
1,7517100
0,7411500
0,7382500
0,7859400
0,7387000
0,7468600
1,7359000
0,7806400
0,7390200
1,8220500
0,7588900
1,7643000
1,7563300
1,7740500
1,7817400
1,8078000
0,8149400
1,8136500
0,7741200
0,7886200
1,7821600
1,7652500
0,8813800
0,7759000
0,7694100
0,7629900
0,7768600
0,7822500
0,7775500
1,7806000
0,7795000
0,7813900
0,7788300
1,7831800
1,7857700
0,7830400
0,7813200
0,7783700
1,7801100
0,7718000
1,7654400
0,7621500
1,7671800
0,7633100
1,7703400
0,7617300
1,7681100
1,7620000
0,7757100
1,7637200
0,7738900
0,7629300
1,7532600
0,7409900
1,7434500
0,7390400
0,7305200
1,7643500
0,7656000
0,7448100
0,7306400
1,7431300
0,7391600
1,7802900
0,7304700
0,7508400
0,7577500
0,7620800
1,7448600
0,7524600
0,7484900
0,8898000
1,9079600
0,7781900
1,8062900
0,8651600
1,8429100
1,8367800
1,7798900
1,7803400
0,7808500
0,7827600
0,7812000
1,7781700
0,7782600
1,7823300
1,7780600
0,7796300
0,7917900
1,7816600
1,7785400
1,7645000
1,7659800
0,7873400
0,7676200
0,7679100
1,7747600
0,7619100
0,7692600
1,7624900
0,7649400
1,7687300
1,7599300
1,7670500
0,7625700
0,7807800
0,7622500
1,7693300
0,7635500
0,7814300
0,7628900
0,7686700
1,7620700
1,7762100
1,7604200
1,7685900
1,7618100
1,7649400
1,7448700
1,7534800
0,7473600
1,8200600
0,7535200
0,7565200
0,7492600
1,7563700
0,7466200
0,7530800
1,7459300
0,7644400
1,7420000
1,7578200
0,7751100
1,7892700
0,7601200
1,7744300
1,7655000
0,7919600
0,7625200
1,7839800
1,7639100
0,7704600
0,7410900
0,7632500
1,7443700
0,7647500
0,7500400
1,7577200
0,7491500
0,7470200
1,8332100
0,7605600
1,7442300
1,7482800
1,7643500
0,7495300
0,7560600
0,7376200
0,7450900
0,7405100
1,7352000
1,7391200
0,7755300
1,7706000
1,8174600
0,7641400
0,7593200
1,7434600
0,7361800
1,7485300
0,7840700
1,7635200
1,7651700
0,7616400
0,7681400
1,7630900
0,7710300
0,7621300
1,7769900
1,7633600
0,7655400
1,7636500
1,7654800
0,7488000
1,7487400
1,7480700
1,7512300
1,7497600
1,7515500
1,7483000
0,7648800
1,7479600
0,7555100
0,7464500
1,7506400
1,7478700
1,7489100
0,7316300
0,7375200
0,7520600
1,7354500
0,7423000
0,7378800
1,7718700
1,7352500
1,7437200
0,7377600
0,9143800
1,8465900
0,8087400
0,8236500
0,7696600
0,7608000
1,7708300
0,7640400
0,7855600
1,7599900
0,7679700
1,7619300
0,7820900
1,7698500
0,7686700
0,7638800
0,7701500
1,7598100
1,7700100
1,7623300
0,7695200
1,7597600
0,7687700
1,7639200
1,7674500
1,7597200
1,7900700
0,7642400
1,7643000
1,7474700
1,7556600
0,7483200
0,7617000
1,7445900
1,7621200
0,7480700
0,7597200
1,7818700
1,7925900
0,7486900
0,7608400
0,7455800
1,7569400
0,7500300
0,7549200
1,7598400
0,7526200
1,7463900
1,7523400
0,7456400
1,7559400
0,7594600
1,7621700
1,7613400
1,7544000
1,7504600
0,7637200
0,7764300
1,8254000
0,7464100
0,7573200
0,7490900
1,7730700
1,7544900
0,7699800
0,7506700
1,7622600
0,7698800
1,7620100
0,7696300
0,7637900
1,8165300
0,8401000
0,8411100
0,8947300
0,7627000
0,8072400
1,7602600
0,7705400
0,7623600
1,7915200
1,7776700
1,7812300
0,7781700
1,7809500
0,7785500
1,7813500
0,7784000
1,7915300
1,7799900
1,7831900
0,7885000
1,7803800
1,7459600
0,8217000
1,7722400
0,7848900
1,7648900
0,7639000
1,7472900
0,7699400
1,7546100
1,7600300
0,7484100
0,7737700
1,7537000
0,7748200
0,7664900
0,7708700
0,7671300
1,7856400
1,7646300
0,7722200
0,7692300
1,7743200
0,7661700
1,7654900
1,7695700
0,7668500
1,7687100
0,7365400
1,7480600
0,7417800
0,7541100
1,7433800
1,7428800
0,7657700
1,7486700
0,7368500
1,7488100
1,7674500
1,7517100
0,7480700
0,7762300
1,7562800
0,7718600
1,7569800
1,7683500
0,7541600
0,7753000
1,7691300
1,7533600
0,7537700
1,7635800
0,7577900
1,7574500
0,7537300
1,7802400
0,7571600
0,7685200
0,7804300
0,8056300
1,8583000
1,8413700
1,8431300
1,7731700
1,7876200
1,7684600
1,7673100
1,7753400
1,7641900
0,7713100
0,7660100
1,7818900
1,7674400
1,7736900
1,7678700
0,7769000
1,7745800
1,7970300
0,7667400
1,7717000
1,7656000
0,7693400
1,7676500
0,7901300
1,7659200
0,7698000
0,7698800
0,7766800
0,7674800
0,7709700
0,7660100
0,7935800
0,7649100
0,7649200
0,7805300
0,7989000
1,7541900
1,7599600
0,7466400
1,7673600
1,7534900
0,7664800
1,7507100
1,7805900
0,8271900
1,7783900
1,7754700
1,7608600
1,7520800
0,7527000
1,7498900
0,7470700
0,7766000
1,7443600
1,7570500
1,7480100
1,7539100
1,7443100
1,7532600
1,7299200
0,7501100
1,7414300
1,7559600
0,7313900
0,7508100
0,7780000
1,7503500
0,7318800
0,7606700
1,7447000
1,7527600
1,7384800
0,7577200
1,7676100
0,7575000
1,7454300
1,7518400
0,7458300
1,7499500
1,7508400
0,7478300
0,8229300
1,7635700
0,7629400
1,7504600
1,7491000
1,7499500
1,7530200
1,7458300
1,7523000
1,7499200
0,7578800
1,7464000
1,7519400
1,7610400
0,7656100
1,7472400
1,7639500
0,7598900
0,7688200
0,7327500
1,7434800
1,7408700
0,7465400
1,7341100
0,7566700
1,7656700
0,7379100
0,7389900
0,7668300
0,7392700
0,7530500
0,7474900
0,7454200
1,8427800
0,8302300
0,8289100
1,8658300
1,7494900
0,7541200
1,7525600
0,7525600
1,7502500
0,7467800
1,7726300
0,7608500
0,7748500
1,7601600
1,7683600
0,7624900
0,7729900
1,7607700
1,7686200
1,7619500
0,7681600
0,7621900
0,7689500
1,7467200
0,7443600
0,7376100
1,7533500
0,7528900
0,7371000
1,7361900
1,7495200
0,7416400
1,7519400
1,7360400
0,7487300
0,7379000
1,7759400
0,8035600
1,7567300
0,7418100
0,7485100
0,7380000
0,7520600
1,7374400
0,7372400
1,7360700
1,7373200
0,7465900
0,7314600
1,7764800
1,7463800
0,7616200
1,7484800
1,7811600
1,7461800
0,7573200
0,7536800
1,7542000
0,7650800
1,7810200
1,7552600
1,7580200
0,7478700
1,7624200
1,7675400
1,7649300
0,7507600
0,7557900
1,7517800
1,7524600
0,7693700
1,7609600
0,7463600
1,15434900
0,9073300
1,8419000
1,7707700
1,7601200
0,7709000
1,7600100
1,7784300
1,7804000
0,7718900
1,7598300
1,7689100
1,7604800
0,7711200
1,7597200
0,7587000
1,7484800
0,7475200
1,7641600
1,7479300
1,7521300
0,7476100
0,7599900
1,7483200
1,7532500
1,7461800
0,7586000
1,7484400
0,7634800
0,7332700
1,7479500
1,7393600
1,7789200
0,8260300
1,7736400
0,7548100
1,7661900
1,7316000
1,7419700
1,7392900
0,8202700
1,8052600
1,8222100
0,8874700
1,7795700
1,8005900
0,7925900
1,8115300
0,8508500
1,9922800
0,7837500
0,7952900
1,7741300
1,7733400
0,7768900
0,7821900
0,7781500
0,7823900
1,7764100
1,7813800
1,7799400
0,7914900
0,7770800
0,7837300
1,7767100
0,7952700
0,7559800
1,7497900
1,7418000
0,7450100
0,7504300
1,7331100
1,7507700
1,7372200
1,7416200
0,7450000
0,7490500
0,7390000
1,7369000
0,7391700
1,7557400
0,7387100
0,7392000
1,7623600
1,7576700
1,7374900
1,7355300
0,7415100
1,7497200
1,7372600
1,7388000
0,7390600
0,7375900
1,9430200
0,8385400
0,9196000
0,8671100
1,9008700
0,8500700
0,8736400
0,8866200
0,7596200
0,7399500
1,7604400
1,7610800
1,7779100
1,7773400
1,7813100
0,7823200
1,7817800
1,7760300
0,7817600
0,7809000
1,7821900
0,7774700
0,7868500
1,7762700
0,8044500
0,7705200
0,7759700
0,7645300
1,7683800
0,7613400
0,7672700
1,7605400
0,7918900
0,7611700
0,7677400
1,7638700
0,7861200
0,7605800
1,7594300
0,7619300
1,7461100
1,7506300
0,7465700
0,7535200
1,7767400
1,7715400
0,7463800
0,7541900
1,7463000
0,7515700
1,7478400
1,7520400
0,7477400
1,7557700
0,7462700
0,7540000
1,7462000
1,7519600
1,7482300
0,7550700
1,7464400
1,7510400
0,7465100
0,7598400
1,7396000
1,7434400
0,7376800
1,7373000
1,7546600
1,7356700
0,7500200
1,7373700
0,7387200
0,7367100
1,7514300
1,7342900
0,8364200
1,7609900
1,7622700
1,7598900
1,7582400
0,7455300
1,7525300
1,7464300
0,7574500
1,7444500
0,7820900
0,7482700
1,7526500
1,7576600
1,7547800
1,7629300
0,7706600
0,7610800
1,7692300
0,7637600
1,7670000
0,7610900
1,7870300
0,8007100
1,8047700
1,7948900
1,7874700
1,7651000
0,7687900
1,7598700
1,7638500
0,7703600
1,7617400
1,7659700
1,7636200
0,7824500
0,7631800
0,7657500
1,7653700
0,7691200
0,7630400
0,7420400
1,7348000
1,7517200
0,7435500
1,7583600
0,7329200
1,7498700
1,7377100
1,7451400
0,7313300
0,7534200
0,7386700
0,7419100
1,7331300
0,7548600
0,7387700
0,7533400
1,7347000
0,7474700
0,7389600
1,7475500
0,7315500
0,7455800
0,7422700
0,7364300
1,7416400
1,7660400
0,7477700
1,7440100
1,8653600
0,7808500
0,7537500
0,7612700
1,8842300
1,7651500
0,7548100
1,7621000
1,7694500
0,7505400
0,7635300
0,7514300
0,7755400
0,7637600
0,7733800
0,7608600
0,7695500
0,7619300
0,7853800
0,7609200
0,7693500
1,7602800
0,9029400
0,7560800
1,7576900
1,7447100
1,7573200
1,7445800
1,7539000
1,7445400
1,7893700
0,7453000
1,7551700
1,7445700
0,7596300
1,7444900
1,8485600
0,7502400
1,7447000
1,7295600
0,7516500
1,7355700
1,7571000
1,7294400
1,7465200
0,7376000
0,7617000
1,7300600
1,7473500
1,7359900
1,7373200
1,7512400
0,7388200
1,7458200
0,7388300
0,7653300
1,7404600
0,7473700
0,7388000
0,7398100
1,7405500
0,7434200
0,7447100
1,7368600
1,7407000
1,7529700
1,7311100
1,7525800
0,7391000
1,7580700
0,7333100
0,7665800
1,8621100
0,7609300
0,7482200
1,7767200
0,7458900
1,7655900
0,7634300
0,7675800
1,7651900
1,7719600
1,7620400
0,7689000
1,7735800
0,7674000
0,7632200
1,7754500
0,7620600
1,7759300
1,7466200
1,7518600
0,7465700
1,7447300
0,7558000
0,7490900
0,7547500
0,7466300
0,8028500
1,8353200
1,8049900
1,8161400
1,8409200
1,8377800
1,7712900
0,8114600
0,8069900
1,7706700
1,7637500
1,7604800
1,7687900
0,7667100
0,7622000
0,7621200
0,7712300
1,7691100
1,7849500
0,7790400
1,7817100
0,7772300
1,7809200
0,7796200
0,7814200
1,7767900
0,7782500
0,7810300
1,7792800
0,7919700
0,7658900
0,7581000
1,7391600
1,7569300
1,7644400
1,7420100
1,7472100
1,7357000
1,7557800
0,7374600
0,8322200
1,8681400
0,9443000
0,8001300
0,7825600
0,7869000
1,7858400
1,7814100
1,7787900
0,7786400
1,7809000
0,7836900
0,7816300
0,7821500
1,7871500
1,7814900
1,7780200
1,7771900
0,7781800
1,7821000
1,7793200
0,7796600
0,7790800
1,7779400
1,7778700
0,7791300
1,7817400
0,7796100
0,7776100
0,7775200
1,7655200
0,7689300
1,7618100
0,7666200
0,7688300
1,7601100
1,7673200
1,7599100
1,7843700
1,7604200
0,7697400
0,7567900
1,7648100
1,7358700
1,7529400
0,7333800
1,7481400
0,7377000
1,7473000
1,7356500
0,7518100
1,7359900
0,7379200
1,7355700
0,7424400
0,7375100
0,7491500
0,7367400
0,7460900
1,7299000
0,7459900
1,7402800
0,7420900
1,7465700
0,7527400
1,7437700
1,7426700
1,7716400
1,7595600
0,7561100
0,7482000
1,8148300
1,7809300
1,7555500
1,7687000
1,7559600
0,7590700
0,7606500
0,7485300
0,7542600
1,7461900
1,8023000
1,7975900
0,7876200
0,8103100
0,7670900
1,7681300
0,7677500
0,7627400
1,7675900
0,7619200
0,7748800
1,7620200
1,7670300
1,7639100
0,7686200
1,7618400
1,7743300
0,7620700
0,7698900
1,7615900
0,7691900
0,7621200
1,7646600
0,7630800
1,7669300
1,7633500
1,7589100
1,7371400
1,7451400
1,7545800
0,7620600
1,7372600
0,7636800
0,7315900
0,7515700
0,7422800
1,7420000
1,7336300
1,7357000
1,7615700
1,7509100
0,7602000
1,7448100
1,7873000
1,7463400
0,7519200
1,7448100
0,7524800
1,7475900
1,7885000
0,7658700
0,7658800
0,7639300
1,7691100
1,7787500
1,7832600
1,7539600
1,7624900
1,7452600
1,8189700
1,7845200
1,7700700
1,7515200
1,7533500
1,7462100
1,8907400
1,7589300
0,7833000
1,7694200
0,7751600
1,7605600
0,7774200
1,7602800
1,7854900
1,7602200
0,7842200
1,7599500
0,7674300
0,7617800
0,7753100
1,7295800
1,7505200
1,7358700
1,7478100
1,7295700
1,7522400
1,7360600
0,7512300
0,7305900
1,7441200
1,7357000
0,7362200
0,7457900
0,7376300
0,7421000
1,7323800
1,7514900
0,7372600
1,7751300
1,7327700
0,8170100
1,7391200
0,7447000
1,7329500
0,7434400
0,7375200
0,7560400
1,7466300
0,7382300
1,7394400
0,7376200
0,7426100
1,7357700
0,7604300
1,7329200
0,7611400
0,7366900
0,7504000
0,7625800
0,7582800
1,7444800
1,7562200
0,7463700
1,7567300
0,7454300
0,7558500
0,7496400
1,7703300
0,7559300
0,7986500
1,7549300
0,7872700
0,7537100
0,7664600
1,7597800
0,7695500
0,7610400
1,7689700
0,7619100
1,7681900
0,7609000
1,8363300
1,7603700
0,7703700
0,7607400
0,7555200
0,7376000
1,7543700
0,7366500
1,7571400
0,7378800
1,7458100
1,7357000
1,7330100
0,7544700
0,7420700
0,7420100
0,7343300
1,7629600
1,7389700
1,7355300
1,7392800
0,7490500
0,7402200
1,7427700
0,7373300
0,7680300
1,7390900
1,7357400
0,7679900
1,7450900
0,7402700
0,7637900
1,7393600
1,7528700
0,7553200
0,7711300
1,7474400
1,7356200
0,7490800
0,7301700
1,7566000
1,7355000
0,7626100
0,7303700
1,7671000
0,7501000
1,7634700
0,7569500
0,7526700
0,7372000
1,7528200
1,7510200
1,7817300
1,7449200
0,7726600
0,7453700
0,8007700
1,8352800
0,7920000
1,7721300
1,7677000
0,7560600
0,7704800
1,7944500
0,8258600
0,8576800
0,8511400
0,8238800
1,8280400
1,8014900
1,7712600
1,7759600
1,7825400
0,7810800
1,7948400
0,7773000
1,7819100
1,7782500
0,7830700
0,7767100
0,7791200
1,7800100
1,7855700
1,7488500
1,7792900
1,7447700
0,7528300
1,7445800
1,7562800
1,7499000
0,8509400
1,7441500
1,7649600
0,7464500
1,7544000
0,7454000
1,7562200
1,7298300
1,7470600
0,7366200
0,7865600
0,8132200
1,9106000
1,8772300
0,8944300
1,8912500
0,8636900
1,8671100
0,8136700
1,7860800
1,7830300
0,7818900
0,7780000
0,7798900
1,7780200
1,7816100
1,7800700
0,7862800
0,7793500
0,7840500
0,7778000
0,7791600
0,7794500
0,7962100
0,7778700
1,7815900
1,7837900
1,7792100
1,7838900
0,7803600
0,7818100
1,8262900
0,7780100
1,7782000
0,7813000
1,7823100
1,7821200
1,7845200
0,7857500
0,7965700
1,7843200
0,7839100
1,7842900
0,7876600
0,7819900
0,7836600
0,7711700
0,7478300
1,7418600
1,7502000
0,7346900
0,7537700
1,7415300
1,7412500
0,7529200
1,7561200
0,7389900
1,7489200
1,7328700
1,7569900
0,7735500
1,7488800
1,7405000
1,7611300
1,7612300
1,7337600
0,7644400
1,7395100
0,7525400
1,7357800
1,7486200
1,7380300
1,7537100
1,7425400
1,7639700
1,7599200
0,7748300
1,7499700
0,7681300
0,7532800
1,7654000
0,7720900
1,7655400
0,7543300
0,7573000
0,7559200
0,8270100
1,7545400
0,7616400
0,7580900
0,7546300
1,7483500
0,7613600
1,7849600
1,8060100
1,7829400
0,7666500
0,7565200
0,7610100
0,7545300
1,7692400
0,7639100
1,7668100
0,7610000
1,7711000
0,7640200
1,7796300
1,7600500
0,7667300
0,7634800
1,7669600
0,7609900
1,7607700
1,7544600
1,7372500
0,7704000
0,7316300
0,7601000
0,7389300
1,7579700
0,7313500
1,7577100
1,7371500
0,7371900
0,7371400
1,8152700
0,7923400
1,7492700
1,7359300
1,7565200
1,7372000
0,7403500
0,7313100
1,7439800
1,7487400
0,8115200
0,7383000
0,7392400
0,8303700
1,7447500
0,7552900
1,7464800
1,7567900
1,7443900
1,7734900
1,7447800
0,7709600
1,7444500
1,7586800
1,7445200
0,7682200
0,7452900
0,7458700
1,7360300
1,7456800
0,7687900
1,7551800
1,7359300
1,7581500
0,7527200
0,7577700
0,7378600
0,7666100
1,7359900
0,7311100
0,8893100
1,8015200
1,10018300
0,7852900
0,7629500
0,8040800
0,7948800
0,7698900
0,7620000
1,7682000
1,7598400
0,7712800
1,7602500
0,7694800
1,7615800
0,7669300
1,7601000
1,7674000
1,7613400
1,7699600
1,7602100
1,7669500
0,7627700
1,7728300
1,7604000
0,7690200
0,7546600
1,7414400
1,7362700
0,7388800
0,7910900
1,7335200
1,7445200
1,7496300
1,7469400
0,7314900
1,7642800
1,7373000
1,7468800
1,7410600
0,7542000
1,7461400
1,7620900
1,7480900
0,7610500
0,7478400
0,7586500
1,7683800
0,7641700
1,7500600
0,7733400
1,7576200
1,7554900
0,7477100
1,7584100
0,7461600
1,7575200
0,7478700
1,7504200
0,7462200
0,7958500
0,7476500
1,7459800
0,7605400
1,7445500
0,7531900
1,7460800
1,7675300
0,7649600
0,8538500
0,7581300
1,7671500
1,7445900
1,7511000
0,7488700
0,7600500
1,7446300
0,7603700
0,7470400
1,7729600
1,7619700
0,7906000
0,7738200
1,8006600
0,7740600
0,7847200
0,7627700
1,7787100
0,7620500
0,7720000
0,7612400
1,7701000
0,7621800
0,7710400
0,7611200
1,7693800
0,7620100
1,7698500
1,7653800
1,7892500
1,7602900
1,7953000
1,7602200
1,7767300
1,7775700
1,7694100
0,7609400
0,7791800
0,7622600
0,7717700
1,7599500
0,7669300
0,7676000
0,7788800
1,7600300
0,7753600
0,7624100
0,7724100
0,7608800
1,7698700
1,7603300
0,7837600
0,7611400
1,7735700
0,7622100
1,7689200
1,7598600
0,7872700
1,7653400
1,8177200
0,8082000
0,7744600
1,7624600
0,7696700
0,7608200
0,7677200
1,7640200
0,7778800
0,7654700
1,7726100
0,7641100
1,7814900
0,7610600
1,7699500
0,7638700
0,7694200
1,7601700
1,7696100
0,7640800
0,7685200
1,7596600
0,7672100
0,7636500
0,7702600
1,7596100
0,7618500
0,7879200
0,7594300
0,7374800
0,7435800
0,7614100
0,7700900
0,7396500
1,7389900
0,7452600
0,7387300
0,7475500
0,7375400
1,7495400
1,7373600
0,7550900
1,7483800
0,7561200
0,7550500
1,7505400
1,7567600
0,7710000
0,7666300
1,8070100
0,7549500
1,7663300
1,7587200
1,8039500
0,8091600
1,8035200
1,7843200
0,7814600
1,7826400
0,7807100
1,7780900
1,7774600
1,7817400
1,7915800
0,7796200
1,7792000
0,7799300
1,7782500
0,7794900
0,7781000
1,7816200
0,7829200
0,7798800
0,7785700
0,7791300
0,7790500
1,7779600
0,7995500
1,7847600
1,7910800
0,7476800
1,7663000
0,7464300
1,7664400
0,7478900
1,7692100
1,7876500
0,7862300
0,7546700
1,7613200
1,7605000
1,7632000
1,7464500
1,7658000
0,7500400
1,7576000
0,7478200
0,7551700
0,7623800
0,7568000
1,7480100
0,7493000
1,7706900
0,7466400
1,7668800
1,7777000
1,7572500
1,7448700
0,7701800
0,7471000
0,7547300
0,7465600
1,7568800
1,7460400
0,8286800
1,7614900
1,7536800
0,7473300
1,7574200
1,7447200
1,7547200
0,7472100
1,7637600
1,7446200
1,7520800
1,7481800
0,7522200
0,7467000
1,7552800
0,7468800
0,7613200
1,7445700
0,7615800
1,7372700
1,7450500
0,7343500
0,7545400
1,7468900
1,7391500
1,7360500
0,7387100
0,7490200
0,7374000
1,7357200
0,8205800
1,7595900
0,7463200
0,7915000
1,8071200
0,7814800
0,7626000
1,7672400
0,7510000
0,7600300
1,7511300
1,7601700
1,7494500
0,7600700
1,7482400
0,7808900
0,7637400
0,7702300
1,7639000
0,7921600
0,7654900
0,7672100
0,7619500
0,7721200
1,7637200
0,7662700
1,7634700
1,7693300
0,7672700
0,7674900
0,7618900
0,7683600
0,7649400
0,7686000
1,7637600
0,7676600
1,7768400
0,7676200
1,7635800
0,7745500
0,7658300
0,7604800
1,7331100
1,7419400
1,7479100
1,7385300
0,7534300
1,7537200
1,7754400
1,7393800
1,7380300
0,7376900
1,7659600
0,7302900
1,7541500
0,7469000
0,7663500
1,7442900
1,7565600
0,7464300
0,7546900
0,7453900
0,7516300
0,7465400
1,7582800
0,7454000
1,7578500
0,7465300
1,7523500
1,7354800
1,7327700
1,7432800
1,7404100
0,8563500
0,7514000
1,7560200
0,7498800
1,7426500
0,7314100
0,7560600
0,7404200
0,7633900
0,7620900
1,7663900
1,7630300
0,7657900
0,7615500
0,7716500
0,7648900
1,7921600
0,7876300
1,7815400
0,7865100
0,8810600
0,7804300
0,7831600
1,7797100
0,7792500
0,7781500
0,7822600
1,7782700
0,7785100
0,7782300
0,7829400
0,7796200
1,7786200
1,7779300
1,7693900
0,7632200
1,7942300
1,7636400
0,7700100
1,7629000
0,7672000
0,7523600
1,7831600
1,7899300
1,7909000
0,8616700
0,7950200
1,7951500
1,10690900
1,8679500
0,9481100
0,9917400
0,7821300
0,8177700
1,9175400
1,7647500
1,7690100
0,7663400
0,7818400
0,7850900
1,7806000
0,7801300
1,7797900
1,7815500
0,7824200
1,7866600
0,7853600
1,7828200
0,7873500
1,7827100
0,7793600
0,7822800
0,7726600
1,7652700
0,7853800
0,7900000
1,7656300
0,7621100
1,7670800
0,7696100
0,7683800
1,7635900
0,7733300
0,7654400
0,7696800
0,7621900
1,7662200
0,7655600
1,7673400
1,7640200
0,7692100
0,7965400
1,7667400
1,7648300
0,7740900
1,7619900
1,7723000
0,7630900
1,7907700
0,7636100
0,7699000
0,7623400
1,7699600
1,7683600
0,7865100
0,7681900
0,7634300
1,7718300
0,7612500
0,7705600
0,7502400
1,7543200
1,7444200
0,7543200
1,7461400
0,7536400
0,7459400
0,7580300
0,7481200
1,7520900
1,7442900
1,8164500
0,7483500
1,7550900
1,7295000
1,7532900
0,7394500
1,7498700
1,7295000
0,7514500
0,7395500
0,7455200
1,7298600
1,7446800
0,7411700
1,7315900
0,7679500
0,7378500
0,8292100
1,7611800
0,7612600
0,7464200
0,7551400
1,7495200
0,7610600
1,7457600
1,8172700
0,8621300
1,8853600
0,8388400
0,7812500
1,7836600
0,7806900
1,7922300
1,7825300
1,7826500
0,7776100
0,7862000
1,7768900
1,7796000
1,7802300
1,7847100
1,7766600
1,7800600
1,7770500
0,7875600
0,7812400
0,8005800
0,7783000
0,7926800
1,7765000
0,8044100
0,7818700
0,7841000
0,7784700
0,7811400
1,7786200
0,7800400
0,7787200
1,7946900
1,7775000
1,7824300
0,7787900
0,7803300
0,7790100
1,7816000
1,7764900
0,7741900
1,7464400
0,7593100
1,7448200
0,7586800
0,7502100
1,7541000
0,7467600
1,7656900
0,7522100
0,7466900
1,7544400
0,7480100
0,7683200
1,7748700
1,7418700
1,7405200
1,7551200
1,7928000
1,8396000
0,7518700
1,7525400
0,7470000
0,7640700
1,7329200
1,7456400
0,7376100
1,7643300
1,7619300
0,7762000
0,7618400
0,7716100
1,7652100
0,7672000
0,7621300
1,8140900
1,7638100
0,7687100
0,7621700
0,7698700
0,7653600
1,7724400
1,7641200
1,7695300
0,7658400
0,7679400
0,7615600
0,7929500
0,7697000
1,7654400
1,7638900
1,7659400
1,7637800
1,7599000
0,7467100
0,7467500
0,7591800
1,7446100
0,7518100
1,7540800
1,8659800
0,7458800
0,7530500
1,7449100
1,7539900
1,7445500
0,7495000
0,7316200
0,7465500
0,7367400
1,7964700
0,7344100
0,7468600
0,7389400
1,7440100
1,7395800
0,7471200
0,7412300
1,7447100
1,7367000
0,7640800
0,7414500
1,7695200
0,7403300
0,7517300
0,7392600
1,7574400
0,7403600
0,7430800
0,8426600
0,7655900
0,7585500
0,7958500
1,7724700
0,7675400
1,7609000
1,7638200
0,7678500
0,7616100
0,7758800
1,7620300
1,7956400
1,7636000
0,7721600
1,7614800
0,7667500
1,7481100
0,7546900
0,7473000
0,7681200
1,8033000
1,8379000
0,8528800
1,8198700
1,8002000
0,8401400
0,8007900
0,7457700
0,7670200
1,7791300
0,7807000
1,7766800
1,7839500
1,7812200
1,7809100
0,7919500
0,7909800
0,7828300
0,7845500
1,9296400
1,7842200
0,7795300
0,7841800
0,7782400
0,7955300
0,7796900
0,7941100
0,7794500
1,7867200
1,7778100
0,7817500
1,7782500
1,7825200
0,7777700
0,7903900
0,7648400
0,7678700
0,7623400
1,7962600
1,7619900
0,7819800
1,7606400
0,7701600
0,7623500
1,7704600
1,7606900
0,7824300
0,7741900
1,7726500
0,7620600
1,7692800
0,7633400
0,7691800
1,7619700
0,7632900
0,7869900
1,7640500
1,7671400
1,7619800
0,7691100
1,7640600
1,7713400
0,7645500
0,9865300
1,7747600
1,7607100
0,7770400
1,7837100
0,7683400
1,7601100
0,7713400
0,7612600
0,7707000
1,7447500
0,7566800
0,7454700
1,7483400
0,7512100
1,7477300
1,7612500
1,7483500
1,7613100
0,7493000
0,7535800
0,7464400
1,7651500
1,7390600
0,7547000
1,7334500
1,7460500
0,7405500
1,7486300
0,7500800
0,7504800
0,7423700
0,7432200
1,7333300
1,7482400
0,7403700
1,7393000
0,7371800
1,7363000
1,7903900
0,7455800
0,7442500
0,7633200
0,7616800
1,7356700
0,7453300
0,7734400
0,7832600
0,7372700
0,8062400
0,7624100
0,7716900
0,7612600
1,7877900
0,7663700
1,7684100
1,7601700
1,7896500
0,7626600
1,7767400
0,7612300
0,7681900
0,7621400
1,7692200
1,7600700
1,7693200
1,7616200
0,7759600
1,7602400
1,7695400
1,7620100
0,7682200
0,7613600
0,7672900
0,7658100
0,7616000
0,7372000
1,7453000
1,7375000
0,7660900
0,7365300
1,7533600
1,7329700
0,7440200
0,7396800
1,7392100
0,7384500
0,7390100
0,7450300
0,7373700
1,7514200
0,7817100
1,7986600
1,7792700
1,7468700
1,7312600
1,7416000
0,7374900
0,7464900
0,7343800
0,7557600
0,7374400
0,7671400
0,7474300
0,7516300
0,7500700
1,7650800
1,7835700
0,7614000
1,7514800
0,7536500
1,7465500
0,7631800
0,7484800
0,7484300
0,7665000
1,7598200
1,7709500
0,7639900
0,7791600
0,7605800
1,7712800
0,7657100
0,8119600
0,7652700
0,7729800
1,7624600
1,7749400
0,7618800
1,7697600
0,7641400
1,7675400
0,7613300
0,8145700
1,8370700
1,8329700
1,8552200
0,7649000
0,7671200
1,7621300
1,7654400
0,7786300
1,7779000
1,7780700
1,7803100
0,7924600
0,7797400
0,7795300
0,7772800
1,7827600
1,7764100
1,7809500
1,7761300
0,7813600
1,7359300
1,7464600
1,7295700
1,7553800
0,7347100
0,8021500
0,7365000
1,7525000
0,7375100
1,7372200
1,7355500
0,7555400
0,7681000
1,7498200
1,7443900
0,7552200
0,7526700
0,7645100
1,7446200
1,7599200
0,7469400
1,7536100
1,7598100
0,8050600
1,7448200
0,7476500
1,7809900
0,7637800
0,7671000
1,7619000
1,7745400
1,7637000
0,7691400
0,7632300
1,7675800
1,7763800
0,7723200
0,7632400
0,7871500
1,7707700
0,7673400
1,7617200
1,7819100
1,7635200
0,7673200
1,7616800
0,7745900
0,7621000
1,7667800
1,7620000
1,7666400
0,7619400
1,7609100
0,7476500
0,7580400
0,7463600
1,7603600
1,7463700
0,7559500
1,7485100
0,7697800
1,7464500
1,7759000
1,7509200
0,7815200
0,8432400
1,8576300
1,8890700
1,7855500
1,8127900
0,7875300
0,7700600
0,7695100
0,7657700
1,7697200
1,7632000
1,7671300
0,7661900
1,7740200
0,7783700
1,7776300
1,7819400
1,7778700
1,7847400
1,7794200
0,7819500
0,7801900
1,7801900
1,7774900
0,7812100
1,7773000
0,7657300
0,7701200
0,7648900
0,7798500
0,7620200
1,7767800
1,7617600
0,7669900
1,7769200
1,7676600
1,7620400
0,7676200
1,7638500
1,7600900
0,7475300
0,7883100
0,7790500
1,8885300
0,7511500
0,8007000
0,7658700
0,7741500
0,7478700
0,7530100
0,7464700
1,7589000
1,7615500
0,7663800
0,7715200
1,7676900
1,7621600
1,7662100
0,7617100
1,7677800
0,7633800
1,7713800
0,7622700
1,7715900
0,7632300
0,7550100
1,7334500
1,7449800
0,7389900
0,7432700
1,7333300
0,7451700
1,7374300
1,7354400
1,7470300
0,7391300
0,7452300
1,7293000
1,7614600
1,7376200
1,7454800
0,7364900
0,7573800
0,7404900
1,7507000
1,7294800
0,7443500
0,7390900
0,7536200
0,7339000
0,7469000
0,7700900
0,7559600
1,7456800
0,7461700
1,7505200
1,7463600
0,7546900
1,7483700
1,7532300
1,7621800
1,7601800
0,7463100
0,7641900
0,7478800
1,7435200
1,7392100
1,7495700
0,7358000
0,7368400
0,7374600
1,8203400
1,7705500
0,7672400
1,7424100
1,7750900
1,7716200
1,7629300
0,7609900
1,7776400
0,7684000
0,7795000
0,7772900
1,7703300
1,7627200
1,7654300
1,7659100
0,7698400
0,7673500
0,8369200
1,8777500
0,7868500
1,7800100
1,7673700
0,7645000
1,7838000
0,7654800
1,7682400
1,7687300
1,7733600
1,7666300
0,7703700
1,7703300
0,7700400
0,7782200
0,7686000
1,7726500
1,7667200
0,7637700
1,8448200
0,7623000
0,7791900
0,7675400
1,7851500
0,7640500
0,7751600
0,7673200
0,7755800
0,7636500
1,7800000
1,7684300
0,7728900
1,7677400
0,7712500
1,7657600
0,7959700
0,7668200
0,7710300
0,7671200
0,7823900
1,7677700
1,7722100
0,7672400
0,7734800
1,7675000
0,7779100
0,7657200
1,7833300
0,7736300
1,8445300
0,8179300
1,7781100
1,7711500
0,7708000
1,7681700
1,7707300
1,7678900
1,7688400
0,7671500
1,7707900
1,7676500
1,7670000
1,7640200
0,7709000
0,7618200
1,7639100
1,7386900
1,7399800
1,7330700
1,7513400
0,7403000
0,7369100
0,7373700
1,7418800
0,7403800
0,7304800
0,7474300
0,7373500
1,7473300
0,7394700
0,7585000
0,7376800
0,7594800
0,7312100
0,7554400
1,7361200
0,7561400
0,7303500
0,7462300
0,7646000
1,7622700
0,7428400
1,7714400
1,8659400
0,8748700
1,8776300
0,8571000
1,8520100
1,8591200
1,8637600
0,9450700
0,9097800
1,7464000
0,7574900
1,7653900
0,7816700
1,7777900
1,7778600
0,7798400
1,7787600
1,7779900
0,7805200
1,7831500
1,7794300
1,7783100
1,7813300
0,7805700
1,7842200
0,7712600
1,7711400
0,7638400
1,7745900
1,7621500
1,7658800
1,7728300
1,7655500
0,7633100
1,7661500
0,7638800
1,7604500
1,7687800
0,7609800
1,7706200
1,7603100
1,8236900
0,8001500
0,7959600
0,7922300
1,7622500
1,7675100
0,7620900
1,7661300
0,7632700
0,7846200
0,7811200
1,7662700
1,7617900
1,7673400
1,7980600
1,7770900
0,8665500
1,7932600
0,8118800
0,7904500
0,8128900
1,7986800
1,7817300
1,7844400
0,7829200
0,7807800
1,7798000
0,7864600
0,7818400
0,7790600
0,7797300
0,7806700
1,7825100
0,7789100
0,7732800
0,7929800
0,7653100
0,7895900
1,7643600
1,8444700
0,7661700
1,7660600
0,7883800
0,7748300
1,7651800
1,7663200
1,7640100
0,7678500
0,7650700
0,7764100
1,7636100
0,8017000
1,7621300
0,7695900
0,7628700
0,7698500
0,7633200
0,7668400
1,7637100
0,7694100
0,7563800
1,7500200
1,7482900
1,7605100
0,7476400
1,7688000
0,7494900
0,7585800
1,7464500
0,7513600
0,7466000
0,7480800
1,7546900
0,7436300
1,7492000
1,7403800
1,7565800
1,7422600
1,7549600
0,7394000
1,7389200
1,7358400
1,7554500
0,7419600
1,7709400
1,7359100
0,7435600
0,7399800
0,7615100
1,7354400
0,8012200
0,7398000
0,7439500
1,7357500
0,7464100
0,7365400
0,7646900
0,7370300
0,7594600
0,7516300
1,7401900
0,7512200
0,7464200
1,7696500
0,7481700
0,7547300
1,7482500
0,7812100
1,7530100
0,7680800
1,7479500
0,7677600
0,7477600
1,7516600
1,7481500
1,7529100
1,7461000
1,7540700
0,7462700
0,7574800
0,7478800
0,7848700
1,7836900
1,7626700
1,7462000
1,7673900
0,7465700
0,7651100
1,7616900
1,7531100
0,7546500
0,7559700
0,7635000
0,7473400
0,7602800
0,7558000
0,7692600
1,7464500
0,7863100
0,7514200
1,7670100
1,7536700
0,7487600
0,7511500
0,7597500
1,7604500
1,7497200
1,7407500
0,7923900
0,7504500
1,8146100
1,7453600
1,8165400
0,7650200
1,7756800
1,7640000
0,7740600
1,7632900
1,7819700
0,7663400
1,7713600
1,7638000
0,7910700
1,7621900
1,7758500
1,7643700
0,8379400
0,7662900
1,7637400
1,7624900
0,8070600
0,7617900
0,7855900
0,7792200
0,7970200
1,7898800
1,8188100
1,7505900
1,7712900
1,7648400
1,7750400
0,7658500
1,7758400
1,7641500
0,7884300
0,7646400
1,7736900
1,7641700
0,7739400
0,7688300
1,8092100
0,7688000
1,7717600
1,7668000
1,7711200
0,7658200
0,7741300
1,7658300
1,7964900
1,7645300
1,7719500
0,7668600
1,7748600
0,7642200
1,7686800
0,7427800
0,7498000
0,7336700
0,7559600
1,7409200
0,7565800
0,7343000
1,8236100
1,8684400
0,7514200
1,7602700
0,7452800
1,7530000
0,7825300
0,7834600
0,7839700
0,7835900
1,7878600
0,7826400
1,7865500
0,7795000
1,7932700
0,7824200
0,8089100
0,7787300
0,7753100
1,7522400
1,7612100
1,7517400
1,7584600
1,7525400
1,7615000
0,8190900
1,7566700
1,7520700
1,7632100
0,7533000
0,7651700
0,8274600
0,7760000
1,7639300
0,7722200
0,7638200
0,7771600
1,7639000
1,7764400
0,8119000
0,7769300
1,7745700
0,7718100
1,7658200
1,7773400
0,7536900
0,7595700
0,7580200
0,7903000
0,8028300
0,8271300
1,7553000
0,7955700
1,7876400
1,8844400
1,8588400
1,7614700
1,7624700
1,7884900
0,7662800
1,7776100
1,7637300
1,8176200
0,7669900
1,7725600
0,7649900
1,8179800
0,7647600
1,7842900
1,7602200
1,7967400
1,7605100
1,7694900
0,7612800
1,7738500
1,7604000
1,7689800
0,7652900
0,7706700
1,7819500
0,7693800
0,7612100
1,7771400
1,7608700
0,7705500
0,7612200
0,7728100
1,7761900
1,11664900
0,7839900
1,8139000
1,8186600
0,8272200
1,8557100
0,8726600
0,7904900
0,7818700
0,7789600
0,7779900
1,7829200
0,7811100
0,7780700
0,7783800
0,7787200
1,7794000
0,7796800
1,7808900
0,7818400
0,7651100
1,7659300
0,7622500
1,7649900
0,7667000
1,7659900
1,7636700
0,7899200
1,7678600
1,7741900
1,7635100
0,7768300
1,7621600
1,7570200
1,7482100
0,7526700
1,7511400
0,7513400
1,7478300
0,7539700
0,7491800
1,7962600
0,7924700
0,7928800
1,7460800
0,7581000
0,7620600
1,7807200
1,7615200
1,7722100
1,7639800
1,7688500
0,7636400
1,7660800
1,7637400
0,7786700
0,7633500
0,7610800
0,7696200
0,7658900
0,7643400
1,7443300
1,7584300
0,7482100
0,7625100
1,7443800
0,7572200
0,7500400
1,7658100
1,7444000
1,7548100
1,7466000
1,7611500
0,7320700
0,7524600
0,7395900
0,7595600
0,7364400
1,7677100
0,7359400
0,7440300
0,7363600
1,7392400
1,7452900
1,7312400
0,7446400
0,7372500
1,7503800
0,7329900
0,7519400
0,7374200
1,7637800
0,7353300
0,7500800
0,7417100
1,8081700
0,7347000
0,8440700
0,7529200
1,7758500
0,7728600
1,7698500
0,7664000
0,7749300
0,8520200
0,7717600
0,7644700
1,7860100
0,7669800
0,7721200
1,7652700
0,8703500
1,7574100
1,7659800
1,7518400
1,7608000
0,7547400
1,7589900
1,7575200
1,7595900
1,7645600
0,8190300
1,7579200
0,7568300
1,7512800
0,7512300
0,7535100
1,7365900
0,7637800
1,7422600
0,7456100
0,7628000
0,7533000
0,8333700
1,7421600
0,7386100
1,7373200
1,7649100
1,7745200
1,7720600
1,7639800
0,7750800
1,7698300
0,7731800
1,7636200
1,7720100
1,7698500
1,7692900
0,7652800
1,7709400
1,7716800
0,7422200
0,7351200
1,7498800
1,7433200
1,7588000
1,7566700
0,7404400
1,7458400
0,7471500
1,7370200
0,7407600
0,7499600
1,7462900
1,7535800
1,7402900
0,8402800
1,7546400
1,7610400
0,7462600
0,7453800
0,7416500
0,7531700
0,7461100
1,7881500
0,7420700
1,7651800
1,7468600
1,7772800
0,7844400
1,8836100
1,7672100
0,7729300
1,7657200
1,7663300
1,7704900
0,7999900
0,7668100
0,7754100
0,7671500
1,7866700
0,7807300
1,7844300
0,7857900
1,7899300
1,7786100
0,7871000
0,7829900
0,7852800
0,7830700
0,7881400
0,7835600
0,7847800
0,7474700
1,7434300
0,7425200
0,7527300
0,7509800
1,9565600
0,7328600
0,7541700
1,7471000
0,8050500
0,7918200
1,7917000
0,7636500
1,7727700
1,7729700
0,7728200
1,7646100
0,7763900
0,7643700
1,7730100
1,7672700
0,7761800
0,7678300
1,7850500
0,7653700
1,8414600
1,8112200
1,8366500
0,8144200
0,7721300
0,7833500
0,8100100
1,7698600
1,7684300
0,7726500
0,7620900
0,7702300
0,7677800
0,7715600
0,7782200
1,7789700
0,7796700
1,7786600
0,7779000
0,7823000
0,7795600
0,7789100
1,7815900
1,7800300
0,7795700
1,8006900
1,7615500
1,7559200
0,7477800
0,7515100
1,7498300
0,7878800
0,8604300
1,8852300
0,8298400
0,7678700
1,7558200
0,7720100
1,7583700
1,7784300
0,7502400
0,7642200
1,7581300
1,7620400
1,7479700
1,7615900
0,7555800
1,7588900
0,7501600
1,7579300
0,7572900
0,7670500
1,8319300
0,8267900
0,8992000
0,8499800
1,8906500
1,8298700
0,8257800
1,7400300
1,7414900
1,7485900
1,7421800
1,7398300
1,7497300
1,7761500
0,7666800
0,7731000
1,7664000
1,7710600
1,7675700
0,7960000
1,7725000
0,7752200
0,7695700
0,8019100
0,7717100
1,7692600
1,7681600
0,7787000
1,7681500
1,7807500
1,7811100
1,8123300
1,8925000
0,8060200
0,8290400
0,7712000
1,7644300
0,8111800
0,7912200
1,7817800
0,7869400
0,7816100
0,7781600
1,7802000
0,7793900
0,7785000
1,7799200
0,7816800
0,7791600
0,7779700
0,7781300
1,7809600
1,7778600
0,7856700
0,7781100
0,7846000
0,7798900
1,8208800
0,7777900
1,7782900
0,7797300
0,7789200
0,7777700
0,7757700
1,7464000
1,7546800
0,7463500
1,7612200
1,7463500
0,7530200
0,7462600
0,7646300
1,7462800
0,7648700
0,7461200
0,7537900
1,7462100
1,7458600
0,7640700
0,7794000
0,7386100
0,7580500
1,7375700
1,7792700
0,7387300
0,7577900
1,7347500
1,7477700
0,7650000
0,7924300
0,7645800
1,7944700
0,7718500
1,7979000
1,7660200
0,7729600
0,7708900
0,7716100
1,7701500
0,7729900
0,7668100
0,7896900
1,7702300
0,7715900
0,7652100
1,7704200
0,7703900
0,7727600
1,7642800
0,7648400
0,7743400
1,7712400
0,7954700
1,7641100
1,7737000
0,7657200
1,7767200
1,7463400
0,7956700
0,7546300
1,7668000
0,7470800
0,7625900
1,7518500
1,7633600
0,7572600
0,7561800
1,7524800
0,7609500
0,7398000
1,7498800
0,7403500
0,7509600
0,7347700
0,7597300
1,7398000
1,7553000
0,7323600
1,7513800
0,7415400
0,7466200
0,7322400
0,7517100
1,7397600
0,7436500
1,7314900
0,7713100
1,7491700
1,7474500
0,7362500
1,7476800
0,7464700
1,7397600
0,7772200
0,7417700
0,8143300
0,7646900
1,7674400
1,7763300
1,7815300
0,7633900
1,7890000
1,7695300
0,7784700
0,7676400
1,7846800
0,7639200
1,7850200
1,7656200
1,7734200
0,7659400
1,7693200
0,7676000
0,7776800
0,7657200
0,7711500
0,7674200
0,7789800
0,7658300
0,7726600
1,7664400
0,7705100
1,7436000
1,7779900
0,7431400
1,7685200
0,7566100
0,7733700
1,7706700
0,8388600
0,7776800
1,7584100
0,9276000
0,7424600
1,7505200
0,7834200
1,7679800
1,7684900
1,7682800
0,7728700
1,7674900
0,7711500
0,7639300
1,7716800
0,7677200
1,7708000
0,7636900
0,7782900
1,7451800
1,7644300
0,7335100
0,8228300
0,8232600
1,8656200
1,8978900
1,7905200
0,7551800
1,7550800
1,7363600
0,8269600
1,8235900
0,7787900
0,7780600
1,7930600
0,7794600
1,7787000
1,7799100
0,7809500
0,7797300
1,7797500
1,7800000
0,7867900
1,7779000
1,7647100
0,7637700
0,7673200
0,7632600
0,7667400
1,7649400
0,7677400
1,7618900
0,8240700
0,7638300
0,7693100
0,7637600
1,7714300
0,7606900
0,7724300
1,7546000
1,7802700
0,7585400
1,7631800
1,7462800
0,7528700
0,7499400
1,7549900
1,7462100
0,7639300
1,7497700
1,7529500
1,7460500
0,7511300
1,7499500
1,7530900
0,7476600
1,7561400
1,7499100
0,7543000
1,7461500
0,7625600
1,7498500
0,7577200
1,7416200
0,7505200
1,7408300
0,7316100
1,7444600
1,7446700
1,7596600
1,7298800
0,7585800
1,7355600
0,8157200
0,8043800
0,8872900
0,8416400
0,7902700
0,7986100
1,7942000
1,7769400
0,7682200
1,7604400
1,7787900
1,7620400
0,7823900
1,7608800
0,7693200
1,7643600
1,8282300
1,7856500
1,7877600
1,7882700
1,7816500
0,7784500
1,7923700
1,7782200
0,7781200
0,7834700
1,7782300
0,7812100
0,7784600
1,7644500
0,7823500
0,7626700
1,7720000
0,7620000
1,8033000
0,7949800
0,7859000
1,8013400
0,7798100
1,8543900
0,7909900
1,7912200
1,7832200
1,7774900
0,7779600
1,7784900
0,7816800
1,7889100
0,7781500
1,7777300
1,7801000
0,7779400
0,7777500
0,7791600
0,7772000
0,7748900
1,7830400
1,7671200
0,7632200
1,7661300
0,7789900
0,7888100
0,7637700
1,7674300
1,7639200
0,7696400
0,7633100
1,7750400
0,7893400
0,7704500
0,7637100
1,7665800
1,7642600
0,7739300
1,7616700
1,7675400
1,7636800
1,7619100
0,7904800
0,7611500
0,7684200
0,7660700
1,7677000
0,7704100
0,7773000
0,7684100
0,7697900
1,7601200
0,7692200
1,7856100
1,7790200
0,7609700
1,7968500
0,7580300
0,9076100
1,8384000
0,8595400
1,8775800
1,7474100
0,7563200
1,7527000
1,7788000
1,7463200
0,7557500
1,7611800
0,7570500
1,7726900
0,7787000
1,7819100
0,7790500
1,7779000
1,7791800
0,7784800
1,7791300
1,7780000
1,7786700
0,7784300
0,7793300
0,7794300
0,7474100
1,7332300
1,7445300
0,7389200
0,7515900
0,7510400
0,7378700
0,7545500
0,7383400
1,7388200
1,7358400
0,7673500
1,7359500
0,7438000
1,7359700
1,7820100
1,7400700
1,7591400
0,7376100
1,7644700
1,7368200
1,7390300
1,7666800
0,7738500
0,7401700
1,7425400
1,7401700
1,7535700
1,7460800
0,7466000
1,7521700
1,7463500
0,7628800
1,7480900
1,8414500
1,7668100
0,7610900
0,7500700
0,7513300
0,7517900
0,7552000
1,7573400
1,7511800
0,7477000
0,7583500
1,7480100
0,7539100
0,7475300
1,7571000
1,7478800
1,7526500
1,7461400
0,7671200
0,7429400
0,7400900
1,7369700
0,7502400
0,7410100
1,7569700
0,7386500
1,8209800
1,7577200
0,7387300
0,7539700
1,7486600
1,7421200
1,7416200
1,7459700
1,7714400
1,7513000
1,7444300
0,7612600
1,7742300
0,7732500
0,7530500
1,8585700
0,8530200
1,8631100
1,8122900
0,7740500
1,7782900
1,7801600
1,7781700
1,7797800
0,7794000
0,7780000
0,7798900
0,7809600
1,7780700
1,7797800
0,7826600
0,7834900
1,7505900
1,7331400
1,7452900
1,7480300
0,7662200
1,7338900
1,7578100
1,7392600
1,7437100
0,8040600
0,7484600
1,8920100
1,7915900
1,7783700
0,7960000
1,7630300
0,7719800
1,7639500
1,7719500
0,7639300
0,7708200
0,7620500
1,7675400
0,7534700
1,7575700
0,7621300
1,7605200
0,7558900
0,7510100
1,7482800
0,7594800
1,7578300
1,7621300
1,7576000
1,7625700
1,7483100
1,7588800
1,7554900
0,7650900
1,7517600
0,7405500
0,7487900
1,7418700
0,8849200
1,7414600
1,7563400
0,7436400
0,7509300
0,7329900
1,7797900
0,7633600
0,7512700
0,7402300
1,7734200
1,7467100
0,7772600
0,7455100
0,7664500
1,7463200
1,7539800
1,7442100
0,7537200
0,7698400
1,7540700
1,7444000
1,7650900
0,7485100
1,7522700
0,7455000
1,7539100
1,7464400
1,7531500
1,7668500
1,8274900
0,8447400
0,8441200
0,8398100
1,8187900
0,7940000
0,8056000
1,7643600
0,7716600
1,7605600
0,7695800
0,7610100
0,7709000
0,7622800
1,7703900
1,7596500
0,7736300
0,7623100
0,7801700
0,7730400
0,7707900
1,7615700
1,7681800
0,7813800
0,7848100
0,7633700
1,7684100
0,7616200
0,7634500
1,7782000
1,7782900
0,8062600
0,7951600
0,8894600
1,8059400
0,7978500
1,8282100
0,9388000
1,8704000
0,9841600
1,10502500
0,10565100
0,9198100
0,7826000
1,7813400
0,7865500
0,7823000
0,7736500
0,7685100
0,7813500
0,7806200
0,7784400
1,7798700
1,8101100
0,7797000
0,7827300
0,7617400
0,7691600
0,7636300
1,7654200
1,7635900
1,7852600
0,7635300
1,7678700
0,7806100
1,7665400
1,7616300
0,7669800
0,7536900
0,7562100
0,7484600
1,8583900
1,7574900
1,8353900
0,7620900
0,7655000
1,7562100
1,7532800
0,7477700
1,7642200
0,7479900
1,7708600
1,7697200
1,7646500
1,7649500
1,7661800
1,7618600
0,7662100
0,7633300
0,7675500
0,7632800
1,7659800
1,7654200
1,7653800
1,7427700
0,7524100
1,7425700
0,7445600
1,7315100
0,7495500
0,7641500
0,7530000
1,7529300
1,7357700
0,7450800
0,7555800
1,7425100
0,7465600
0,8834700
1,7362300
0,7929600
1,7293800
0,7490300
0,7375000
1,7544200
0,7305700
0,8535000
1,8808000
0,8871100
1,8729200
1,8094000
1,7792800
0,7795800
0,7831500
1,7824100
1,7956300
1,7852900
1,7813700
0,7783000
0,7792000
0,7794700
0,7791600
0,7780900
1,7911600
1,7796500
0,7906100
0,7786300
1,7781100
1,7791800
1,7776800
1,7800700
1,7797100
0,7835900
0,7789800
0,7787700
1,7756600
0,7649400
1,7655400
1,7637200
0,7671100
1,7631700
0,7666000
1,7636500
1,7666900
1,7631700
0,7670300
1,7633300
1,7662200
0,7615800
0,7425300
0,7528100
1,7450000
0,7404500
1,7450400
1,7334800
0,8049600
0,7425300
0,7607000
0,8316200
1,7649200
1,7378200
1,7624800
0,7841100
0,8088800
1,7894500
0,7920200
1,7695800
1,7726000
1,7624000
1,7595800
1,7725100
1,7621800
0,7701100
0,7878500
1,7714300
1,7642000
0,7706300
1,7600200
1,7703500
1,7618600
0,7699700
1,7598100
0,7718000
1,7663400
0,8200700
1,7598300
1,7694200
0,7619700
0,8479300
0,7745400
0,7793500
1,7798400
1,7458500
0,8124400
0,7371300
1,7451100
1,7581800
1,7358800
1,7577800
1,7298500
0,7561100
0,7452700
1,8329900
0,7607500
1,7953000
1,7480000
1,7658900
0,7467200
0,7479200
1,7347200
1,7504700
0,7465500
0,7556300
0,7451500
0,7691200
0,7620400
0,7989900
1,7600100
0,7693200
1,7603000
0,7671300
1,7600800
0,7689700
1,7599000
1,7671900
0,7825800
0,7699700
0,7423200
0,7493200
0,7526700
0,7722300
1,7330200
0,7443300
0,7369100
0,7682400
1,7365000
0,7448300
0,7676800
1,7429900
1,7461900
0,7420800
0,7523700
0,7478400
1,7502600
0,7473500
1,7497700
0,7476900
1,7738300
1,7543700
1,7585000
0,7477800
0,7625800
0,7478700
1,7589900
1,7497000
1,7521100
0,7475000
1,7573700
0,7483400
1,7625600
0,7480300
0,8067900
1,7846300
1,7654500
1,7498600
1,7639900
0,7482100
0,7553000
1,7463000
1,7500500
1,7837300
0,8591600
0,9021800
0,8335600
0,8916300
1,8352700
1,8359800
0,7791700
0,7495800
0,7908100
0,7793600
0,7795100
0,7776200
1,7777800
1,7780000
1,7794900
1,7810500
0,7810900
0,7813100
0,7801100
1,7801900
0,7804000
1,7662000
1,7667000
1,7639600
1,7724200
1,7635300
1,7760500
0,7618200
0,7683600
0,7671100
1,7722500
0,7621500
1,8546200
1,7657700
1,7561100
1,7481600
0,7538400
1,7480500
0,7527900
0,7464200
1,7525400
1,7477400
1,7503700
1,7825100
0,7597200
0,7497000
0,7525800
1,7445700
1,7298200
1,7653000
1,7601500
1,7815400
0,7497600
1,7963600
0,7694400
1,7785700
1,7716000
0,8446100
0,7615900
1,7509600
1,7446900
1,7580600
1,7441600
1,7561300
0,7482900
1,7596800
1,7446400
0,7642700
1,7464500
1,8150700
1,7691400
0,7601300
1,7523700
1,7569300
0,7454100
0,7545000
1,7483500
0,7530800
1,7481100
1,7549000
0,7482800
0,7666100
1,7444000
1,7535900
1,7647000
0,7554000
1,7415500
0,7608900
1,7378700
1,7650100
1,7526600
1,7392800
0,7566000
0,7481200
1,7440900
1,7393000
1,7850000
0,7390400
1,7623900
1,7441000
1,7688300
1,7463200
0,7512600
1,7480800
1,7510700
1,7462200
1,8961500
1,7499600
1,7529400
0,7477200
0,7516000
0,7461400
1,7614500
1,7405700
0,7508900
1,7390700
0,7450000
1,7640500
0,7402600
0,7378400
1,7394800
0,7447200
1,7295600
1,7520900
0,7389900
0,7496200
1,7296100
1,7475600
1,7375900
1,7387400
1,7356400
1,7458500
1,7374800
1,7381100
0,7581100
1,7439100
0,7489700
0,7408800
1,7355600
0,8098400
1,7828500
1,7831500
1,7771000
1,7511500
1,7466900
0,7425500
0,7474000
0,7568700
1,7379900
1,7376100
0,7372900
1,7391500
1,7457300
0,7570300
1,7725200
1,7633700
1,7767800
1,7621900
0,7930600
0,8003900
1,8322600
1,7922000
1,7642000
0,7816700
0,7837500
0,7741600
1,7632900
1,7762100
0,7666000
0,7739900
0,7647800
0,7871900
0,7641200
1,7714200
1,7636900
0,8282300
1,7619800
1,7746200
0,7670500
1,7640700
0,7487800
0,7729800
0,7526100
1,7877100
0,8209000
1,8385900
0,8822500
1,8488500
0,7539700
1,7641000
1,7550400
1,7694000
1,7809100
0,7845100
1,7825300
1,7967300
0,7824000
1,7935200
1,7819800
0,7844700
0,7802200
0,7879600
1,7819400
1,7990200
1,7504000
0,7603400
1,7438200
0,8471800
1,7448300
1,7688200
1,7525600
1,7650200
0,7442400
1,7501700
1,7424600
1,7743600
1,7405800
0,7578300
0,7672100
1,7792400
1,7888300
0,7782900
0,7650900
1,7749000
0,7657800
0,7761000
1,7632600
0,7869300
0,7660000
1,7767000
0,7633100
1,7743500
0,7659800
1,7803500
0,7746800
0,7856400
0,7669400
0,7763000
1,7646900
1,7711600
0,7670500
0,7881300
0,7659500
1,7762700
0,7541400
1,7845200
1,7485800
1,7613000
0,7540900
1,7543700
1,7643700
0,7534900
1,7667400
1,7553000
0,7649800
0,7538000
1,7498200
0,7449200
1,7485600
0,7390200
1,7432200
0,7448700
0,7651100
1,7432800
1,7386200
1,7437400
0,7443400
0,7419000
0,7466200
1,7579200
1,7443700
0,7398300
0,7705200
1,7450300
0,7678700
1,7438800
1,7447400
0,8832600
0,7895200
1,7621900
0,7571100
0,7346400
0,7860300
1,7687100
1,7767800
0,7824400
0,7905100
0,7945200
1,7920600
1,7696700
1,7922400
1,7678700
0,7737200
1,7660900
0,7819200
1,7716300
0,7891000
0,7839000
1,7814700
1,7848000
1,7854500
1,7820100
1,7837100
0,7802500
1,7858800
1,7836100
0,7836100
0,7849100
0,7946800
1,7658000
1,7689600
0,7677600
0,7719100
1,7656000
1,7754700
1,7693500
0,8705000
0,7655200
1,7691300
0,7657500
0,7727500
1,7458000
0,7439400
1,7410700
1,7515200
0,7325200
1,7787700
1,7479800
0,7434900
0,7328100
0,7416000
1,7408300
1,7429300
1,7315700
1,7354700
1,7505000
0,7378300
0,7413700
0,7366400
0,7517000
0,7469000
0,7403800
0,7368000
1,7692300
1,7369600
0,8149000
1,7717600
0,7719000
0,7707000
1,7703300
0,7654900
0,7982700
0,7663500
1,7730200
0,7631000
0,7737600
1,7641100
1,7727900
1,7826300
0,7805500
1,7643300
0,7737000
1,7635600
1,7756000
0,7666200
0,7742800
0,7669500
0,7835700
0,7655300
0,7728600
0,7675400
0,7710500
0,7658500
1,7726300
0,7455300
1,7554300
1,7398700
1,7668800
1,7565900
0,7398700
0,7428300
0,7513600
1,7591600
1,7444900
1,7405200
0,7573500
1,9046400
0,7635300
1,7467600
0,7649900
0,7550800
1,7552000
1,7654600
1,7538100
1,7608800
1,7558700
0,7559700
0,7553400
1,7622900
1,7556900
0,7614700
0,7413500
0,7644800
1,7440500
0,7502500
0,7528000
0,7657400
1,7630400
0,7670200
0,7344700
0,7510700
0,7418800
0,7409700
0,7539500
1,7726700
0,7659900
0,7951300
0,7691600
0,7754500
0,7659500
1,7694200
1,7646800
0,7887600
1,8075300
0,8096600
1,8161600
0,7918300
0,7654500
1,7709300
0,7718100
1,7702400
1,7684600
0,8081900
1,7687200
0,7717800
0,7646900
0,8252700
0,7693400
1,7801900
0,7621200
1,7787900
1,7638800
1,7783600
0,7620300
0,7687100
1,7724900
1,7664400
1,7646900
1,7664400
0,7647100
0,7712900
0,7619800
0,7664600
0,8622600
1,7490900
0,7464400
0,7615400
0,7481100
0,7509200
1,7483500
0,7481700
1,7513800
1,7446400
1,7612000
1,7462700
1,7444400
0,7364200
0,7680900
0,7387400
1,7389900
1,7355800
0,7555600
1,7335200
1,7580100
0,7398700
1,7443900
1,7313700
0,8164400
1,7366300
0,7533400
1,7462700
0,7539400
0,7682500
0,7584500
1,7461800
0,8028100
0,7947200
1,7640400
0,7606600
1,7769600
1,7469400
1,7900600
0,7673200
0,8749800
0,8553400
1,8102800
0,8088200
0,7696600
1,7597700
1,8281600
1,7909700
1,8570400
1,8987800
1,7754300
1,7754500
1,7919600
1,7761900
1,7824900
0,7783900
0,7829100
0,7770000
0,7831900
0,7783200
0,7937700
1,7777500
1,7818800
1,7758400
1,7466100
1,7312800
1,7594700
1,7357700
0,7516500
1,7404500
0,7446700
0,7379100
0,7603200
0,7322100
1,7449400
1,7357500
1,7407800
1,7292700
0,7452900
0,7376600
0,7622200
1,7354200
0,7503400
0,7476300
0,7482800
0,7632000
1,7406900
1,7483000
1,7369900
1,7371900
1,7445800
0,7755900
0,7478600
0,7539700
0,7532400
1,7607300
0,7476700
1,7519700
1,7492700
0,7569900
1,7461700
1,7959500
0,7893800
0,7847700
1,7655000
0,7673400
1,7637300
1,7733100
1,7616800
1,7791600
1,7640800
0,7682300
0,7667600
0,8037600
1,7962200
0,8168500
1,8068300
0,7831800
0,7807500
1,7776400
1,7778500
0,7816800
1,7799400
1,7783500
1,7782700
0,7859000
0,7781800
1,7828700
0,7847500
0,7778800
1,7639100
0,8011600
0,7666300
0,7667400
0,7617700
0,7715700
1,7636300
0,7654600
1,7638400
0,7669100
1,7632500
0,7666000
0,7619900
0,7666700
1,7630700
0,7706000
1,7635800
0,7770100
0,7664100
0,7794900
1,7639100
0,7622100
0,7697100
1,7598200
0,7815700
1,7504200
1,7459200
0,7366800
1,7428100
0,7610900
1,7472300
0,7471500
0,7557000
0,7408300
1,7611700
0,7367800
0,7658800
1,7360200
0,7540200
1,7443800
1,8153400
1,7787100
1,7726000
0,7493900
1,7578200
1,7449100
1,7707000
0,7533700
0,7625700
1,7448200
0,7648200
0,7456000
0,7616100
1,7718900
1,7617300
1,7656800
1,7636100
0,7683200
0,7631500
1,7697700
0,7616200
0,7717400
0,7636700
1,7734300
0,7738800
1,7943300
1,7745900
1,7847400
0,7633400
1,8197000
0,8035500
1,10296900
0,10415700
0,9840500
0,7607600
1,7961200
1,7718300
0,7727300
0,7641000
0,7900600
0,7637900
1,7713600
1,7623700
0,7689900
0,7794800
1,7647800
1,7670400
1,7662200
0,7623700
1,7660300
0,7632800
0,7680600
1,7678300
1,7700100
1,7855300
0,7626800
0,7783300
0,7621800
1,7679300
1,7670500
1,7699000
0,7621000
1,7845200
0,7644100
1,7877700
1,7884200
1,8215900
1,7842200
1,7889400
0,7660500
0,7698000
0,7633900
0,7905200
1,7607200
0,15606300
0,7797400
1,7801700
0,7811200
0,7794300
0,7778200
1,7800700
1,7947600
1,7834900
1,7795900
0,7814000
1,7774800
0,7819000
1,7651000
0,7544500
0,7732500
1,7505500
0,7688600
0,7536500
0,7637400
1,7464100
1,7632200
0,7493800
1,7641400
0,7477500
0,7655100
1,7480900
0,7560200
1,7458500
0,7508000
0,7463700
0,7538700
0,7477800
1,7568000
0,7463800
1,7563600
1,7462800
0,7509100
1,7611200
0,7554600
0,7416400
0,7396000
1,7359200
1,7834400
1,7436800
0,7307000
1,7445600
1,7372800
0,7508800
1,7294200
1,7858600
0,7416700
1,7631300
0,7482100
1,7743300
1,7617100
1,7806200
1,7600200
1,7698100
1,7617800
1,7677600
0,7610400
0,7842700
1,7661600
0,7843300
0,7612300
0,7668700
1,7466000
1,7547600
0,7451900
1,7560500
0,7481800
0,7548900
0,7456000
0,7560000
0,7503500
0,7640300
1,7445700
1,7567500
0,7461000
0,7445000
0,7335700
1,7409300
1,7404400
0,7443700
1,7389900
1,7330100
1,7690000
1,7866200
1,7992000
0,7694700
0,7407700
0,7384500
0,7813500
0,7524300
0,7794900
1,7534200
0,7593200
1,7606800
0,7557000
1,7648500
1,7945900
1,7586000
1,7634600
1,7538200
0,7564500
0,7670300
0,7740600
0,7675800
1,7694900
0,7674400
0,7731200
1,7687000
0,7700400
1,7725300
1,7758500
0,7658500
0,7839700
0,7808300
1,7830000
0,7498700
0,7626200
1,7575300
0,7602400
0,7495400
1,7690400
0,7556200
1,7564200
1,7487500
0,7967100
0,7548600
0,7603900
0,8117800
0,7639300
1,7789100
1,7522700
1,7733900
0,7474700
0,7644300
1,7522800
0,7624500
1,7485300
0,8444600
0,8066700
1,8780400
1,7854000
1,7850300
0,7809500
1,7845300
1,7864000
0,7878500
1,7859000
1,7911600
0,7918100
1,7910500
1,7832300
0,7838700
1,7869300
0,7823500
1,7820600
0,7876800
0,7824400
1,7839300
1,7870500
1,7840800
0,7820600
1,7842400
1,8514300
0,7868800
1,7905000
0,7710200
0,7737500
0,7695300
1,7869800
0,7929800
0,7714500
0,7700300
0,7718800
1,7674200
1,7698600
0,7825500
1,7764400
0,7663200
1,7707700
0,7652100
1,7717700
0,7663200
0,7830100
1,7638000
1,8208200
1,7679200
1,7776900
1,7657000
0,7712400
1,7680600
1,7727600
1,7585500
0,8117300
1,7555000
0,8084400
1,7641100
1,7547100
0,7502900
0,8638800
1,7463100
0,7731800
1,7482500
1,7537000
1,7465500
1,7540200
0,7553300
1,7527500
0,7479300
0,7531900
0,7466300
1,7643000
1,7463500
0,7520900
1,7480100
0,7561600
0,7477100
1,7669600
1,7409200
0,7475400
0,7418200
0,7558300
1,7330800
1,7375500
1,7709800
1,7356200
1,8551700
1,7362000
0,7526900
0,7367400
0,7438800
0,7434800
1,7523200
1,7445800
0,7566700
0,7671800
1,7569600
1,7442800
0,7536000
1,7449100
0,7551700
0,7488900
1,7613500
1,7485900
0,7823700
0,7456400
0,7691000
1,7448100
1,7537700
0,7449900
1,7907100
1,7940700
1,8512300
0,8592000
0,7806200
0,7698700
0,7554600
0,7497700
1,8069500
1,7608300
0,7697400
0,7609200
1,7721800
1,7605200
1,7812800
0,7644200
0,7785500
1,7604500
0,7694600
1,7601100
1,7796100
1,7446500
1,7516800
0,7453200
1,7667000
1,7489500
1,7599900
1,7473400
1,7535400
0,7466500
0,7478200
0,7606200
0,7480700
1,7569800
0,7506300
0,7446400
0,7392800
0,7438600
0,7390000
0,7375200
0,7411700
1,7540300
0,7389700
1,7477700
1,7406200
0,7450600
0,7658000
0,7385700
1,7410700
1,7421500
0,7386300
0,7625000
1,7496400
0,7376200
0,7443400
1,7294700
1,7485800
0,7373500
1,8009000
0,7336200
0,7684400
1,7448000
1,7528800
1,7442800
1,7564600
1,7442200
1,7582500
1,7440600
0,7562800
0,7466000
1,7570800
1,7444700
0,7602100
0,7466600
0,7567700
0,7303000
0,7463100
0,7379600
0,7684300
1,7296000
1,7678700
0,7377900
1,7424800
0,7305300
1,7408900
1,8646800
1,7523000
1,7811100
0,7662400
0,7691500
1,7614900
0,7676700
0,7619600
1,7658000
1,7615800
1,7679700
1,7637300
1,7653400
0,7632500
1,7865200
0,7467900
1,7461000
1,7373300
0,7631200
0,7313200
1,7436600
1,7462900
1,7430900
1,7792500
0,7547200
0,7386700
0,7570500
0,7314200
1,7566000
0,7476800
1,7661400
1,7483800
1,7582300
1,7461900
0,7575500
1,7482100
1,7510700
1,7463600
0,7632100
1,7657700
0,7464700
1,7879400
0,7475400
1,7562200
1,7448200
0,7574200
1,7479800
0,7523900
1,7512400
1,7597200
0,7469800
1,7553500
0,7753400
0,7619600
1,7533600
1,7560000
0,7465000
0,7589200
1,7459100
0,7519700
1,7448200
1,7543400
1,7459100
1,7561800
0,7467800
0,7533100
1,7459000
0,7462800
1,7477000
0,7359300
1,7961200
0,8351400
1,7837200
0,7792000
0,7653000
1,7394000
0,7582600
1,7373300
1,7556000
1,7392500
0,7422300
1,7460100
1,7833200
0,7616800
1,7657900
0,7632400
1,7670200
0,7615800
0,7811700
0,7632700
0,7713900
1,7634200
1,7663000
1,7773900
0,7857800
0,7898900
1,7885000
0,7925300
0,7955500
0,7667900
1,7654900
1,7640300
1,7663400
0,7616600
1,7657200
0,7794900
0,7770900
1,7709000
0,7798200
0,7812200
1,7778200
0,7779000
0,9005000
0,8029500
0,7877900
1,7845400
1,7810100
0,7819300
0,7845700
0,7780300
0,7880100
0,7931900
1,7818500
0,7834900
0,7861700
0,7793800
1,7814400
1,7796600
0,7800800
0,7796100
0,7781400
1,7798500
0,7839300
0,7804700
1,7760400
1,7800100
0,7829900
1,7779000
1,7838700
0,7785900
0,7807900
0,7791100
0,8916700
1,7843800
1,7768400
1,7759900
1,7442900
0,7480000
0,7773900
1,7462400
1,7489400
0,7518500
1,7507800
1,7459300
1,7881500
0,7529800
1,7505900
0,7476400
0,7645600
1,7499100
1,7540500
0,7478200
1,7752000
1,7497200
1,7609600
1,7464100
0,7535500
1,7523900
0,7563400
0,7478000
1,7548400
0,7658100
1,7508300
1,7461000
0,7529400
1,7496800
0,7510100
1,7462300
0,7513400
0,7518100
0,7462700
1,10198600
0,9121600
1,8164500
0,8393100
0,8039100
0,8046300
1,7636300
0,7687300
1,7619300
0,7677600
0,7617200
1,7647000
0,7634500
0,7635300
0,7516300
1,7674900
0,7642000
0,7745500
1,7640400
0,7705500
0,7631800
1,7692500
1,7636900
1,7663300
0,7632800
0,7984800
0,7793600
0,7708400
1,7616200
0,7711300
0,7619900
0,7671500
1,7636400
1,7667100
0,7623200
0,7680200
1,7634000
1,7605800
1,7695900
1,7601300
0,7749300
0,7705400
0,7666700
0,7375200
1,7785900
1,7297600
1,7793000
0,7377100
0,7479600
1,7293100
0,7472200
0,7376100
0,7460700
1,7477400
0,7550000
1,7359100
1,7550300
1,7446400
0,7535300
1,7450400
1,7555200
0,7457200
1,7525700
0,7583500
0,7765100
1,7724600
0,7458800
1,7596000
0,7492700
0,7533300
0,7565400
1,8015000
1,7482300
1,7543000
0,7462900
1,7496900
0,7490500
0,7530200
1,7684500
1,7891500
0,7897600
0,7743000
1,7481800
1,7545600
1,7478400
1,7518300
0,7462300
1,7559400
1,7501800
1,7503400
1,7480100
0,7519900
1,7477500
0,7523500
0,7463600
0,8379900
0,7696400
0,7531700
1,7611900
1,7524300
1,7391300
1,7455500
1,7331600
0,7434500
1,7890800
1,7600700
1,7330700
1,7540500
0,7403500
1,7673400
0,7619900
1,7599300
1,7963700
1,7599100
1,7699700
1,7671500
0,7649400
1,7602400
0,7694800
0,7621600
0,7721100
1,7732400
0,7495600
1,7316800
0,7481500
0,7399300
1,7464300
0,7333200
0,7671100
0,7363900
1,7452200
1,7297900
0,7668900
1,7723400
0,7433900
0,7331900
1,7535400
1,7355000
1,7704600
0,7317200
0,7862700
1,7451300
1,7466900
1,7317400
1,7438500
1,7361100
0,7342900
1,7484300
0,7443500
1,8918700
1,7482400
1,7546600
0,7478000
0,7660400
1,7486600
1,7575400
1,7461900
1,7553500
0,7550900
1,7633500
0,7478200
0,7589700
0,7373700
0,7573100
0,7327900
0,7463500
0,7376000
1,8407200
1,7616100
0,7584100
0,7435800
1,7503300
1,7312900
1,7444300
1,7622000
0,7667300
0,7632200
1,7740600
0,7621600
1,7835700
1,7622300
0,7681600
0,7622000
0,7731600
0,7633000
0,7676100
0,7709800
1,7835800
1,7582800
1,7574700
0,7539500
1,7539000
0,7648300
0,7480600
0,7675700
0,8032500
0,8544600
1,8442200
1,8508100
0,7848600
0,7897800
1,7727600
1,7704500
1,7708500
0,7725500
0,7855000
0,7668600
0,7711800
1,7658600
1,7705400
0,7685100
1,7698800
1,7635500
1,7844600
1,7918900
1,7620900
1,7505100
0,7525600
0,7648100
0,7544000
0,7617200
0,7524300
0,7760800
1,7515500
1,7607000
0,7532600
1,7603300
0,7502900
0,7745500
1,7463300
0,7667700
0,7547800
0,7605800
0,7560800
0,8028900
1,8151700
0,7767600
1,7519200
1,7649100
0,7553900
0,7731900
1,7676600
1,7760600
0,7662800
1,7734200
0,7673000
0,7725900
0,7661900
0,7737400
0,7674400
1,7723500
0,7662500
0,7927900
0,7551700
1,7609600
0,7472700
0,7607000
1,7539500
0,7558700
1,7463400
1,7579600
0,7583900
0,7537900
1,7999800
1,7537100
1,7630000
1,7557600
0,7549200
1,7536400
1,12888300
0,8349500
0,8272900
0,8143100
0,7527300
0,7544200
0,7539700
0,7615000
0,7525000
0,7664800
0,7658000
0,8243200
1,8120800
0,8474600
0,8679100
0,7732700
0,7661500
1,7745300
0,7673900
0,7826700
1,7641100
1,7808500
0,7849800
1,7910000
0,7793500
1,7871000
0,7849500
1,7850700
0,7791500
0,7835600
1,7821100
0,7860300
0,7834500
0,7839800
1,7743400
0,8429400
0,7682200
0,7652000
1,7935800
1,7747300
0,7600200
1,7739300
0,7624200
0,7721700
0,7537400
0,7843300
0,7560200
1,7818700
0,7813800
1,7916900
0,7826600
0,7859300
1,7815200
0,7878000
0,7828000
1,7856500
1,7783100
0,7972800
1,7765400
0,7856200
1,7672800
0,7464400
0,7468500
0,7741700
1,7500000
1,7593800
0,7673300
1,7581600
0,7473300
0,7519100
1,7447200
1,7515900
1,7459900
0,7539800
0,7464000
1,8207000
1,7464300
1,7574000
1,7447400
1,7712800
0,7488800
1,7612100
0,7467400
0,7535800
1,7459400
1,7539600
0,7456600
1,7466200
1,7371500
0,7436800
0,7590200
0,7463000
0,7326700
1,7780800
0,7377600
1,8064200
1,7388700
1,7536000
0,7379000
0,7944200
1,7620500
1,7731200
0,7620800
1,7822600
0,7715300
0,7713500
1,7601500
0,7734600
0,7635700
0,7620700
1,7666800
1,7618700
1,7900100
1,7732700
1,7529600
0,7477200
1,7610000
0,7501600
0,7526000
1,7461300
1,7682300
0,7464800
0,7526500
0,7474400
0,8044000
1,7482800
1,7634000
0,7632900
0,7681900
1,7638400
1,7706700
0,7632000
0,7678800
0,7618400
0,7722700
0,7650500
0,7703600
1,7635600
0,7684400
1,7444500
0,7394700
0,7374000
1,7419600
0,7324100
0,7517600
0,7409800
0,7520100
1,7536600
0,7640500
0,7819100
0,7737400
0,7389100
1,7542900
1,7491800
0,7464900
1,7316100
0,7503700
0,7421800
1,7392800
0,9071200
0,7559700
0,7448300
0,7376900
0,7607300
0,7305200
1,7658400
1,7477800
0,7600300
1,7444900
0,7858400
1,7451900
0,7571300
0,7486900
1,7927800
0,7709300
1,7801600
1,7607300
1,7768100
0,7518700
0,7728400
1,7598400
0,7809500
1,7601100
1,7683700
0,7611400
0,7692300
1,7602000
1,7695700
1,7599900
0,7882000
0,7627600
0,7752700
0,7576600
1,7827500
0,7995000
1,7882200
0,7604900
0,7643300
0,7586100
1,7625900
1,7518700
0,7728000
1,7480200
1,7887500
0,7583600
0,7698800
1,7948200
0,8147300
1,8412100
1,8137600
0,8295100
1,7829800
0,7787200
0,8172600
1,7634100
1,7733000
0,7620000
0,7913500
0,7796100
0,7967800
0,7833900
1,7969900
0,7790300
0,7815500
1,7760000
1,7891700
0,7853200
0,7831300
0,7770800
0,7814100
0,7784400
1,7794200
0,7770800
1,7826500
0,7784900
1,7929000
0,7770600
1,7851800
0,7781200
0,7812800
0,7770600
1,7843400
1,7766400
0,8011000
1,7504500
1,7557400
1,7445200
0,7533300
0,7469800
1,7745500
0,7468000
0,7566700
1,7462000
1,7486900
0,8047900
0,7478200
0,7677900
1,7484800
0,7578000
0,7477600
1,8912100
0,7459800
1,7573800
0,7507100
1,8128500
1,8500100
1,8316700
1,8302800
0,7498000
0,7618600
0,7696900
1,7694900
0,7823200
0,7616300
1,7752600
0,7633400
1,7742000
0,7619700
0,7696400
1,7632500
1,7661500
1,7636900
0,7686400
1,7632700
0,7815200
0,7621800
0,7687400
1,7634300
0,7688100
0,7622500
1,9777000
0,8337200
0,7614900
0,7618300
1,7884400
0,7495900
1,7637300
1,7481600
1,7845600
0,7518400
1,7511700
0,7463400
1,7514000
1,7475900
0,7542600
1,7481200
0,8007400
0,7959400
0,7669600
0,7619600
1,7744900
0,7698600
1,7651000
0,7620000
0,7823000
1,7618800
0,9540900
0,9121100
1,8373000
1,8605600
1,7808200
0,7841800
0,7876400
1,7873100
1,7844700
1,7976900
1,7853500
1,8078700
1,7805500
0,7859300
1,7808500
1,7830000
1,7802200
0,7865400
0,7784000
0,7816200
1,7764500
1,7837500
0,7785100
1,7793900
0,7772300
0,7818000
0,7786700
0,7939400
1,7762100
1,7707200
1,7359000
1,7456000
0,7305300
0,7991600
0,7481900
0,7512700
1,7403900
0,7463400
0,7906200
1,7526300
0,7385900
0,7421300
0,7376800
0,7712500
1,7615300
1,7699600
1,7603100
0,7699400
1,7636600
1,7785200
1,7605000
1,7617200
0,7692600
0,7623100
1,7702800
1,7619800
0,7824900
0,7318700
1,7508000
0,7449600
1,7456500
0,7315100
0,8526000
1,7555700
1,7698100
0,7466500
1,7475900
1,7866500
1,7413000
0,7574500
0,7684800
0,7631300
0,7701000
1,7638400
1,7664200
0,7632300
0,7693600
1,7635500
0,7675300
1,7616500
1,7687600
1,7638400
0,7491200
1,7406400
0,7496400
1,7397400
0,7411000
1,7372500
0,7381800
0,7427600
0,7316900
0,7721600
0,7524400
0,7460500
1,7296700
0,7554000
0,7404200
1,7563400
1,7301000
1,7615200
0,7388900
1,7674100
1,7302100
0,7724900
1,7379100
1,7455200
1,7299500
0,7435500
0,7702700
1,7579700
0,7469100
0,7534500
1,7556400
1,7747100
1,7450300
0,7548700
1,7461600
1,7479100
0,7526300
0,7478500
0,7564500
0,7613100
0,9026000
0,7331600
0,7470200
1,7392500
0,7628000
0,7329900
1,7405700
1,7389100
0,7614600
1,7342400
0,8499300
1,7531100
1,7578300
0,7464400
0,7533500
0,7493900
0,7611400
1,7534200
1,7459100
1,7483000
1,7558400
0,7510600
0,7538600
1,7479600
1,7545500
1,7618200
0,7802000
1,7547800
1,7356800
1,7535300
1,7301100
0,7528900
1,7359100
0,7499600
0,7368100
1,7547100
1,7359300
0,7484400
1,7357200
0,7438700
0,7377500
1,7369600
1,7389200
0,7598900
0,7378300
0,7417500
1,7641200
0,7449800
1,7412500
1,7973800
1,8490100
1,8474200
0,8867100
0,7887900
0,8093700
0,7772800
1,7731100
1,7708200
0,7612600
1,7830000
0,7622600
0,7771800
1,7599200
1,7718300
0,7625200
0,8450100
1,7766900
1,7872400
1,7876500
1,7845400
1,7760700
0,7796400
0,7800300
1,7815600
1,7761300
1,7826700
0,7801000
1,7868600
0,7723800
0,7838300
1,7739200
0,7716400
0,7609300
0,8250800
0,7639700
1,7680700
1,7598500
0,7685300
1,7638300
0,7699100
0,7609700
1,7820300
1,7825800
0,7759300
1,8103700
0,7722200
0,7623000
1,7670300
0,7611500
1,7706000
0,7624500
1,7811700
0,7619300
1,7726500
1,7609000
1,7677900
1,7598600
1,7734200
1,7602100
0,7747900
0,7615400
1,7696500
1,7599500
1,7748300
0,7612200
0,7767200
1,7601000
0,7726100
1,7444100
0,7580700
0,7578900
1,8194200
0,7532400
0,7992200
0,7551000
1,7575600
1,7520900
1,7640700
0,7533000
1,7747700
1,7466900
0,7566200
0,7681900
0,7512500
1,7520200
0,7552500
0,7619200
0,7548700
1,7535800
0,7558000
1,7653100
0,7555800
0,7596200
1,7554500
1,7497000
1,7480200
0,7499200
1,7563100
0,8322900
1,7719300
1,7556900
0,7500200
1,7483600
0,7384600
0,7503700
1,7330500
0,7465500
1,7471000
0,8107100
1,7918000
1,8508400
0,7952000
0,8396400
1,8290000
0,9316900
0,8204100
1,8614500
1,8159900
0,7532000
0,7807900
1,7807100
0,7780300
1,7859700
1,7852200
0,7967500
0,7804100
1,7964000
0,7866900
1,7817800
1,7983100
1,7809000
1,7909100
0,7620000
0,7486600
0,7606300
0,7571100
1,7604800
1,7550600
0,7565500
1,7555700
0,7648600
1,7558400
1,7758700
1,7581400
0,7617000
1,7808400
0,7399000
1,7440100
1,7445400
0,7416200
1,7604100
0,7436500
1,7525700
0,7419800
0,7428800
1,7420000
1,7733400
0,7397800
0,7534700
1,7567700
0,7525800
0,7620300
0,7483400
1,7709800
1,7519100
0,7730400
0,7486400
0,8492400
1,7621100
0,7736000
1,7571100
1,7667500
0,7755700
0,7717800
0,7681400
0,7724300
1,7641000
0,8261300
1,7991300
0,8770600
0,8765800
0,7793300
0,7700200
1,7723900
0,7827600
1,7863900
0,7839000
1,7855000
0,7807400
1,8013500
1,7899400
0,7919800
1,7825500
0,7848400
0,7852300
1,7803100
1,7871900
0,7562200
1,7551600
0,7503300
1,7599400
1,7788600
1,7802800
1,7476800
0,7523700
1,8194200
0,7569300
0,7585600
0,7632500
0,7797900
1,7648500
0,7862400
0,7650700
1,7748500
1,7640600
0,7746900
0,7640300
0,7727600
0,7666700
0,8366500
0,7659700
0,10233000
1,7595400
1,7493300
1,7471600
0,7408100
1,7591600
1,7403700
0,7552900
1,7440800
1,7312800
1,7511800
0,7414300
1,7498800
0,7335600
1,8537000
1,7626100
0,7617400
0,7523600
1,7625500
1,7535800
0,7604300
1,7517800
1,7573800
1,7535400
1,7740600
1,7521200
1,7577300
1,7526200
0,7589500
0,7417200
1,7497800
1,7624400
1,7607900
0,7427000
0,7542800
1,7417600
1,7662900
1,7715300
0,7511800
0,7337100
1,7557900
1,7578500
1,7690000
1,7616900
1,7738300
0,7717500
1,7691100
1,7600400
1,7818900
0,7630300
1,7704000
0,7611200
0,7729100
1,7607400
1,7664500
0,7590500
0,7559000
0,7501400
0,7634000
0,7705300
0,8351700
0,8543400
0,8677600
0,8806100
1,9425300
1,9754300
1,7748500
0,7772300
1,7825700
1,7806100
0,7796600
1,7761400
1,7841000
1,7801700
1,7936000
1,7760200
0,7794400
0,7802300
0,7842100
1,7553200
1,7582300
1,7534000
1,8283500
0,7616700
1,7966500
1,7574000
0,8103300
0,8255800
0,8820900
1,7920100
1,7491500
0,7728600
1,7754200
1,7718800
1,7645400
0,7714700
0,7702500
1,7841800
0,7661100
0,7750700
1,7697000
1,7639700
1,7718500
0,7629200
0,7919600
0,7540000
0,7602400
1,7458200
0,7613500
1,7824200
0,7617400
1,7540300
0,7550900
1,7522400
0,8193900
0,7671200
1,7595600
0,7849800
0,7743100
0,7682900
1,7721700
1,7638700
0,7743500
1,7655600
0,7765700
1,7620600
1,7721000
1,7653200
1,7758400
0,7642500
0,7687700
0,7427000
1,7656800
1,7316600
1,7710700
0,7491200
1,7461500
1,7322200
0,7870900
0,7986900
1,8139600
1,7599400
1,7516700
1,7708100
1,9428600
1,10885700
1,11109200
0,8502800
0,8080900
0,7921600
1,8340200
0,7817100
1,7814400
0,7702800
1,7614400
1,7737400
0,7781900
0,7808300
0,7793800
1,7778300
0,7783100
1,7789200
1,7779100
0,7800500
1,7860100
0,7842300
1,7781000
1,7774000
1,7602000
1,7555400
1,7493400
0,7593300
1,7497800
0,7546200
1,7465000
0,7556200
1,7499500
1,7516600
1,7462800
0,7569400
1,7598800
0,7575000
1,7586800
1,7327600
0,7502800
0,7361100
1,7433900
1,7537600
0,7777500
1,7361400
0,7477000
1,7355100
1,7423400
0,7803500
1,7465800
0,7608900
0,7697600
0,7622000
1,7673600
0,7612500
1,7744100
1,7603000
0,7695300
0,7610100
0,7703700
0,7521600
0,7656000
0,7623000
1,7737200
0,7468600
1,7513900
0,7700400
0,8113700
0,7470500
0,7532600
0,7456800
1,7575400
1,7449500
0,7847900
1,8242500
1,7801500
0,7721000
1,7732600
0,7678900
0,7730300
0,7716000
0,7653000
1,7665100
1,7792900
0,7672800
1,7672800
0,7788400
1,7645900
1,7778300
1,7728600
0,7696700
1,7712500
0,7746100
0,8565400
1,7609200
1,7639100
0,7674100
0,7629000
1,7690900
1,7639400
0,7681500
0,7765400
1,7675900
0,7621900
1,7656100
1,7618900
0,7700700
1,7638100
1,7664400
0,7632000
1,7752900
1,7638700
1,8343000
0,7632300
0,7896100
1,8514300
0,8928800
0,8814000
1,8480900
1,8706500
1,7570500
1,7662500
1,7452700
0,8162800
1,8070500
1,9080800
0,8702800
0,7827000
0,7809500
0,7820100
1,7759400
1,7830300
1,7785400
1,7791700
1,7756700
1,7950600
1,7833200
0,7930500
1,7799800
1,9200600
0,7778900
0,7877500
1,7727700
0,7742300
0,7646800
1,7711700
1,7631900
1,7830300
0,7948200
0,7737400
0,7612200
1,7726400
1,7600900
0,7693600
1,7606600
1,7717000
0,7622500
0,7699300
1,7600400
0,7774500
0,7622700
0,7695700
0,7611000
0,7829500
0,7620700
0,7607200
0,7653400
0,7614000
1,7481500
0,7550200
0,7456900
1,7698800
1,7447800
0,7532000
0,7457700
0,7663000
1,7517000
0,7840800
0,7538500
0,7707600
0,7624700
1,7678100
1,7599500
0,7699300
0,7621300
1,8981700
1,7615800
0,7677000
0,7716300
1,7676500
0,7647100
0,8149000
0,8247800
1,8647100
0,8848700
1,9117800
1,8826900
0,8653800
0,8361300
0,7377100
1,7457400
1,7396800
0,8315900
1,8103100
1,7907700
0,7851300
0,7924200
1,7801400
1,7785000
1,7831600
0,7790700
1,7823400
0,7798600
0,7817400
0,7797100
0,7785100
1,7941200
1,7618700
0,7832300
0,7621200
0,7856500
1,7622400
0,7663500
0,7618800
1,7678800
0,7634300
1,7661400
1,7635900
0,7846300
0,7640900
0,7686800
1,7637900
0,7691400
0,7632700
1,7657500
0,7619200
0,7705800
0,7680500
0,7708500
1,7636100
1,7680000
0,7628600
1,7486900
0,7375000
0,7769300
0,7471400
1,7839500
1,7366300
1,7650500
1,7375100
0,7304300
0,7424800
1,7374700
0,7612400
0,7364800
0,7459000
0,7480700
1,7612700
1,7443400
0,7542100
0,7483600
1,7550300
1,7444000
1,7542300
0,7483300
0,7643300
0,7453800
1,7542400
0,7485400
0,7522900
1,7415800
1,7413700
0,7413200
1,7632700
1,7301800
0,7582800
0,7390200
0,7686200
0,8082600
0,8379700
0,7815800
0,8195400
0,7647600
0,7695800
1,7610300
1,7671600
0,7613300
1,7721600
1,7599800
0,7774800
0,7608600
1,7764800
1,7604000
0,7694900
1,7598500
0,7617900
0,7619100
0,7535000
1,7440200
1,7573300
0,7464800
0,7625600
0,7457100
1,7550400
1,7448900
0,7534800
0,7700200
0,7561600
1,7451200
0,7478000
0,7574700
1,7495400
0,7697000
1,7488200
0,7663900
0,7479100
1,7561600
1,7459200
0,7828600
1,7513400
0,7732100
1,7559300
0,7716100
1,7653500
0,7691400
0,7631600
1,7690800
0,7635400
0,7681500
0,7633900
1,7661700
0,7632500
1,7663900
1,7618300
1,7530300
0,7387300
0,7666200
1,7915600
1,7885700
0,7735300
0,7886300
1,7754000
1,7881000
0,7764200
0,9060300
1,7378900
1,7579600
0,7621100
1,8056300
1,7647400
1,7668600
0,7620200
1,7860600
1,7616600
1,7673500
0,7619500
1,7664000
0,7633500
1,7694200
0,7618200
1,7773400
0,7631800
1,7706500
0,7619200
1,7659000
0,7629300
0,7690800
0,7619500
0,7681800
1,7616400
1,7676900
0,7618400
1,7655100
1,7460300
0,7455900
0,7466700
0,7443300
1,7436000
0,7542400
0,7380100
1,7358700
1,7824700
0,7374200
1,8186700
0,7375800
1,7569200
1,7487600
0,7860300
0,7619000
1,7745800
1,7596600
0,7685800
0,7626000
1,7676100
1,7599400
0,7669800
0,7619800
1,7716300
1,7599500
0,7651300
0,7466800
0,7541200
0,7455900
1,7744800
1,7651000
0,7613300
1,7481800
0,7557500
1,7448600
1,7898100
0,7569900
0,7923800
1,7480400
0,7951000
1,7598800
0,7761000
1,7601700
0,7930100
1,7605200
1,7735900
0,7715800
0,7717200
1,7599300
1,7697900
0,7623300
0,7719600
0,7609900
0,7811000
0,7621800
1,7718900
0,7611900
1,7861800
0,7668500
1,7725600
1,7639900
1,7735400
0,7680000
1,7907100
1,8353600
1,7738000
0,7689100
0,7725200
1,7640200
0,7804600
0,7685600
0,7778600
1,7634000
1,8129800
1,7661600
1,7726600
1,7621600
0,7726800
0,7457700
1,7435800
1,7313400
1,7486900
1,7402100
0,7567900
1,7437800
1,8609900
1,7422400
0,7890500
0,8512500
1,8683800
0,8280200
1,7877000
1,7802500
0,7872700
1,7801400
0,7874900
0,7867300
1,8044000
0,7830600
1,9022500
0,7687000
0,7819600
0,8205900
0,8000700
1,7826100
1,7834200
1,7779100
1,7809100
0,7794900
0,7801600
1,7763900
0,7829600
1,7788200
1,7820600
1,7766400
1,7803100
1,7804500
1,7955400
1,7765700
1,8950400
0,7810200
0,7798100
0,7881300
1,7799100
0,7789400
1,7796500
1,7785600
1,7799500
1,7606300
1,7943000
1,7479600
1,7544700
1,7512100
1,7546400
0,7465600
1,7554500
0,7453900
0,7640600
0,7462200
1,7550200
1,7443400
0,7607500
1,7446100
0,7569300
1,7443500
0,7647300
1,7449700
0,7560500
0,7453800
0,7606200
1,7447400
0,7560200
1,7443300
1,7569800
1,7446800
0,7470600
0,7308000
0,7464700
1,7358000
1,7674700
0,7339900
0,7616500
1,7458000
0,7431400
0,8008100
0,7946000
0,7380300
0,7412400
1,7699100
1,7484200
0,7678200
1,7576000
0,7547100
0,7465200
0,10369900
1,7718600
1,7449700
1,7567100
1,7449800
1,7769200
1,8046700
1,7780300
0,7828800
1,7679700
0,7611100
1,7689300
0,7636800
1,7677900
0,7611900
0,7895400
0,7649000
0,7733300
1,7891100
0,7618300
1,7686200
0,7632400
1,7649600
1,7639700
0,7717900
0,7631300
1,7755700
0,7618800
1,8813700
0,7688500
1,7615800
0,7675300
1,7610600
1,7372300
1,7432100
0,7316600
1,7726800
1,7374000
1,7362800
1,7392100
1,7540000
1,7371400
1,7414500
0,7374200
0,7639100
1,7353700
0,7691600
0,7373700
0,7484800
0,7389300
1,7518600
0,7628800
1,7841700
0,7886700
1,7776000
0,7378900
0,7715800
1,7371700
0,7558400
1,7506900
0,7644800
0,7506200
0,7576700
1,7485500
0,7837000
1,7542000
0,7536700
1,7561800
0,7564800
1,7765200
0,7497700
1,7596900
0,7704900
0,7619700
1,7514400
1,8234800
0,7686500
0,7591900
1,7551100
1,7651400
0,7480200
0,7630800
0,7529300
1,7661600
1,7476300
1,7660000
0,7624600
1,7771400
1,7621900
1,7725100
1,7638700
1,7758100
1,7626300
0,7732900
0,7647200
0,7741000
0,7622300
0,8007000
0,7631700
0,7951700
1,7520900
0,7908600
0,7884500
1,7870700
1,7853600
0,7624500
0,7459700
0,7567600
1,7551300
0,7659200
0,7536900
1,7743000
1,7624700
0,7731500
0,7647700
0,7696900
1,7756300
0,7714800
0,7642100
1,7798500
1,7658500
1,8365600
0,7782300
0,7678100
0,7679300
1,7779300
1,7611500
1,7701100
1,7649100
0,7703700
1,7608900
1,7636700
1,7663300
1,7614600
0,7686700
0,7616800
1,7675000
1,7590000
0,7546500
1,7607300
1,7569400
1,7461200
1,7681300
1,7481700
1,8069700
1,7604200
1,7580500
0,7534800
1,7572400
0,7757700
0,7649700
1,7637800
1,7660300
1,7617100
1,7677200
1,7637600
0,7840300
1,7633600
1,7800500
1,7635200
0,8998700
0,7669400
1,8598400
1,7524100
0,7440900
1,7387900
0,7385400
0,7355000
0,7453600
0,7402600
0,7381800
1,7388500
1,7416900
0,7404200
0,7487500
0,7372900
1,7443400
1,7405100
1,7293500
0,7432800
1,7361100
0,7766900
0,7303400
1,7460000
0,7375600
0,8467400
0,8449300
0,8446800
0,8413500
1,7496800
1,7723000
1,7711800
1,7600000
0,7760700
1,7742500
1,7806100
1,7602700
1,7686500
1,7599200
1,7706300
1,7602100
0,7733800
0,7611300
1,7710800
0,7736900
1,7534400
1,7442700
1,7812400
0,7939800
1,9128300
0,8351600
0,8706400
1,8146200
0,8163800
0,8325200
1,7827800
0,7805200
0,7798000
1,7784500
0,7874500
1,7830300
1,7872300
1,7886100
1,7862100
1,7798100
1,7813300
1,7915700
0,7813600
0,7830800
0,7819100
1,7845800
0,7867900
1,7846600
0,7795200
1,7784500
1,7824600
1,7784600
0,7795700
1,7801700
1,7799700
0,7818600
0,7801800
0,7808800
1,7802000
0,7795300
0,7799400
1,7788900
0,7779900
0,7797300
1,7781100
1,7798300
1,7803000
1,7782000
0,7770500
1,7673400
0,7617300
0,7682000
0,7729900
1,7715400
1,7637600
1,7761100
1,7617100
0,7688400
1,7638100
0,7680100
1,7616600
0,7665900
0,7378900
1,7790500
0,7331900
1,7436100
1,7395300
1,7443000
0,7328700
1,7616100
0,7465000
0,7374800
1,7377300
1,7422300
1,10502500
1,7512900
1,7514300
1,7766900
0,7839700
1,7630300
1,7519900
1,7684100
0,7467200
0,7541600
0,7497700
0,7512600
0,7465300
0,7465800
0,7575400
0,7456100
1,7683000
0,7465900
1,7540700
0,7456700
0,7520200
0,7465500
1,7657500
0,7453100
0,7649700
0,7464100
1,7604800
1,7351500
0,7583900
0,7592900
0,7506100
0,7302500
1,7483700
0,7376800
0,7558100
0,7304500
0,7480600
1,7453200
1,7827700
1,7299300
0,7464800
0,7676300
0,7554400
1,7358100
0,7475000
0,7657000
0,7705400
1,7449600
1,7393800
1,7427500
1,7390400
1,7410800
0,7344100
0,7578900
0,7638500
0,7511300
0,7465100
0,7631000
1,7476700
0,7510500
1,7480900
1,7507300
1,7595600
0,7659700
0,7462300
1,7650000
0,7492100
0,7453800
0,7328500
0,7562700
0,7405800
1,7565000
1,7393800
0,7374300
0,8521200
0,7566400
0,7569800
0,7503600
1,7474500
1,7356200
0,7596700
0,7501600
1,7714300
0,7736900
0,7992200
1,7853600
1,7989300
0,7844000
0,7743000
1,7874700
0,7918400
0,7799400
1,7692000
1,7781500
0,7766800
0,7624700
0,7680900
0,7642800
1,7763600
0,7640100
1,7821300
1,7654800
0,7727600
0,7930800
1,8139100
1,7652600
1,7814000
0,7609100
1,7802600
0,7637600
0,7699000
1,7601300
1,7832100
1,7623300
0,7689700
0,7953000
1,7696500
0,7637000
0,7704700
1,7596900
1,7790300
0,7642500
1,7799400
1,7602300
0,7689400
0,7616400
1,7661000
0,7608000
1,7728700
0,7623100
1,7675700
1,7781700
0,7649300
1,7358300
1,7518000
1,7356600
0,7461500
1,7297700
0,7587700
0,7364200
1,7509400
1,7483300
1,7374300
1,16674200
1,7721600
1,7661200
1,7615400
1,7906000
0,8788800
0,7813600
1,7618100
1,7698400
0,7617200
0,7684900
0,7633300
0,7690500
1,7639100
0,7623600
0,7388900
1,7639200
0,7440500
0,7419700
1,7375500
1,7441400
0,7375000
0,7316200
0,7861500
1,7660300
0,7856000
0,7703600
1,8582600
1,8346400
0,7913100
0,7930000
1,7642000
0,7889300
1,7649700
0,7803300
0,7657300
0,7673000
0,7618000
0,7689100
0,7549300
1,7721500
0,7793200
1,7778200
0,7811600
0,7775100
0,7780700
1,7771300
1,7797100
0,7788400
1,7797700
1,7761400
1,7813900
1,7776600
1,7531100
0,7526600
0,7562000
0,7523100
0,7504700
0,7519000
1,7480200
0,7513100
0,7464600
0,7465100
0,7538600
1,7443400
0,7531500
1,7405300
1,9283400
1,8388700
1,9382000
1,8765100
1,9225800
0,8519100
1,8783900
0,7575300
1,7374400
0,7534700
0,7393500
0,7639300
0,7795200
1,7964400
1,7816700
0,7821000
1,7803500
1,7786900
0,7799700
0,7818100
1,7787500
0,9712300
1,7898300
0,7812800
0,7840900
1,7781400
1,7822300
1,7780500
1,7852300
0,7808500
0,7815400
1,7769300
1,7805200
1,7788600
1,7818800
0,7790400
0,7808000
1,7624400
1,7937500
1,7606700
0,7705800
1,7630000
1,7696700
0,7619500
1,7698500
1,7618200
0,7717500
0,7639300
0,7709800
0,7882000
1,7705900
1,7604500
1,7722500
0,7658400
0,7754700
1,7602400
1,7690200
0,7608600
0,7805600
1,7603400
0,7699100
1,7599000
0,7669400
1,7478200
1,7682200
0,7454100
1,7808700
1,7877600
0,7694300
0,7560900
0,7511700
0,7464200
0,7514000
1,7513600
1,7480500
0,7513200
1,7601100
0,8623400
1,8662000
1,8884100
0,9203600
1,7481200
1,7533900
1,7471700
1,7542000
1,7603700
0,7612100
1,7529800
1,7912900
0,7775100
1,7810100
1,7809100
1,7799200
1,7760800
0,7809900
0,7815600
0,7807300
0,7771700
1,7821600
1,7783300
0,7824200
0,7598200
0,7871900
0,7657000
1,7578900
1,7444600
0,7631200
1,7463600
1,7537900
0,7451800
0,7463700
1,7538900
0,7478300
1,7520800
1,7481700
0,7576100
0,7479100
1,7541000
0,7520600
1,7560100
0,7478600
1,7504200
1,7480800
0,7534400
1,7493600
1,7496800
1,7483300
1,7537900
0,7389900
0,7410100
1,7389000
1,7470100
0,7390200
1,7485100
0,7378500
1,7658100
1,8432600
1,7611700
1,7398700
0,7564800
1,7377000
0,7515200
0,7497500
0,7487200
0,8210300
1,7445600
0,7739400
1,7539200
1,7544000
0,7456500
0,7590800
0,7815000
1,7806700
1,7442300
1,7697000
1,7448200
1,7522700
0,7451900
0,7695800
0,7467300
1,7525600
0,7452500
1,7534400
0,7370100
0,7487500
1,7441400
1,7628500
0,7428300
1,7431200
1,7477900
1,7488900
1,7446900
0,7518700
0,7364500
0,7314500
1,7419400
0,7384300
1,7926500
0,7313100
0,7451500
1,7633000
0,7571000
1,7494400
0,7523000
1,7459900
1,7562700
0,7475100
0,7690800
0,7478300
1,7833400
1,7498500
0,7553700
1,7464400
0,9242500
0,7412400
0,7373100
1,7342200
1,7500800
0,7387300
0,7444400
0,7385200
1,7446500
1,7428100
0,7363300
1,7372600
0,7366800
0,8519800
0,7621800
1,7498000
1,7478200
0,7546700
0,7466800
0,7636200
0,7457000
0,7542700
0,7464700
1,7569300
0,7487800
0,7695600
0,7551000
0,7594300
1,7878600
1,7616700
1,7520100
0,8046500
1,8142700
1,8516600
1,8625600
1,7727100
1,7447800
1,7691000
0,7466600
0,7634100
1,7638100
0,7818900
0,7788200
1,7791200
0,7789400
1,7801000
1,7759200
0,7802800
1,7774600
1,7817400
0,7785200
0,7824500
0,7807900
0,7595500
0,7317300
1,7447000
0,7438900
0,7586900
0,7315700
0,7684200
1,7369400
1,7452000
1,7297900
1,7907500
1,7469800
0,7314100
0,7477200
1,7372200
0,7474100
0,7312700
0,7585400
0,7388700
0,7752900
0,7527900
1,7810700
0,7617900
1,8211500
1,8188600
0,9665100
0,7638300
1,7621000
1,7803900
0,7817900
0,7743100
1,7795500
0,7617700
0,7682100
1,7635100
0,7675400
0,7772800
1,7780100
0,7769500
1,7778700
0,7830600
0,8123800
0,7760500
0,7786100
0,7684000
1,7662500
1,7661300
1,7861500
1,7638600
0,7711100
1,7646600
0,7680600
1,7635900
0,7711300
1,7775200
1,7662600
0,7616200
0,7896600
1,7666900
0,7685900
0,7618600
0,7693200
1,7616300
0,7888500
0,7807400
1,7704500
0,7630900
1,7659700
1,7635400
1,7678000
1,7618800
0,7680400
0,7623000
0,7699400
0,7632400
0,7665300
0,7617200
0,7695000
1,7420900
1,7457400
1,7394000
0,7433200
1,7313200
0,7426700
1,7391100
1,7459300
0,7328400
1,7415900
1,7395600
0,7389800
1,7414200
0,7364500
1,7491300
1,7374900
0,7484300
0,7363500
1,7484900
1,7314600
0,8716700
0,7930700
1,7745400
0,7706200
1,7759400
0,7725400
1,8978400
1,7720900
1,7816500
0,7638300
1,7747400
0,7688100
1,7971000
1,7611200
0,7744400
0,7655300
1,9512800
0,7624100
0,7812400
0,7525200
0,7694800
1,7759800
0,7689800
0,7623900
0,7696800
1,7602100
1,7741500
0,7623100
0,7692300
1,7599800
1,7711500
1,7599200
0,7553900
0,7364600
1,7525500
0,7375800
1,7847400
1,7420300
0,7578700
1,7364600
1,7900000
1,8223300
1,8552100
0,9429500
0,8561000
1,7969400
1,8028400
1,7760300
0,7632500
0,8112900
0,7951800
0,8217500
0,8613400
0,8062500
0,7619700
0,7696400
0,7637100
0,7755100
0,7781000
1,7842500
1,7795900
1,7781000
1,7800200
1,7813700
0,7813600
1,7787100
0,7781800
0,7845500
1,7791000
0,7789700
1,7744800
0,7846800
1,7644300
0,7663300
1,7637400
1,7694700
0,7672100
1,7769800
1,7639500
0,7771200
1,7637800
0,7826600
0,7623000
1,7702000
0,7493400
1,7780400
0,7467000
1,7499500
0,7494200
1,7472800
0,8050300
0,7462600
0,7621300
0,7454900
1,7529900
1,7460800
1,8080400
1,7598700
0,7735100
0,7653800
1,7813100
0,7607000
0,7680500
0,7638400
0,7694200
0,7612300
0,7689000
0,7636900
1,7678200
1,7524900
1,8566800
1,7371400
0,7599500
1,7293000
0,7430900
0,7426200
0,7558700
1,7355900
1,7627000
1,7464300
1,7421500
0,7361900
0,7460400
0,7416200
1,7394400
1,7357400
1,7391700
0,7453100
0,7327400
1,7572000
0,7375600
1,7686700
0,7330100
0,7685700
1,7435400
0,7522800
1,7331800
1,7773800
0,7580200
1,8492700
1,7528300
1,7573500
1,7827600
0,7498800
0,7424900
0,7982200
0,8361100
1,8518000
1,8365600
1,7809500
0,7837100
1,8125500
1,7827800
0,7835300
1,7829400
1,9292900
0,7816400
0,7837800
1,7865600
1,7825000
1,7803200
0,7735500
0,7520900
1,7602800
0,7497600
0,7671200
1,7592100
1,7587500
0,7549800
1,7543600
0,7557500
1,7682500
0,7551000
0,7598300
0,7549300
1,7493000
1,7412900
0,7475700
1,7454900
0,8093000
1,7403800
0,7430900
1,7418000
0,7658200
1,7416200
1,7405100
0,7450400
1,7398800
1,7486500
1,7312100
1,7558100
1,7396400
0,7619900
1,7570700
1,7462500
1,7401300
1,7876400
1,7312200
0,7680100
1,7583700
1,7786400
1,7569800
0,8089900
1,7646600
1,7722100
1,7662200
0,7958300
0,7687800
0,7815800
0,7677400
1,7718000
0,7668300
0,7756500
1,7680000
0,7757400
1,7649400
1,7925300
0,7668000
0,7851000
1,7619900
1,7720400
0,7743200
1,8099800
1,7858100
0,8034700
1,7780000
0,8262200
0,7859800
0,7887100
1,7786700
0,7846000
1,7803500
1,8003800
0,7800000
1,7994500
1,7803200
1,7875300
0,7795300
0,7828500
1,8090500
1,7766900
0,7528000
0,7639300
1,7526700
0,7638000
1,7521200
0,7549000
1,7526700
0,7651700
0,7528900
1,7581700
0,7505700
0,7672700
1,7519600
1,7641300
1,7469600
0,7605200
0,7527400
1,7696900
1,7524600
0,7638100
0,7531500
1,7707900
1,7502100
0,7671500
1,7521000
1,7564400
1,7575200
0,7670800
1,7430400
1,7687700
0,7561100
1,7509600
0,7433100
0,7521700
0,7334800
0,7980400
1,7993200
1,7784900
0,7700800
0,7959600
0,7785800
0,7668800
1,7623800
0,7683700
0,7609100
1,7697000
0,7637200
1,7675900
0,7609900
1,7828600
0,7638500
0,7661500
1,7443100
1,7480000
1,7656000
1,7498300
0,7535400
1,7481800
0,7555200
0,7477200
1,7503600
1,7480400
0,7548800
1,7461300
0,7837500
0,7376800
1,7471100
0,7327100
0,7456300
1,7389700
1,7411100
0,7325300
0,7447200
0,7373200
0,7556600
1,7317000
1,7354500
0,7471600
1,7395000
0,7387000
1,7355500
1,7557800
1,7375000
0,7860700
0,7576500
1,7447600
0,7453800
0,7420600
0,7576500
1,7603800
0,7396800
0,7566800
1,7406400
0,7562700
1,7469900
1,7607100
0,7452100
1,7632800
1,7497400
0,7475800
1,7445000
1,7568300
1,7485400
1,7501800
0,7489200
1,7391900
0,8547300
0,7842200
0,7699400
1,7512500
1,7427000
0,7478300
0,7405700
1,7394600
0,7467000
0,7391300
0,7494400
1,7814300
1,7679300
0,7635400
1,7662900
0,7617400
0,7736400
1,7514400
1,7626000
0,7618700
0,7698300
1,7616000
1,7666100
0,7619800
1,7654000
1,7372900
1,8755200
0,7314100
1,7480200
0,7385100
0,7519400
0,7315500
1,7427900
0,7337600
1,7291000
0,7312600
1,7383800
0,7480200
0,7303700
0,7449500
0,7388700
0,7518700
1,7293700
0,7466400
1,7374700
0,8266200
0,7975300
0,8881900
0,9280200
0,7854800
0,7641000
0,7815700
1,7808700
0,7790900
0,7769200
0,7849200
0,8468300
0,7883200
0,7784600
0,7815500
0,7811500
0,7796200
1,7794600
1,7792500
1,7943800
0,7742900
1,8198500
0,8110600
1,8141400
0,7736000
0,7736800
1,7635900
0,7671200
1,7617600
0,7700800
0,7617300
0,7721100
1,7781400
1,7820900
1,7801300
0,7803000
0,7796900
0,7907000
1,7798100
1,7771700
1,7777600
1,7788900
0,7780900
0,7809400
0,7603500
0,7603700
0,7463000
0,7533700
1,7464100
1,7523100
0,7462200
1,7632100
1,7497500
1,7525300
1,7540500
0,7668800
0,7563400
0,7512500
0,7376200
0,7374400
1,7375500
0,7337000
1,7463700
0,7546700
0,7410400
1,7371600
1,7884400
0,7411600
0,7716600
0,7688600
0,7507900
1,7598500
0,7694900
0,7605700
0,7679900
1,7601900
1,7716400
1,7599500
1,7733400
1,7603700
1,7698200
0,7609600
0,7683800
1,7601900
1,7482000
0,7307000
0,7679800
0,7350200
0,7628200
0,7308400
0,7427700
0,8040600
1,9467800
0,8512100
0,7937900
1,7452100
0,7946600
1,7760000
1,7822100
0,7784800
1,7862900
1,7763500
0,7807000
1,7787100
0,7809900
0,7771700
0,7795000
0,7800200
1,7794100
1,7619100
0,7829100
0,8548700
1,8802200
0,8729500
0,9220200
1,8467700
1,8492500
0,8512500
0,7374600
1,7429700
0,7326900
1,7478100
0,7667300
0,7742000
0,7647100
1,7692500
0,7639500
1,7657200
0,7631000
0,7911000
1,8098000
0,7741200
1,7616300
1,7911700
1,7683900
0,7681700
1,7720500
0,7654800
1,7651700
1,7677500
1,7775400
1,7676600
1,7651900
0,7627900
1,7677800
1,7620900
0,7682300
0,7610500
0,7582300
0,7469700
0,7789600
0,7467000
1,7555600
1,7465000
0,7546200
0,7505500
0,7897600
1,7464700
0,7872800
1,7478600
0,8385700
0,7675600
1,7733500
1,7607700
0,7696600
0,7652800
0,7700500
1,7602600
0,7697700
1,7618100
0,7697800
1,7602200
0,7689600
1,7627700
0,7814300
1,7540800
0,7536300
1,7462500
1,7558600
0,7536200
1,7561100
0,7473300
0,7563000
0,7466700
1,7562800
0,7473200
0,7617300
1,7447400
0,7642100
0,7553700
1,7623600
1,7548100
1,7462100
0,7751600
1,7483500
0,7579500
1,7462400
0,7748500
1,7581900
0,7542800
1,7560600
1,7650100
0,7463900
1,7509500
0,7511300
1,7595700
0,7464900
1,7559700
1,7477200
0,7561300
0,7463400
0,7586500
0,7477000
0,7634600
0,7375000
1,7555300
0,7645700
1,7479300
0,7375400
1,7451400
1,7483800
0,7363000
0,7496600
1,7403300
0,7421300
1,7466800
0,7928600
1,7647500
0,7751400
0,7649500
1,7967800
0,7684500
0,8120000
1,7620300
0,7713500
1,7645300
1,7755200
0,7634600
0,7716900
0,7670700
0,7657100
0,7478700
0,8396100
0,7541800
0,7643000
0,7526800
1,7629700
0,7542000
1,7627700
1,7516300
1,7583400
0,7542000
1,7637000
1,7424700
0,7456100
0,7422400
1,7672100
1,7405800
0,7417700
0,7421300
1,7536200
0,7554700
1,7482700
0,7414200
0,7600400
1,7405900
0,7330200
1,7601800
0,7592600
1,7432400
0,7509800
0,7554300
1,7603800
0,7646200
1,7407900
0,7623500
0,7456100
1,7596700
1,7353900
1,7566100
0,7576200
1,7641600
1,7720300
0,7795000
1,7571500
1,8026500
1,8285600
1,8121400
1,8377800
0,7819800
1,7554700
0,7652100
0,7597100
1,7754000
0,7658600
1,7776800
0,7660100
0,7914500
0,7655100
0,7909900
0,7691300
0,7714300
1,7685600
0,7742500
0,7672900
0,7972400
1,8054200
0,10058700
0,8471600
0,8025400
0,7925100
1,7622500
1,7723600
1,7644300
0,8214600
0,8371200
1,8655800
1,8151100
1,7891300
1,7804200
0,7967000
1,7824100
0,7859000
0,7870700
1,7854500
0,7835300
1,7868800
0,7828800
0,7936100
0,7796700
0,7814700
0,7781800
0,7823100
1,7782300
0,7815300
1,7767000
0,7815000
1,7776300
0,7803900
1,7765300
1,7805400
0,7810000
0,7802900
1,7489500
0,7652300
1,7572200
0,7847900
0,7467300
1,7543500
0,7486200
0,8090400
1,7447300
0,7552800
0,7454100
0,7527200
0,7695100
0,7652200
0,7517700
1,7573900
0,7464800
0,7554000
1,7446100
1,7551800
1,7450600
0,7566100
0,7455000
1,7716300
1,7967400
1,7682400
0,7456400
1,7635700
1,7444000
1,7478300
0,7544400
0,7461500
1,7516700
1,7479600
1,7577500
0,7461900
0,7522800
1,7475700
0,7509700
0,7439700
1,7443100
1,7410000
1,7381800
0,7378100
1,7433000
1,7330900
0,7445000
0,7372200
0,7460900
1,7389600
0,8122400
0,9033000
0,9243000
1,8528900
1,9139000
0,8542500
1,8214000
1,8070700
0,7850000
1,7578100
0,7510300
1,7461700
0,7507100
1,7479300
1,7560300
0,7707000
1,7788600
0,7778800
1,7837300
1,7777400
0,7819300
1,7800700
1,7800500
0,7794400
0,7800000
0,7781300
1,7813700
0,7795700
1,7704400
1,7639500
1,7806600
0,7634100
1,7666200
1,7634900
0,7723400
1,7618000
0,7695800
1,7656300
0,7708800
0,7634200
1,7655700
0,7458000
1,8255400
1,7574000
1,7512100
0,7520800
1,7402000
0,7387800
1,7428100
1,7411100
1,7420800
0,7388400
1,7641600
1,7498000
0,7576000
1,7662000
1,7820800
1,7715300
1,7830100
1,7641700
1,7838600
1,7700500
1,7715600
1,7639000
0,7906200
0,7874300
0,7872400
1,7635800
1,7708800
1,7699700
0,7737400
1,7655400
0,7689800
1,7706800
1,7766100
0,7676500
1,7760800
0,7663500
0,7839000
0,7679900
1,7660000
1,7584400
0,7664900
1,7757400
1,7647600
0,7489200
0,7633900
1,7531800
1,7579800
0,7480600
1,7719500
1,7532100
1,7532800
0,7889100
0,7539000
0,7637000
0,7563100
0,7551500
1,7519600
0,7741800
0,7565100
0,7579700
0,7528900
1,7554800
1,7536500
0,7845400
0,7444100
1,7539600
1,7532400
1,12723000
1,7482800
1,7351700
0,7413000
0,8650400
0,7540200
1,7490500
0,7379800
0,7460600
0,7412100
1,7709200
0,7629200
1,7766000
0,7661500
1,7762200
0,7631400
1,7765900
0,7667100
0,7754900
1,7637300
0,7759500
0,7670600
1,7755900
0,7464600
1,7456800
0,7609500
1,7490300
1,7376700
0,7430800
0,7728300
1,7629000
0,7446900
1,7454800
1,7436900
1,7546100
1,7549900
1,7721100
1,7491500
0,7829800
1,7570100
0,7578400
0,7539700
1,7772700
1,7530900
1,7650600
1,7521000
0,7914600
0,8123500
0,8526100
0,7850600
0,7880800
1,7643000
1,7753300
0,7690800
0,8659200
1,7762800
1,7842000
0,7707500
0,7786200
0,7629500
0,7730600
1,7663700
1,7710600
0,7629300
0,7788700
1,7659100
1,7721100
0,7628900
1,7739400
1,7666000
1,7660100
1,7988600
0,7680200
1,7737100
1,7653500
1,8563000
1,8626400
1,8038900
0,8617400
1,8136800
1,9351600
0,8058500
0,8728800
0,8832500
0,7599700
0,7734600
1,7545700
1,7759900
1,7822400
0,7785800
1,9946700
0,8491600
0,7783300
1,7765400
0,7808000
1,7801800
1,7802800
1,7789800
1,7796600
0,7649800
1,7394700
1,7423100
0,7660100
1,7294100
0,7608600
1,7359200
0,7557500
0,7366000
0,7420500
1,7361500
0,7443800
0,7370400
1,7417400
0,7713000
0,7494000
0,7366900
0,7507000
0,7349100
0,7550200
1,7354800
0,7485900
1,7363900
0,7408600
1,7391500
0,7455800
0,7382300
1,7444500
1,7374300
1,7393000
0,7457000
1,7316700
1,7447500
0,7375500
1,7436400
0,7327900
1,7498500
0,7375300
1,7402100
1,7375300
1,7447100
1,7392800
0,8160100
0,7560200
1,7733100
0,7466800
1,7435300
0,7327800
1,7464300
1,7393300
0,7435800
0,7326700
1,7626000
1,8690500
1,8431200
1,8550900
1,8534100
1,7640300
1,7740200
1,7640000
1,7840700
0,7619300
0,7678400
0,7648900
0,7676000
1,7645400
0,7757100
1,7824700
1,7772500
0,7783800
1,7806100
1,7802600
1,7801600
1,7809500
1,7863200
0,7828900
0,7857800
0,7815100
0,8145500
0,7806900
0,7789800
1,7800200
1,7810200
1,7782500
1,7769600
1,7801600
0,7809300
0,7795200
1,7778500
0,7787000
0,7833600
1,7781100
1,7934600
1,7479800
1,7522800
1,7461900
1,7518900
0,7467800
1,7527000
1,7497900
1,7588300
1,7477900
1,7514000
1,7464000
1,7493100
1,7440100
1,7444700
1,7401600
0,7363500
1,7391700
1,7727800
0,8510400
1,7660700
0,7437700
1,7448300
1,8312300
1,7654000
1,7816600
0,7481400
0,7702600
1,7602300
1,7810700
1,7606600
0,7696300
0,7609600
1,7712600
0,7667500
0,7647600
0,7612600
0,7707000
0,7711600
0,10380200
1,7677600
0,7480400
1,7703400
1,7494100
1,7516500
1,7494500
1,7588300
1,7467600
0,7771400
1,7500100
1,7503200
1,7464000
0,7859300
1,7488700
0,7515500
1,7466000
1,7446000
1,7700900
0,7467100
0,7541600
1,7444800
0,7550400
0,7468100
0,7550900
0,7455600
0,7542800
1,7326800
0,7442100
0,7303200
1,7587900
1,7360000
1,8966300
0,7303500
0,7536900
1,7359900
1,7425600
0,7305200
0,7448100
0,7528700
1,7434100
0,7303300
0,7582000
0,7380300
0,7419700
0,7399600
0,7485000
0,7376800
0,7327200
1,8661400
0,7722800
0,7433600
0,7628600
0,7496100
1,7649100
0,7832000
1,7617800
1,7692700
1,7638500
0,7882000
0,7637900
0,7705100
1,7634300
1,7653800
1,7618600
0,7688500
0,7548900
0,7628100
0,7593500
1,7838200
0,7470400
1,7578500
1,7507500
1,7525300
0,7464500
0,7617000
1,7467100
1,7670000
0,7459900
0,7531000
0,7478500
0,8034000
0,8004300
0,8629400
0,8757700
1,7575100
1,7478500
1,7566100
0,7477000
1,7547200
1,7483800
1,7867200
1,7559700
1,7694600
0,7618200
1,7650500
1,7617700
0,7702800
0,7619800
0,7682600
1,7633200
0,7679700
0,7618100
1,7654300
1,7630000
1,7714400
0,7377200
1,7445700
1,7405700
1,7395700
0,7377100
1,7590500
0,7472000
0,7333800
0,7638000
1,7447200
0,7513100
0,7762700
1,8389800
0,7655200
1,7721300
0,7607000
1,7691200
1,7603000
1,7750500
0,7610300
1,7691000
0,7617300
0,7731000
1,7599000
1,7696700
1,7570200
0,7569800
1,7354700
0,7651500
1,7360800
1,7455000
0,7303000
0,7778500
1,7356800
0,7555600
0,7454600
1,7434300
1,7361100
0,7510400
1,7673900
0,7594400
1,7542800
0,7683100
0,7474700
0,7644400
0,7541700
0,7713400
1,7523700
0,7485800
0,7768200
0,7643900
0,7528000
0,7405700
1,7431900
0,7449200
0,7493200
0,7330700
0,7536900
1,7443100
1,7490900
1,7350000
1,7558500
0,7427500
1,7596900
0,7334000
0,7488200
1,7437000
1,7501500
1,7352500
0,7626100
1,7406200
1,7508500
1,7391200
0,7483900
0,7566200
0,7554000
1,7366600
1,7356400
0,7769500
0,7367600
1,7538200
1,7562800
0,8698800
0,7526500
0,7661200
0,7853600
1,7472900
0,7366500
0,7526500
1,7540300
0,7514700
1,7381400
1,7655200
0,7661800
1,7790700
0,7754800
1,7775400
0,7681800
0,7767700
0,7652100
0,7725900
0,7663600
0,7794700
0,7652000
0,7720900
0,7534800
1,7414300
1,7400800
1,7577800
1,7576900
0,7484400
1,7400700
0,7505700
1,7433700
0,7551300
1,7378700
0,7495600
1,7334600
1,7464700
0,7409600
0,7941200
0,8042600
1,8580600
1,9115800
0,9127800
1,10790000
0,9379500
0,8916700
0,7409400
0,7495800
0,7634200
1,7851200
1,7894400
1,7830800
0,7888100
1,7821300
0,7906800
0,7880000
1,7820200
1,7854100
0,7864500
1,7850300
1,7822400
0,7863800
0,7804800
0,7844100
0,7831400
1,7838100
1,7824800
1,7836500
1,7828700
1,7829600
1,7850000
1,7809600
1,7828300
1,7868300
0,7660100
1,7719600
1,7642200
1,7837300
1,7676600
1,7748600
1,7639000
0,7733100
0,7659500
0,7748200
1,7655000
0,7731400
0,7652800
0,7899700
0,7571800
0,7568500
0,7507000
0,7987100
0,9346200
0,7609200
1,7501500
1,7597200
0,7590100
1,7604800
1,7503100
1,7686500
0,7482800
1,7520500
1,7349100
1,7757400
1,7554100
0,9092200
0,7460500
0,7561000
0,7526700
1,7581000
0,7402600
1,7394500
0,7477500
0,7593100
0,7535600
1,7466500
1,7640900
0,7529200
0,7632300
0,7486100
1,7662100
1,7630100
1,7665900
0,7480900
1,7823200
1,7526500
0,7564500
1,7336600
1,7820100
1,7366300
1,7545600
1,7315000
1,7778400
1,7441400
1,7680300
0,7335400
0,7998100
0,7681800
1,7736100
1,7609400
1,7703300
1,7641500
1,7794200
0,7713500
1,7718500
0,7658200
0,7729300
0,7683800
1,7866800
1,7636900
0,7906200
1,7807300
1,7715500
1,7616600
0,7730200
0,7685800
0,7738700
0,7630400
0,7857700
0,7688200
0,8195100
1,8043000
0,7715900
1,7694000
0,7740400
1,7639000
1,7886800
1,7616100
0,8011300
1,7643200
1,7910100
0,7647000
0,7860800
1,7642400
1,7757400
0,7647900
0,7743400
1,7644800
1,7733700
0,7664100
1,7787400
1,7707700
1,7747800
0,7662900
0,7886400
1,7693000
0,7811600
0,7674200
1,7820300
1,8314000
0,7741600
0,7660300
0,7726700
1,7627500
0,7729300
1,7651300
1,7741700
1,7638700
0,7856000
1,7653500
0,7742000
1,7643200
0,7713100
1,7791600
1,7584200
1,7491100
1,7995200
1,8607400
0,7820000
0,7722200
0,7642600
1,7472900
0,7621100
0,7519000
0,7664600
1,7463400
0,7704800
0,7799300
1,7735200
1,7619800
0,7959000
0,7670900
0,8028700
1,7641100
1,9072000
1,7618500
1,7747500
0,7662400
1,7747000
0,7628300
0,7899600
0,7661800
1,7730400
0,7625800
1,7742700
0,7658400
1,7733100
0,7654700
1,7749500
1,7644000
1,7871900
1,7636500
0,7636200
0,7426100
0,7528000
0,7407800
0,7402800
0,7402000
0,7556600
1,7383900
1,7364100
0,7504800
0,7470700
0,7534200
0,7333900
0,7476400
1,7429500
0,7475000
0,7513400
0,7721000
1,7425600
0,7488400
0,7761600
1,7511200
1,7421400
0,7592100
1,7351200
0,7634300
1,7451000
1,7693400
1,7657300
0,7898300
0,7817500
1,7716600
1,7661700
1,8099200
1,7739700
1,7721100
0,7658400
1,7728000
0,7674900
1,7755300
0,7667700
1,7741900
0,7678000
1,7757000
0,7659100
1,7681700
1,7708600
1,7736400
0,7740700
0,7675300
0,7851900
1,7636300
0,7784100
0,7416100
1,7478400
1,7309500
1,7468400
0,7440700
1,7450000
0,7418100
1,7680500
0,7422600
1,7412900
0,7415500
0,7496700
1,7416100
0,7547700
0,7412400
1,7430000
0,7407100
1,7763100
0,7658500
0,7495300
0,7580900
0,7759800
0,7352700
1,8550100
0,8935100
1,8384400
0,8120300
0,8153000
1,7800800
0,8191400
1,7891700
0,7982600
0,7730600
1,7732600
0,7649300
1,7792000
1,7630400
0,7737500
0,7652100
0,7755900
1,7637900
0,7724300
0,7910100
1,7791700
1,7642600
1,7992800
0,7653000
0,7746000
1,7637000
0,8011800
0,7665600
0,7803600
1,7926200
0,7675000
1,7618500
1,7745800
0,7658600
0,7889000
0,7652800
0,7786000
1,7644900
0,7862300
0,7671500
1,7720600
0,7638000
0,7639500
1,7539600
0,7609400
0,7572800
0,7614500
0,7578500
0,8413600
1,7471900
0,7622600
1,7529100
1,7593400
1,7465900
1,7754600
0,7447200
0,7528000
0,8139100
1,7492300
1,7419400
0,7572200
0,7365600
0,7581200
0,7412000
0,7454200
1,7323600
1,7533100
0,7473400
1,7647800
1,7468600
1,7846900
1,8581500
0,8985800
1,8741400
0,8511900
0,7456900
1,7562900
1,7708200
0,7597300
0,7455000
0,7686000
0,7782300
0,7828000
1,7760000
1,7875400
1,7775200
1,7823100
0,7772700
0,7821200
1,7765500
1,7816700
0,7773600
1,7794500
0,7658200
1,8422900
1,7661300
0,7721200
1,7588500
1,7613800
1,7444100
0,7534700
0,7466900
1,7535100
1,7446800
0,8039400
0,7983800
0,8386300
0,8105300
0,7783000
1,7627400
1,7674900
1,7691200
1,7710400
1,7619200
1,7773800
1,7598800
0,7678600
0,7658200
1,7793700
0,7611000
1,7709400
0,7636000
0,7688100
1,7596800
0,7681300
0,7637900
1,7747800
0,7608600
1,7829900
0,7638300
0,7825400
1,7680900
1,7877200
0,7622000
1,7783700
1,7595100
0,7695300
0,7624400
0,7774100
0,7611100
1,7721300
1,7604100
1,7685100
0,7610000
1,7717700
1,7534600
0,7468400
0,7366900
0,7556200
1,7764500
0,7651500
1,7567300
0,7427600
0,7320500
0,7645800
0,7369300
1,7501200
0,7318500
0,7434500
1,7882100
1,7519500
0,7667000
0,7770600
0,8527000
1,7638200
1,7562400
1,7498400
1,7495700
1,7496000
1,7580600
0,7479700
1,7548400
0,7632000
1,7666900
1,7618200
0,7668300
1,7652600
0,7680700
1,7615200
0,7658300
1,7651800
0,7671400
0,7631900
1,7661800
1,7653700
0,7502700
0,7388700
0,7378200
1,7406600
1,7545900
1,7374400
1,7394900
1,7510100
0,7376900
1,7385800
0,7363500
1,7696900
0,7346900
0,7471700
0,7364300
0,8864900
0,7578900
0,7475200
0,7304700
1,7464400
1,7593700
0,7449000
0,7303700
0,7520100
0,7473200
0,7482000
1,7372200
1,7608600
1,7447400
0,7534600
1,7549300
1,8155300
1,7523400
0,7690900
0,7570600
0,7586000
0,7465800
1,7542500
1,7442200
0,7569700
0,7465000
1,7648600
1,7469200
0,7516000
0,8156000
1,7599000
0,7534000
1,7548000
0,8533100
1,8290400
0,8721600
1,11078700
0,10339200
1,8096000
0,7881600
1,7890300
1,8485600
1,8153100
1,7795500
1,7818100
0,7827400
1,7834900
1,7819000
1,7825800
1,7825200
0,7810500
0,7838000
0,7810200
1,7872900
1,7838100
0,8015600
1,8351500
0,7873600
1,7858300
1,7799300
1,7840300
0,7901500
1,7709900
1,7997400
0,7659800
1,7974600
0,7628900
1,7832300
1,7636500
1,7877300
0,7634400
1,7671100
1,7657900
1,7673300
0,7632000
1,7855200
1,7718200
0,7781800
0,7800200
1,7706400
1,7694500
0,7861000
1,7658600
1,7687900
0,7724900
1,7921100
1,7873800
0,8145800
0,8007900
0,7837800
0,7673600
1,7782200
1,7701200
0,8388600
0,7536000
0,7653100
0,7662300
0,7815700
1,7618700
0,7980500
1,7683400
1,7654300
0,7686500
0,7860800
0,7619500
1,7654900
0,7630400
1,8056200
0,7615600
1,7665400
1,7616600
1,7672600
0,7618200
0,7636200
1,7461300
1,7587600
1,7481800
0,7678800
1,7463700
0,7547100
1,7480900
0,7695600
0,7477600
1,7523600
0,7462400
1,7503500
1,7521400
0,7384200
0,7554300
0,7314900
0,7725800
0,7384500
1,7505900
0,7316100
0,7593300
1,7389700
1,7494100
0,7319200
1,7567300
0,7411800
1,7531600
0,7466400
0,7553900
0,7657700
0,7675400
1,7451000
0,7475200
0,7724100
0,7474800
0,7617400
0,7476200
1,8026700
0,8315700
1,7649200
1,7616200
1,7699800
0,7858600
0,8206000
0,8286200
1,8132600
1,8089400
1,8094700
1,7691900
1,7600700
0,7678600
1,7601900
1,7815700
1,7760900
1,7845800
1,7803700
1,7837600
0,7809400
0,7811800
0,7782100
1,7853700
0,7786000
0,8215900
1,7817400
0,7971300
1,7798700
1,7800300
0,7805700
0,7821100
1,7760400
1,7840400
0,8094000
1,7826800
0,7820300
1,7844800
0,7870900
1,9414700
0,10709100
0,10824600
1,8691000
1,7789000
1,7789500
0,7798700
0,7821200
0,7809800
0,10063000
1,10630400
0,10687300
0,10407800
0,10397000
1,10450700
0,8586600
1,7608300
1,7633800
0,7740300
1,10481600
1,8874400
0,7468400
0,7614700
0,7567200
1,8099400
1,7886800
0,7761200
1,7748700
1,7827900
0,7622700
1,7878200
1,7604900
0,7729900
0,7610100
0,7682200
0,7621400
0,7693400
1,7598100
0,7687700
1,7602200
0,7701400
0,7611200
0,7700500
0,7620300
1,8040700
1,7679800
1,7785200
0,7631400
0,7700700
1,7539800
0,7570900
1,7451000
1,7572100
0,7456300
0,7650800
1,7447200
0,7620600
0,7452600
1,7529900
1,7548800
1,7462800
0,7512300
1,7575600
1,7421100
0,7386300
0,8588900
1,7471100
0,7474500
0,7390800
1,7584700
1,7618500
1,7421600
0,7352600
0,7522100
1,7391500
0,7530000
1,7518600
0,7545400
0,7465200
0,7771700
0,7478800
0,7528700
1,7480500
0,7620000
1,8788700
0,7726300
1,7482300
0,7542900
0,7474700
0,7589700
0,7462600
0,7464000
1,7541700
1,7530700
1,7579200
0,7466000
0,7639000
0,7474000
0,7536900
1,7448200
1,7569400
0,7471400
1,7511200
0,7479300
1,7444700
1,7375400
0,7563100
1,7355800
1,7417100
0,7377100
1,8421700
0,7514400
1,7902300
1,7671400
1,8269500
0,7859500
0,7700100
0,7631300
1,7718900
1,7612400
1,7789600
0,7634700
1,8509600
1,7604500
1,7681400
0,7631500
1,7772800
1,8210100
0,7844300
0,7608600
1,7838200
1,7610000
0,7723600
0,7608300
0,7668200
1,7605600
0,8163800
0,8332300
1,7705700
0,7620400
1,7700900
1,7552000
1,7556200
1,7479500
0,7642100
0,7613100
1,7591500
1,7444600
1,7659600
0,7454800
0,7591900
1,7462500
1,7478300
1,7523500
0,7460100
1,7826800
1,7510600
0,7531100
1,7481400
1,7606400
0,7510900
0,7537600
0,7462500
0,7582900
1,7475400
1,7507700
0,7462400
1,7649700
0,7495200
0,7511800
0,7461500
0,7655700
0,7718500
0,8113400
1,8395100
0,13838600
1,8463800
0,7717200
1,8047600
1,7576800
1,7896900
0,7778000
1,7823400
1,7765500
1,7794900
1,7757700
0,7928000
1,7763900
1,7794900
0,7773400
1,7864500
0,7801000
0,7846500
0,7620000
1,8666500
1,7977600
0,7745500
0,7611200
0,7974800
1,7796500
1,7679600
0,7606000
1,7753000
0,7622300
0,7690400
1,7741500
0,7816000
1,7765800
0,7802200
0,7789000
0,7805200
1,7760700
1,7830400
1,7779100
1,8607200
0,9770500
0,7816200
1,7723900
1,7601100
0,7545200
0,7767900
1,7585500
0,7781300
0,7518200
1,7575900
0,7455600
0,7618400
1,7448500
1,7543900
1,7442900
0,7538000
1,7444200
0,7542700
0,7454500
1,7702000
1,7479800
0,7632800
0,7453900
0,7985000
1,7892700
1,8292700
1,8596300
0,7541300
1,7468100
0,7725200
0,7610300
0,7725600
1,7603700
1,7707600
1,7598300
1,8016100
1,7682200
0,7751300
1,7600400
0,7687400
0,7789100
0,7831200
0,7639500
1,7702400
0,7620200
1,7794300
0,7610300
0,7678000
1,7642900
0,7720700
0,7612400
1,7720200
0,7638300
0,7710600
0,7600200
0,7445700
0,7393000
1,7387000
1,7361400
1,7822000
0,7468500
0,7623100
1,7455600
1,7391000
0,7661100
1,7314100
0,7521600
1,7392100
1,7462800
1,7746300
0,7529400
1,7484800
0,7656600
1,7461700
1,7807000
1,7480300
1,7653200
0,7476900
0,7522400
1,7480800
1,7563700
0,7477300
1,7534900
1,7480600
0,7534300
0,7479100
0,7535500
0,7490700
1,7671500
1,7465900
0,7513000
1,7485200
0,7481200
0,7539100
0,7444100
0,7433200
0,7403700
0,7424500
1,7353700
0,7433100
0,7390300
0,7486600
1,7353800
0,7419500
0,7329600
0,8219600
0,7673300
0,7546500
0,7612100
0,7589000
0,7454100
1,7784900
0,7485900
0,7725600
0,7452000
0,8143800
0,8033500
0,8657000
0,8827000
1,8439300
1,7540800
1,7937300
1,7761500
0,7921400
0,7792400
0,7821300
1,7758600
1,7966800
1,7766000
1,7797800
0,7771900
1,7974200
0,7802000
1,7657600
1,7405500
0,7502100
1,7383400
0,7621900
0,7605200
0,7610400
0,7454800
0,7409100
1,7402900
1,7525800
1,7350500
1,7449300
1,7401000
0,7500200
1,7315700
0,7510000
1,7423500
0,7483200
1,7318800
0,7711600
0,7404200
1,7642800
0,7467400
0,7487500
0,7715400
0,7503200
0,7453700
1,7634800
0,7632400
0,7715600
0,7566900
1,7483000
0,7696400
0,8166400
1,7642700
0,7497300
0,7634400
1,7579300
1,7792300
0,7575700
0,9220300
0,8009700
0,7766000
1,7797600
0,7476800
0,7564200
1,7449700
0,7476500
1,7587000
0,7465900
0,7652000
0,7553900
1,7727100
0,7650500
0,8195800
0,7741000
0,7857900
0,7634500
1,7696400
1,7721200
0,7670100
0,7809100
0,7640600
0,7834600
1,7672500
0,7658500
1,7786200
0,7553400
0,7612600
1,7557300
0,7574500
1,7531900
1,7623300
0,7533600
1,7579000
0,7558500
0,7636300
1,7558500
1,7753300
0,7569500
0,7576500
1,7559100
0,7604400
0,7497700
0,7740800
0,7531200
0,7808300
1,7480900
0,8431000
0,7539700
0,7571500
0,7412200
0,7585300
1,7438600
1,7776700
1,7351100
1,7480100
1,7439500
0,7491600
1,7352100
1,7688800
1,7439000
0,7625300
0,7345400
1,8244100
1,8753300
0,8311600
1,9031000
0,8880200
0,8493900
1,8128900
1,8431500
1,7366700
0,7469900
1,7680500
1,7424500
1,7576700
0,7844900
1,7833200
1,7822000
0,7887800
1,7864500
1,7833200
0,7970200
0,7829400
0,7841300
0,7847300
1,7911900
0,7792800
1,7834700
1,7568800
1,7542000
0,7551500
0,7571300
1,7611600
0,7618300
1,7531500
0,7540400
0,7606500
1,7552800
0,7800200
1,7504100
0,8661800
1,8195300
0,8752600
0,7869900
0,7857000
1,7839200
1,7520100
0,7574800
0,7621000
0,7496100
0,7746100
1,7579700
0,8522000
0,8301600
1,7905200
0,8663000
0,7687500
1,7764100
0,7661900
0,7745800
1,7742900
1,7841900
1,7652600
0,7752500
1,7686200
1,8006900
0,7857800
1,7921500
1,7779800
1,7838900
1,7764600
0,7833600
1,7767100
1,7809900
1,7806700
0,7789400
0,7785100
1,7934000
1,7777700
0,7757500
0,7623300
0,7691800
1,7616300
1,8465200
0,7962500
1,7697500
0,7610400
1,8539800
0,7876500
0,7724100
0,7612000
1,7734100
0,7782000
0,7831400
1,7761900
0,7796000
1,7768000
1,7828600
0,7773100
0,7812800
0,7782500
1,7849400
0,7774000
0,7922800
1,7611400
0,7539000
0,7454300
0,7557400
1,7445800
0,7547900
1,7444900
0,7549100
0,7465800
1,7549300
0,7557300
0,7532300
1,7450800
0,7549300
1,7356500
1,7392700
1,7514600
0,7437000
0,7544400
0,7372900
1,7365300
0,7399500
0,7524000
0,7373200
1,7534500
0,7373500
1,7395000
0,7402400
1,7460300
1,7387200
1,7701800
1,7406300
1,7452400
0,7586700
0,7362700
0,7883500
0,7316100
1,7563000
0,7367500
0,8429700
1,7668100
1,7687700
0,7607500
1,7692800
1,7797500
1,7679400
1,7601200
0,7679700
1,7615800
1,7762100
0,7611900
0,7741100
0,7638100
1,7615300
1,7528400
1,7648200
1,7542900
0,7747500
0,7770800
0,8031700
1,7604700
0,7551900
0,7455300
0,7536600
0,7482800
0,7637200
1,7530200
1,7727100
0,7642400
1,7848400
1,7604300
0,7683900
0,7636100
1,7703500
0,7607900
1,7700700
0,7637700
0,7734100
0,7606100
1,7541600
0,8675200
1,8509800
0,8534300
1,9003000
0,8933300
0,7640800
1,7637900
0,8637000
0,7816800
0,8423100
1,8311700
1,8469200
0,7900000
1,7806800
0,7798700
0,7804300
0,7815500
1,7781700
1,7812700
1,7804600
0,7804600
0,7803500
1,7801000
1,7836700
1,7765500
0,7809200
0,7803800
1,7813600
0,7851500
1,7782500
0,7806300
0,7784700
1,7782300
0,7806500
1,7807600
1,7805700
0,7808200
1,7695000
0,7935900
0,7622800
0,7814600
1,7644900
1,7658900
1,7639700
1,7659600
0,7671000
1,7596400
0,7692800
1,7605100
1,7739800
0,7500900
1,7676700
0,7466800
0,7640700
0,7454300
1,7548800
1,7511500
1,7555800
0,7457200
0,7515400
0,7465800
1,7682700
1,7446500
0,7501900
1,7388900
0,7446300
0,7367600
0,7414400
0,7374800
1,7486200
0,7366100
0,7370100
1,7359600
1,7622500
0,7308100
1,7422400
1,7638900
1,7450300
1,7530100
1,7355500
1,7828200
1,7815700
0,7515900
1,7346900
1,7971200
1,7414200
0,7495400
1,7354700
1,7642300
1,7565000
1,7759500
0,7482800
0,7607500
1,7570100
1,7862500
0,7484100
0,8170800
0,7731200
1,7842500
1,8079000
1,8657900
1,8238700
0,8251300
0,7977700
0,8003600
0,7738700
1,7712600
1,7686200
0,7755200
1,7654500
0,7696500
0,7666500
1,7813400
1,7656600
1,7819100
1,7678100
1,7748200
1,7657200
1,8233400
0,7663400
1,7749000
0,7668700
0,7721400
1,7658000
1,7740200
1,7655500
1,7711500
0,7665300
0,7700300
1,7539300
0,7678500
1,7576200
1,8122200
1,8272900
1,8627300
0,8551800
0,9309700
0,7732600
0,7464500
1,7802100
0,7685100
0,7803700
0,7787700
1,7821000
1,7766200
0,7827500
1,7778500
1,7809800
0,7783400
0,7856400
1,7802500
0,7829100
0,7785200
1,7932300
1,7639900
1,7702600
0,7621400
0,7697600
1,7776000
0,7716600
1,7688800
0,7826100
0,7627000
1,7877100
1,7647400
0,7832600
1,7777400
1,7758200
0,7870600
0,7725700
0,7678100
1,7733000
0,7659400
1,7890900
1,7618600
1,7950200
1,7654500
1,7897100
1,7614800
1,7755900
1,7645100
0,7869000
1,7622000
1,7758300
0,7661400
0,7891800
0,7646700
0,7710400
0,7661500
0,7804800
0,7656300
1,7825500
0,7581500
0,7537200
1,7401500
1,7481600
1,7401600
0,7452600
1,7542000
1,7351300
1,7497800
0,7445300
0,7489100
0,7334500
1,8852000
1,7509800
1,7733800
1,7558200
1,7532500
0,7681100
1,7610400
1,7551700
1,7589600
1,7735700
1,7622900
1,7557300
0,7558500
1,7583300
1,7602000
1,7543100
0,7596500
1,7540100
0,7767600
0,7724200
0,7636200
0,7493400
0,7613700
0,7543900
0,7617100
1,7489700
0,7629700
0,7539400
0,7703100
1,7481600
0,8174000
0,8004900
1,7901300
1,7624300
0,7724900
1,7555500
0,7628900
0,7597100
0,7561800
0,7540900
1,7677100
1,7646000
0,7724000
0,7666300
0,7766700
1,7658700
1,7700800
0,7659900
1,7729800
1,7659600
0,7629100
1,7736300
1,7660800
1,7736500
1,7480700
1,7550200
0,7457600
1,7464000
0,7392300
0,7507600
1,7601800
0,7973300
1,7400900
0,7787700
1,7465500
0,7638100
0,7448100
1,8195400
0,7678800
0,7742600
0,7652000
0,7776000
0,7640700
0,7734500
0,7652100
0,7778100
0,7643000
0,7745000
0,7649800
0,7739300
1,7630700
1,7777900
1,7638500
0,7751200
0,7774600
1,7736100
1,7636100
1,7884700
1,7646800
1,7694800
1,7639900
1,7765400
0,7660300
0,7654300
0,7392800
1,7876300
1,7402300
1,7493900
1,7403000
1,7558000
0,7884600
0,8273000
0,7481300
0,7507300
0,7545300
0,7386300
1,7625600
0,7635000
1,7686000
0,7631000
0,7669900
1,7745000
0,7669300
1,7518300
0,7648800
1,7639200
0,7681200
1,7613600
1,8425600
1,7478200
1,8922300
0,8593400
1,7411000
0,7373800
0,7389700
0,7387300
1,7465300
0,7376800
0,7382600
1,7371900
0,7451100
1,7330600
0,8764000
1,8371100
1,8747800
1,7878200
1,7804700
1,7484100
0,7829400
1,7730800
1,7879700
0,7517600
1,7540500
1,7392600
0,8294400
0,7800200
0,7842800
0,7886300
0,7820100
1,7800400
1,7774400
0,7782100
1,7918400
0,7814900
1,7775100
0,7782100
1,7792200
1,7796200
0,7781300
1,7800800
0,7806300
0,7811000
0,7814200
1,7811400
0,7829100
1,7780900
0,7787300
1,7802100
1,7843300
0,7796600
0,8269300
0,7622100
0,7708900
1,7617400
1,7749800
0,7719900
0,8034300
0,7804000
0,8088800
0,7880600
1,7764000
1,7625700
1,8340200
0,7778900
0,7807900
0,7817800
1,7762300
1,7898300
0,7809800
1,7775300
1,7774500
1,7819300
1,7869300
1,7828100
1,7820600
1,7843500
0,7858300
0,7799100
1,7780400
1,7912300
1,7809900
0,7830800
1,7765100
1,7866300
0,7799300
1,7780000
1,7759500
0,7829700
0,7780600
1,7679500
1,8190000
1,7707400
0,7623900
0,7850000
1,7617400
0,7805600
0,7616500
0,7947100
0,7744600
0,8229100
0,7632300
0,7675500
1,7785300
1,7936600
1,7828100
0,7800200
1,7782600
0,7805300
1,7766700
1,7821200
1,7800900
0,7866600
0,7782000
1,7798800
0,7661700
1,8089100
0,8772800
1,7826800
1,7853100
1,7559400
1,7361000
1,7461000
1,7297600
1,7445900
0,7376300
0,7402200
0,7372800
1,7464800
0,7747100
1,7655800
0,7667500
0,7618500
0,7676000
1,7628500
1,7667900
0,7618600
1,7661000
0,7648200
0,7701500
0,7639900
1,7637700
1,7385500
0,7677400
0,7317400
1,8986700
0,7625200
0,7605700
1,7393100
1,7612600
0,7409100
0,7454800
1,7428400
0,7489800
1,7408500
1,7739800
1,7633700
1,7698700
0,7646600
1,7745300
1,7643000
0,7674200
0,7649400
0,7666500
1,7637400
1,7667700
1,7631000
1,7668600
0,7487400
1,7523100
1,7477600
1,7582800
1,7550300
0,7545400
0,7566200
0,7516800
0,7646500
1,7513200
1,7503300
0,7713300
1,7597200
1,7498300
1,7466300
0,7453500
0,7650700
0,7481300
1,7993700
1,7600200
1,8095600
0,7671100
1,8406300
1,8249500
0,7714700
0,7654900
1,7613900
1,7809100
0,7624400
0,7685100
0,7636900
0,7608800
0,7818900
1,7780600
1,7640600
0,7703600
0,7671100
0,7658400
1,7811300
1,7939500
1,7714800
1,7674900
0,7751300
1,7695700
1,7752600
0,7629000
1,7742600
0,7635600
1,7704100
0,7625100
0,7722200
0,7620700
1,7728000
0,7623300
0,7695300
0,7704100
1,7989600
0,7625700
0,7685200
1,7636800
0,7692900
0,7619700
1,7676200
1,7598700
1,7740500
1,7479200
0,7539800
0,7753800
0,7634900
0,7467600
0,7619000
0,7453600
1,7631700
1,7450600
0,7529400
1,7443500
0,7535600
1,7446600
1,7520000
0,7453700
1,7598500
1,7450500
0,7524000
0,7524200
0,7477900
0,7687800
0,7478400
1,8193900
1,7709500
1,7545300
1,7499900
0,9765700
1,7546200
1,7449300
0,7477500
0,7529200
1,7484500
1,7662400
1,7464900
0,7677500
1,7480700
0,7539800
0,7477200
1,7510200
0,7414700
1,7499700
0,7390700
0,7576300
1,7333500
0,7832600
0,7384800
0,7620900
0,7609700
1,7468000
0,7386200
1,7467300
1,7332300
0,7642800
1,7462700
1,7518700
1,7483300
0,7526900
1,7695600
0,7571800
0,7467300
0,7466300
1,7535200
1,7457100
0,7720500
0,7462500
0,7539400
1,7463200
1,7539000
0,7557800
0,7709300
0,7505200
0,7656600
0,7472000
0,7645800
1,7450900
1,7572500
0,7466900
1,7576900
0,7500900
0,7526200
1,7447200
1,7526400
0,7469600
1,7557700
1,7478900
1,7602200
0,7480800
1,7549500
1,7587000
1,7549700
0,7471100
1,7541300
1,8207900
0,7627600
0,7540500
0,7461800
1,7493900
1,7462000
1,8488100
0,8688400
0,8988900
1,8932100
0,8385900
0,8034300
1,7927000
0,8299800
1,8147800
0,7973800
1,7923500
1,7873900
1,7872400
0,7809700
0,7786600
1,7810800
0,7769100
1,7818100
1,7762000
0,7837900
1,7758400
1,7820400
0,7800000
1,7811600
1,7764300
0,7820300
0,7814600
1,7837800
1,7760700
1,7820200
0,7800900
1,7778100
1,7620700
0,7651600
1,7459700
0,7731600
0,7458000
1,7651500
0,7585900
0,7610900
0,7456500
0,7565600
0,7479600
0,7534900
1,7446200
0,7521100
1,7460400
1,9025400
0,7456700
0,7517500
0,7483000
1,7612300
0,7456600
0,7544800
1,7461700
1,7675900
1,7445100
1,7543600
1,7507100
0,7487700
0,7366500
1,8151200
0,7876900
1,7491600
1,7407700
1,7501800
0,7419800
0,7610200
0,7406400
1,7459900
0,7395900
1,7371500
1,7501500
0,7496500
0,7553200
1,7461200
1,7751500
0,7464700
0,7608600
1,7462100
0,7729400
0,7460400
1,7525100
1,7461600
0,7537100
1,7479900
0,7541900
0,7479100
1,7513000
0,7461000
1,7674900
0,7476200
1,7680300
0,7477400
0,7583800
0,7475300
0,7649300
1,7498700
0,7557200
1,7464000
1,7448300
1,7575700
1,7489200
0,7536500
0,7457500
0,7564100
1,7446100
0,9594600
1,10151700
1,10112400
0,10044100
1,8690000
1,7472100
0,7536100
1,7444700
0,7477900
1,7524800
0,7464700
0,8164200
0,7516400
1,7738800
0,8044100
1,7527800
1,7463000
0,7820400
0,7463700
0,7652600
0,7477300
1,7521300
0,7560500
0,8406600
0,7664600
1,7882800
1,7600800
1,7447100
0,7511900
0,7860300
1,7859000
0,7683400
1,7709100
1,7701500
0,7664700
0,7856800
1,7636600
0,7667500
1,7648500
1,7747900
0,7648700
1,8538800
1,7709700
0,7641300
1,7647900
0,7680800
1,7641600
1,7889200
1,7771400
0,7657100
1,7706100
1,7733600
1,7764800
1,7734300
1,7730000
1,7564600
1,7571300
0,7579700
1,7830000
1,7607200
1,7568600
1,8178000
1,7554200
1,7614000
1,7530800
0,7664000
0,7538700
1,7725900
1,7481900
1,7588400
0,7530300
1,7801900
1,7469200
0,7709700
1,7482900
1,7620900
0,7474000
1,7577800
1,7481700
1,7536600
1,7463500
0,7534700
1,7391200
1,10390000
1,7371000
0,7734500
1,7391700
1,8427400
0,7652300
1,7565300
1,7612900
0,7852000
0,7388100
0,8106100
0,7707800
0,7689700
1,7620500
0,7658600
1,7635800
1,7875900
1,7622500
0,7662700
0,7875900
1,7704700
1,7618100
0,7673600
1,7658400
1,7594100
0,7481900
1,7507000
0,7476100
0,7581700
0,7624000
0,7541600
1,7500800
1,7529700
0,7481000
0,7463900
1,7570000
1,7446600
0,7516900
0,7364000
0,7496700
1,7295500
1,7644600
0,7427600
1,7586400
1,7534700
1,7431700
1,7354200
0,7622800
1,7518000
0,7843700
0,7647100
0,7622200
1,7448200
1,7517700
0,7455300
0,7541600
1,7444800
1,8166100
1,7445300
1,7682400
0,7472800
0,7550000
1,7445500
1,7550500
0,7378900
1,7445000
1,7385600
1,7462800
0,7318800
1,7370800
1,7565100
0,7361300
0,7537400
0,7386300
1,7671900
1,7409100
1,8340100
0,8393700
1,8458300
1,7703000
0,8421700
0,8648500
0,8549000
0,8341900
0,8315200
0,8301000
0,7639000
1,7689600
1,7697400
0,7759100
1,7776800
1,7797600
1,7763400
0,7866800
1,7788400
1,7811800
0,7782100
0,7840800
1,7771600
1,7841100
0,7807200
1,7831200
0,7764000
1,7793700
0,7666900
1,7857200
1,7602200
0,7788700
0,7621400
0,7731000
1,7604600
1,7693100
0,7621200
1,7746400
1,7602200
1,7688000
0,7623000
1,7940900
0,7612300
0,7673700
1,7602600
0,7746700
1,7694100
0,7619700
1,7714800
1,7652600
1,7858400
0,7646200
1,10346400
0,8067100
1,7563500
1,7608100
1,7518500
1,7556400
1,7517300
0,7694600
1,7544400
0,7495200
0,7658600
1,7558300
0,7653600
0,7422200
0,7576200
1,7526600
1,7521400
0,9129200
0,8058100
0,7557500
1,8453000
1,7705600
0,7793300
1,7583000
1,7541500
0,7387700
1,7781000
1,7637300
1,7665500
1,7618900
1,8068400
1,8141600
1,8145600
0,8653900
1,7641500
1,7662400
1,7782600
0,7632100
1,7841500
1,7905300
1,7802500
0,7860400
0,7815700
0,7859300
0,7884600
0,7814700
0,7832000
1,7905400
1,7820200
1,7840900
1,7786700
1,7825000
1,7708700
0,7705800
1,7350000
1,7539000
1,7393500
1,7415900
0,7442200
0,7426100
1,7478400
0,7428200
1,7470500
0,7416800
1,7484000
0,7411900
0,7527500
1,7486900
0,7516900
0,7416900
0,7421600
0,7437600
0,7487900
0,7637300
0,7476700
0,7437500
1,7448500
1,7478200
0,8043400
0,7637600
0,7525200
1,7403700
1,7587700
1,7433400
1,7507000
0,7432500
0,7457300
1,7456900
1,7930900
0,7947700
1,7706500
1,7555900
0,7785900
0,7684800
0,7737300
1,7669400
0,7854600
0,7797600
1,7784400
0,7893300
0,7709900
0,7673100
1,7788700
1,7682100
0,7728700
0,7674600
0,7736400
0,7921600
0,7707200
1,7644300
0,7737700
1,7675600
0,7724500
0,7654600
0,7841100
1,7674700
1,7709800
0,7577500
1,7537500
1,7636100
0,7542200
1,7560600
1,7559100
0,7683000
0,7534000
1,7569900
0,7537300
1,7630200
0,7505000
1,7576000
1,7480000
1,7524700
1,7391800
1,8332700
0,7326400
1,7515800
1,7403400
0,7512600
1,7320200
1,7591400
1,7406800
0,7536300
0,7330200
0,7655200
1,7400100
0,7576400
0,7326600
0,7573100
1,7580000
1,7365600
1,7820000
0,7375900
1,7723500
0,7413600
1,7354900
1,7466900
0,7657600
0,7473500
0,8526000
1,7720700
1,7648900
0,7556200
1,7692000
1,7482700
1,7557500
0,7492900
0,7539200
1,7478600
0,7521100
1,7479100
0,7646400
1,7638600
0,7722900
0,7649500
0,8274000
1,7637300
1,7667700
1,7631800
0,7673200
0,7621100
0,7722200
0,7649900
1,7665300
0,7588800
1,8062100
0,7770100
0,7519000
0,7370300
1,7389900
1,7390400
1,7396300
1,7329500
1,7582600
0,7403800
1,7653900
1,7635100
0,7659200
0,7563300
1,7710900
0,8095400
0,8148900
1,7695900
0,7600900
0,7530000
0,7863200
0,7485300
1,7951500
0,8176600
0,7953300
1,8566500
0,9501900
0,8044400
0,7986800
1,8798800
0,9186900
1,10497100
1,10468200
0,9337200
0,8082600
1,8144400
1,8054000
1,7874300
0,7802200
0,7831000
1,7770400
0,7867700
1,7799400
1,7820500
1,7767100
1,8809400
0,7929100
1,7936300
0,7930000
0,7814200
0,7797900
0,7783300
0,7795800
1,7797700
1,7779400
1,7797900
1,7808300
1,7865400
0,7831100
0,7799300
1,7821900
1,7819100
0,7477700
0,7332900
1,7561300
1,8376900
1,8512200
1,8951700
0,8492200
1,8402500
0,8477000
1,8324700
1,7471800
0,7388000
1,7715600
1,7635900
1,7680800
1,7618700
0,7801100
1,7638500
1,7669500
0,7632900
0,7694300
1,7728300
1,7989200
0,7633400
0,7672300
1,7548300
0,7574700
0,7512000
0,7517700
0,7481100
0,7796400
0,7477100
0,7606200
1,7718900
0,7589000
1,7491600
0,7523900
0,7481800
1,7593600
1,7465500
1,7787000
0,7543800
0,7521700
1,7637700
0,7592600
0,7480600
0,7861900
0,8002300
0,7677300
0,7542900
1,7539300
0,7542200
0,7650800
0,7636700
1,7660400
0,7647000
0,7614700
1,7727000
1,7608200
1,7760100
1,7600000
0,7682500
0,7622400
0,7745900
0,7646200
0,7662000
1,7565100
0,7637400
0,7532000
0,7583500
0,7550000
0,7590700
1,7511900
0,8201400
0,7539800
0,7631800
0,7472300
0,7685300
0,7505000
0,7631700
1,7461000
1,7697700
0,7537800
1,7623300
0,7543300
1,7760600
1,7645800
0,8096100
1,8099400
1,8731900
1,8488900
1,7893100
1,7848600
0,7799900
0,7782600
0,7819200
1,7803400
0,7840200
0,7904800
1,7832700
1,7855100
0,7815400
1,7765000
0,7973400
1,7765000
1,7825300
0,7783500
0,7851000
1,7770800
0,7790700
0,7785700
0,7868900
1,7761600
0,7804000
0,7781300
1,7926800
0,7694500
1,7709500
0,7620400
0,7877600
0,7609000
1,7688600
1,7598900
0,7872300
1,7604600
0,7676100
1,7605300
1,7699700
0,7612200
0,7807700
1,7604900
0,7767500
0,7610800
0,7677300
1,7602400
1,7700000
0,7608200
0,7681000
0,7658100
1,7720200
0,7611100
0,7698600
0,7608500
0,7492900
1,7378500
1,12267200
0,7439500
1,7602400
1,7311100
0,7475700
1,7423000
1,7553100
1,7319800
0,7519200
1,7423900
0,7521700
0,7325600
1,7653400
0,7442100
0,7452200
1,7569300
0,7481900
0,7457700
1,7639200
1,7319200
1,7602800
1,7486000
1,7423500
1,7506600
0,7538700
1,7578100
1,7534700
1,7745000
1,7627000
1,7615400
1,7676900
1,7598300
0,7596100
0,7610700
1,7551200
1,7650100
0,7485500
1,7640900
1,7532000
1,7779900
1,8135200
1,7744700
0,7678400
1,7727400
1,7580500
0,7550800
0,7549000
0,7613300
0,7555700
0,7683000
0,7676400
1,7710400
1,7708300
0,7719600
1,7657500
0,7711100
1,7695900
1,7691900
0,7673300
1,7704800
1,7714100
1,7717200
0,7532200
0,7861000
0,7436400
0,7433200
1,7333500
0,7467900
1,7455200
1,7385900
1,7403700
0,7682500
0,7711300
0,7599700
0,7481600
1,7424500
1,7879800
1,7692000
0,7563500
0,7535000
1,7741600
0,7539800
1,7544600
1,7517300
1,7625100
0,7546000
1,7562000
0,7527500
1,7677900
0,7659300
1,7907100
0,7803200
0,8022200
1,8065400
1,7853900
0,7654200
0,7740300
0,7661400
0,7743300
0,7669100
0,7709200
1,7642700
0,7719500
1,7684000
0,7714900
0,7869200
1,7729300
0,7785000
1,7838100
0,7704800
0,7785800
0,7669600
1,7732700
0,7637400
1,7719300
0,7671200
1,7747900
1,7624800
0,7762700
0,7668300
0,7852600
0,7656800
0,7847300
0,7689100
1,7733900
1,7643500
0,7739800
0,7600000
1,7590300
0,7424400
0,7451700
0,7436600
1,7600700
0,7422300
1,7421300
0,7385700
1,7484600
0,7422700
0,7561700
0,8161700
0,8205600
0,8755700
0,8342200
0,8549100
1,7764600
1,7909500
1,7892800
0,7529700
1,7582800
1,7717900
0,7609100
1,7522300
0,7629300
1,7676600
0,7886200
1,7798200
1,7872300
1,7790100
1,8924100
1,7809400
0,7836900
1,7829300
0,7839900
0,7808500
1,7965700
1,7827400
0,7776700
0,7629800
0,7719000
0,7699900
0,7741300
1,7626300
0,7812500
1,7655100
1,7740600
0,7634700
0,7788700
1,7721400
0,7798700
1,7656700
0,7696400
1,7667300
1,7735300
1,7647200
1,7984700
1,7630800
0,7735600
1,7641300
1,7766100
1,7624700
1,7709500
1,7633700
0,7697100
0,7490000
1,7666600
1,7515700
0,7826400
1,7464200
1,7672000
0,7524600
1,7745700
0,7660700
1,7617900
0,7526600
0,7667600
0,7484500
0,8067300
1,7649000
0,7627900
0,7609700
1,7763300
0,7528500
1,7663200
0,7541700
1,7561100
1,7517100
1,7661400
1,7485100
0,7498000
1,7558600
0,7559400
1,7659200
1,7480100
0,7817600
0,7708900
1,7604400
1,7538300
0,7539700
1,7571500
0,7685200
0,7511700
1,7571200
1,7597900
1,7634200
1,7532900
1,7859300
1,7576300
0,7648600
1,7541100
1,7685800
1,7547800
1,7621700
1,7543700
1,7677400
0,7527700
0,7623100
1,7536800
1,8211800
1,7683700
0,7665900
1,7717800
1,7646500
1,7500300
1,7608200
1,7537800
0,7630600
1,7499500
0,7740800
0,7676600
1,7719100
0,7639000
0,7852500
1,7766000
1,10211900
0,7661500
1,7704200
1,7637300
1,7854400
1,7680700
1,7707300
0,7489700
0,7499600
0,7425300
0,7579200
1,7333100
0,7592700
0,7650900
0,7474000
1,7329600
1,7863200
0,7518400
1,7598300
0,7343900
1,7593200
0,7539500
1,7539600
0,7494900
1,7629800
0,7545900
0,7921100
0,7553800
1,7859800
0,8379500
1,8477200
0,8847000
0,8513600
0,7740800
0,7810700
0,7885000
1,7950200
1,7848100
1,7860000
1,7859000
1,7846600
1,7840700
0,7882200
0,7819600
0,7845200
1,7837300
1,7605200
0,7497700
1,7632100
1,7524000
0,7716700
1,7483200
1,8525900
1,7687500
1,7699500
1,7534700
0,7606100
0,7466500
0,7543700
0,7633400
0,7666100
0,7621600
1,7724600
1,7619100
0,7675100
1,7638200
1,7705300
1,7649900
1,7866300
0,7618800
1,7680100
1,7618200
1,7784100
1,7661200
0,8178400
1,7557800
1,7630100
1,7580000
0,7562200
1,7563200
1,7548500
0,7583300
1,7572300
0,7478800
0,7794200
0,7665700
0,7711300
0,7689600
0,7718500
1,7740400
1,8112700
0,8063200
1,7798900
1,8160000
1,7712600
1,7640500
0,7709900
1,7718400
1,7851800
0,7818500
1,7956400
0,7854200
0,7859800
0,7838700
1,7816900
0,7843600
1,7830300
0,7856100
1,7820100
1,7818800
0,7742000
0,7427800
0,7716200
0,7336500
0,7524500
1,7400400
1,7712400
0,7339700
0,7502100
1,7414000
0,8798700
1,7646700
0,7489600
0,7590900
0,7628200
1,7558200
1,7599100
0,7514600
0,7609300
0,7481300
1,7673300
1,7539600
0,7608500
0,7507000
0,7668600
0,7552700
1,7685300
0,7427000
1,7478500
0,7513900
0,7556200
1,7427600
1,7612500
0,7437400
1,7468500
0,7400400
0,7618400
1,7402000
1,7731200
0,7423400
0,7545600
1,7543400
0,7621500
1,7660300
1,7568700
0,7702800
1,7682500
1,7652500
0,8023900
0,8772900
0,8357400
1,8403900
0,7818200
0,7902700
1,7809900
1,7839500
0,7986400
1,7858600
1,7863100
1,7823100
0,7861500
0,7855800
0,7868000
1,7849100
1,7808400
0,7827300
0,7909500
0,7659000
0,9349000
1,7640100
1,7720300
0,7634900
0,7745800
1,7621000
1,7658400
0,7622500
1,7672500
1,7619100
0,7667300
0,7615900
1,7936100
1,7657100
1,7700300
0,7618300
1,8332800
1,7620000
0,7665500
1,7738300
1,7712900
0,7677200
1,7815700
0,7659100
1,7813300
0,7839500
0,7720200
1,7662300
0,7759700
1,7659500
1,7699600
1,7680200
0,7741000
0,7670400
0,7710900
1,7692800
1,7635600
1,7528800
1,7535500
1,7614100
0,7618700
0,7548000
1,7754400
0,7603500
0,7803800
1,7535300
1,7584700
1,7581400
1,7749000
0,7570900
0,7712400
1,7801400
1,7724200
0,8539300
0,7739600
1,7685300
1,7724500
1,7643400
1,7720300
0,7673100
0,7727200
0,7673500
1,7756200
0,7569000
1,7680500
1,7534600
1,7551800
0,7520200
1,7641100
1,7539300
0,7731700
0,7544500
0,7625000
0,7554000
0,7555300
0,7497100
1,7500100
1,7415800
1,7315800
1,7510800
0,7418200
0,8353500
0,7556400
0,8763200
1,7892400
1,7412000
0,7519500
1,7354300
0,7583900
1,7653700
0,7733400
1,7684900
1,7624200
1,7733500
0,7751700
1,7748700
0,7647200
1,7920300
0,7669400
1,7764800
1,7624200
0,7735900
0,7540200
0,7724300
0,7485700
0,7611700
0,7568200
1,7718000
1,7519400
0,7665800
1,7541300
1,7740100
1,7451000
0,7548100
0,7468600
0,7498200
0,7375000
0,7387000
0,7379500
1,7657900
1,7300100
0,7942000
1,7371500
1,7541400
0,7373700
1,7415600
0,7381100
0,7514000
0,7376000
1,7470900
0,7669900
1,7469500
1,7300600
1,7419500
0,7496200
0,7372800
1,7516000
1,7438500
1,7383500
0,7374100
0,7374600
1,7375100
0,7433300
0,7371100
0,7437400
0,7386700
0,7463200
1,7392600
0,7556200
0,7457600
1,7928200
1,8075900
1,7626500
1,7422700
1,7861600
1,7774500
1,7869300
1,7779500
1,8598900
0,8441000
0,8214300
0,8132400
0,7891300
0,7617900
1,7661100
1,7639500
1,8132400
0,7782400
1,7987100
0,7899700
0,7800700
0,7781500
0,7784600
0,7823200
0,7914600
1,7804100
1,7799600
1,7796000
1,7798500
0,7810800
0,7847600
0,7795600
0,7795200
0,7781900
1,7804100
0,7794000
1,7761000
1,7795200
1,7801200
1,7780100
1,7778000
1,7802400
0,7806800
0,7424200
0,7359800
0,7374600
0,7470200
0,7387200
1,7353400
1,7389900
1,7502500
1,7313600
1,7634600
0,7370300
1,7492700
0,7327300
0,7683500
1,7554800
1,7444400
0,7388000
1,7423900
1,7423000
1,7462400
0,7330100
0,7363300
1,7447600
1,7373900
0,7727000
0,7306800
1,8325900
1,7640600
1,7619700
1,7511800
1,7552000
0,7480200
0,7783400
0,7484000
1,7562500
0,7484600
1,7744800
0,7455600
1,7691900
1,7461100
0,7553400
1,7442400
0,7537900
0,7502800
0,7579500
0,7665200
0,7542700
1,7463700
1,7517000
1,7546700
1,7733900
1,7461200
0,7754200
0,7599200
1,7746200
0,7683000
0,7748700
0,7653800
0,8227400
0,7962300
0,8262700
0,7648100
0,7781900
1,7626400
0,7757700
1,7640900
1,7684700
0,7335500
0,7577800
1,8756200
0,8452200
1,8849700
1,8776600
1,8318700
0,8135700
0,8453300
0,7454100
1,7419900
1,7722700
0,7662500
0,7738100
0,7689800
1,7724800
0,7671500
1,7742500
1,7745500
0,8045500
0,7950400
1,8277600
1,7699400
0,7893400
0,7669000
1,7850200
1,8002900
1,9278300
0,8010200
1,7746100
0,7751100
1,7722400
0,7731600
0,7687700
1,7716100
1,7683200
0,7737600
0,7685900
1,7731700
0,7646800
1,7706700
1,7675900
1,7842100
0,7639900
0,7838500
1,7679100
0,7708400
1,7659000
0,7713600
1,7674700
0,7598500
1,7606000
0,7484100
0,7933700
0,7530200
1,7647500
0,7495000
0,7649700
0,7523600
1,7817900
0,7522200
1,7646100
0,7528300
1,7635200
0,7500600
0,7700700
1,7626500
0,7649900
1,7537800
1,7680800
1,7515400
0,7571800
0,7552900
0,7586700
1,7520100
1,7649400
1,7546700
1,7589900
1,7522500
1,7702500
1,7543600
0,7571400
1,7519400
0,7546500
0,8254500
1,7685600
0,7561800
0,7542200
0,7810400
1,7382100
1,7553600
0,7418100
0,7621100
0,7342200
0,7495100
1,7680800
0,8428000
1,7601400
0,7816200
1,7500000
0,7536900
1,7524100
1,7669600
1,7678600
0,7774600
0,7669800
0,7794300
1,7660500
1,7822700
0,7676200
1,7707600
1,7664900
0,7844200
0,7669400
1,7721100
0,7469500
1,7482200
0,7433400
0,7455200
1,7432000
1,7525500
0,7460300
0,7583500
0,7335700
1,7639800
1,7468500
0,7467000
0,7355100
1,7491900
1,7403400
1,7469900
0,7333400
0,7475600
1,7468600
1,7404100
0,7398000
1,7442000
0,7627400
0,7385800
0,7559400
0,7578700
0,7739800
0,7623400
1,7685100
1,7506400
1,7622600
0,7558300
0,7584000
0,7466400
0,7581100
1,7398600
0,7763000
0,7426700
0,7490800
0,7516700
1,7600800
1,7853900
0,7989400
1,7714200
1,7787600
0,7489000
0,7627900
1,7555500
0,7554500
0,7577800
0,7553800
0,8219300
1,7673100
1,7842800
0,7675700
0,7845100
1,7717600
0,7722500
0,7653300
0,7949400
0,7680900
1,7715400
0,7658300
1,7698300
0,7789500
1,7823200
1,7409100
0,8406200
1,8593800
0,8796000
0,8413600
1,7423000
1,7532100
0,7429800
1,7404500
1,7685900
1,7351300
0,7436300
0,7411300
0,7739600
0,7640400
0,7732200
1,7654800
1,7724800
0,7653600
0,7712500
1,7655800
0,7738200
0,7674600
1,7701800
0,7676000
1,7716700
0,7438700
0,7446600
1,7399500
1,7556800
1,7438400
0,7405600
0,7430000
0,7587200
1,7419100
1,7414900
1,7416400
1,7414700
1,7532300
0,7334100
1,7548900
0,7426600
0,7691400
0,7337200
1,7465400
0,7618800
0,7564000
1,7320600
0,7777000
1,7420500
1,7658600
1,7319600
0,7546700
0,7546500
1,8100100
0,7800400
0,7737500
0,7649700
0,7707000
1,7469900
1,7601600
1,7540100
0,7648400
1,7511500
1,7656000
0,7548300
0,8859700
0,8006500
1,8857600
0,8658000
0,8123100
1,7480100
1,7569400
1,7444400
1,7717600
1,7580000
1,7580200
1,7443300
0,7730200
0,7784500
0,7840700
1,7760700
1,7879800
0,7784100
0,7839200
1,7762200
1,7823400
0,7779400
0,7854400
0,7770700
0,8232300
0,7511700
0,7501800
0,7368100
0,7437000
1,7376700
1,7359200
1,7568500
0,7458600
0,7410100
0,7620900
1,7391400
1,7516300
0,8580600
1,8025700
0,8069400
0,8128800
1,8084800
1,7819200
1,7694500
0,7689200
1,7629800
0,7693300
0,7610900
0,7687700
1,7620300
1,7684300
1,7728500
0,7802600
0,7790600
1,7790900
0,7770700
0,7821000
1,7792100
1,7789500
1,7760900
0,9271900
1,7766400
1,7806100
0,7777500
0,7708300
1,7606000
1,7869300
1,7603400
1,7968300
1,7602900
0,7802900
1,7594600
0,7823700
0,7623300
0,7687600
0,7608300
1,7743200
1,7601200
1,7686000
1,7661700
1,7709900
1,7604600
1,7670600
0,7609500
0,7696700
0,7623900
0,7805500
1,7611000
1,7709500
1,7597700
0,7455600
0,7381200
0,7388800
1,7359200
1,7476800
1,7311600
1,7548100
1,7546300
1,7372600
1,8063700
1,7389400
0,7449200
0,7385000
0,7541100
1,7391200
1,7612300
1,7341700
1,7477700
1,7411800
0,7653600
0,7447500
1,7378200
0,7626900
0,7662500
1,7340400
1,7540300
1,7454200
1,7548500
0,7535900
1,7532100
0,7462300
1,7529000
0,7718400
0,7522400
0,7464300
0,7777000
0,7847000
1,7641700
0,7503200
0,7662000
0,7629900
0,7671800
1,7637900
0,7675700
0,7638600
1,7615100
0,7678300
0,7620500
1,7676700
0,7643400
0,7686800
1,7601700
0,7678800
0,7413600
1,7528700
0,7375700
0,7471600
1,7371200
0,7389500
1,7270000
0,7416100
0,7351800
0,7374900
0,7373700
1,7480600
0,7718900
0,7545800
1,7736900
0,7888100
0,7623400
1,7842700
0,7971400
1,7499200
1,7375200
0,7594200
0,7318600
0,7777400
0,7416600
0,7383000
0,7755100
0,7737200
0,7617800
1,7485200
0,7606800
0,7475400
0,7557600
1,7483500
1,7535500
1,7494200
0,7572900
1,7478300
1,7554900
1,7460700
1,7557200
1,7481000
1,7757700
0,7475300
0,7534700
0,7461300
1,7871800
0,7552900
1,7522400
0,7589400
1,8283600
0,9445700
1,8408600
1,7656700
0,7601300
0,7556400
0,7909000
1,7483500
0,8049000
1,8135200
0,8336500
0,9316200
1,7815500
0,7503300
0,7515600
1,7758500
0,7797900
0,7811600
1,7781200
1,7802400
1,8003200
0,7796000
1,7763500
0,7778900
0,7811500
0,7794400
0,7786500
0,7783500
1,7503700
1,7311000
0,7415400
0,7373400
1,7636200
1,7313500
0,7525600
0,7376200
1,7556300
1,7314100
0,7494700
0,7376600
0,7450900
1,7313700
1,7443500
1,7395700
0,7642900
0,7417500
1,7441600
1,7573700
1,7544100
0,7427800
0,7363900
0,7834300
0,7413400
1,7412600
0,7410800
0,7609100
1,7467400
1,7541000
0,7451200
0,7529800
0,7664900
1,7520700
0,7450700
1,7581400
1,7462100
0,7624500
0,7494900
0,7533600
1,7395100
0,7430000
0,7365700
1,7867000
0,7990200
0,8350600
1,7503300
1,7739200
1,7394000
1,7484000
1,7296800
1,7454800
1,7410400
1,7620400
1,7603300
1,7800100
0,7639600
1,7676700
1,7602900
1,7691400
1,7620800
1,7673500
0,7612900
0,7620900
0,7697900
0,7635400
1,7898800
0,7471200
0,7734200
0,7388600
0,7897500
1,7332300
1,7818000
1,7373800
1,7497800
0,7315300
1,7900600
0,7390400
0,7573500
0,7403100
1,7816000
0,7571300
0,7575000
0,7672100
1,8022700
1,8489100
0,8861700
1,8489800
0,8766300
0,9605400
0,9476900
0,8288900
1,7766100
1,7799300
0,7794400
1,7851500
1,7791400
0,9707200
0,7970600
0,7823900
0,7809900
1,7808100
1,7800000
1,7837900
1,7776200
0,7966600
0,7773800
0,7807400
0,7794800
0,7832700
0,7771000
0,7881600
0,7796700
1,7848800
0,7774800
1,7798700
0,7762800
0,8137400
0,7608700
1,9183400
1,7603000
0,7747500
1,7599500
0,7678000
1,7599100
1,7689000
0,7607100
1,7699200
1,7619600
1,7677600
0,7607100
0,7722400
0,7638400
0,7689100
0,7609100
0,7690100
0,7657100
0,7695200
1,7596100
0,8994100
1,7620900
0,7769300
1,7452900
0,7427900
1,7374100
0,7484700
1,7385800
0,7434200
1,7373300
1,7545100
1,7354800
0,7602200
0,7701500
0,7477500
0,7307000
1,7496300
0,7483300
1,7554000
1,7444400
0,7527200
0,7505400
1,7665600
1,7644500
1,7517900
0,7538600
0,7576800
0,7556500
0,7465400
1,7643400
0,7429400
0,7396800
0,7374100
0,7459600
1,7523000
0,7500700
1,7500100
1,7465800
1,7315800
0,7436900
0,7375800
1,7447900
0,7328600
0,7628400
0,8203000
1,7703700
0,7475600
1,7402200
1,7421600
0,7392200
0,7475400
1,7295900
1,7498000
1,7376800
1,7482200
1,7308800
1,9165700
0,10287800
1,10267100
0,7808000
0,7653700
1,7658800
1,7618200
0,7669900
1,7658700
0,7681200
0,7857700
0,7659500
1,7678500
1,7703300
0,7815800
1,7890300
0,7650900
1,7729000
0,7663300
1,7659600
1,7654000
0,7677800
0,7634600
0,7674900
1,7652400
0,7685400
1,7478600
1,7563300
0,7465900
1,7615400
0,7474000
0,7584300
1,7782000
1,7567400
0,7477100
0,7526900
1,7484200
1,7446900
1,7522300
0,7378000
0,7433500
0,7377000
1,7454000
1,7542400
1,7496900
1,7360000
0,7494900
0,7320200
1,8222400
1,8489400
1,8368200
1,8397800
0,7973900
1,8037300
0,7762900
0,7632900
1,8061000
0,7756300
1,7899600
0,7656300
0,7669000
1,7601700
0,7683700
1,7618000
0,7681600
1,7602600
1,7665000
1,7616000
0,7749200
1,7602000
1,7690700
1,7602000
0,7804900
0,7621200
0,7833500
0,7614300
1,7698700
0,7622700
0,7625400
0,7304800
1,7453200
0,7377300
1,7654100
1,7294300
0,7497900
1,7540100
1,7458900
1,7294100
0,7815900
1,7359300
0,7515800
1,7453300
0,7661700
1,7603000
0,7643400
1,7734600
0,7668300
1,7822800
1,7636600
1,7661100
1,7636900
0,7685800
1,7650900
1,7680100
1,7519600
0,7655300
0,7401300
1,7366400
0,7563100
1,7481700
1,7388400
0,7483800
0,7409400
1,7443200
1,7390300
1,7372000
1,7392900
1,7465100
0,7402900
0,7376600
1,7444600
0,7378400
1,7569000
1,7297400
1,7432200
0,7375900
0,8388400
1,7547900
1,7578300
0,7435500
0,7654500
1,7416700
0,7551900
0,7466000
1,7571200
0,7623800
1,7729600
1,7527700
0,7835000
0,7453100
1,7861200
0,7545400
0,7557400
1,7446000
0,7516600
0,7466100
1,7756000
0,7749200
0,7701500
0,7572400
0,7613200
1,7444100
0,7533100
0,7468800
1,7750000
1,7448600
1,7480100
1,7758700
1,7633600
1,7658600
0,7618300
0,7674300
1,7633900
1,7659500
0,7713500
1,7659800
1,7635100
1,7670800
1,7639100
0,7751600
0,7556600
0,7439500
1,7392200
0,7388800
1,7404100
1,7738600
1,7391600
1,7579500
0,7357500
1,7427100
1,7392400
0,7563100
0,7404900
0,7589400
0,7463900
1,7762200
0,7696600
1,8253900
0,8662600
1,8362700
0,8492600
0,7764500
1,7920400
1,7567500
0,7477400
0,7997800
0,7883700
1,7754600
1,7618800
0,7675200
0,7615900
1,7677600
0,7631700
1,7784100
0,7619500
0,7989400
1,7619400
0,8443500
1,7657400
1,7663800
1,7615500
0,7824400
0,7654800
0,7781200
0,7633900
0,7665600
0,7764800
0,7713600
0,7632900
1,7949800
0,7635200
0,7684600
1,7558400
1,7613000
0,7486900
0,7527100
0,7505700
1,7652500
1,7503300
0,7740000
1,7461900
1,7519100
0,7477700
1,7499800
1,7463300
0,7440700
1,7489400
1,7268000
1,7386100
0,7462500
0,7518100
1,7299000
0,8577800
0,8218900
0,9156800
0,9424800
0,7390100
0,7444800
0,7549500
0,7796900
1,7780500
0,7798900
1,7800100
0,7847600
0,7800700
0,7840100
1,7845700
1,7815600
0,7841300
0,7988200
1,7845800
1,7540400
1,7403800
0,7795500
1,8149000
0,7661700
0,7942700
1,7905300
0,7843600
1,7790500
0,7708800
1,7771300
0,7376900
1,7477100
1,7567500
1,7654700
0,7722000
0,7829700
0,7735900
0,7913700
1,8033100
1,7999200
1,8450000
1,7731200
1,7663300
1,7722800
0,7695500
1,7537000
0,7334800
1,7504500
1,7619300
0,7670700
0,7589500
1,7481500
1,7719200
1,7505300
1,7470400
0,7419100
0,7604500
1,7378800
1,7805600
0,7689900
1,7752400
1,7644900
1,7886400
1,7624800
1,7722100
0,7654700
1,7738800
1,7619700
1,7872800
1,7640000
1,7790200
0,7612700
1,7616100
0,7526400
0,8184100
0,8391900
1,8426400
0,8428300
0,7506500
0,7760800
1,7542000
0,7475800
1,7615900
1,7544200
0,7744800
0,7628300
0,7715300
1,7668700
1,7737300
0,7628700
1,7943500
0,7704100
0,7719000
0,7647200
1,9476000
0,7640100
0,7728500
1,7515100
1,7879900
0,7483200
0,7581400
0,7535300
1,7712200
1,7677900
1,7616600
1,7513800
0,7978100
0,7542800
0,7715200
0,7561600
1,7751200
1,7635500
1,7707600
1,7642700
0,7729900
1,7646700
1,7752700
0,7649500
0,7816200
1,7642100
0,7739900
1,7627600
1,7733700
1,7403100
0,7529600
1,7401700
0,7506900
1,7511300
0,7523600
0,7327300
0,7595500
1,7390900
0,7694700
1,7483600
1,7609500
0,7642500
0,7571400
0,8136200
1,8943000
0,9929400
1,7702300
1,7655000
1,7719700
1,7535100
1,7888900
1,7673400
0,7739300
1,7586200
1,7747600
1,7626900
1,7715800
0,7642100
1,8467100
0,7736100
0,7827900
1,7666000
1,8154400
0,7633600
1,8239100
1,7834100
1,7730000
1,7748800
1,7867600
1,7845500
0,8043500
0,7790500
0,7799800
1,7767000
0,7844100
0,7776700
0,7815100
0,7802100
0,7838700
0,7774000
0,7725500
1,7601700
1,7693600
0,7609600
1,7813200
0,7636800
1,7674700
0,7772500
0,7669500
0,7653000
0,7692500
1,7597300
0,7669900
0,7530200
0,7774700
0,7457300
1,7551400
1,7712200
1,7539600
0,7454400
1,7659500
0,7481800
0,7536500
0,7505800
1,7483900
1,7522700
0,7476900
0,7651500
1,7481400
0,7557600
0,7475100
0,7540900
0,7596000
1,7574900
0,7476800
1,7547200
1,7481200
1,7557700
0,7478400
1,7492900
0,7374100
0,7447400
0,7325400
0,7758000
1,7390100
0,7666800
1,7311700
0,7519900
1,7524400
1,7726700
0,8685200
1,13518000
0,8058600
1,8162000
1,8011800
0,7715700
0,7832700
0,7758500
0,7634300
0,8410200
1,7795000
0,7828500
0,7808300
0,7631200
1,7769600
1,7811900
1,7816600
0,9348300
0,7830300
1,7819300
1,7846300
0,7879300
1,7846500
0,7816100
1,7846800
0,7852700
0,7843200
1,7928600
0,7793200
0,7545600
1,7621800
0,7528400
1,7651600
1,7534200
1,7641400
1,7614700
1,7500500
0,9574400
1,7600700
1,7449600
0,7690900
1,7596300
1,7740500
0,7621500
1,7833600
1,7603200
1,7703900
0,7622000
0,7670400
0,7705800
0,7621000
1,7745700
0,7648900
0,7623800
1,7391200
0,7474600
1,7391300
0,7362200
1,7392200
0,7433800
0,7407600
0,7412100
1,7394000
1,7440700
0,7599300
1,7432400
1,7392100
1,7392900
1,7573000
1,7628100
0,7377800
1,8301500
0,7947700
1,7521900
1,7439300
0,7788200
1,7526800
1,7914900
1,8157300
0,8574000
1,8473000
0,8254800
0,8270000
1,7700300
1,7696600
0,7662100
0,7782200
1,7945000
1,7946700
0,8235700
0,9078600
1,7722900
0,7802800
0,7837200
0,7782100
1,7793300
1,7826100
0,7784200
1,7799200
1,7790400
0,7794400
1,7903500
0,7796100
0,7801800
1,7711300
0,7448200
1,7349100
1,7793300
0,7390900
0,7453600
1,7406700
0,7380600
0,7389300
1,8141400
0,8541600
1,8844400
1,8389600
0,7683500
1,7823800
0,7929300
0,7796200
0,7850800
1,7825800
1,7790400
0,7796800
1,7924100
1,7799600
0,7810000
0,7796400
1,7803100
1,7642700
0,7822600
0,7390600
1,7464300
0,7315400
1,7489600
0,7421000
0,7952900
1,7364500
0,8294200
1,7899100
0,7595000
1,7485200
1,7624700
0,7634000
1,7738800
0,7619400
1,7661800
1,7617700
1,7692000
1,7838000
0,7677100
0,7634300
1,7814000
1,7639800
0,7758300
1,7567500
1,7542600
1,7481800
1,7613000
0,7521100
0,7529500
0,7464900
0,7532800
1,7492200
0,7541000
1,7484400
0,7543400
1,7460700
1,7455700
1,7645400
0,7314800
1,7459100
0,7380200
1,7616600
1,7358800
0,7380900
1,7389700
0,7454600
0,7318400
0,7540600
1,7371800
0,7473400
1,7297700
0,7462500
0,7382700
1,7549500
1,7631900
1,7836600
1,7588300
1,7471200
1,7302700
0,7476800
1,7851200
0,7768700
0,7376400
0,7600400
0,7516100
0,7708400
1,7766000
1,7552200
1,7516400
1,7480800
1,7502600
0,7479400
1,7545000
1,7511300
0,7602200
1,7560200
0,8324200
0,7656500
1,7689100
1,7619400
1,7726600
1,7636200
1,7656500
0,7858300
1,7662700
1,7633900
0,7723800
0,7670300
0,7666800
1,7609700
1,7558200
0,7494100
1,7502800
1,7477800
1,7937800
1,7480700
1,7519300
1,7481200
0,7533000
1,7479200
1,7518700
1,7485900
1,7524600
0,7527800
0,7330000
1,7698500
1,7402700
1,7658600
0,7329600
0,7465800
1,7396100
0,7521600
1,7315000
0,7631500
0,7412000
1,7540600
0,7321400
1,7597500
0,7427800
1,7565000
0,7323900
0,7483700
1,7400000
1,7621800
1,7309800
0,7560900
0,7385000
1,7566300
1,7315400
1,11735600
0,8730800
0,7468700
0,7366400
1,7428400
1,7357600
1,7431900
1,7485700
1,7576700
1,7296100
0,7792500
1,7385600
0,7584200
1,7482900
0,7836000
1,7601200
0,8681200
0,8132100
0,7806600
1,7759100
1,8559800
1,7698100
1,8395900
1,7756200
0,8039300
0,7721700
0,10600300
0,7858400
1,7825800
0,7807600
0,7859800
1,7770800
1,7819900
1,7857800
1,7781200
1,7791000
1,7819400
0,7788800
1,7606800
0,8151700
1,7569100
0,7699600
1,7468000
1,7500500
1,7498500
1,7445600
1,7527400
0,7456000
1,7582300
1,7476600
1,7663200
1,7445000
0,7583500
1,7445100
1,7624700
0,7456100
1,7710300
0,7463200
0,7664700
0,7455100
0,7606700
1,7450100
1,7694900
1,7479100
0,7613400
1,7513700
1,7659900
0,7606500
1,7717300
1,7587000
0,7559800
0,7454000
0,7626300
0,7462800
1,7973700
1,8033600
1,8371700
0,8147400
0,8113100
1,8121500
1,8491500
0,8135700
0,7957500
1,7815100
1,7992000
0,7662200
1,7664000
1,7614400
1,7814500
0,7620000
0,7812000
0,7771300
0,7927100
0,7818600
1,7834400
0,8529400
1,7774600
0,7711400
0,7816600
0,7790100
1,7895600
0,7779700
1,7795800
1,7600700
0,7464200
0,7538300
1,7478000
0,7529700
1,7514400
0,7465700
1,7534600
1,7440800
1,7682300
1,7509000
0,7622400
0,7516700
0,8459800
0,8422200
1,8546900
0,8032600
1,7483900
0,7683400
1,7464600
1,7627800
1,7485100
1,7532800
1,7466300
0,7454100
0,7547500
1,7596000
1,7686600
1,7596700
0,7808300
1,7615900
1,7695600
0,7611100
0,7827700
1,7616200
1,7680600
0,7830200
0,7684900
0,7657300
1,7572400
0,7457600
0,7598300
0,7480400
1,7626600
0,7457600
0,7548200
0,7581000
0,7533100
0,7460500
0,8229500
0,8684100
1,7641500
0,7560700
0,7536900
0,7485700
0,7560100
0,7498500
1,7530000
0,7481500
0,7569400
1,7496500
0,7619000
0,8174600
0,7677000
1,8388200
0,8690900
0,8428700
0,8302000
1,7639000
0,7713200
1,7647600
1,7729200
0,7651700
1,7746900
0,7763300
1,7742900
0,7651800
1,7910000
1,7805000
0,7869900
1,7783500
1,7902000
1,7800500
0,7839700
1,7798200
0,7871600
0,7821800
0,7881200
1,7798900
0,7844000
1,7733300
1,7690100
1,7488700
0,8055700
0,7768700
0,7541400
1,7378500
0,7430700
1,7302300
0,7483700
0,7382100
1,7419500
1,7357900
0,7594800
0,7670200
0,7690400
1,7604400
1,8573800
0,9126200
1,7697900
1,7687200
0,7850900
1,7618500
1,7680300
1,7601600
0,7738900
1,7571300
1,7560000
0,7465600
1,8010900
1,7617400
0,7774500
0,7505500
1,7562700
0,7453900
0,7514200
1,7447100
0,7588800
0,7455900
1,7621100
1,7604300
1,7756700
0,7608900
0,7679400
1,7602300
0,7647800
1,7816800
1,7636000
1,7675000
0,7654400
0,7700400
1,7637100
0,7687000
1,7403600
0,7405200
0,7374700
0,7730500
1,7389500
0,7361300
0,7345900
0,7475000
1,7452400
1,7355500
0,7374000
0,7474900
1,7417900
1,7508500
0,7375100
0,9271900
0,7401800
0,7455000
1,7421900
1,7413800
1,7438800
1,7490200
1,7394600
0,7482900
0,7693700
0,7489800
1,7469700
1,7532300
1,7475800
1,7568800
0,7470600
1,7524600
0,7526000
0,7678900
0,7465000
1,7446900
1,7564200
1,7444500
0,7531200
1,7443400
1,7481600
1,7356000
0,7407400
0,7376800
1,7822300
1,7326600
1,8535900
0,7442300
0,7684900
1,7420300
0,7389900
0,7377000
0,9476400
1,7652400
0,8031700
0,7641700
0,8964100
0,7878500
1,8257500
0,8345600
0,8343000
0,8030000
1,7875200
1,7983800
1,7667000
1,8337400
1,7926000
0,8161800
1,8681300
0,7901200
1,7942100
0,8080800
0,7836400
0,7910200
0,7802400
0,7858300
1,7848400
1,7912000
0,7847900
1,7822300
1,7867800
0,7891600
1,7853700
1,7790400
1,7855600
0,7969800
0,7818900
1,7971400
0,7810000
1,7823600
1,7738000
1,7735100
0,7668200
1,7793100
1,7635300
0,7813500
1,7620200
1,7754700
1,7676300
1,7660600
0,7633200
0,7660800
1,7638100
0,7672500
1,7460700
1,7617100
1,7545200
0,7656300
1,7947300
1,7699600
1,7542800
1,7558400
0,7559200
1,8147000
0,7778800
1,7692100
0,7585400
0,7750100
1,7675000
0,7759100
0,7648400
0,7745400
1,7677000
0,7763800
1,7677200
0,7631300
1,7750000
1,7635500
1,7733200
0,7498200
0,7620600
0,7421200
0,7517800
1,7321600
0,8420800
0,8715400
1,8429900
1,8407500
1,7449700
0,7485500
1,7439500
1,7539500
0,7542100
1,7644100
0,7772400
0,7661500
0,7729700
1,7647500
0,7758900
1,7641700
0,7894200
0,7640300
0,7949700
0,7648300
1,7745400
0,7546500
0,7666700
0,7532300
1,7589300
0,7492400
1,7621200
0,7496500
1,7949000
1,7490600
0,7646200
1,7518100
1,8198300
1,7543800
1,7523200
0,7407400
0,7530600
0,7436600
0,7559500
0,7414900
1,7864100
1,7387000
1,7787400
0,7429700
1,7583700
0,7458700
1,7412200
1,7456300
1,8050800
0,8023400
1,7714300
1,7567000
0,7656100
1,7590600
0,7688500
1,7548600
1,7739000
1,7553200
1,7619600
0,7475900
0,7668400
1,7659700
0,7736700
1,7621200
1,7773100
1,7660400
1,7725300
1,7634200
1,7752300
0,7696100
1,8302800
0,8462900
0,7813900
1,7582800
1,7695500
0,7573900
0,8566300
1,7691900
0,7757100
0,7530200
1,7655600
0,7538800
0,7740700
1,7518800
0,7652500
0,7492200
0,7761200
0,7651900
1,8076200
0,7937400
0,8711900
0,8859500
1,8164800
0,8323000
1,7717900
0,7677700
1,7726200
1,7642400
1,8586800
1,7822700
1,7870800
0,7849600
0,7916100
0,7899500
1,8639900
0,7829300
1,7834200
1,7810700
0,7886300
0,7824200
0,7928100
1,7777600
1,7860800
0,7820300
0,7931700
0,7804100
1,7861900
0,7808700
0,7860900
1,7780800
0,7830000
0,7824000
1,7930500
0,7964100
1,7734200
1,7620800
0,7877000
0,7715300
0,7657100
1,7625300
0,7764900
1,7640200
1,8888200
0,7898800
1,7620300
0,7674300
1,7637600
0,7413200
0,7443200
0,7337500
1,8220400
1,7342100
0,7499900
1,7355900
1,7562900
1,7590700
0,7422200
0,7714300
1,7709800
0,7395000
1,7521400
0,7456500
1,7542200
1,7481500
1,7527600
1,7444300
1,7585100
1,7817800
1,7523000
1,7443700
1,7671300
0,7483000
1,7635700
1,7445900
1,7543700
0,7485900
1,7518100
1,7485300
0,7546300
1,7464800
1,7554200
1,7519200
1,7481900
1,8183200
0,7479100
1,7593600
1,7475300
1,7571300
0,7387100
0,7458100
0,7416800
0,8176700
1,7561500
0,7468500
0,7443500
0,8915800
0,7757100
0,7490200
0,7481700
1,7487800
1,7654000
0,7715900
1,7658300
0,7731800
1,7663000
1,7728700
0,7632800
1,7891500
0,7671500
0,7727700
0,7675300
1,7866300
0,7649400
1,8691000
0,8053100
1,9833000
1,8725100
1,9075000
0,8247100
1,8005500
0,8354800
1,7426700
1,7487900
0,7407600
1,7531300
1,7829500
1,7841600
1,7804800
1,7868900
0,7873700
0,7865200
1,7787100
0,7962300
0,7846800
1,7869800
0,7824200
1,7819800
0,7812100
1,7730300
1,7640400
0,7725900
0,7644800
0,7743000
1,7829400
0,7882200
1,7627000
1,7876600
1,7640000
1,7841300
1,7621500
0,7749300
1,7642200
0,7956800
0,7630300
1,7761400
1,7650500
0,7868800
0,7613800
1,7710400
1,7603100
1,7789900
1,7604300
0,8152100
0,7659500
0,7735500
1,7600900
1,7719100
0,7621800
0,7799800
0,7605000
0,7687000
1,7617500
1,7880700
1,7952100
1,8916800
1,8090800
0,8219400
1,7599300
1,7692000
1,7626200
0,7705800
0,7609800
0,7687300
0,7638700
1,9038000
1,7599800
1,7903700
0,7650200
0,7706300
1,7598900
1,7693600
0,7638100
0,7859500
0,7607700
0,7776400
0,7625900
1,7870200
0,7608700
1,7705300
0,7622100
0,7684300
0,7607700
1,7643200
0,7466600
1,7547600
1,7442400
0,7606000
0,7465000
0,7539500
0,7453400
0,7539300
0,7466100
0,8187900
0,7456200
1,7575300
0,7381600
0,7471700
1,7354700
1,7533100
1,7298600
1,7451000
0,7431500
0,7563800
1,7295200
1,7494600
1,7416600
0,7396200
0,7423800
1,7372000
0,7464500
1,7407700
0,7485800
1,7373500
0,8612500
1,7550900
0,7694600
0,7545900
1,7439800
1,7431300
0,7379700
1,7372900
0,7695600
1,7658200
0,7845000
1,7909200
1,7896800
1,7718600
1,7706000
1,7625400
0,7744400
1,7659500
1,7671400
0,7643400
0,7679300
1,7646500
0,7679500
0,7632400
1,7695200
1,7655400
0,7739300
0,7634000
1,7774400
0,7790800
1,7663400
1,7622000
1,7672600
1,7639400
0,7678000
0,7459000
0,7393000
0,7390700
1,7408700
0,7386000
1,7624600
0,7346800
0,7675800
0,7452300
1,7401800
0,7411700
0,7375700
0,7443400
0,7304800
1,7483200
1,7358900
1,7438900
1,7296100
0,7597200
1,7569300
1,7746100
1,7359000
1,7481700
1,7358900
0,7633300
0,7305300
0,7518300
1,7360600
1,7456100
1,7297500
0,7461900
0,7377200
1,7473900
0,7310100
0,7811500
1,8039000
1,7668200
0,7429600
1,8134400
1,8163700
1,7862000
0,8078100
1,7876800
1,7449800
1,9045200
0,7513300
1,7541900
0,7714300
0,7831500
1,7463500
1,8049100
0,7465300
1,7614400
1,7618100
1,7699900
0,7710000
0,7687900
0,7625300
1,7704800
0,7622100
0,7849100
1,7642800
1,7699100
1,7603000
1,7684500
0,7579400
0,7556900
1,7358500
0,7394600
1,7373800
1,7543400
0,7332300
1,7373500
1,7518800
0,7375200
1,7551300
0,7389900
1,7425100
0,7476100
1,8558200
1,8003900
1,7583700
1,7391700
1,8661600
1,8483700
0,8755000
0,9164100
1,7521200
1,7491200
1,7566200
0,7315800
0,7556100
0,7814100
0,7792100
1,7800900
1,7780600
1,7795200
0,7826100
1,7904500
0,8132000
1,7819200
1,7778600
1,7825600
0,7848100
1,7793300
0,7615900
0,7677200
1,7745300
1,7874900
1,7599800
0,7681800
1,7626100
0,7634900
0,7670400
1,7639200
0,7698300
1,7620400
1,7619400
1,7481800
1,7524400
0,7478800
0,7555600
1,7608300
1,7782600
0,7554900
0,7742300
1,7559300
0,7925300
0,7960200
0,9359000
0,8099600
1,7816800
0,7954300
0,7800600
1,7851700
0,7797000
1,7816700
0,7769800
1,7968700
0,7784700
0,7810700
0,7773600
0,7817400
0,7782400
1,7791400
1,7764600
0,7841600
0,7788600
1,7790600
1,7760000
1,7842000
1,7761800
0,7811700
0,7772000
0,7853100
0,7774900
1,7539200
1,7468600
1,7596500
1,7447800
0,7477400
0,7681900
0,7464200
0,7540300
0,7507500
0,7646500
1,7485800
1,7518900
0,7478100
0,8541100
1,8922900
0,10187500
1,8632300
1,7452000
0,8378700
1,8679500
0,8843300
0,7369600
0,7619600
1,7455000
1,7620400
1,7664100
1,7820700
1,7761500
1,7801900
0,7770300
0,7780300
0,7780400
1,7888100
1,7763300
0,7789000
1,7766100
1,7808300
0,7772400
1,7538100
1,7296300
1,7435600
1,7354000
0,7678700
0,8533600
1,7435700
0,7364400
1,8101700
1,7726400
1,7601100
0,7368600
0,7651500
0,7612000
0,8061300
0,7610500
0,7672400
1,7619600
1,7690500
0,7610200
0,7693800
1,7617800
0,7692500
0,7615400
1,7930900
0,7662200
0,7926900
1,7702500
0,8120500
0,8332000
1,7579700
1,7454100
1,7834500
0,7525700
0,7625500
1,7508300
1,7758800
0,7561400
0,8311600
0,7730400
1,7799800
0,7649300
0,7916000
1,7659200
0,7818400
0,7803100
0,8101000
0,7789200
1,7822800
1,7684500
0,7718200
1,7603800
1,7807900
1,7642600
1,7810600
0,7611900
0,7696600
0,7619300
0,7749900
1,7659800
0,7759500
0,7697600
0,7632900
0,7668100
1,7655900
0,10274100
0,7594000
1,7462300
0,7562500
1,7521000
0,7770500
0,7471100
0,7554900
1,7450600
0,7594900
0,7470800
1,7540000
1,7450700
1,7534400
1,7459300
0,7546300
0,7465500
0,7475300
1,7560500
1,7482600
1,7503000
1,7460400
1,7532400
0,7457900
1,7526000
0,7475600
0,7709600
0,7313800
0,7472400
1,7370000
1,7660600
0,7318300
0,7499000
0,7389300
0,7485100
1,7539700
1,7480700
0,7384700
1,7461900
0,7398000
0,7537600
0,7477000
1,7596900
0,7463800
0,12373500
1,7502900
1,7570600
0,7625100
1,8157100
0,7733900
1,7621000
1,7521600
0,7689300
0,7647100
0,7685400
0,7619400
1,7652600
0,7646200
1,7736100
1,7773600
1,7665200
0,7674300
0,7790100
0,7657000
1,7627700
0,7517200
1,7502900
1,7482200
1,7516900
1,7550000
0,7550100
0,7528200
1,7605200
1,7504000
0,7657400
1,7547100
0,7625300
1,7480100
1,7439100
1,7393800
1,7409200
0,7423500
1,7404800
0,7378000
1,7430500
0,7375500
1,7298100
0,7572400
1,7359800
0,7602300
0,7304900
1,7448700
0,7377300
0,7486200
0,7306600
1,7458200
0,7378500
0,7453600
0,7307100
0,7446400
1,7356500
1,7697700
1,7296300
1,7519100
1,7587300
1,7648800
0,7307000
1,7502400
0,7541600
1,7708700
0,7307100
0,7373100
1,7699500
0,7495200
1,7732500
1,7690000
0,7707200
1,7442700
0,7526400
1,7554500
1,8390200
0,7801900
0,7563400
1,7521200
1,7617500
0,7546800
1,8570900
0,8401700
1,8845200
1,8717600
1,8361300
1,7840300
1,7791200
0,7794800
1,7762300
1,7843900
1,7884500
0,7854100
0,7839700
0,7807000
1,7792200
1,7790700
1,7760800
1,7809400
1,7786500
1,7789400
1,7760400
1,9236600
0,7823400
0,7808400
0,7785800
1,7855500
1,7784200
1,7819100
1,7792500
0,7954800
0,7695800
1,7786500
0,7612200
0,7752100
0,7620700
1,7686600
0,7610800
0,7694000
1,7607100
1,7674200
0,7612800
0,7697900
1,7600400
0,7930500
0,7610300
0,7685800
0,7619500
0,7887200
0,8046600
1,7956000
0,8170900
1,7855800
1,7623700
1,7832600
0,7888300
1,7682000
1,7772000
0,7936400
0,7783800
1,7796000
0,7790000
0,7934000
1,7765800
0,7812700
0,7797000
0,7790700
1,7760300
0,7925800
0,7811500
1,7823300
1,7603500
1,7684400
1,7616500
1,7683700
1,7618300
1,7677700
0,7627700
0,7681900
1,7605700
1,7708200
1,7598900
0,7688400
1,7356200
1,7412400
1,7350800
0,7454200
1,7357200
0,7505900
1,7367500
1,7523100
1,7358500
1,7373000
0,7429100
1,7629600
0,7375700
0,7493200
1,7374700
1,7466800
0,7376500
1,7372200
0,7671100
1,8100600
0,7784400
1,8006200
0,7696100
0,7585800
0,7571900
1,8267500
1,7789200
1,7897300
0,7667900
1,7877100
1,7808200
0,7739000
0,7670300
0,7939200
0,7668000
1,7761300
1,7666200
0,7839200
0,7660400
0,7905400
0,7685800
1,7769500
0,7657200
0,7804800
0,7869400
1,7795400
0,7659000
0,7842900
1,7782700
1,7970000
1,7758900
0,7718500
1,7671100
1,7852400
0,7648300
1,7878900
0,7682500
1,7878700
0,7651100
0,7723600
0,7685900
1,7846300
0,7633100
1,7748800
1,7648800
1,7675300
0,7475200
0,7781700
1,7525400
1,7663600
1,7464600
1,7743800
1,7556200
0,7723200
1,7518800
1,7497500
0,7688500
1,7534100
0,8989700
0,7555100
1,7573500
0,7666500
1,9310600
1,7618200
0,7488000
1,7613300
1,7518700
1,7656300
0,7494100
0,7628600
1,7519900
0,7736900
1,7467300
0,7538000
1,7598600
1,7575600
1,7665200
0,7583900
1,10125900
1,7761500
1,7519500
1,7890600
1,7526400
0,7624100
1,7521400
1,7633500
1,7463400
0,7560100
0,7635300
1,7538100
1,7560500
0,7558200
1,7800400
0,7547700
0,7550600
1,7579600
0,8377200
1,7643100
1,7734200
0,7633700
0,7707300
0,7671900
0,7736800
0,7632200
0,7738100
1,7657000
1,7719100
0,7753700
0,7733200
0,7648500
0,7532400
0,7401100
0,7413100
1,7629200
1,7504900
1,7353400
0,7481000
1,7397000
0,7513600
1,7411000
1,7435500
1,7411800
0,7416100
0,7447300
0,7449000
0,7590900
1,7407200
0,7501800
1,7400600
1,7539900
0,7407300
0,7548000
0,7403200
0,8292800
1,8032700
1,9365100
1,7933800
1,7803100
1,7870700
1,7870600
0,7859700
1,7869200
0,7809500
1,7839200
0,8036500
0,7867900
0,7835100
1,7861100
1,7897000
1,7677900
1,7721900
1,7662100
1,7759600
1,7677200
0,7717900
1,7661700
1,7713900
0,7823000
1,7678400
1,7659800
0,7785100
0,7678000
1,7599900
1,7552100
1,7883400
1,7903400
0,7582400
0,7909600
1,7614700
0,7534100
1,7635300
0,7538500
0,7483900
0,7611800
0,7546500
0,7726900
1,7646200
1,7706800
1,7637400
1,7816200
0,7679300
0,7726900
1,7639900
0,7738100
0,7867200
1,7636300
0,7647500
0,7754100
0,7437400
1,8034100
0,7409400
0,7641400
1,7426200
0,7496200
1,7319100
0,7561800
1,7421500
1,8912300
1,7314100
1,7465100
0,7436700
0,7509300
0,7329300
1,8336700
0,8001100
0,8949900
1,8475400
0,8810800
1,8227800
1,8647600
1,8952600
1,8729800
0,7830000
0,7782700
0,7938000
1,7869000
0,7872400
1,7818200
0,7860600
0,7800700
0,7916100
1,7783800
0,7826100
0,7784500
0,7807100
1,7776900
1,7708600
1,7635400
0,7674100
1,7622100
0,7682700
0,7678000
0,8670900
0,7815200
0,7800100
1,7771900
0,7742600
0,7636200
0,7679200
0,7463600
1,7500200
0,7476600
0,7607900
1,7578800
1,7500700
0,7477200
0,7533700
0,7463300
0,8160200
0,7990000
0,8784600
1,8558200
1,7783400
1,7807800
1,7777200
1,7799200
1,7786200
1,7799900
1,7773700
1,7798300
1,7876400
0,7810700
1,7788300
0,7779000
0,7878600
1,7633800
0,7674500
1,7635500
1,7977100
0,7634700
0,7745200
0,7618600
1,7685100
1,7618000
0,7675500
1,7636900
0,7775600
1,7620900
1,7662700
1,7637500
0,7699700
0,7629600
0,7806800
0,7618800
1,7679200
0,7770400
0,7659700
0,7615000
0,7847500
1,7619300
1,7856800
1,7483300
1,7577200
1,7459500
0,7657500
0,7464300
0,7852900
0,7478000
0,7631200
0,7463100
1,7541300
1,7461800
0,7883700
1,7804800
1,7680800
1,7495200
1,7567800
0,7465900
0,7672400
0,7476500
0,7521100
1,7480800
0,7600500
0,7477500
0,7524300
1,7481900
1,7608300
0,7463600
1,7356300
0,7387400
1,7372500
0,7561100
0,7361300
1,7441900
1,7375400
1,7581700
0,7364300
0,7635300
0,7425500
0,7654000
0,7365600
0,7488400
0,7397700
0,7572400
0,7367900
0,7486600
0,7441100
0,7508700
1,7390800
0,10809100
1,7295900
1,7764300
1,7454100
1,7573800
1,7449400
1,7762100
1,7443400
1,7597100
0,7464900
0,7557100
1,7446700
1,7819500
0,7468000
1,7510600
1,7442200
0,7587100
0,7464200
0,7531100
1,7442800
0,7479800
1,7651200
0,7476000
0,7662600
0,7479400
0,7582400
1,7462200
0,7667200
1,7531900
0,7512900
1,7431800
1,7424000
1,7404900
0,8368500
0,7576000
1,7575100
1,7513900
0,7600800
1,7374600
0,7424000
1,7468100
0,7486700
1,7372100
0,7473700
0,7481300
1,7508600
0,7478700
0,7589400
0,7533500
1,7527900
0,7548100
1,7612000
1,7930500
0,8010200
1,7629500
1,7613100
0,7557900
0,7806100
0,7663800
1,7671100
1,7754700
1,7860700
0,7718200
0,7725600
1,7670200
0,7720000
0,7694400
1,7613700
1,7748800
1,7629400
0,7757900
1,7607700
1,7770300
1,7645900
1,8002200
1,7662900
0,7807400
0,7695400
1,7790300
0,7648200
0,7765300
1,7607300
0,7683100
0,7653700
1,7749300
1,7599300
1,7693200
0,7629900
1,7801000
0,7624900
0,7695300
1,7621200
0,7692700
0,7620600
0,7689100
1,7616900
0,7478600
0,7318000
0,7445200
1,7371300
0,7503500
1,7299100
0,7494400
1,8338500
1,7553500
1,7440100
1,7466900
1,7452500
0,7374300
0,7608900
0,7475600
1,7539300
1,7482400
0,7528300
0,7475900
0,7670800
1,7479500
0,7554100
1,7558500
0,7654000
0,7503400
1,7510200
0,7439700
1,7466700
1,7390800
0,7490800
0,7385100
0,7542100
1,7389000
0,7679400
0,7513100
0,7588400
0,7484100
1,7295600
0,7855300
0,7402500
0,8081600
0,8492100
1,8457300
0,8268000
1,7678700
1,7449800
1,7562600
0,7675100
0,7657200
0,7464900
0,7943700
1,7874900
1,8714900
0,7808500
1,7881300
1,7788900
1,7847300
0,7841800
0,8038300
0,7787800
0,7805700
0,7784100
1,7821900
0,7771400
1,7810200
1,7778200
1,7791800
1,7759400
1,7839900
0,7812700
1,7804600
0,7770500
1,7838800
1,7802600
0,8036100
0,7777100
1,7933000
1,7790600
1,7801100
1,7601100
1,7695600
0,7638000
0,7691300
1,7601200
0,7758900
1,7620900
0,7701200
1,7667000
1,7760700
1,7684200
0,7635200
0,7643200
0,7416400
0,7416200
0,7935200
1,7558100
1,7435400
0,7392600
0,7449200
0,7367200
1,7521000
1,7376200
1,7451900
0,7365100
0,7655000
1,7625900
1,7870700
0,7619000
0,7812500
0,7638100
0,7705200
1,7598800
0,7697600
0,7838700
0,7703700
1,7603100
1,7906200
1,7743800
0,8647800
0,8930800
1,8065500
0,8248300
1,7728600
0,7778200
0,7702600
0,7622800
0,8291100
0,8067100
1,8337000
0,8612800
1,7794500
0,7795600
0,7791800
1,7785400
1,7886300
1,7804200
1,7804300
1,7780000
0,7793300
0,7806100
0,7783200
0,7843300
0,7654500
1,7615500
0,7814200
0,8331800
1,7562000
0,7583600
1,7521800
1,7658600
1,7482100
1,7518000
1,7484300
0,7669100
1,7855800
1,7525000
0,7674500
1,7603300
0,7711000
1,7599100
0,7682900
0,7619400
0,7711900
1,7599000
0,7809900
0,7625300
0,8229500
0,7612900
1,7652200
0,7466500
1,7551200
1,7444800
1,10257300
0,7634700
1,7551600
1,7538500
0,7859900
0,7465300
0,7705800
0,7457100
0,7672200
1,7554700
0,8836500
0,7611600
1,7861700
1,7626100
0,7689700
0,7611800
0,7680100
1,7622600
0,7694700
0,7610100
0,7682200
0,7636700
0,7641400
1,7296700
0,7459200
0,7393000
0,7461800
0,7397800
0,7548100
1,7397600
1,7392200
1,7356700
0,7478900
1,7375900
1,7541800
0,7369300
1,7454600
1,7378000
1,7373700
1,7357600
0,7476200
0,8423300
1,7606100
0,7490000
0,7468800
0,8202900
0,7484200
1,7347500
0,7398100
0,7829500
0,7478200
0,7612300
0,7619200
0,7741800
0,7478800
0,7514900
1,7482500
1,7525400
0,7478900
1,7520600
0,7463700
1,7656000
1,7604700
1,7739300
0,7619700
1,7691300
0,7633700
0,7665000
0,7626200
1,7687200
1,7616600
1,7863400
0,7616400
1,7681000
0,7634100
1,7732500
0,7463400
1,7555100
0,7480700
1,7604900
1,7491300
1,7803200
0,7473800
1,7445500
0,7536200
0,7485900
1,7525400
0,7455600
1,7702800
1,7650200
0,7690500
0,7457100
0,7521500
0,7481000
1,7518300
1,7447000
0,7580000
0,7478700
0,7545500
1,7443300
0,7684700
1,7420300
0,7436900
0,7363800
1,7617200
0,7378400
0,7450700
1,7355000
0,7449000
0,7429300
0,8011300
0,7723600
0,7794000
1,7469300
1,7583300
0,7655500
1,7728100
1,7644800
0,7847400
1,7635900
1,7783000
0,7649800
0,7669900
0,7909000
0,7679300
0,7711000
1,7873500
1,7707500
0,7552100
0,7639900
1,7494100
1,7614300
1,7572200
0,8329900
1,8219100
1,8291400
1,8544900
0,7540100
1,7704800
1,7473100
0,7678400
1,7644900
1,7654200
1,7721000
1,7787000
1,7641200
0,7738400
1,7663000
1,7892000
0,7665500
0,7738300
0,7676500
1,7657800
0,7641200
1,7411100
0,7508500
1,7347900
1,7414400
1,7412600
1,9771100
1,8076600
0,9145100
0,8397900
0,9067400
1,8241200
1,8257200
1,7781300
0,7649600
0,7701400
0,7658500
0,7840300
0,7647800
0,7819400
0,7622800
0,7788000
1,7600800
0,7679400
0,7620500
1,8002000
0,8019400
1,7723100
1,7602000
1,7841900
0,7777700
0,7725000
1,7624300
1,7677900
1,7600000
1,7691300
0,7656200
0,7708500
1,7595100
1,7770200
1,7618900
1,7773400
1,7604900
0,7688100
1,7631400
0,7709300
0,7620200
0,8171700
0,8079300
0,7682000
0,7611400
1,7672800
0,7482100
0,7626000
0,7453300
1,7528100
1,7460800
0,7957900
1,7640000
1,7642200
0,7509500
0,7587800
1,7445400
1,7566400
0,7536400
1,7702000
0,7612600
0,7679300
1,7616600
1,7664100
0,7608800
1,7692300
1,7617600
1,7675300
0,7611500
0,7668000
1,7618000
0,7632800
0,7608300
1,7331800
1,7415600
1,7370700
1,7440000
0,7314100
1,7412800
1,7373300
0,7461000
0,7311800
0,7603800
1,7374200
1,7441000
1,7328100
0,7486200
0,7387100
0,7951300
1,7861400
0,7630700
0,7508000
0,7487900
1,7396000
1,7814600
1,7375100
1,9157700
0,7814800
1,7511900
0,7633400
0,7666200
1,7650600
1,7644700
1,7616600
1,7963300
1,7652900
1,7666000
1,8398200
0,7669000
1,7658100
0,7682600
0,7558600
0,7539200
0,7579200
1,7503800
0,7754200
0,7543800
1,7639300
1,7508800
1,7462000
0,7604900
0,7505100
1,7597000
0,7479400
1,7500100
1,7499300
1,7502400
0,7480800
1,7561500
0,7470200
1,7520700
0,8156100
0,7791500
0,7512000
1,7637200
1,7464300
0,7551600
1,7539400
1,7601900
1,8209300
1,8361300
0,8053700
1,8871600
0,7632400
0,7685500
0,7617900
0,7698900
0,7637300
0,7679900
1,7640700
1,7745800
1,7791300
1,7948400
1,7801000
1,8387400
1,7787600
1,7936800
0,7806000
0,7799700
0,7801100
1,7808000
1,7799900
1,7799400
0,7726500
0,7675000
1,7638200
0,7699300
1,7642100
0,7761200
0,7659500
1,7663500
0,7654400
0,7798000
0,7619100
1,7777700
0,7653000
0,7576400
1,7484600
1,7493100
1,7498400
0,7455400
0,7514800
1,7702200
0,7641700
0,7453900
0,7546300
0,7466900
1,7567000
0,7452900
1,7502600
1,7461300
0,7495700
1,7354500
1,7406200
0,7377800
0,7450000
1,7294900
0,7446100
1,7357700
1,7429800
0,7306400
1,7541600
1,7360500
1,7506100
0,7305900
0,7500600
0,8337800
1,7788400
0,7595400
1,7755800
1,7358300
0,7453700
0,7304900
1,7392000
1,7533700
1,7388600
1,7695200
1,7481900
1,7509800
1,7479700
1,7556800
0,7464400
1,7638700
0,7490900
0,7518100
0,7566200
1,7526100
1,7479000
1,7972700
1,7792500
0,7719000
1,7700100
1,7655500
1,7638400
1,7796500
1,7631700
1,7654000
1,7634900
0,8050700
1,7668300
0,8255000
0,8121300
0,7812600
1,7777500
0,7856900
0,7781200
0,7811800
0,7799100
0,7791400
1,7797900
1,7809000
0,7795700
0,7793900
0,7781800
1,7814900
1,7441900
0,7543600
0,7372900
1,7493300
1,7374400
0,7467800
1,7457000
0,7459000
1,7373100
1,7361200
0,7372100
0,7421000
0,7452500
1,7292800
1,7665700
0,7389700
1,7417200
1,7355500
0,7603600
0,7406400
1,7412100
0,7368000
1,7428700
1,7372100
1,7405400
1,7386600
0,7526100
1,7543500
1,7445400
0,8403800
1,8471200
1,8900500
1,8969400
1,8774200
1,8066600
0,8533400
1,7381100
0,7367000
1,7562600
1,7594900
0,7823500
0,7773700
0,7814300
0,7784200
1,7808500
0,7773400
1,7821000
1,7767700
0,7863600
1,7765700
1,7840800
0,7783000
0,7799600
0,7608900
1,7797100
1,7601900
1,7676500
0,7607700
0,7894500
1,7604800
1,7735900
0,7654400
0,7682100
0,7622200
0,7692100
1,7537100
0,7524200
1,7446700
0,7534500
1,7456600
0,7515600
0,7496200
1,7534000
0,7470100
0,7616000
1,7447000
1,7519100
1,7459100
1,7599600
0,7380900
1,7370600
0,7460600
1,7333100
0,7515400
0,7388200
1,7475500
1,7329600
1,7693000
0,7390500
0,7390900
1,7637300
0,7723900
0,7388700
1,7404800
1,7442900
1,7400400
1,7374000
1,7466400
1,7392200
0,7591000
1,7345400
1,7661800
1,7405400
1,8478100
0,7710000
1,7553500
1,7481100
1,7530400
1,7464200
1,7569800
0,7465400
1,7719500
0,7882900
1,7616800
0,7697200
0,7575500
0,7568700
1,7465000
0,7664200
1,7601100
1,7813600
1,7615200
0,7680100
0,7623400
1,7760100
1,7615600
0,7732100
0,7621100
1,7804800
0,7644600
1,7698500
0,7446700
1,7514600
1,7368900
1,7476100
1,7297100
1,7629700
0,7412200
1,7496200
1,7300100
1,7476900
0,7478600
0,7434400
1,7300800
0,7478100
1,7373500
1,7329800
1,7553600
0,7385000
0,7498000
1,7393000
0,7321600
0,7346600
1,7485300
1,7362100
0,7434500
0,7387500
0,7487800
0,7315500
1,7669900
1,7374900
1,7589900
0,7453900
1,7734800
0,7389900
0,7447300
1,7332900
0,7566200
1,7371200
1,7478500
1,7433500
0,7548200
1,7617700
1,7679200
1,7635300
0,7706900
1,7619600
1,7692600
1,7642200
1,7611600
0,7778200
0,7708000
0,8082600
1,7651400
0,7697800
1,7627200
1,7698500
0,7621000
0,7926200
0,7937200
0,8761000
0,8402400
0,8040300
1,7871400
1,7651100
1,7657700
0,7678000
0,7775300
0,7807900
1,7807500
0,7882500
0,7810700
1,7815200
0,7783700
0,7816700
1,7771600
0,7779800
0,7880200
0,7821800
0,7920000
0,7787400
0,7816300
1,7797500
0,7777800
0,7785500
1,7821700
0,7796500
0,7782300
0,7784300
1,7782300
0,7795700
0,7785900
1,7830300
0,7478200
0,7330600
1,7428200
1,7395800
0,7393800
1,7403900
1,7389300
0,7499800
1,7434100
1,7729800
1,7354800
0,7541500
1,7635500
0,7487400
1,7444900
1,7622300
0,7503900
0,7530000
0,7453800
1,7656100
1,7462400
1,7546100
0,7629100
0,7595700
1,7563300
0,7589100
1,7446700
0,7897100
0,8453800
1,8851000
0,8517900
1,8002600
0,7493000
1,7535700
1,7445700
1,7557400
0,7484700
0,7557700
1,7445800
0,7723400
0,7784900
0,7825200
1,7760500
1,7836900
1,7764700
0,7806300
1,7759400
1,7831800
0,7787400
0,7807600
0,7771400
0,7805900
1,7471700
0,7382200
0,7363900
0,7454800
1,7361900
1,7489700
0,7579100
0,7410900
1,7411300
1,7373200
0,7955900
0,7390700
0,10059000
1,7635100
0,7589000
0,7587200
1,7362400
1,7609100
0,7795800
0,7396500
1,7661400
0,7387600
1,7470100
1,7407400
0,7576600
0,7387600
1,7551000
1,7672500
0,7744900
0,7633000
1,7656400
0,7632900
1,7726800
1,7618100
1,7680900
1,7637700
1,7895500
0,7730900
1,7992200
0,7776800
1,7866900
1,7695800
1,7769100
0,7632200
0,8173700
1,7899200
1,7726400
0,7660900
0,7758500
0,7787200
0,7782200
0,7657600
1,7809800
1,7824300
1,7866000
0,7826100
0,7944500
1,7801100
0,7856700
0,7825600
1,7834300
0,7851900
0,7812100
0,7817900
1,7966300
1,7553500
0,7553800
1,7551700
1,7758600
1,7570300
0,7552600
1,7553100
0,7570400
0,7556100
0,7585500
1,7550700
0,7667300
1,7550700
1,7725700
1,7430600
0,7619100
1,7423600
0,7542200
0,7334600
0,7547700
1,7431300
1,7444700
1,7590200
1,7445000
1,7540000
0,7527200
0,9774200
0,7726100
1,7698100
1,7861000
1,7676800
0,7746400
1,7675500
0,7713300
1,7681300
1,7834800
1,7683600
0,7715200
0,7652000
1,7673400
0,7521200
0,7602300
0,7542200
0,7585800
1,7533500
1,7574900
1,7634900
1,7542500
0,8147600
1,7520200
0,7597000
0,7619900
0,7566200
1,7524200
1,7631200
1,7540200
1,7615800
0,7532200
1,7575900
0,7553600
1,7702400
0,7553000
0,7650200
1,7542600
0,8202600
0,7419400
1,7511700
0,7443700
0,7472000
1,7434400
1,7636900
1,7501000
1,8010500
0,7319800
0,7894900
1,7453200
1,7635000
0,7328100
0,7565200
1,7649700
0,7647800
1,7501900
0,7848100
0,8017500
0,7649200
0,8668400
1,8477800
1,7805800
0,7798900
0,7531100
0,7652300
0,7570600
1,7733200
1,7636200
1,8094200
1,7632700
1,7755100
0,7655400
1,7884500
1,7754300
0,8303500
1,8323900
0,8319800
0,7881000
0,8483200
1,8018900
1,7907200
1,7903200
1,7685900
1,7622800
0,7863700
1,7602800
1,7811100
0,7627200
1,7682300
0,7621300
1,7872600
1,7815800
1,7810400
0,7783800
1,7933200
1,7782300
1,7812000
1,7764200
1,7797200
0,7786200
1,7815600
1,7763300
0,7794600
0,7727300
0,7585800
0,7463900
0,7666700
0,7502700
1,7622400
1,7449600
0,7542400
1,7478100
0,7616400
0,7465400
0,7746100
0,7454900
1,7534700
1,7376700
0,7406600
1,7371200
1,7390300
1,7668900
1,7313000
1,7756500
0,7374600
0,7650300
1,7509300
0,7472100
1,7393500
1,7950800
1,7524800
1,7695100
1,7639600
0,7665600
0,7648000
0,7769800
0,7615000
1,7677700
1,7634500
0,7841700
1,7634900
0,7684900
0,7646800
0,7523800
0,7375400
0,7448200
0,7403700
1,7554100
0,7402600
1,7892800
0,8106200
1,8804900
0,8981200
0,7678400
1,7520200
1,7543500
0,7567200
1,7652600
0,7649800
0,7829900
1,7680900
0,7675400
1,7637100
0,7660000
1,7635400
0,7696600
0,7633000
1,7654000
1,7636800
0,7611300
0,7476700
1,7562000
1,7481200
1,7567700
0,7478000
1,7839800
1,7482300
0,8070000
1,8233600
0,9956200
0,9194700
1,8187700
0,7802900
1,7779200
0,7802000
1,7907400
1,7786200
1,7777500
1,7869600
1,7855500
0,7819700
0,7777000
0,7902800
1,7763700
1,7770600
1,7600000
1,7715700
0,7625300
0,7904300
0,10148700
0,7711200
1,7601300
0,7691400
1,7745900
0,7870600
0,7628100
1,8550800
1,7617800
0,7680000
0,7630200
0,7698400
1,7654100
0,7685900
1,7843100
0,7701100
1,7621800
1,7759900
0,7622600
0,7688600
1,7617900
0,7663500
0,7470600
0,7573300
1,7495600
0,7572500
0,7732900
0,8593000
0,8871100
1,8430700
0,8806700
0,8281700
0,8383100
1,7741100
0,7779500
1,7901500
1,7774700
0,7779900
1,7762000
0,7826400
1,7758600
1,7816100
1,7763600
1,7854500
1,7778800
0,7801500
0,7591300
1,7754400
1,7445900
0,7678600
1,7497500
1,7614200
0,7455700
0,7549300
1,7520900
0,7596800
1,7610900
0,7538000
1,7730300
1,7708200
0,7610000
0,8061500
0,7635900
0,7695100
0,7610200
1,7736100
0,7726300
0,7692700
0,7730300
0,7678000
0,7640100
0,7677800
1,7450500
0,7587100
0,7393600
0,7439100
0,7428000
1,7511100
0,7442200
1,7427800
1,7298900
0,7539900
1,7374400
0,7329100
0,7656400
1,7391900
0,7433600
0,7327700
0,7617200
0,7373300
1,7472000
0,7360900
0,7476500
1,7389400
0,7495200
1,7312800
1,8424100
0,7546500
0,7810300
1,7645500
1,7647800
1,7636900
1,7724900
0,7636900
0,7681700
0,7616800
1,7684000
0,7632700
0,7678400
1,7638800
1,8737400
0,7633000
0,7567100
0,7476500
1,7539800
0,7388300
1,7649600
0,7710600
1,7509700
0,7388000
1,7414200
0,7313500
1,7483900
1,7372400
0,7420300
0,7409500
0,7590500
0,7475400
1,7501500
1,7614900
0,7480400
0,7717200
0,7456800
1,7649000
0,7485400
0,7813100
0,7452700
1,7658800
0,7503500
1,7768100
1,7539600
1,7628400
1,7454500
1,7878500
0,7550300
0,7839700
1,7449200
0,8971300
0,7452800
0,7656600
1,7449400
0,7523500
1,7441200
1,7590100
0,7464500
0,7539400
0,7452800
0,7534100
1,7449800
0,7554800
0,7454300
0,7528400
1,7448300
0,7664600
1,7455900
1,7455200
1,7299700
1,7974600
1,7934600
1,7725500
1,7392100
1,7651200
0,7367500
0,7390800
0,7602700
0,7328400
1,7479200
0,7390100
0,7685200
1,7614800
0,7670000
1,7651700
0,7681600
1,7617400
1,7698400
0,7656800
0,7694900
1,7616700
0,7827500
1,7652300
1,7817900
1,7515400
0,7537500
0,7479200
1,7511600
0,7477300
1,7519900
1,7496000
0,7561600
0,7478000
0,7784200
1,7598100
0,7606500
0,7478800
1,7445000
1,7411600
1,7649800
0,8265500
0,7695800
0,7444900
0,7563800
0,7386500
0,7393200
1,7410300
0,7377500
0,8636600
1,8637600
0,8352800
1,7861000
0,7633200
0,7827500
1,7633600
1,7750500
1,7613600
0,7719400
1,7636400
0,7681300
1,7619900
1,7673500
0,7620500
0,7676700
1,7616500
0,7687600
0,7619500
1,7663000
0,7630800
0,7786000
0,7745100
1,7699600
0,7638600
1,7687400
1,7639000
1,7653300
0,7557800
0,7551800
1,7531500
1,7449600
0,8633900
0,7764800
0,7556300
1,7446100
1,8707400
0,7641600
1,7934800
0,7576700
0,7668500
0,7801900
0,7814400
1,7783600
0,7910000
0,7787200
0,7948400
0,7793700
1,7815500
1,7767900
0,7868500
0,8146000
0,7983900
0,7887400
0,8189200
1,7930800
0,7939000
0,9378000
1,8075100
0,7985400
0,8013100
0,8979700
0,8573600
0,8726300
0,8648500
0,8028400
0,7898100
1,7810100
1,7787800
0,7818200
0,7830700
0,7873800
0,7850500
0,7829000
1,7866500
0,7803600
1,7777800
1,7907300
0,7832200
0,7782600
1,7778500
0,7804400
1,7799800
1,8127000
0,7811400
1,7776000
0,7784300
1,7808000
0,7814700
1,7794000
0,7790600
1,7693300
1,7724100
0,7624100
1,7873800
1,7812300
0,7900800
1,8004800
0,7847700
1,7658500
0,7705800
0,7861500
1,7704100
0,7841300
0,7787300
1,7763000
1,8311400
1,7762700
0,7817100
0,7769900
1,7810100
1,7763500
0,7825000
1,7809200
0,7797600
0,7782200
1,7818900
1,7624800
0,7681000
0,7620900
1,7794100
1,7605800
0,7675400
0,7628500
0,7855200
1,7611800
1,7703100
0,7621500
0,7799500
1,7600600
1,7806600
0,7468400
0,7588100
1,7445900
0,7466900
1,7517700
1,7476600
1,7518300
1,7479200
1,7550200
0,7513700
1,7639800
1,7484600
0,7454200
1,7388800
0,7429500
1,7394900
0,7377600
1,7393100
0,7440600
1,7395500
1,7422300
1,7391500
1,7526500
1,7712200
1,7863400
0,7975000
1,8116400
1,8163000
1,7558000
0,7584700
0,8462300
1,7783900
0,7569300
0,7479900
0,7572200
0,7463700
0,7546100
0,7476900
1,7570300
1,7636800
0,7722400
0,7634200
1,7656800
0,7618400
1,7685200
1,7618900
0,7668600
0,7619000
1,7797900
0,7634700
0,7668600
0,7542700
1,7615400
0,7517400
1,7572000
0,7578400
0,7462100
0,7389900
1,7296200
1,7920900
1,7431600
1,7526400
1,7293100
1,7443400
1,7376600
1,7664500
0,7454100
1,7777000
0,7481000
1,7640800
0,7456000
0,7540400
1,7466500
1,7548200
0,7455600
1,7535400
1,7482200
0,7536700
0,7452400
0,7592000
0,7512900
0,7545300
0,7453700
1,7646200
1,7461900
1,7537400
1,7443100
1,7603400
0,7481500
1,7600800
1,7446000
0,7478200
0,7394100
0,7386900
1,7482500
1,7390300
1,8592700
1,7609000
1,7743600
1,7485600
0,7694000
0,7627300
0,7618100
0,7336000
1,7914700
0,7678300
1,7703600
0,7765000
1,7755500
0,7674800
0,7714700
0,7675300
0,7703100
0,7674400
1,7879700
1,7685800
0,7751400
1,7624800
0,7608100
0,7571900
1,7558200
1,7574000
0,7574900
0,7557000
0,7616700
0,7561300
1,7582300
1,7615600
1,7598800
0,7493100
0,7559800
0,7439200
1,8079100
1,7842900
1,9076300
0,8927600
1,7465400
0,7432600
1,7364000
1,7468600
1,7524000
0,7419300
0,7389200
1,7548300
0,7730700
0,7667500
1,7703200
0,7663800
1,7903000
0,7664700
0,7724200
0,7661600
0,7813700
1,7664300
1,7699500
0,7638300
1,7695100
0,7553000
1,7681500
0,7486100
1,7658100
0,7741300
1,8034000
1,7771500
0,7938500
1,7880400
0,7796300
1,7592600
0,8094100
1,7596300
0,7727500
0,7661600
1,7703500
1,7636400
1,7726600
0,7663200
0,7721200
0,7656700
1,7708200
1,7815500
1,7684700
0,7672400
1,7802500
1,7436200
1,7661900
0,7534400
0,7527600
1,7717500
0,7692100
1,8067500
0,7646200
1,7594200
1,7850000
0,7459500
0,7392500
1,7540500
0,7722500
1,7679700
1,7620900
1,7717400
0,7660200
0,7797000
0,7668200
1,7735700
1,7639200
0,7809000
1,7639400
1,7739900
0,7602700
1,7520300
1,7397700
1,7582300
1,7405200
0,7546400
1,7378000
1,7425000
0,7418000
1,7482500
1,7436000
0,8873800
0,7436000
0,7642800
0,7410000
1,7492800
1,7315700
0,7535800
0,7393100
1,7454200
0,7413800
1,7651300
1,7386700
0,7657300
0,7667200
0,7439200
0,9215500
0,7809000
0,7738000
1,8205300
1,7600200
1,7694800
0,7638100
0,7690600
1,7598100
1,7696300
1,7746300
0,7893300
1,7842000
1,7969900
1,7934600
1,7773100
1,7714600
1,7759200
1,7651800
0,7700400
0,7609300
1,7694400
1,7619100
0,7687200
1,7600000
1,7710300
1,7619800
0,7688200
1,7686000
0,7895600
1,7614300
1,7693300
1,7598000
1,7821200
1,7622300
0,7734700
1,7600700
1,7838000
1,7609400
1,7683600
0,7613600
0,7682200
1,7604500
0,7707500
0,7613200
0,7712100
1,7606000
1,7700300
0,7617900
1,7708200
1,7610200
0,7634400
0,7658700
1,7408400
1,8809000
0,8422100
0,8898600
0,9259700
1,7632200
0,7459800
1,7340100
1,7929100
1,7439800
1,7549900
0,7384700
1,7577900
0,7783500
0,7815500
0,7797200
0,7782900
0,7808700
1,7791200
1,7793000
1,7801100
0,7789300
0,7828600
1,7795000
0,7813400
1,7676800
1,7713800
0,7625700
1,7752000
1,8688800
1,7687900
1,7636700
1,7978800
1,7604400
0,7719700
1,7602600
0,7714900
0,7624500
0,7646000
0,7455200
0,7531900
0,7469300
1,7536100
1,7447000
0,7587700
1,7456400
0,7491000
1,7509700
0,7464000
1,7522900
0,7511800
0,7462400
0,7465700
0,7449400
0,7342700
1,7353100
1,7360500
0,7559800
1,7360300
1,7414200
1,7393000
0,7452700
1,7313900
0,7603600
0,7449100
0,7733400
0,7329600
1,7452400
0,7376700
1,7459000
1,7315400
0,7424500
1,8839200
1,7445400
0,7479600
1,7700900
0,7376800
1,7527500
1,7665300
1,7448200
0,7540700
1,7447300
0,7602800
0,7457000
0,7530600
0,7465700
1,8382700
1,7583700
1,7758900
1,7544300
1,7987500
0,7583600
0,7668500
0,7623100
1,7680000
0,7611500
1,7690600
0,7620200
1,7715000
1,7598400
1,7697100
1,7600400
0,7704700
1,7597500
1,7550300
0,7378900
0,7564900
1,7355200
0,7387900
0,7499900
1,8293600
1,8289800
0,8745900
1,8843300
0,7400500
1,7353800
0,7496000
1,7590200
1,7673500
1,7598000
0,7681900
0,7637300
0,7802900
0,7609300
1,7698500
0,7638300
0,7699300
1,7599200
0,7673000
0,7729200
0,7550700
1,7352700
0,7650500
0,7393500
0,7812200
0,7617900
1,7959000
1,7378600
0,7733300
1,7294400
0,7429000
1,7394900
0,7667300
1,7462900
0,7714900
1,7619800
0,7694200
0,7611200
1,7725600
1,7622300
1,7617000
0,7814100
1,7637700
1,7756200
0,7689700
1,8056600
1,7677900
1,7656900
1,7615200
1,7678600
0,7615700
1,7704700
1,7627300
1,7902200
0,7633200
1,7676400
1,7624900
0,8666900
0,7641800
0,7599700
0,7474400
0,7603600
1,7496300
1,7515000
1,7462400
1,7512600
1,7498100
0,7596500
0,7476400
0,7556400
0,7483900
1,7503600
1,7429600
1,7443900
0,7389500
0,7391600
1,7343600
1,7504900
1,7423800
1,7430900
1,7372900
0,7491200
1,7534900
0,7388300
1,7374500
1,7354200
1,7620300
1,7303300
0,7449300
0,7362600
0,7466000
1,7299000
0,7497600
1,7357100
1,7512100
0,7377300
1,7590600
0,7460800
1,7683100
1,7679600
1,7504400
0,7365400
1,8408300
1,7346500
0,7489700
1,7355000
0,7389300
0,7402200
1,7373800
0,7723500
0,7334900
1,7528000
0,7422200
1,7535300
0,7480000
1,7867800
1,7842800
0,7631400
1,7602100
1,7652400
1,7462600
1,7524900
0,7499300
1,8331900
0,8762400
0,7878100
1,7661700
1,7659000
0,7638700
1,7951100
0,8416100
0,8646400
1,8556700
1,8292600
1,8012400
1,8029200
1,7727800
1,7721900
1,7802600
0,7837900
0,7858200
0,7833000
1,7867500
1,7786600
1,7842700
1,7841400
1,7915400
1,7809600
0,7973600
0,7826200
0,7961300
1,7526700
0,7638300
1,7527800
0,7641300
0,7614800
1,7778600
0,7540200
1,7482200
1,7738000
1,7482100
0,7995800
1,7484300
1,7538000
0,7655100
0,7677900
0,7621300
0,8309800
1,7664000
0,7702000
1,7648700
1,7925500
0,7952700
0,7692400
1,7788500
0,7816500
1,7637400
1,7700600
0,7637900
1,7692900
1,7688200
0,7708800
0,7645000
1,7717500
0,8190100
1,7725700
1,7708500
1,7708800
0,7671900
0,8148300
0,8031600
1,8894600
1,8754800
0,8099500
0,8507400
1,7699200
0,7699100
1,7634700
0,7997500
1,8383900
1,8317400
1,8618600
0,7954800
0,7787400
1,7819700
1,7761200
1,7819400
1,7760900
1,7780000
0,7772500
1,7846300
0,7782900
0,7813700
1,7762800
0,7821300
0,7516800
1,7656200
0,7611400
1,7772700
0,7626900
1,7682900
0,7615800
1,7695900
1,7600800
1,7794900
1,7668900
0,7682000
1,7590000
1,7857700
1,7462100
0,7536900
0,7464800
0,7560700
0,7491500
0,7533200
1,7445800
0,7541000
1,7460700
0,8176300
0,7466300
0,7751100
1,7618800
0,7673000
0,7623800
0,7706800
0,7622200
1,7955700
0,7686100
0,7719300
1,7623500
1,7743900
1,7862000
0,7763400
0,7659300
1,7735900
0,7665900
0,7630900
1,7678200
1,7633400
1,7714200
1,7617600
0,7687600
0,7619800
1,7738500
0,7627700
1,8032700
0,7877500
1,7916800
1,7952100
1,7657400
1,7636900
0,7682300
0,7649300
0,7670300
1,7639500
0,7688300
1,7653600
0,7662600
1,7637000
0,7680800
1,7672800
0,7866200
0,7709200
1,7712100
0,7654200
1,9920800
0,10318200
1,9052800
0,7730400
1,7644500
0,7702300
0,7651600
0,7853700
1,7658900
0,7900700
1,7616100
1,7855000
1,7650400
1,7700400
0,7640700
1,7986300
0,7685400
0,8217900
1,7946400
0,7835700
0,7621400
1,7721400
0,7624300
0,7692800
1,7598300
0,7677300
0,7620000
1,8352100
0,7902900
0,7701800
0,7621000
0,7802200
1,7585400
1,7737900
1,7921300
1,7881800
1,7482500
0,7639600
0,7521900
1,7530100
1,7738300
0,7482200
1,8096500
0,7478600
1,8878600
1,7627700
0,7620900
0,7685600
1,7600000
0,7724700
1,7604600
1,7779600
0,7651100
1,7638300
0,7694400
0,7631400
0,7705200
1,7633800
0,7613300
1,7374500
1,7640100
0,7314000
0,7640200
0,7385900
0,7484500
0,7315100
1,7413500
0,7387600
1,7424900
0,7611400
0,7715200
0,7389600
1,7704400
1,7481700
0,7629200
0,7476200
1,8476400
0,7465200
1,7508100
1,7464500
0,7548900
0,7462300
1,7601800
0,7477000
0,7550500
0,7465500
1,8001600
1,9620200
0,7565400
1,7608200
1,7685100
0,7475200
0,7560100
0,7466000
1,7544700
1,7494000
0,7556000
0,7502800
1,7404400
1,7367900
1,7389500
1,7522400
1,7295200
0,8591700
0,7545300
1,7553600
0,7440500
1,7388100
0,7379200
1,7508200
0,7377700
0,7816100
1,7461300
0,7527800
1,7445900
1,7563300
0,7502300
0,7614900
0,7467200
0,7538000
1,7575100
0,7593700
1,7454100
0,7593200
0,7747200
1,8257000
1,8706000
1,8492700
1,8958300
0,8354000
0,8212100
1,7562900
1,7474400
1,7684800
1,7445100
0,7572500
1,7443900
0,7783700
1,7763600
1,7828200
1,7770400
1,7835800
0,7790500
0,7935800
1,7765100
1,7806900
0,7807800
1,7809800
1,7762800
0,7925300
1,7637400
1,7678000
0,7608300
1,7695700
1,7620000
0,7690300
0,7608400
1,7921800
0,7657200
0,7697400
0,7611600
1,7698300
1,7612500
1,7624100
0,7458400
1,7822600
1,7495700
0,7596200
1,7490400
1,7533400
1,7466800
1,8140300
1,7622000
1,7708200
0,7510400
0,7909200
0,7611700
0,7673900
1,7645100
0,7679600
1,7596600
1,7730000
1,7603900
0,7680000
1,7599000
1,7707000
0,7621100
0,7688200
0,7609800
1,7558800
0,7317500
0,7508400
1,7354000
1,7578500
1,7298400
0,7457100
1,7358200
1,7500800
1,7624600
0,7522400
1,7747300
1,7503400
1,7512200
0,7828700
0,7660400
1,7576400
1,7606600
0,7554300
1,7636300
0,7555200
0,7699900
0,7554900
1,7549400
1,7695900
0,7576900
1,7533500
0,7589900
0,7549800
1,7546100
0,7678400
0,7656600
0,7586100
1,7532800
0,7555700
1,7627200
1,7579700
0,7570000
1,7486900
1,7559600
1,7551900
0,7415500
0,7421700
0,7442300
0,7508600
0,7344800
0,9142000
0,7340900
1,7482900
1,7358800
1,7494800
0,7369700
0,8427700
1,7516700
1,7597800
1,7483500
0,8257900
0,8380100
0,8611600
1,8275200
0,7467900
0,7574800
1,7463000
0,7477200
0,7621800
1,7490800
1,7680800
1,7613900
1,7959900
1,7604900
0,7699900
1,7736100
0,8810400
0,8297500
1,8302700
0,8406200
1,7641300
0,7686000
0,7739200
1,7828900
0,7783700
1,7846700
0,7815000
1,7841500
1,7802700
1,7881000
0,7813700
1,7780700
0,7778700
0,7854200
0,7813200
1,7705400
1,7335500
0,7438900
0,7406800
0,7370100
0,7373600
0,7504200
1,7411300
0,7696600
1,7393000
0,7637800
1,7397800
0,7413300
1,7411100
0,7376300
0,7499900
1,7294500
1,8024000
0,7377100
0,7532700
1,7297000
0,7456800
1,7359600
1,7513400
1,7297200
0,7428400
0,7377700
1,7682800
1,7358800
0,7629000
0,8153200
0,7762100
0,7498400
1,7550000
0,7526200
0,7449200
1,7357300
1,7399600
1,7360800
0,7552400
1,7535300
1,7692300
0,7620200
0,7699200
0,7609000
0,7707300
1,7603200
1,7685900
0,7613300
0,7618100
0,7689500
0,7761700
1,7794000
0,7847200
0,7587200
1,7388000
1,7441800
1,7334200
1,10067400
1,7372500
0,7497600
0,7371800
0,7379400
0,7741400
0,7568400
1,7393500
0,7605300
0,7634300
0,7651600
0,7616400
1,7690400
0,7631600
0,7787200
0,7618500
0,7733800
1,7618200
0,7669600
0,7616100
0,8205800
0,7753600
1,7744400
1,7500500
1,7584800
0,7477600
0,7512900
1,7481800
1,7541800
1,7464800
0,7609500
0,7464500
0,7535400
0,7478700
1,7520000
0,7376700
0,7410300
0,8872000
1,7351100
0,7376300
1,7421400
1,8412800
0,7730900
0,7549300
0,7519900
1,7376500
0,7304300
1,7473000
1,7462500
0,7582400
1,7540300
1,7595500
0,7514900
1,7866900
1,8150400
0,7549500
1,7467600
1,7671600
0,7455200
1,7549600
1,7530800
1,7689500
1,7599700
1,7695900
1,7617200
0,7731600
1,7598400
1,7711200
0,7623200
1,7712400
0,7700200
1,8092200
0,7881900
1,7864400
0,7745200
0,7869000
0,7957500
0,7689600
1,7600300
1,7741400
1,7600700
0,7874500
0,7608600
1,7725300
1,7601900
0,7702700
0,7676600
1,7836400
1,7768900
0,7832000
1,7770700
0,7919500
0,7785600
0,7804500
1,7756700
0,7798800
1,7761400
1,7924400
1,7796400
1,7784100
0,7621700
0,7864800
0,7633400
0,7683200
0,7621800
0,7850900
0,7693000
1,7841700
1,7647800
0,7892900
0,7777500
0,7712300
0,7641000
0,7743400
0,7668200
1,7730000
1,7625900
0,7669400
1,7733000
0,7666900
1,7725000
0,7674100
0,7764800
1,7819800
1,7731000
0,7571900
0,7713400
0,7533600
0,7651000
0,7512900
0,7598500
1,7555000
1,7607000
1,7487900
0,7633200
0,7534400
1,8017300
0,7597700
0,7794300
0,7663100
1,7780000
1,7680100
1,7677500
0,7657600
1,7699700
0,7708100
1,7804400
1,7680300
0,7851000
0,7704500
0,7720100
1,7621800
0,7626200
1,7553500
0,7564600
1,7502700
1,7723600
0,7572700
0,7675500
0,7485300
0,7708000
0,7633200
1,7583700
0,7481300
0,7525400
1,7451800
1,7411600
0,7334700
1,7487100
0,7571700
0,7539400
0,7334700
1,7450400
1,8691500
1,8417400
1,8846100
1,7928900
0,7542500
0,7881800
1,7811100
0,7966300
1,7651700
1,7799700
1,7937000
0,7905500
1,7660500
0,7793600
0,7659700
0,7778300
1,7656300
0,7696500
0,7658100
0,7748100
0,7677000
1,7823500
0,7636300
1,7729700
0,7680400
0,7714400
1,7671700
0,7802100
1,7829400
1,7690600
0,7543000
0,7690800
1,7537500
0,7614000
0,7518600
0,7655300
0,7554800
1,7609200
1,7874000
1,7648800
0,7541800
1,7633900
1,7539800
0,7484700
1,7625700
0,7524400
1,7649900
1,7465200
0,8329300
0,8413300
0,9062400
1,8928200
1,8503400
0,8052700
1,7508000
0,7710100
1,7822900
0,7861800
1,7838400
0,7874100
0,7873200
1,7837900
1,7817600
0,7970700
1,7826200
1,7855000
0,7824500
1,7809200
0,7837700
1,7894900
1,7841300
1,7942200
1,7911500
1,7857900
0,7815800
0,7890000
0,7858700
1,7817900
0,7828700
0,7931400
1,7847600
0,9557700
1,7661900
1,7701600
0,7687700
1,7937100
0,8139800
1,8605000
0,7828800
0,7665300
0,7702700
1,7895600
0,7818200
0,7696600
1,7874800
1,7871700
0,7886600
0,7838900
0,7867100
0,7848600
1,7845900
1,7801800
0,7895000
0,7892600
1,7904200
0,7838900
1,7985300
1,7585900
0,7827000
1,7611700
1,7647000
1,7562700
0,7705000
1,7517300
1,7602300
1,7530100
0,7632000
1,7520300
1,7503500
0,7660800
1,7541700
1,7633700
1,7521200
0,7612800
1,7523900
0,7594900
0,7581100
0,7534800
0,7478300
1,7731200
0,7472700
0,7523000
1,7464700
0,7696800
1,7597400
1,7801400
0,7570500
1,7833800
0,7793200
0,7780000
1,7576300
1,7684600
1,7590200
1,8431800
1,7667900
0,7677500
0,7788200
1,7794300
1,7881600
1,7773300
1,7807400
0,7800400
0,7798100
1,7779300
1,7807800
0,7797200
1,7787700
1,7776400
0,7691300
1,8248100
1,7546100
0,7624300
0,7531600
0,7545400
1,7466000
1,7541800
0,7706700
0,7656900
0,7481200
1,8126000
0,10620800
1,10705800
1,11020700
0,10534200
1,11092500
0,8759400
1,8745800
1,8162300
1,8919000
1,8077500
1,7985600
0,7948200
1,7854200
0,7880200
0,7813500
1,7775500
0,7811800
0,7801600
0,7812300
0,7775700
1,7812300
1,7827200
1,7780300
1,7772900
0,7793200
1,7659800
0,7635800
1,8247100
1,7705700
0,7644000
0,7632400
0,7676600
1,7721500
0,7622500
1,7624800
0,7930700
0,7621500
0,7689500
1,7783700
0,7933700
1,7676600
1,7654800
0,7634300
1,7750800
0,7641500
0,7726800
0,7671700
0,7780600
1,7851400
0,7709100
0,7674800
0,7834600
1,7781800
1,7686800
1,7663500
0,7810000
0,7665500
0,7725100
1,7636800
1,7885100
0,7662000
1,7763000
1,7649400
0,7631700
1,7497200
0,7538800
1,7355600
1,7687400
1,7391900
0,7469400
1,7331900
1,7452500
1,7392600
1,7388500
1,7312000
0,7380200
1,7486200
0,7379500
0,7453100
1,7388300
1,7474600
0,7376600
0,7733600
0,7563900
1,7484200
1,7356000
0,7998300
0,7783400
0,7645400
0,7765000
0,8270200
1,8740100
1,8614200
1,8843900
1,8016300
0,7864100
0,7598700
1,7560200
0,7516200
1,7444300
0,7541200
0,7469100
1,7596500
1,7757100
1,7812900
0,7780400
0,7830200
0,7772500
1,9275200
1,7796600
1,7781400
0,7770700
0,7776600
1,8116400
1,8302600
0,7771900
0,7619800
1,7703000
0,7634700
1,7670300
0,7624400
0,7755600
0,7633400
0,7964100
0,7618700
0,7701200
0,7633400
1,7668300
1,7572800
1,7714700
0,7478200
1,7527900
0,7468000
1,7531800
0,7523300
0,7489500
0,7854000
1,7521300
1,7561400
0,7500000
1,7585600
1,7564200
0,7600000
0,7454300
0,7556800
0,7483900
0,7562100
0,7455000
0,7911400
1,7452000
0,7550900
0,7455400
0,7559400
1,7449100
1,7572700
1,7561700
0,7511700
0,7377100
0,8506600
1,7791400
1,7889600
0,7315300
1,7587000
0,7366000
1,7562600
0,7317900
0,7719600
1,7357000
1,7690800
0,7873900
1,7703700
0,7614500
0,7686600
1,7604300
0,8509900
0,7609900
1,7917400
0,7665800
1,7836200
1,7697200
0,7717100
1,7600000
0,7699500
1,7598600
0,7714600
1,7605700
1,7678100
1,7599100
0,7700500
0,7621500
1,7811300
0,7609700
1,7733800
1,7603800
0,7745100
0,8323100
0,8224900
1,7357700
0,7459600
0,7387200
1,7385700
1,7363400
0,7511100
0,7431100
1,7329900
0,7555800
0,7384200
0,7691000
0,7464800
0,7534000
0,7474400
0,7527300
0,7462900
0,7521600
1,7463300
0,7550700
1,7483400
0,7530400
0,7477800
1,7702400
0,7402600
0,7815500
0,8837500
1,7950600
0,7315200
1,7747800
0,7582200
0,7768900
1,7391700
0,7375600
0,7387900
1,8046800
0,8112300
1,7973100
0,7897700
1,7816200
0,7781600
0,7800200
1,7780300
0,7950400
0,7782800
0,7794200
1,7797100
0,7785400
0,7816100
0,7811300
1,7809300
0,7791000
0,7781000
0,7791300
0,7815200
1,7780600
0,7782300
0,8414600
0,7940200
0,7798100
1,7799400
1,7774500
1,7770200
1,8229100
1,7588400
1,7505800
1,7481800
0,7660700
1,7482800
1,7614100
0,7491400
1,7528500
0,7463400
0,7657400
0,7495100
1,7564100
1,7416500
0,7467500
1,7344100
1,7480200
0,7379400
0,7397500
1,7390000
0,7331400
1,7655300
1,7297600
1,7473600
0,7369400
0,7450100
1,7395800
0,8505500
0,8036400
1,8874800
1,8904500
0,9273700
0,8354600
0,8548000
1,8306000
0,7388800
0,7691100
1,7337000
0,7712900
1,7851200
1,7778900
0,7801200
0,7797000
1,7778400
1,7901700
0,7800500
1,7781700
1,7796400
0,7779600
1,7890900
0,7845300
1,7711100
0,7687200
1,7680700
0,7732000
1,7780400
0,7672500
1,7737300
0,7689700
0,7631900
1,7669900
0,7638000
0,7682400
0,7633800
0,8017800
0,8408700
1,7714700
1,7615300
1,7673800
1,7638800
1,7796300
1,7619800
0,7722700
0,7621400
0,7685900
1,7616300
0,7706700
0,7448600
0,7472000
0,7358700
0,7507200
1,7451600
0,7591900
1,7440900
0,7380900
1,8630500
1,7872900
1,7726200
0,7584300
1,7479600
1,7604700
0,7733300
1,7693700
0,7773000
0,7622500
0,8068100
1,8189300
0,8198200
0,7967000
0,7689400
0,7680600
0,7637000
1,7695200
0,7845700
0,7772400
0,7915000
0,7802500
0,7813000
1,7894500
0,7783300
0,7866000
0,7818400
0,7781000
0,7785700
0,7845700
1,7799000
1,7634100
0,7466100
1,7446900
1,7599900
1,7446600
1,7600500
1,7450100
1,8167600
1,8009700
1,7603000
1,7488700
1,7670600
0,7456100
1,7682000
0,7619900
0,7721000
1,7598500
1,7705600
0,7623000
1,7708600
0,7618400
1,7810200
0,8301000
1,7677600
1,7599300
0,7905900
1,7643600
1,9696000
1,8327700
0,7622300
0,7734000
0,7636300
1,7647600
0,7618800
1,7855800
1,7619400
0,7671200
1,7639600
1,7628700
1,7371100
1,7393100
1,7331800
1,7401000
1,8452500
0,7363200
0,8003600
0,7440300
1,7497900
1,8513300
1,7356400
1,7651000
0,7502900
0,7610500
0,8642500
0,7623100
1,7681200
0,7608000
0,7693100
1,7602800
1,9723400
1,7679800
1,7651300
0,7947600
1,7616500
0,7706700
0,7656700
0,7737100
0,7630000
1,7601500
1,8252500
1,7704200
0,7635300
1,7667000
1,7639200
0,7621800
1,8255400
0,7654700
0,7669400
0,7617400
1,7697900
0,7628800
0,7670600
0,7619800
1,7678000
0,7643300
1,7825000
0,7623300
1,7775400
1,7618400
1,7824200
0,7553500
0,7547200
1,7458300
1,7571900
0,7465900
1,7575200
1,7460500
1,7556300
0,7465000
1,7615200
0,7468500
0,7540700
1,7447900
0,7517300
0,7381300
0,7469400
1,7462100
1,7507400
0,7744100
0,8052700
1,7693300
0,7833000
1,7373000
1,7417400
1,7298000
1,7463000
0,7381000
0,7670100
1,7603600
1,7617100
1,7682100
1,7636800
0,7672900
1,7617200
0,7673400
0,7616000
1,7666400
1,7615600
0,7815000
1,7636400
0,7497200
1,7312300
1,7502100
0,7433600
0,7422300
0,7324300
1,7560700
1,7395200
0,7417400
0,7560500
0,7470300
0,7472600
0,7377000
1,7536200
0,7380300
0,8356800
1,7464300
1,7498700
1,7462800
1,7438300
0,7373500
0,7621800
1,7392100
1,8333500
0,8457400
0,8807400
0,8240600
1,7830300
1,7794600
1,7816100
0,7772400
1,7810200
1,7765200
0,7845900
1,7838100
1,7843100
1,7827600
1,7826100
1,7778400
0,7781000
1,7778400
0,7808700
1,7782300
1,7801300
1,7820800
0,7799900
1,7899500
1,7803900
1,7851800
0,7871000
0,7810200
1,7791800
0,7451900
0,7739500
0,7363800
0,7561900
1,7373500
1,7507200
1,7355400
0,10086900
1,10531000
1,10694100
1,12992200
0,8963800
1,8535200
0,10259000
0,8140600
0,8231300
0,8285300
0,8308500
0,7869200
0,7870600
1,8794200
0,10879200
0,8506600
0,7822700
0,7839600
1,7789800
1,7822400
0,7785100
0,7860100
1,7816100
1,7831000
0,7807500
1,7937500
1,7830000
0,7819500
1,7768800
1,7691400
0,7678700
1,7721600
1,7683700
0,7727000
1,7691100
0,7687600
0,7633200
0,7684100
0,7665600
1,7831200
1,7648400
0,7825500
0,7632000
1,8382600
0,7809900
1,7846000
0,7762500
1,7883700
1,7850300
0,7673900
1,7619900
1,8644700
1,8229300
0,8151300
0,8007000
0,7795900
0,7794400
1,7763300
0,7807600
1,7776300
0,7798500
1,7765400
0,7876800
0,7809100
1,7816800
0,7785500
0,7885100
0,7625900
1,7697800
1,7603000
1,7791700
1,7615400
0,7668400
1,7600800
0,7697000
0,7779900
0,7802900
0,7622500
1,7686800
0,7608700
1,7487400
1,7401700
1,7373400
0,7695700
0,7375100
0,7605600
0,7324000
0,7614100
1,7395400
1,7883600
1,8152300
1,9653300
0,7738000
1,7787500
1,7674500
0,7704700
1,7681800
1,7927400
0,7745400
1,7663700
0,7807200
0,7774800
1,7778100
1,7901300
1,7773200
0,7626400
0,7667900
1,7525900
0,7482100
0,7580100
0,7576300
1,7606100
0,7482000
1,7668800
0,7570600
0,7597300
1,7518400
0,7732400
0,7566500
1,7446400
1,7841800
1,8057500
1,7434700
0,7618000
1,7435300
1,7432600
0,7432100
0,8730800
0,7414900
1,7436700
0,7718200
0,7536700
0,7657700
1,7867400
1,7637100
0,7719400
1,7690800
0,7823100
1,7648700
0,7712500
1,7676400
1,7705800
0,7652100
0,7722300
0,7650100
0,7609200
0,7345000
1,7454200
1,7624600
1,7591800
1,7335800
1,7398500
0,7503900
0,7397600
0,7426200
0,7366200
1,7486000
1,7407400
0,8691300
0,7442400
1,7556100
1,7499300
1,7431700
1,7295100
1,7552400
0,7399000
0,7935200
0,7553900
0,7828300
0,9078800
1,7941100
0,7603900
1,8107300
0,7663800
0,7837600
1,7600700
1,7801600
1,7805800
0,8062500
1,7602300
1,7718400
0,7621700
0,7856700
0,7609700
0,7688300
0,7624500
0,7722900
0,7609900
0,7719800
1,7604900
1,7669200
0,7610500
0,7722500
0,7623200
0,7694300
1,7814600
1,7711900
1,7396500
0,7547700
0,7363300
0,7449400
1,7362800
1,8057100
1,8070900
0,9212500
1,8132500
1,8546900
1,8341200
1,9509600
0,8057400
1,7809100
1,7810600
0,7783000
1,7787200
0,7796900
1,7807200
0,7785000
0,7803600
1,7779500
0,7862500
0,7787200
0,7839900
0,7713800
1,7662400
0,7626100
1,7799300
0,7644800
1,8284500
0,10087900
1,7656200
0,7658200
1,7704400
1,7637000
0,7672800
1,7655600
1,7760800
0,7623400
1,7660700
1,7639700
1,7660300
0,7617800
1,7683800
1,7636700
0,7787200
0,7621000
0,7694600
0,7804100
1,7668600
1,7587200
1,7775100
0,7479600
0,7559900
0,7465700
1,7595100
1,7563200
1,7541900
0,7460800
0,7503800
1,8178700
1,7634400
0,7554900
0,7484400
1,7576900
0,7456000
1,7545100
1,7506100
0,7566800
0,7452600
1,7716800
0,7485700
0,7534400
0,7455900
0,7695200
0,7487900
0,7497400
1,7451500
1,7466600
1,7392300
0,7420700
1,7355300
0,7375300
0,8004800
1,8107100
0,8988000
1,9412800
0,9465200
1,8109300
1,7754900
0,8429200
0,7661100
0,7720000
1,7637200
1,7763800
1,7645400
0,7720200
0,7652500
0,8125800
1,7667700
0,7711900
1,7642200
1,7803200
0,7919300
0,7755300
0,7832000
0,7748600
0,7757900
1,7722600
0,7790800
0,7721800
0,7659700
0,7733400
1,7657300
0,7716600
1,7644500
0,8212800
0,8536600
1,9188300
1,9311000
1,7772600
1,7691700
0,7735800
1,7646200
0,7808000
1,7860700
1,7787400
1,7867800
0,7861400
1,7806600
0,7912700
1,7832000
1,7945900
1,7828300
0,7803800
0,7951900
0,7865600
0,7819100
0,7804200
1,7749500
0,7438000
0,7487900
1,7352500
0,7515700
0,7471800
0,7447800
0,7482400
1,7510700
1,7463900
1,7404000
1,7667500
0,7419900
0,7768500
0,7504000
1,7686300
0,7335700
0,7509600
1,7436200
0,7414400
1,7384300
1,7529800
0,7406700
1,7432900
1,7405500
1,7531200
1,7380400
0,7875500
1,8073200
0,8084700
0,7553600
1,7573900
1,7318900
1,7581000
0,7413700
1,7501100
1,7311800
0,7547800
1,7430000
0,7589800
1,7547800
0,7750900
0,8890800
0,7738400
1,7650500
1,7778800
0,7616400
0,7696000
1,7644800
0,8214000
0,7610100
0,7803200
0,7639600
0,7527100
1,7353300
1,7362700
0,7495100
0,7540200
0,7429800
0,7404400
0,7687000
1,7313200
0,7507600
0,7372800
1,7438500
0,7327600
0,7356900
1,7396900
0,7602300
0,7327100
1,7428100
1,7459400
0,7599200
1,7315300
1,7502200
1,7392600
1,7487000
0,7328000
1,7355700
0,7430300
1,7425300
1,7380600
0,7363800
1,7513600
0,7330100
1,7440900
1,7355900
1,7699200
0,7528200
1,7663800
0,7366300
1,7774900
0,7394800
0,7559400
0,7455600
0,7809700
0,7629600
1,8102600
0,7932600
1,7646500
1,7652500
0,7840300
1,7447800
1,7548300
0,7485100
0,7539400
0,7527400
1,7730500
0,7637000
1,7680400
0,7607500
0,7723600
1,7621400
0,7685500
0,7610100
0,7659500
1,7750100
1,7617800
1,7791400
0,7577400
0,7571100
0,7476200
1,7505200
0,7461600
1,7543000
0,7475800
0,7506100
1,7480700
0,7632000
1,7749200
1,7520400
0,7458700
0,7554200
1,7369800
1,7393500
1,7392800
1,7566200
1,7372800
0,7363800
1,7392000
0,7466600
0,7388300
0,7403200
0,7378000
1,7372500
1,7442100
1,7295300
1,7779800
1,7602300
1,7778300
0,7939300
0,7827300
0,7397700
1,7486100
1,7356200
1,7450300
0,7520300
0,7447600
0,7306000
1,7553100
0,7482400
1,7523100
0,7455600
1,7620800
1,7495500
0,7534800
0,7457800
1,8056900
1,7739000
0,7935800
0,7711400
0,7763900
1,7622600
1,7669500
1,7779100
1,7711000
0,7621300
1,7690000
0,7613200
0,7732400
1,7603100
1,7674400
0,7609700
0,7679700
0,7755000
0,7669500
1,7447500
1,7603700
1,7451100
0,7577700
0,7682400
0,7646400
1,7581900
1,7681700
1,7567300
1,7642100
0,7492000
1,7535800
1,7581400
0,7509900
1,7547200
1,7533200
1,7606700
0,7540200
0,7571700
0,7551500
0,7633100
0,7557500
0,7680600
0,7601900
0,7637200
1,7561800
1,7638800
1,7336500
0,7505800
1,7458800
0,7476300
1,7330500
0,8228700
1,7455400
1,7590400
1,7327000
0,7498900
1,7540300
0,7508600
0,7344700
0,7513900
0,7415300
1,7484700
0,8319600
0,8534900
0,9415800
0,9638300
1,8932500
1,8266600
1,8754200
0,8321300
1,7718800
0,7883500
0,7930600
0,7789000
0,7840300
0,7774900
0,7793700
0,7795800
0,7872000
1,7795500
1,7891400
0,7807900
0,7855500
0,7774100
0,7881400
1,7765800
0,7878800
1,7763300
0,7789300
0,7783200
0,7819000
1,7758900
0,7821200
1,7763800
0,7832000
0,7772700
1,8089800
0,7649300
1,7682300
1,7444200
1,7548700
0,7628800
1,7922000
1,7479100
1,7544200
0,7479100
0,7476300
0,7597500
1,7479000
1,7688500
1,7615400
1,8097500
1,8562400
1,8100200
1,8633700
1,7607800
1,7679700
0,7666200
1,7681400
1,7606700
0,7854400
0,7886200
0,7876300
0,7822600
1,7845200
1,7789200
1,7823100
1,7770500
1,7840000
0,7785600
1,7798200
0,7776200
1,7824300
0,7821000
1,7799100
0,7770800
0,7837500
0,7880500
0,7798700
0,7769500
1,7848600
0,7782100
1,7865600
0,7772800
1,7834700
1,7766800
0,7976200
1,7660700
0,7662500
0,7621300
0,7783100
1,7612700
1,7693700
0,7682000
0,7799800
1,7635200
0,7915800
1,7709900
1,7687000
0,7626400
1,7777200
1,7620200
1,7675000
0,7773900
0,7782000
1,7623000
0,7740200
0,7639300
0,7681500
0,7728200
1,7692900
1,7626500
0,7657600
0,7732500
0,7752200
1,7653600
0,7660000
1,7685000
0,7706200
1,7608900
0,7676000
0,7655900
1,7694800
1,7606800
1,7689600
0,7621900
0,7552600
0,7832500
0,7522800
1,7538700
1,7718500
1,7642700
1,7510900
0,9195000
1,7833000
1,7483100
0,7522600
1,7481100
1,7549000
0,7617400
1,7637400
1,7660300
1,7631800
1,7727000
0,7620700
1,7857900
0,7713800
0,7663900
1,7639600
1,7662300
1,7635000
0,7929200
0,7535600
0,7525600
0,7595700
1,7519900
1,7513400
0,7524400
0,7492100
1,7488600
1,7482100
1,7706500
0,7496000
0,7529300
0,7464000
0,7623800
1,7387300
0,7596200
0,7310900
0,7622900
1,7405700
1,7781300
1,7329600
0,7798300
0,7406000
0,7398900
1,7332500
1,7515300
0,7421000
1,7520700
0,7464100
1,7578800
0,7809900
0,7519200
0,7504800
1,7449800
0,7569200
0,7453200
1,7594800
0,7466500
1,7693000
1,7441900
1,7543000
0,7376300
0,7560900
0,7366300
1,7500900
0,7313500
0,7815500
0,7400100
0,7373500
1,7359400
1,7559000
1,7356900
0,7408900
0,7805600
0,7556700
1,7696400
0,7672800
0,7569700
0,7640300
0,7528500
0,7625300
0,7487800
0,7781200
1,7938200
1,7739600
0,7628900
0,7773200
1,7637200
0,7749100
0,7654900
1,7838100
1,7649700
1,7739800
0,7670800
0,7707600
0,7650500
1,7747100
0,7681200
1,7748400
0,7616600
1,7660000
1,7646600
1,7533600
1,7537900
0,7540100
1,7590900
0,7500600
1,7592200
0,7540300
0,7640500
1,7480400
0,7602200
0,7532900
1,7691700
1,7448100
0,7968000
1,7435200
0,7591600
0,7433200
1,7439900
0,7398900
0,7577100
1,7412000
1,7452100
1,7437600
0,7522300
0,7436500
0,7440700
1,7440700
0,7521000
1,7590900
0,7633900
1,7433400
0,7772900
1,7716900
1,7636300
0,7348400
1,7429300
1,7502700
1,7419000
0,7795300
1,7547100
0,7635700
0,7470500
1,7637000
1,7573700
1,7648700
1,7468400
0,7604000
1,7508900
0,7892800
0,7666400
0,8411100
1,8374700
1,8900200
0,8904100
0,7962700
0,7954000
1,7751900
0,7865500
0,7683300
1,7901300
1,7637300
0,7728900
0,7705600
1,7823000
1,7804000
1,7819600
0,7843400
0,7862100
0,7836800
0,7833000
0,7821400
0,7849700
1,7821500
0,7852800
1,7820400
1,7759400
0,7691200
0,7672000
1,7501800
0,7632700
0,7631500
0,7612800
0,7536600
1,7818100
1,7545100
0,7630800
0,7534700
0,7573600
1,7533700
0,7593700
1,7432200
1,7407400
0,7434300
0,7426500
0,7548600
1,7318400
0,7500200
1,7558900
0,7512400
1,7402600
1,7523900
1,7670300
0,7569800
1,7509000
1,7882200
0,7553700
0,7601800
0,7487600
1,7739700
1,7551900
0,7623300
0,7486700
0,8383500
0,7534500
0,7698900
0,7491500
0,7680900
0,7550800
0,7668100
1,7741300
1,7969000
1,7720500
1,7792600
1,7597400
0,7556800
0,7570600
1,7709800
1,7531700
1,7706700
1,7648800
1,7744400
0,7665500
1,7721000
0,7648700
1,7741700
1,7646900
0,7789100
1,7617200
1,7881800
0,7662400
0,7740000
1,7467900
0,7650700
0,7423300
0,7571600
0,7325800
1,7429400
1,7456200
0,7448500
1,7528500
0,7416000
1,7498800
1,7431700
0,7402400
0,7520500
1,7509100
1,7437400
0,7463300
0,7399700
1,7674900
1,7492500
0,7619200
0,7519300
1,7664500
1,7439500
1,7394000
1,7438500
1,7502800
1,7707400
1,7692200
0,7664000
0,7732500
0,7691600
1,7689600
0,7713300
0,8115300
1,7973600
1,8147200
0,8820700
1,8178300
0,8020300
1,7835100
0,7824200
1,7853400
1,7799800
0,7833600
0,7821200
0,7878000
1,7820600
0,7824700
0,7812100
0,7837200
0,7842300
1,7769500
1,7674800
0,7752200
0,7672200
1,7681600
1,7670900
0,7765900
0,7670000
0,7712300
1,7660600
1,7744200
0,7674300
1,7702200
1,7493200
1,7508600
1,7419900
1,7484600
1,7350600
1,7647100
0,7565400
0,7610500
0,7673000
0,7726400
1,7564900
0,7609300
0,7624200
1,7769400
0,7555000
0,7537200
0,7610000
0,7537900
0,7691500
0,7527100
0,7634200
1,7462000
1,7623000
0,7529300
1,7666800
1,7573300
0,7911000
0,7530000
0,7867500
0,7524300
0,7628300
0,7531700
1,7689700
0,7543700
1,7573300
0,7532500
0,7614000
1,7466000
0,7641200
0,7733700
0,7644700
1,7519500
1,7643800
1,7563900
1,7722400
0,7534700
0,7587600
1,7517900
1,7626900
0,7545800
0,7757400
0,7525900
0,8084100
1,7706900
0,7970800
0,7588600
0,7662800
0,7539300
0,7631100
1,7460000
0,7676500
1,7522600
0,7848200
0,7471800
0,7631500
0,7538800
0,7602100
0,7490700
0,7758500
0,7548500
0,7765200
0,7511500
0,7712900
1,7520800
0,7605200
1,7480200
0,7621400
0,7571000
0,7620200
1,7539300
0,7560700
0,7616900
1,7542100
1,7698600
1,7725700
1,7598900
0,7642700
1,7823200
1,7498100
1,7605600
0,7480100
1,7560300
1,7482600
1,7523800
0,7476600
1,7780900
1,7479400
1,8546600
1,7462800
0,7567400
1,7598500
0,7766500
1,7464600
0,7633000
0,7461500
0,8013100
0,7638200
0,7702700
1,7639500
1,7850300
1,7922800
0,7908200
1,8144500
0,7677400
1,7799500
1,7678700
1,7637100
1,7663700
0,7649500
0,7662800
1,7640200
1,7827600
0,7737600
1,7741900
1,7634100
1,7663000
0,7647900
1,7651800
0,7677200
1,7966400
0,7807000
1,8117400
0,7837300
0,7778300
1,7670900
1,7658100
0,7618600
0,7956700
0,7677900
0,7676300
1,7673900
0,7687300
1,7632400
0,7665800
1,7637500
0,7675500
0,7648600
0,8053000
1,7638400
0,7765200
0,7633300
1,7664500
1,7634800
1,7734400
1,7624800
0,7780100
1,7723800
0,7681000
0,7635400
0,7788500
1,7641200
0,7636600
0,7694900
1,7599000
1,7696700
1,7619300
1,7674600
1,7598600
0,8994000
1,7829900
1,7377000
1,7331800
0,7403800
1,7374900
0,7728300
0,7211400
1,7671800
0,7392800
1,7504800
1,7296200
1,7568600
1,7392700
1,7638000
1,7296500
1,7525700
0,7483800
1,7604100
1,7296200
0,7446300
0,7391000
0,7930900
1,7989500
1,7630500
1,7444800
1,7604300
1,7318300
0,7615000
1,7544600
1,7671600
0,7475500
1,7557800
0,7712200
0,7553400
0,7538100
0,7533900
1,7630400
0,7552500
1,7586200
1,7501200
0,7585200
0,7418800
1,7426300
1,7418600
0,7523800
1,7426600
1,7688400
0,7412000
0,7685300
1,7618300
1,7603000
1,7388500
0,7584700
0,7429500
0,7679000
0,7637500
1,7723900
0,7672800
1,7731700
1,7660700
0,7754300
1,7655100
0,7735500
1,7676700
1,7979400
0,8499900
1,7917800
1,7478900
0,7406000
0,7436400
0,7479800
1,7485200
1,7329000
1,7620500
1,7396700
0,7496800
0,7341200
1,7739400
1,7399800
0,7524200
0,7375000
0,7650200
1,7526800
0,7556800
0,7337200
0,7577100
0,7410200
0,7529600
0,7336800
1,7779800
1,7390400
1,8332200
1,7560300
1,7565900
1,7538300
1,7644200
0,7507000
1,7554300
1,7523000
0,8087800
1,8208400
0,8889500
0,9249900
1,8237600
1,7684100
1,7680800
1,7791800
0,7826000
0,7828400
0,7926700
1,7844600
1,7903400
0,7836000
1,7977200
1,7830100
1,8254400
1,7857100
1,7826300
0,7979500
0,7827600
0,7832600
0,8238300
0,7849700
0,7818100
1,7821900
0,7880700
0,7786800
0,7854700
0,7821800
0,7991100
0,7845100
0,7668000
0,7533500
0,7759400
1,7488700
1,7640200
1,7522200
1,7675200
0,7487200
1,7628400
1,7524800
0,7683700
0,7530700
1,7624100
0,7505700
0,7577500
1,7427600
0,7562800
1,7415000
0,7476100
0,7405700
1,7433300
0,7401000
0,7660000
0,7383500
0,7443700
1,7390500
1,7519600
0,7404000
0,7734900
1,7920700
1,7767300
0,7563100
1,7616500
1,7382000
1,7596100
0,7652800
1,7494600
1,7418700
0,7547900
0,7440900
1,7647300
1,7764300
0,7713700
0,7617600
0,7617800
1,7765200
0,7652200
1,7786200
0,7789400
1,8203900
1,7615400
1,7698300
1,7639300
0,9447400
0,10214500
0,10308700
1,10401400
0,9164400
1,8103900
1,8157900
1,7775600
1,7749300
1,7961500
1,7931100
0,7800300
0,7685800
1,7667900
1,7675900
0,7640900
1,7672300
1,7676600
0,7921500
1,8763600
0,8022400
0,8320200
0,8115100
1,8102800
0,7788900
1,7782600
1,7822800
0,7781500
1,7764300
0,7810700
0,7806800
0,7782000
1,7765700
0,7810400
1,7871600
0,7785500
1,7830600
0,8032100
1,7506300
0,7461000
0,7517700
1,7476900
1,8011200
0,7632300
0,7970500
1,7519900
0,7549500
1,7482800
1,7497600
1,7501600
0,7660000
0,7625700
0,7697800
1,7634600
1,7696100
0,7624500
1,7861000
0,7986700
1,7855400
1,7939600
0,7804900
1,7697800
1,7925500
0,7792700
1,7797500
0,7803200
0,7919400
1,7847700
1,7962000
1,7780600
0,7792000
1,7805200
1,7808200
1,7780900
0,8302400
0,7786300
1,7690600
1,7617800
1,7667000
0,7617800
0,7703200
1,7618400
1,7597700
1,7688500
0,7637500
0,7690100
0,7610900
0,7687600
1,7556900
0,7494300
0,7418000
1,8562800
1,7303100
1,7557800
0,7395200
1,7603200
1,7360000
0,7461600
1,7354500
1,7441000
0,7375800
1,7485800
0,7366200
0,7388800
1,7344400
1,7476800
0,7457200
1,7500000
1,7375300
1,7504200
0,7362500
1,7758700
1,8259400
0,7546800
1,7448500
1,7626200
0,7632500
0,7681500
0,7611800
0,7690000
1,7709800
1,7700700
0,7778800
0,7732900
0,7772000
1,7675500
1,7602300
0,7640600
1,7669700
1,7681900
1,7600400
0,7637000
0,7684400
1,7617400
1,7661600
1,7739000
1,7679000
1,7616700
1,7653400
1,7672800
0,7686300
0,8062200
0,8103700
1,8054600
0,7531200
0,7385900
1,7356500
1,7406000
0,7666100
0,7387000
0,7356800
1,7729300
1,7522000
0,7359500
1,7529800
0,7634000
1,7662500
0,7629500
0,7657700
1,7671100
1,7669400
0,7632800
0,7680900
1,7634500
1,7669400
0,7635700
0,7686700
1,7532900
0,7548300
0,7384200
1,7412700
0,7387300
0,7535400
0,7388900
1,7323700
1,7493700
0,7377200
1,7599500
0,7304500
1,7603600
0,7537900
1,8448600
1,7854400
1,7808100
0,7822900
1,8092800
1,7680800
0,7656500
1,7357400
1,7558400
1,7374300
0,7412300
0,7374300
0,7624500
0,7734200
1,7745100
1,7779500
0,7690000
1,7621200
0,7665000
1,7602200
1,7701000
1,7638600
1,7686200
1,7602700
1,7683100
0,7750900
0,7660400
0,7467200
0,7554000
0,7471500
1,7584400
0,7466900
1,7633800
0,7472000
0,7463400
1,7551400
0,7475300
0,7784300
1,7578500
1,7417900
1,7375500
1,7725800
1,7394000
1,7359100
1,7435000
0,7531300
0,7375400
0,7415900
0,7384800
0,7708500
1,7393400
0,7373300
1,7370800
0,7455700
1,7391400
0,7316900
0,7494000
1,7370900
0,7511600
0,7561000
1,7412600
1,7402500
0,7865300
0,7408200
1,7500500
0,7536000
0,7532300
1,7297300
1,7455900
0,8176900
0,8435200
1,7646800
1,7538500
0,7718900
1,7680900
0,7382100
0,7551700
0,7383400
0,7657000
1,7607600
1,7768300
0,7617800
0,7678800
1,7603400
1,7773000
1,7619500
0,7676300
0,7619900
1,7782400
1,7601900
1,7829300
0,8338300
1,7945500
0,7822900
0,7839000
1,7766800
0,8639900
1,8418500
0,7806200
1,7765800
1,7815100
0,7775300
0,7842400
1,7760400
0,7858500
0,7786500
0,8906500
1,7824000
1,7793600
0,7864100
1,7953600
0,7798700
1,7939100
1,7766300
1,7815700
0,7801800
1,7786000
0,7676200
0,7694600
1,7620800
0,7692200
0,7608300
0,7681200
1,7614900
1,7745400
1,7598700
1,7700300
0,7637100
1,7674800
1,7597700
1,7864900
1,7455700
0,7760900
1,7357000
1,7451100
0,7376000
1,7395100
1,7351100
1,8374700
0,7670400
1,7565100
1,7472800
1,7440700
1,7663400
0,7540600
1,7443800
0,7845300
0,7471300
0,7541400
1,7446300
1,7552700
1,7445600
0,7549400
1,7442700
0,7498300
1,7508100
1,7594000
1,11927900
1,8181000
0,8526900
0,8417700
0,8965600
0,8379400
0,8300200
1,7722700
1,7469400
1,7743500
0,7466100
1,7696100
1,7616600
1,7822800
0,7622000
1,7676900
1,7613000
1,7693300
0,7623100
1,7689600
0,7859200
0,7699600
1,7604500
0,7703000
0,7607900
0,7662200
0,7466500
1,7540100
0,7468700
1,7690800
0,7467600
0,7560700
1,7462700
1,7600000
0,7472400
0,7581700
0,7467700
1,7678300
1,7375300
0,7389700
0,7404400
0,7374100
0,7476800
1,7532300
0,7448900
1,7648600
1,7510600
0,7773200
1,7546700
0,7374600
1,8190200
0,7579000
0,7701600
0,7618100
0,7757200
0,7648900
0,7667000
1,7634000
1,7663000
1,7633200
1,7709400
0,7620200
0,7683200
0,7666300
1,7979600
0,7467000
1,7544100
0,7497500
1,7496700
1,7483900
1,7589500
0,7496100
0,7645300
1,7485200
1,7779700
1,7484100
1,7532400
1,7484800
1,7448700
1,8956100
0,7516600
0,7468700
0,7519700
0,7515200
0,7453700
1,7557400
1,7449300
0,7615000
1,7442200
1,7595000
0,7430300
0,7504200
1,7352800
0,7529500
0,7375600
0,7607900
1,7356800
0,7418600
1,7360100
0,7426000
1,7437000
1,7497400
1,7356700
1,7515600
0,7368800
0,7448400
0,7632100
0,7990600
1,7659600
0,7773900
0,7570300
1,7615300
0,7367200
0,7414600
0,7378200
0,7404900
1,7533400
1,7614100
1,7527300
1,7633900
0,8129500
0,7787900
1,7624000
1,7523700
1,7525000
0,7463500
0,7524100
1,7502000
0,7639100
1,7480800
1,8007100
1,7642500
1,7664600
0,7623100
0,7708600
0,7634700
0,7825700
0,7625700
1,7808200
0,7631900
0,7668500
1,7633300
1,7679400
0,7561200
1,7504700
0,7462700
1,7667600
1,7466600
0,7534000
1,7482100
0,7541900
1,7462900
1,7518500
1,7514000
1,7737200
0,7478400
1,7529800
0,7375200
0,7391700
0,7462300
0,7335400
0,7482500
1,7376300
0,7402500
1,7324200
1,7902400
1,7879800
1,7743400
0,7457600
1,7813400
1,7555500
1,7689400
1,7673100
1,7574000
0,7482300
0,7712200
0,7457300
1,7717300
1,7499500
1,7869000
1,7443400
1,7801500
1,7468900
0,7678600
0,7612400
0,7688100
1,7714600
1,7671700
0,7611300
1,8004300
0,7647000
1,7675200
1,7599800
0,7700600
0,7662800
1,7799100
1,7946200
1,7733500
1,7622200
1,7687200
0,7614500
1,7707300
1,7604000
0,7695000
0,7610400
1,7708700
0,7898200
0,7717200
0,7657800
0,7669000
1,7465300
0,8204200
1,8317000
0,8072700
1,8036500
0,8228400
1,8577900
0,7596400
1,7521500
1,7667900
1,7465900
1,7702200
0,7662800
1,7791400
1,7613200
0,7765800
0,7664900
1,7715000
0,7650600
0,7728400
1,7642100
1,7745100
1,7657900
1,8219600
1,7986900
0,8259400
1,8975700
1,8365600
0,7641600
1,7742400
1,7669100
0,8206100
0,8832000
1,8532600
1,8651600
1,7693700
1,7748200
0,8430700
1,7821200
1,7826400
1,7858800
1,7845400
0,7843000
1,7839400
0,7949500
0,7860200
1,7813200
0,7831100
1,7886700
0,7972700
0,7723700
1,7786500
0,8155000
1,7642700
1,7714300
0,7657600
1,7867400
1,7637100
1,7706500
1,7675400
0,7750200
1,7659500
0,7647600
1,7556700
0,7659200
0,7596900
1,7535000
1,7554700
1,7572600
0,7548000
1,7534200
0,7543500
1,7784800
1,7772700
0,8278000
0,8247700
0,7886400
0,8012500
1,7876900
1,7726300
1,7759900
0,7671100
0,7716500
1,7706500
0,7701100
0,7681000
1,7704900
1,7696500
1,7907400
1,7652800
1,7710400
1,7695800
0,7972400
1,7644000
0,9181500
0,8605500
1,7738700
1,7795500
1,7719100
1,7685900
0,7721700
1,7654800
0,7728200
1,7656900
0,7723900
0,7673200
0,7743200
0,7647100
1,7714600
1,7658400
0,7746300
1,7660800
1,7832700
1,7644600
0,7758400
0,7328700
0,8040200
0,7769700
1,7645900
1,7467900
1,7499300
0,7429400
0,7527700
0,7422300
1,7651600
0,7458100
0,7525100
1,7656500
0,7879900
0,7677500
0,7779300
0,7661900
0,7868600
1,7659600
0,7768800
1,7761500
0,7714400
1,7641600
1,7732900
0,7654300
0,7694100
0,7496700
0,7570200
1,7620400
1,7516700
0,7632200
0,7528800
1,7737900
1,7447500
1,7539800
1,7443000
1,7554500
0,7465700
1,7502200
0,7363800
1,7409300
0,7376600
1,7410900
0,7380900
0,7593900
0,7379600
0,7436500
0,7338600
1,7481600
0,7376300
0,7462600
0,7405400
1,8146000
1,7523000
0,7691800
0,7624000
1,7532800
1,7431700
0,7341000
0,7615300
1,7395200
1,7448800
1,7329700
1,7443200
0,7406800
1,7822300
0,7649100
1,7772800
0,7617000
0,7695800
1,7655800
0,8137200
0,7664600
1,7654900
1,7634100
0,7671300
0,7617700
0,7674900
1,7630200
1,7658800
1,7639000
1,7660800
0,7647600
0,7663500
1,7635700
1,7659600
0,7651100
0,7797200
1,7637400
1,7696900
0,7665600
1,7619000
0,7315400
1,7411800
0,7402800
1,7324800
0,7561200
1,7575200
0,7563100
1,7354300
1,7616300
0,7374000
1,7588300
0,7492100
0,7390600
1,7357600
1,7523900
1,7356800
1,7492300
1,7420000
0,7597300
1,7416900
1,7666800
1,7626700
0,7689700
1,7609800
0,7758000
1,7455900
0,7723000
1,7603700
1,7877400
1,8324000
0,7720200
0,7665600
0,7817200
1,7614700
1,7725800
0,7613500
0,7758200
1,7615500
0,7693000
0,7714900
0,7824200
0,7630900
0,7711800
0,7611200
0,7779700
1,7633600
0,7684800
0,7609800
0,7712800
1,8036800
1,7704600
0,7669900
0,7626000
0,7691100
0,7631300
1,7662800
0,7629800
0,7686600
1,7616500
1,7651600
0,7617500
1,8205700
0,8170000
1,8359000
1,8118800
0,7786500
0,7793500
1,7771000
0,7812500
0,7779300
1,7806100
0,7772800
1,8070000
0,10358000
0,7807700
1,7761700
1,7885300
0,7464700
0,7558600
0,7452800
1,7749500
0,7465400
1,7616100
1,7545800
0,7874700
0,7542600
1,7634900
1,7447700
0,7815200
0,7474400
1,8005600
1,7723700
0,7807600
0,7464500
0,7606400
0,7474400
0,7514600
0,7462200
0,7614000
1,7476100
1,7560700
0,7467100
1,7510600
0,7764800
1,7634100
0,7706500
1,7617700
0,8470600
0,7617300
0,7804300
1,8038400
1,7640200
0,7674900
1,7601700
0,7677500
0,7626600
0,7619100
0,7999000
1,7737500
0,7721900
0,7616200
1,8347600
0,7681700
0,7636000
0,7680100
0,7624100
1,8011600
1,7603100
1,7636100
1,7755300
1,7635700
1,7661900
0,7619000
0,7701300
0,7645700
1,7794700
1,7642300
0,7729700
0,7682700
1,7657300
0,7619000
1,7674200
1,7475500
1,7579300
1,7482600
1,7617500
0,7512300
0,7771100
1,8228600
1,8813400
0,8420100
1,8852300
1,8343100
1,8455100
0,8042800
1,7761800
1,7836200
1,7784800
1,7929500
0,7773300
0,7806000
1,7782000
0,9058700
1,7764900
1,7820500
0,7800600
1,7806500
0,8326200
1,7698200
0,7495700
0,8715500
0,8207300
1,8740000
1,9002900
1,7462500
1,7526700
1,7507800
1,7724900
0,7478800
1,7718300
1,7819800
0,7806900
0,7799800
1,7779800
1,7823000
0,7793100
0,7794500
0,7808600
0,7781200
1,7986700
1,7832900
0,7839600
0,7609600
1,7583900
0,7557200
1,7659100
0,7483600
1,7729900
1,7536200
1,7621200
1,7501500
1,7580000
0,7549200
1,7607600
1,7551800
1,7593800
1,7465700
1,7401200
0,8690600
0,7336100
1,7744900
1,7378500
0,8672900
1,7299100
1,7502200
1,7369100
1,7451900
0,7315000
1,7687900
0,7567300
1,7557100
0,7696400
1,7593200
1,7528200
1,7594900
0,7462500
0,7535300
0,7470400
1,7631500
1,7535200
0,7599300
0,7472200
0,7680700
0,7466400
0,7568400
0,7531000
0,7535900
1,7463400
0,7593300
0,7516800
1,7545900
1,7446700
1,7460800
1,7648800
0,7466300
0,7532000
1,7313000
1,7584200
0,7468000
0,7791900
0,7572500
0,7630700
0,7620900
0,8451500
0,8318000
0,8178800
1,7760000
1,7737200
1,7718500
0,7706500
1,7652800
0,7684000
0,7666900
0,8393500
1,7690400
0,7712700
0,7664000
0,9136300
1,8786400
0,7926900
0,8111500
0,8040600
1,7984200
0,8005900
1,8045700
1,8357300
0,10201800
1,7799000
0,7823900
0,7789900
1,7823500
0,7971400
0,7783200
0,7671300
1,7659700
0,7828400
1,7658200
1,7714200
0,7641900
0,7673000
0,7631900
0,7701700
0,7655100
0,7811900
1,7615600
0,7658500
0,8425000
0,7529900
1,7463800
0,7581400
0,7484800
1,7687200
0,7479600
1,7618800
0,7479600
0,7565100
1,7871900
0,7517100
0,7480300
1,7447300
1,7513600
0,7453500
1,7859200
1,8297600
0,7553700
0,7609200
1,7521200
0,7462700
0,7538300
1,7444700
1,7564400
1,7447200
1,9263100
1,8258700
0,8289300
0,8401400
0,7477700
0,7716100
1,7484300
0,7533600
1,7464400
0,7531100
0,7521700
1,7443700
0,7568300
1,7616600
0,7705600
1,7599300
1,7668300
1,7633500
0,7685800
1,7602800
0,7694500
1,7614100
0,7678100
0,7621600
1,7709600
1,7609600
1,9420800
0,8424600
1,7683100
0,7366900
1,7524900
1,7360700
1,7538200
0,7364700
0,7619300
0,7375800
1,7642400
1,7313300
0,7506500
1,7729000
0,7715000
0,7608700
1,7693800
0,7632800
0,8466900
1,7604300
1,7811700
1,7606100
0,7732400
1,7599300
1,7739900
0,7706300
1,7600800
0,7457100
0,7516100
0,7501700
1,7564800
1,7446500
0,7464500
0,7573000
1,7479900
1,8670500
1,7774000
0,7479100
0,7522500
0,7668000
1,7638400
0,7743400
0,7652500
1,7835000
0,7659200
0,7669500
0,7654100
1,7668500
0,7619000
1,7677500
0,7630500
0,7694100
1,7481100
0,7700800
1,7467000
0,7551200
0,7462700
1,7607200
0,7556000
0,7583600
0,7577400
0,7708900
0,7475300
0,7535000
0,7465500
0,7633600
1,7679700
0,7533900
0,7464800
0,7680100
1,7492300
1,7606700
0,7463500
1,7527400
1,7462200
1,7554100
1,7484800
0,7624000
1,7463600
0,7718800
0,7628200
1,8396000
0,8491800
1,8333200
0,8492800
1,8152000
1,8248200
1,7835900
0,7852700
0,7536300
1,7490400
0,7791400
0,7798000
1,7780300
0,7793300
0,7922000
1,7833300
0,7797500
1,7778100
0,7790100
1,7821900
0,7803300
1,7779200
1,7721600
0,7479400
0,7878800
1,7481200
0,7595100
1,7570700
1,7677100
0,7496700
0,8308000
1,7931200
1,7609300
0,7583500
0,7534900
0,7559200
1,7722800
1,7537600
0,8004100
1,8243300
0,8934700
0,8830800
1,8240800
0,7537700
1,7550100
1,7546500
0,8241200
1,8229100
1,8146600
0,8071900
0,7853000
1,7886600
1,7834600
1,7828500
1,7941900
0,7822000
0,8247500
0,7880000
1,10177100
1,7859700
0,7829300
0,7925200
1,7804400
1,7873700
1,7784700
1,7856100
0,7820600
1,7849900
0,7842700
0,7838600
1,7805400
0,7855300
1,7823900
1,7566900
0,7400100
1,7515500
0,7499800
1,7443300
1,7399400
1,7570700
0,7468500
0,7472200
0,7411300
1,7523700
0,7427800
1,7378400
0,7488800
0,7417400
0,7534900
1,7336900
0,7503900
0,7418500
1,7528200
1,7488900
0,7571000
0,7411700
0,7616700
0,7348400
1,8781300
1,7629000
0,7760300
1,7551100
1,7505800
1,7483600
0,7602100
1,7511000
0,7714100
0,7551800
1,7665700
0,7671600
0,7595400
0,7474900
0,7737900
0,7678700
1,7714100
1,7679800
0,7745200
0,7674900
0,7698500
0,7675000
1,7746500
1,7678600
0,7765800
0,7642200
0,7842700
0,7672400
0,7444100
0,7577000
1,7541700
1,7411800
1,7394600
0,7474500
0,7448800
0,7640900
1,7383400
0,7460000
0,7420500
1,8421800
1,7398200
1,7714300
1,7629300
0,7779500
0,7652800
0,7754500
1,7617700
0,7729800
0,7644900
1,7834100
1,7619700
1,7725400
0,7659700
0,7732400
0,7469400
1,8168500
1,7500100
0,7513800
0,7336900
1,8419100
0,8298300
0,8539100
1,8394400
0,7502300
1,7296600
0,7508000
1,7359100
1,7726400
0,7609900
1,7950800
0,7661500
0,7704200
0,7629800
1,7729400
1,7603700
0,7739600
0,7626100
1,7696200
0,7618000
0,7702200
0,7622700
1,7858200
1,7600500
0,7916400
1,7612300
0,7678800
0,7618300
1,7770400
0,7646100
0,7716900
0,7617100
1,8653000
0,7643800
1,7761000
1,7523000
1,7530900
0,7474200
1,7577200
1,7446900
0,9237700
1,7350800
1,7542200
1,7449800
0,7534700
1,7460200
1,7553000
1,7446100
0,9004900
0,7462300
1,7574200
0,7467200
1,7534000
1,7444300
1,7550800
1,7448000
0,7579500
1,7446000
1,7534800
0,7465900
1,7563700
1,7294800
1,7644800
1,7422200
0,7664100
0,7366700
1,7465000
1,7329700
1,7414300
0,7378200
1,7392800
0,7475500
0,7496100
1,7532100
0,7373200
1,7429100
1,7310900
0,7454500
1,7391500
1,8326500
0,7795100
0,7878800
1,7594000
0,7859300
1,7392300
1,7435600
0,7449300
0,7769400
0,7666300
1,7662000
1,7633400
1,7655900
1,7628900
0,7671000
0,7616600
1,7653800
1,7631300
1,7667100
1,7637800
0,7772300
0,7406800
1,7874700
0,7316300
0,7437200
1,7391400
1,7639900
1,7425300
0,7568000
1,7393800
0,7443000
1,7569800
0,7436400
0,7517900
1,7555000
1,7691200
0,7621900
1,7960400
1,7940600
1,7779000
0,7896400
1,8110300
1,8607400
1,7717800
0,8065500
1,8851300
0,7833600
1,7826500
0,7825300
1,7814300
0,7821600
1,7814800
0,7816400
1,7779200
1,7771100
1,7801000
0,7832600
0,7798000
0,7813000
0,7782800
1,7732500
0,7676700
1,7692100
0,7641400
0,8022300
1,7660000
0,7704700
0,7664600
1,7861100
0,7694900
1,7767000
0,7699400
0,7702700
1,7812900
1,7721700
1,7905200
0,7705800
1,7668300
0,7722900
1,7694400
0,7702200
1,7658600
0,7767500
1,7696900
1,7711000
1,7636200
0,8366900
1,7761900
0,7716900
0,7654700
1,7723000
0,7683100
1,7717100
1,7664900
1,7791300
1,7681200
0,7743100
1,7657800
0,7633700
1,7353000
0,7521600
1,7420500
1,7508400
1,7608700
1,7459100
1,7492700
1,7313700
0,7487600
0,7418500
0,9065500
0,7443900
1,7352500
0,7468200
0,7519700
0,7338800
1,7436700
1,7402900
1,7668800
1,7394000
0,7463600
0,7447700
1,8455400
1,8100500
0,8045600
1,7558800
1,7725200
1,7654000
0,8221100
1,7707100
1,7907500
1,7843500
0,7659400
1,7840400
1,7653800
0,7754600
1,8001900
1,7713100
1,7626800
0,8011000
0,7920400
0,7904200
1,7689100
1,7712300
0,7671100
1,7642400
0,7754400
0,7641400
1,7734000
1,7638600
0,7875500
0,7630000
1,7976400
0,7659500
0,7772500
1,7633800
1,7827400
0,7669600
1,7757000
0,7643100
0,8331300
0,8524100
1,8890500
1,8307400
1,7846500
0,7898000
1,7800600
0,7837600
1,7842500
1,8087300
0,7833300
1,7980400
0,7828100
1,7822100
0,7846500
0,7832200
1,7769400
1,7739000
1,7657300
0,7724100
0,7655700
0,7958000
0,7671500
0,7714200
0,7674100
1,7844000
0,7910200
0,7960500
0,8009900
1,7720900
0,7676600
0,7711700
1,7702100
1,7678700
1,7660300
1,7833800
1,7695800
1,7706600
0,7658300
1,7699700
1,7700200
0,7815000
1,7701100
1,7760700
0,7453600
0,7824200
0,7423800
1,8272800
0,8061100
0,7519300
0,7403300
0,7568900
0,7677600
1,7634900
0,7435700
0,7599800
1,7887000
1,7779100
1,7662000
1,7707000
1,7684600
1,7708200
1,7656700
0,8794400
0,7639300
0,7725800
0,7682300
1,7735200
0,7533200
1,7732900
1,7533800
0,7616500
0,7525100
1,7604200
1,7533800
1,7705800
0,7543400
1,7555600
0,7541600
0,7729500
1,7565700
1,7472400
1,7492300
1,8299800
0,8121400
0,7695700
1,7398300
0,7599100
0,7538300
0,7372000
1,7717700
0,7468300
0,7628800
0,7377200
0,7745000
1,7679400
0,8382800
0,7679300
0,7957200
1,7665100
0,7948100
1,7662500
1,7906000
1,7654500
1,8003500
0,7674600
0,7820400
1,7638800
1,7767100
0,7690200
1,7857800
1,7644000
1,7713400
1,7645400
0,7768500
0,7649300
1,8111100
1,7665900
0,7755700
1,7632300
0,7852800
1,7711200
1,7710000
1,7595800
1,7682300
0,7622700
1,7690200
1,7600900
0,7680800
1,7635200
0,7695000
0,7848600
0,7685300
0,7524100
1,7559300
0,7455700
1,7540400
0,7479800
0,7588400
0,7456800
1,7656900
1,7464600
0,7556100
1,7448400
0,7562800
1,7463100
1,7554700
0,7367000
1,7422700
0,7389000
1,7565200
1,7354500
1,7576100
1,7365100
1,7434200
0,7366000
0,7419800
0,7404800
1,7372800
0,7539300
1,7482300
0,7548500
1,7462900
1,7648000
1,7480600
1,7765700
0,7476000
0,7740900
1,7915100
0,8271700
0,8383600
1,8269400
1,8329000
0,7882400
1,7804600
1,8036900
1,7792300
0,7700800
1,7615600
1,7655300
0,7617300
1,7676500
1,7615000
1,7783900
1,7653300
0,7899600
1,7779000
1,8186400
1,7660100
1,7795500
1,7642300
0,7673300
0,7635200
0,7717400
1,7622000
1,7659800
1,7651200
0,7686600
0,7631700
0,7672800
1,7676000
0,7706100
1,7617200
1,7664200
0,7634700
1,7650900
1,7614100
0,7667500
1,7649600
1,7687400
0,7632200
0,7740400
1,7409200
1,7442700
1,7346300
0,7334400
0,7483700
1,7418700
1,7486000
0,7365800
1,7912200
1,7392400
0,7493100
0,7365300
1,7619900
1,7358400
1,7395700
0,7886500
0,7770300
1,7356000
0,7516600
1,7575200
1,7503500
1,7569200
0,7574600
1,7469800
1,7617100
0,7378100
1,7602600
1,7600000
1,7713300
1,7603100
1,7617300
1,7648700
1,7672300
0,7702400
0,7633800
1,7654600
1,7650200
1,7658900
0,7629800
0,7612300
1,7669200
1,7749000
1,7434600
1,8354000
0,7577600
1,7679400
1,7704700
0,7503100
0,7313800
1,7420000
0,7724000
1,7463000
0,7493600
1,7860000
1,7620500
0,7708900
0,7620800
1,7662700
0,7631700
0,7674500
1,7639900
0,7744000
0,7631200
0,7762700
1,7640600
0,7538600
1,7374300
0,7453300
1,7398700
1,7296700
0,7465600
1,7370000
1,7399900
1,7358600
1,7449200
1,7369900
0,7379400
1,7359400
1,8233200
1,8286800
1,8381600
1,8321100
0,7495500
1,7466200
0,7542600
0,7465300
1,8486500
0,8828800
0,8672800
1,9538300
0,7578400
1,7837300
0,7807100
0,7871000
1,8246800
1,7850400
0,7861400
1,7814000
1,7872900
0,7824300
0,7821800
1,7828100
1,7833100
0,7822000
1,7843800
0,7877700
1,7824300
1,7832100
0,7819500
1,7844300
0,7819200
1,7832500
0,7806800
0,7979400
1,7819700
1,7841200
1,7793100
0,7840700
0,7674100
0,7727500
0,7638700
0,7767900
1,7653800
0,7710400
1,7675100
0,7728000
1,7654700
0,7728900
1,7660900
0,7631600
0,7407700
0,7567800
1,7453500
1,7415900
1,7414800
0,7489400
0,7358500
0,7619900
0,7921700
1,7579900
1,7377500
0,7511000
1,7821800
1,7626000
0,7585400
1,7624600
0,7636100
0,7633800
1,7632100
0,7645200
1,7537100
0,7750200
0,7632600
0,7661900
1,7793200
1,7649600
1,7712400
1,7703500
0,7646800
1,7642800
1,7766200
1,7641400
0,7736500
0,7648300
1,7761900
1,7646200
1,7713000
0,7647900
1,7782900
1,7443000
0,7767100
1,7312300
0,7516900
0,7401000
1,7506900
1,7400200
1,7525400
0,7412600
0,7399200
0,7392300
1,8776000
1,7537900
1,7671000
0,7657600
1,7784900
0,7658300
0,7804900
1,7657900
0,7786800
0,7664400
1,7723900
0,7655200
1,7766700
1,7650400
1,7725200
1,7670200
1,7595100
0,7536200
1,7563700
1,7541000
0,7566800
0,7544400
0,7618700
0,7547900
0,7551900
1,7519500
1,7606400
0,7559700
1,7482500
1,7532900
0,8944500
0,7420400
0,7994300
0,8542000
1,7653400
1,7428500
1,7476300
1,7322900
1,7717300
0,7430000
0,7506300
1,7647100
1,7865500
0,7663100
1,8016600
0,7668900
0,7862600
1,7650600
1,7740000
1,7639300
0,7757000
1,7615300
1,7745100
0,7657100
1,7713200
0,7733200
1,7784200
1,7646000
0,7981000
0,7829900
1,8120500
1,8087800
1,7926500
1,7809700
0,7618500
0,7618300
1,7722200
1,7760100
0,7827100
1,7772600
1,7836300
0,7774100
1,7798400
1,7778600
1,7790200
1,7758100
1,8271000
0,8456600
0,7807200
1,7722300
1,7683900
1,7618400
1,7790200
1,7610000
1,7700000
0,7637000
1,7679300
1,7602000
1,7733500
0,7658500
1,7754800
1,7598000
1,7873200
1,7463800
1,7563100
0,7456500
1,7564700
0,7481600
1,7810600
1,7783600
0,7509300
0,7639700
1,7501600
0,7679200
1,7480800
1,7609900
1,7618600
1,8049200
0,7621700
0,7700600
0,7632800
0,7653500
1,7638900
0,7710900
0,7635500
0,7687500
1,7649900
0,7688700
1,7589200
1,7522600
1,7593500
1,7486400
0,7387100
0,7523900
0,7389100
0,7473700
0,7385000
1,7711900
0,7331100
1,7434200
1,7730500
1,7504700
0,7597600
1,7659400
1,7620100
1,7658300
0,7634800
1,7737300
1,7772100
0,7652300
1,7706000
1,7663400
1,7621300
1,7598600
0,7677100
1,7502200
0,7545300
1,7444700
1,7559000
0,7468700
0,7671800
0,7454100
0,7536700
0,7466200
0,7533100
1,7442300
1,7589700
1,7478700
0,7505800
1,7355100
1,7475500
1,7300700
1,8278700
1,8280100
0,9674900
1,9012100
0,7473700
1,7359600
0,7436400
1,7358100
0,7577200
1,7533000
0,7673700
0,7680500
1,7677000
1,7846700
0,7747700
1,7606700
0,7700900
0,7625900
0,7666600
0,7625200
0,7693200
0,7625100
0,7588100
1,7445400
0,7682500
0,7471800
0,7857100
0,7465500
1,7590300
0,7472500
0,7591100
0,7466500
0,8726800
0,7477200
0,7569300
1,7444600
1,7564200
1,7511400
1,7586200
0,7501600
1,7538600
1,7462700
0,7538700
1,7450300
0,7997100
0,7851800
0,7886700
1,7538500
1,7725200
1,7565400
1,7567200
1,7449900
0,7567300
1,7460300
1,7603500
1,7449500
0,7551900
0,7491300
0,7463900
1,7619100
0,7515900
1,7557700
0,7376100
0,7521800
0,7325300
0,7471900
1,7392700
0,7663900
0,7513600
0,7519100
0,7373300
0,7529100
0,7674200
0,7512800
1,7392600
0,7642400
1,7462900
0,7580500
0,7494000
0,7575400
1,7464200
0,7679700
0,7464100
0,7513200
0,7479200
1,7459900
1,7696800
0,7467000
1,7499600
1,7340900
0,8115400
0,7343200
0,7679000
0,7377100
1,7609500
1,7360500
1,7443400
0,7398100
1,7452100
0,7374400
0,8309700
1,7463100
1,8563000
0,8088000
1,8086300
0,8839200
0,7682100
0,7621700
1,7751600
1,7597400
0,7676300
0,7622500
1,7713100
0,7610500
1,7848900
0,7785600
1,7831100
1,7762900
1,7802000
0,7782000
0,7833700
1,7760100
0,7797000
0,7820200
0,7838100
1,7758400
1,7811500
1,7529800
0,7649400
0,7455000
1,7680800
1,7465300
1,7581300
1,7444000
0,7563000
0,7483600
1,7652300
1,7443300
1,7639500
0,7479300
1,7590600
0,7364700
0,7662600
0,7408400
0,7683600
0,7335300
0,7467600
1,7731000
0,7616500
0,7616100
0,7430900
0,7390500
1,7395500
1,7406000
1,7480000
0,7739000
0,7476700
0,7582000
0,7463300
0,7619800
1,7459600
0,7522900
1,7482900
1,7572800
1,7551900
0,7564100
0,7462000
0,7521000
1,7315000
1,7596100
0,7376800
1,7746600
1,7315400
1,7456400
0,7374300
0,7469600
1,7314700
1,7479800
1,8516900
0,8476900
0,7993300
0,7783000
0,7977300
1,7766000
1,7735700
0,7749500
1,7652300
0,7690100
0,7640500
1,7977700
0,7718800
1,8284100
1,7733200
1,7807100
0,7810300
1,10753900
1,11088700
0,10972400
1,9572900
0,7882800
1,8126200
0,7821100
1,8037200
1,7811600
0,7813600
0,7796700
0,7816500
0,7838300
1,7827300
1,7805200
0,7800400
1,7827800
1,7806600
0,7826800
0,7794500
0,7879100
1,7832000
1,7666900
0,7721100
0,7809300
0,7716800
0,7643900
1,9203700
0,7770000
1,7664400
1,7827600
1,7685500
0,7758300
0,7863500
0,7713200
0,7657600
0,7791100
0,7655700
0,7823600
0,7658600
1,7730500
1,7638400
1,7705300
0,7659300
0,7939800
1,7662100
0,7706000
1,7599400
0,7564300
0,7433200
0,7415000
0,7423400
1,7547600
0,7428000
1,7312500
1,7553000
0,7434300
1,8746700
0,7600200
1,7538300
0,7529800
1,7744500
1,7482900
1,7577800
0,7558000
1,7672400
0,7476000
1,7675300
1,7542800
0,8019800
1,8283700
0,8225700
0,8410700
0,7688800
1,7635400
1,8055700
1,7617500
0,7971400
1,7648500
0,7753500
0,7655000
1,7841100
0,7656600
0,7740600
0,7664000
1,7835300
0,7728400
1,7698100
1,7852600
1,7696100
1,7637000
1,7881800
0,7709300
0,8835600
0,7733100
0,7744400
1,7642900
0,8946500
0,7739400
1,7765200
1,7685100
0,7679300
1,7819200
1,7661400
1,7709200
1,7665600
1,7752000
0,7659600
0,7642900
1,7690300
1,7620000
0,7738100
0,7521900
0,7551600
0,7473300
1,7588100
0,7466500
0,7550000
1,7458100
0,7567600
1,7448300
1,7797000
0,7474700
1,7686100
0,7565500
1,8732100
0,7585700
0,7612600
0,7566100
0,7583400
1,7577700
1,7590200
0,7634800
1,7647500
1,7568500
1,7706800
0,7631400
0,7589800
1,7531800
1,7691700
1,7604100
1,7704800
0,8292200
0,7672700
1,7600600
0,7706400
1,7600800
1,7688900
1,7598500
0,7734700
1,7601400
1,7624800
0,7528500
0,8030500
0,7568400
1,7530500
1,7513400
1,7630800
1,7477600
0,7628400
0,7467500
0,7550100
0,7454400
1,8190800
0,8091300
0,7711800
1,7602400
1,7695500
1,7604800
1,7696800
1,7597900
1,8399400
1,7624600
1,7673300
0,7612300
0,8408100
0,8481900
1,7781000
0,7495100
1,7540300
1,7464600
1,7526000
0,7453400
0,7809200
0,8007500
0,7548900
1,7447100
1,7540300
0,7480500
1,7521000
1,7444500
1,7536600
0,7481900
0,7740500
0,7900900
0,7712900
1,7600000
1,7685000
0,7555700
1,7482100
1,7573700
0,7473200
0,8375200
0,8313100
0,8586000
1,9113700
1,8103400
1,8335000
1,7604600
0,8376100
1,8070200
1,8333400
1,8675300
1,7681000
1,7602700
0,7895600
1,7763300
1,7799900
0,7809200
0,7790400
0,7781900
1,7797700
0,7784600
1,7961700
1,7765500
1,7792200
0,7786100
0,7818500
1,7623200
0,7524200
1,7462800
1,7552200
1,7444400
1,7562100
1,7459100
1,7555200
1,7447100
0,7647600
0,7471300
1,7667500
1,7447600
1,7538000
0,7398800
0,7394900
0,7319100
0,7445400
0,7377000
1,7331300
0,7433800
0,7386500
0,7525300
0,7310800
1,7458400
1,7370300
0,7453700
1,7333200
0,7557400
1,7498700
1,7659400
0,7314300
0,7473600
0,7420500
1,7952400
0,8721100
1,8504700
1,9380200
1,8567500
1,8932400
0,7853300
1,7821700
0,7797400
0,7792700
0,7793600
0,7854300
1,7857300
0,7804400
1,7774400
1,7819500
1,7775700
1,7852700
1,7728200
1,7721000
0,8165000
0,8526700
0,7647100
1,7691300
0,7667000
1,7773100
1,7623000
0,7696500
1,7647900
0,7765300
1,7953200
1,7722800
1,7651600
0,7770000
0,7648600
0,7776700
0,7611800
0,7672800
0,7641000
1,7614400
0,7671900
1,7635500
1,7809000
1,7618600
1,7671900
0,7619300
1,7770900
0,7635700
0,7799600
1,7637900
0,7695700
1,7618000
1,7654900
1,7639200
0,7698400
1,7617600
0,7678100
1,7559200
1,7531700
0,7477300
1,7514200
1,7483300
0,7557500
0,7477400
1,7500500
1,7481200
1,7598300
1,7463200
0,8038900
1,7695500
0,8032500
0,8089800
0,8888700
0,8797500
0,7785100
1,7459300
0,7592800
1,7505600
0,7646400
1,7462300
1,7522400
0,7562700
1,7577200
0,7701400
1,7772600
0,7804400
0,7807900
1,7792500
0,7803400
1,7910500
1,7910200
1,7779800
0,7807300
1,7839600
1,7779800
0,7795800
0,7652700
1,7480600
1,7512700
0,7477100
1,7536100
1,7517400
0,7644700
0,7478300
0,7526500
1,7480000
1,7510900
1,7466400
0,7533500
1,7411500
1,7408500
0,7390900
1,7451200
0,7316400
0,7380500
0,7468300
1,7385300
0,7467900
1,7357700
1,8443600
0,8519400
0,8907300
1,7670300
1,7794200
1,7814500
0,7813900
1,7784500
0,7933500
1,7787600
0,7804900
0,7808000
1,7994500
1,7789000
1,7934500
0,7807400
1,7707900
0,7768600
1,7800200
0,7704100
0,7738900
0,7653900
1,7728100
1,7685700
1,7663900
0,7708600
1,7637200
0,7622000
0,7713500
1,7598500
1,7737900
0,7788900
1,8304700
1,7599500
1,7714300
0,7689100
1,7747700
1,7634900
0,7780200
0,7665100
1,7754900
0,7872000
0,7753000
0,7488000
0,7752100
0,7529700
0,7607600
0,7605700
1,7599400
1,7530000
1,7629200
0,7484200
1,7817000
0,7529300
0,7622900
1,7384400
1,7505500
1,7377600
1,7516700
0,7354100
0,7569400
0,7393700
1,7461700
1,7352200
1,7509800
0,7383100
1,7507900
0,7337100
0,7544300
0,7389400
0,7613000
1,7374000
0,7416800
0,8337500
1,7467000
0,7361800
1,7418500
1,7702600
0,7418000
1,7876900
1,7331600
0,7546800
1,7435700
1,7609700
0,7749300
0,7537900
1,7783300
1,8369100
0,7608600
0,7552500
0,7478300
1,7557800
0,7348700
1,7553600
1,7415000
1,7732700
1,7640100
0,7977400
1,7680900
0,7733100
1,7657600
1,7812400
1,7677900
1,7724200
0,7673000
0,7716700
0,7656400
0,7776500
0,7428900
0,7598300
1,7406100
0,7510300
1,7422800
1,7501400
1,7457200
0,7449900
1,7485500
1,7316200
1,7465800
0,7434700
0,7614000
1,7316600
1,7563700
1,7470700
0,7509600
0,7341800
1,7578000
0,7609200
1,7499200
0,7328700
1,7618100
1,7408300
1,7579800
0,7326900
0,7557600
1,7422300
0,7480200
1,7313200
1,7630700
1,7415000
0,7583200
0,7385500
0,7717100
0,7422800
1,7866500
1,7676600
0,7698100
0,7585300
1,7605000
1,7462700
0,7541100
1,7780900
1,7540000
0,7538100
1,7681900
1,7640600
1,7545200
1,7905800
0,7961500
1,7985900
0,7535600
1,7791000
0,7480500
0,7830500
0,7519100
0,7637600
0,7977200
0,8644800
0,8399100
1,8753600
0,7765500
0,7773700
1,8269800
0,7690800
0,7914000
1,7810100
1,7832000
0,7789400
0,7897300
1,7871600
0,7896900
0,7873100
0,7982200
1,7810400
0,7928300
1,7831000
0,7890000
1,7804600
0,7836000
0,7855700
0,7960100
0,7801900
0,7851000
0,7831200
0,7848400
1,7802400
1,8102100
0,8034900
0,7941300
1,7402400
1,7519700
0,7407400
0,7591000
1,7406900
1,7707800
1,7339500
1,7526900
0,7470900
1,7355800
0,7485300
1,7485300
0,7688900
0,7514700
0,7475300
0,7400000
1,7670700
0,7472600
1,8358300
1,8246700
0,8623000
0,8386200
1,7400100
0,7417900
0,7408800
0,7449400
0,8117500
1,7786900
0,7809400
1,7753800
0,7663000
0,7748300
1,7647400
1,7877100
0,7651000
1,7732400
0,7641300
1,7680800
1,9721900
0,7719800
0,7677600
1,7839500
0,7649700
1,7785200
1,7663100
1,7718600
1,7686400
1,7745700
1,7652300
1,7713500
0,7629100
0,7683000
0,7457300
0,7409600
0,7414900
0,7412200
1,7484500
0,7425800
1,7398000
1,7434400
0,7718300
0,7343800
0,7636500
1,7639700
0,7681500
0,7526400
1,7536700
0,7458200
0,8142600
1,8256200
1,7803800
0,7447700
0,7998000
1,7549900
1,7741200
1,7638000
0,7744200
1,7479600
1,7826700
0,7833700
1,8039200
1,7837100
1,7827000
1,7861100
1,7846300
1,7851800
0,7874300
0,7857600
1,7858600
1,7879000
1,7765200
1,7738700
0,7727600
0,7733600
0,7629100
1,7566900
0,7617800
0,8178100
0,7915800
1,7566000
0,7683300
1,7536300
0,7605700
0,7780400
0,7725700
1,7655500
1,7732500
1,7696000
0,7734000
1,7656700
1,8294700
0,7638800
0,7730300
0,7724400
0,7864600
0,7648100
1,7685500
0,7430000
0,7921000
1,7354700
1,7440000
1,7394900
0,7510800
0,7332900
1,7572100
1,7404700
0,7541000
1,7517800
1,7498600
0,7414200
0,7495800
0,7333900
0,7479200
1,7414300
0,7509400
1,7349000
1,8604100
0,7427200
0,7558900
1,7356500
0,7531600
0,7440900
0,7543600
1,7357400
0,7521700
0,7367200
0,7705500
1,7598000
1,7497700
1,7397400
0,7503700
0,7398400
0,7419700
0,8038000
1,7419900
1,7424000
1,7513500
0,7646600
0,7615000
1,8017600
1,7550600
0,7778900
1,7624300
1,8876500
1,9460200
0,8027900
1,8718000
1,7678900
1,7682600
1,7793600
1,7863200
1,7640700
1,7700200
1,7650600
0,7656500
0,7623200
0,7682700
0,7701700
1,7600700
0,7676500
0,7690600
0,7646400
1,7375000
1,7437100
1,7358700
0,7537100
1,7353900
1,7421800
0,7378100
0,7473200
1,7322200
0,7435800
0,7375200
1,7472100
0,7305400
1,7469600
1,7329900
0,7579700
1,7356400
0,7429000
1,7359100
0,7542200
0,7306900
0,7738000
1,7330200
1,7667400
1,7494600
1,7539600
0,7533200
1,7638800
1,7697900
0,7621100
1,7659200
1,7635400
1,7654900
1,7636600
1,7654800
1,7631400
0,7672400
0,7616200
1,7788300
0,7666800
0,7711300
1,7333200
1,7639800
1,7673300
1,7410700
0,7311500
1,7570600
0,7404300
0,7506400
1,7334400
0,7448100
1,7388000
1,7813500
1,7874600
0,7800800
1,7657900
1,7770100
0,7617100
1,7780700
0,7670600
1,7651500
1,7636500
0,7702700
1,7616800
1,7656200
0,7618500
0,7686600
1,7620500
1,7845600
0,7839000
0,7798700
0,7896400
1,7763800
1,7686000
0,7645000
0,7737900
1,7653900
0,7622200
0,7656600
0,7686700
1,7598200
0,7679700
1,7617200
1,7688600
1,7595600
0,7661900
0,7886400
1,7723400
1,7599000
1,7691200
0,7643000
0,7699400
1,7496100
0,7558200
0,7480800
1,8580100
0,8398100
1,8975400
1,9148600
1,8495300
1,8754000
1,7862600
0,8941300
0,8404000
1,8026600
0,7867800
1,8025000
0,7808300
1,7801600
0,7783100
1,9365700
1,7778400
0,7814900
0,7783000
0,7829400
1,7781800
0,7804400
0,7814200
0,7832700
0,7810600
0,7968200
1,7912400
1,7792500
1,7913700
1,7773300
1,7805500
1,7763800
0,7821100
1,7761700
1,7833100
0,7466900
1,7481800
1,7574900
1,7480400
0,7725400
1,7484600
0,7523900
0,7464000
1,7746700
1,7573800
1,7522100
1,7526300
0,7550800
0,7422800
1,7723100
1,8070500
1,7880300
1,7422700
1,7528300
1,7351600
1,7641800
1,7447200
1,7606100
1,7615900
0,7721500
0,7470400
1,7706700
1,7661100
1,7755400
0,7694500
1,7710300
1,7675500
1,7709100
1,7695100
0,7718600
0,7658500
1,7710500
0,7681100
0,7710700
0,7475100
0,7446900
0,7422600
0,7843200
0,7400400
0,7498100
0,7347200
1,7393000
1,7631600
0,7352400
1,7463000
0,7400700
1,7940700
1,7517200
1,7570900
1,7520600
0,7794200
0,7595100
0,7807300
0,7528800
0,8502100
1,7793900
0,7665200
0,7571400
1,7611200
1,7547200
1,7856900
1,7622600
1,7739600
0,7692000
0,7815700
0,7631700
1,7742400
1,7666200
0,7791200
1,7600800
0,7679500
1,7622400
0,7690500
1,7572800
1,7663500
0,7504700
1,7530100
1,7442800
0,7544200
1,7463900
1,7556500
0,7455800
1,7543800
0,7484500
0,7865500
0,7456300
1,7591700
1,7377000
1,7448500
1,8024600
0,7515800
1,7692800
1,7543300
0,7403500
1,7421200
0,7479500
0,7386800
1,7481000
1,7330800
0,7571600
1,7613400
1,7652100
1,7776000
0,7702100
0,7638200
1,7737400
0,7633500
0,7681200
0,7646000
0,7692900
0,7633400
1,7657600
1,7605700
0,7526700
1,7505700
0,7580800
1,7464500
0,7613700
0,7541100
1,7565500
0,7480400
1,7504800
0,7485900
1,7797500
0,7771700
0,7607000
0,7533400
1,7494200
0,7472900
0,7522300
1,7495700
0,7560000
1,7529900
1,7533500
0,7535500
1,7509500
0,7555200
1,7445100
0,7547400
1,7359800
0,7475900
0,7366500
1,7483500
0,7317600
1,7581200
0,7466500
0,7498800
1,7448700
1,7448700
1,7514100
0,7554900
0,7543900
1,7573200
1,7447700
1,7484100
1,7456300
0,7475200
1,7504100
1,7496500
0,7565400
0,7478000
0,7516100
0,7479700
1,7518900
0,7477600
0,7654000
1,7504900
1,7370600
0,7387200
1,7780600
0,7421800
1,7431200
0,7390700
0,7455700
1,7406400
1,7550100
1,7372200
0,7363800
0,7447200
0,7893600
0,7694700
0,7606500
1,7713000
1,7603200
0,7715800
0,7607600
0,7705800
1,7604800
1,7672300
1,7595600
0,7710100
1,7601600
0,7527500
1,7354100
0,8302300
0,7595100
0,8001500
1,7523700
1,7517800
1,7359600
0,7523000
0,7367000
0,7422100
1,7331500
1,7389000
0,7420200
1,7634600
0,7464700
1,7509000
0,7454800
1,7615400
1,7447400
0,7539600
1,7445700
1,7594300
1,7840800
1,8376400
1,8511400
0,8360900
1,8089100
0,7897400
1,7926200
1,7690700
1,7764000
0,7752700
0,7637000
1,7769800
0,7621100
1,7671900
0,7724300
1,7701700
1,7693800
1,7911600
1,7786300
1,8123500
1,7796300
1,7807500
1,7811300
1,7950900
0,7783700
1,7790100
0,7794400
1,7808600
0,7782600
0,7828400
1,7762800
1,7812500
1,7763500
1,8919600
0,9557300
0,7798500
1,7765100
1,7811600
1,7762200
1,7809500
1,7765100
0,7715600
1,7357200
0,7429100
1,7301400
1,7416400
0,7312100
0,8464400
1,7543700
1,7719200
1,7513700
1,7675400
1,7299600
0,7507400
0,7365900
0,7679600
0,7466900
1,7539900
1,7443400
1,7607100
0,7517500
1,7665700
1,7444100
0,7875100
0,7503900
1,7717600
0,7759100
1,7640500
0,7632000
0,7697400
0,7611400
0,7818100
0,7638100
1,7659100
0,7514400
1,7739200
1,7621200
0,7693700
0,7614100
1,7637100
0,7840600
1,7446800
0,7775400
0,7375600
0,7622000
1,7622900
0,7382900
0,7375000
1,7542600
0,7391500
1,7357900
1,7484600
0,7442400
0,7326800
0,7887800
0,7618200
0,7824200
1,7620700
0,7697700
0,7617700
1,7687100
1,7621000
1,7653200
0,7620200
0,8295000
0,7945300
0,8332700
0,7816300
0,7881900
1,7826500
0,8066100
1,7860900
0,7831900
1,7826000
0,9095800
1,8168600
0,7900000
1,7819900
1,7802600
0,7851100
1,7939700
1,7866300
1,7767700
0,7820100
1,7764100
0,7806800
1,7797600
1,7816400
0,7781700
0,7812600
0,7789600
1,7831300
0,7652100
1,7611000
0,7384000
1,7741800
0,7411800
1,7895700
0,7388400
0,7313300
1,7654200
1,7463100
1,7467500
1,7332000
1,7431900
0,7385300
0,7701600
0,7618800
0,7691500
0,7783900
0,7697400
0,7622100
1,7661300
1,7616400
0,7693500
0,7620900
0,7686300
1,7613800
1,7673400
0,7412400
0,7450200
1,7374400
0,7591000
0,7373200
1,7433300
0,7387900
0,7567500
1,7391300
1,7612100
0,7493200
1,7522700
1,7397700
1,7806600
0,9775500
1,7451500
0,7375400
0,7525600
1,7315900
0,7484400
0,7406300
1,7495300
0,7365400
0,7515700
0,7375000
1,7397600
0,7329300
1,7372300
1,8549700
0,7538600
0,7712600
1,7459100
0,7549400
0,7379000
0,7570600
1,7590300
1,7499800
1,7542900
0,8021400
1,7487000
0,7678200
1,7598500
0,7721400
1,7598600
0,7822600
1,7602200
0,7706300
0,7612800
1,7699300
1,7668500
0,7688100
1,7599200
0,7764900
1,7448300
0,7656500
0,7453200
0,7676500
1,7447200
1,7541700
1,7444400
1,7596100
0,7466400
1,7478300
0,7539100
0,7464300
1,7574100
0,7762800
1,7351200
1,7392400
1,7455600
0,7402200
1,7345300
0,7555600
0,7401100
1,7387300
0,7407000
0,7373600
0,7444100
1,7402700
0,7518600
0,7374100
0,7443100
1,7389400
0,7377800
1,7392200
0,7460200
0,7344700
0,7365900
0,7779600
0,7375300
1,7857700
0,7363700
1,7553300
0,7464200
0,7541700
0,7452800
0,7538000
1,7449100
0,8272400
1,7552800
0,7553200
0,7508800
0,7566500
1,7444700
1,7573900
0,7467100
1,7584400
1,7445000
0,7507200
1,7581300
1,7552900
1,7639900
1,7548100
1,7449800
0,7618300
1,7447400
0,7521400
0,7467200
1,7495900
0,7547800
1,7483800
1,7509700
1,7659800
0,7906400
1,7968200
0,9293500
1,8718700
1,9107500
0,8491600
0,8289000
1,7914500
1,7583800
0,7904600
0,7805600
0,8319000
0,7772700
1,7943700
1,7782700
1,7797700
0,7766800
0,7811800
0,7819700
0,7819800
1,7784600
1,7640600
0,7465600
0,7580300
0,7453000
1,7541800
0,7481600
1,7650900
1,7441100
1,7537500
1,7464600
1,7535600
1,7441500
1,7576000
0,7428400
1,7457400
1,7354700
1,7437800
1,7390600
1,7468900
1,7404100
0,7370800
0,7485800
0,7558000
1,8278400
1,7916500
0,7710500
1,7552000
0,7610000
1,7719300
1,7605600
1,7677200
0,7609400
0,7697400
0,7622200
0,7696400
1,7595500
1,7672400
0,7682000
1,7619800
1,7659000
1,7406200
0,7485000
1,7344800
0,7684100
0,7718200
0,7374900
1,7373800
1,7391000
1,7407300
1,7582300
0,7387700
0,7426000
1,7407000
0,7787500
0,7477200
0,7511300
1,7495100
1,7539100
0,7479400
1,7512600
1,7518400
1,7444400
0,7530500
1,7445000
0,7588700
0,7466900
0,7543800
1,7359000
1,7513900
0,7315900
0,7459000
0,7364100
1,7454800
1,7298000
0,7503300
0,7362200
0,7512600
1,7302400
1,7454000
0,7363500
1,7428700
1,7363800
1,7371700
0,7439100
0,7403100
1,7476500
0,7417300
0,7557400
0,7389700
1,7355500
0,7388700
0,7580300
0,7314900
0,8254500
0,7538000
1,7495400
0,7726400
0,7384400
0,7811600
0,7432900
1,7532200
0,8210600
1,7994300
0,9072800
0,8782700
0,8607800
0,7894400
1,7815300
0,7783400
1,8193800
1,7845900
0,7831900
0,7829000
1,7791500
1,7782700
0,7868300
0,7781800
0,7799800
1,7779800
1,7782400
0,7778300
1,7769500
0,7796000
1,7924500
1,7800800
1,7776800
0,7795100
1,7781000
0,7780800
1,7787100
0,7808600
1,7936100
0,7376900
0,7594300
1,7313700
1,7429700
1,7362500
1,7497800
0,7465300
0,7469700
1,7392400
0,7521900
1,7314400
1,7459100
0,7404000
0,7425800
1,7311000
0,7592100
0,7377500
1,7435800
1,7313700
0,7516100
0,7565300
0,7317400
0,7639300
0,7416900
1,7681800
0,7821200
1,8012200
1,7620100
1,7742300
1,7601900
0,7989800
1,7674500
1,7687800
0,7619400
1,7695900
1,7599200
1,7816400
1,7603000
0,7956000
0,7610700
1,7888500
1,7601300
1,7695800
1,7729100
0,7680900
1,7697700
1,7685600
0,7608500
1,7681100
1,7603800
0,7840600
0,7610000
1,7911600
1,7448900
0,7554700
1,7443900
0,7689200
0,7465600
0,7568600
0,7453200
1,7634500
1,7448500
1,7539500
1,7446000
0,7553900
1,7446600
1,7585600
1,7447800
1,7535000
1,7447800
1,7898300
0,8609700
1,7602300
0,7462800
1,7555900
0,7456700
0,7542200
0,7468000
0,7492900
0,7548300
0,7465500
0,7527800
1,7499600
0,7566200
1,7481700
0,7567400
1,7478800
1,7557200
1,7513500
0,7532900
1,7480500
1,7543400
1,7409600
1,7386600
0,7433100
1,7647700
0,7344900
0,7926100
0,7388900
0,8080600
0,7765900
1,9862500
1,7689400
0,8266200
1,8837800
0,7825300
0,7795500
0,7777200
1,7801900
0,7810800
1,7782900
0,7796800
0,7782200
1,7796200
0,7797000
1,7821500
1,7833400
1,8189100
0,8049600
1,7666700
0,7653600
1,8423900
0,7734000
0,7710800
1,7679200
0,7663500
0,7630300
1,7670000
1,7657000
1,7722600
0,7634800
0,7844500
1,7774500
1,8092700
1,7825100
0,8957900
0,7719400
0,7930300
1,7668000
0,7804200
1,7642500
0,7802700
0,7669900
0,7807800
1,7814300
0,7811000
0,7809800
0,10744300
1,10811100
0,10938200
0,10888000
1,9681700
0,7834300
1,10382600
0,10640900
0,8157100
0,9703800
1,8551400
0,7670300
1,7678000
1,7650200
1,7619200
1,7691500
0,7638100
1,8335600
0,7717200
1,7803200
0,7653300
1,7722400
0,7628000
1,7808200
1,7625500
1,7699000
0,7622000
1,7746300
0,7626900
1,7700900
1,7603900
1,7908100
0,7634700
0,8254000
1,7630000
1,7683800
0,7876800
0,7707600
1,7642800
0,7853100
0,7779400
1,7697200
1,7668000
0,7709300
0,7745600
0,8436400
1,8789200
1,8749000
1,9053200
0,8005800
1,8419100
1,8530800
0,8440600
1,8393700
1,10821000
1,11263500
1,10236100
0,7941200
0,7807800
0,7829800
0,7797300
1,7964800
1,7769900
0,7810800
1,7773200
1,7831600
0,7796000
1,7823100
1,7663800
0,8462200
1,7801800
0,7761500
1,8235900
0,8141700
0,8159400
1,7927700
1,7895300
1,7677600
1,7822700
1,9051300
1,8131400
1,7874400
0,9615000
1,7874600
0,8003100
0,7838900
0,7841200
0,7884500
1,8346500
1,8266800
1,7801900
0,7899500
1,7962500
1,7915200
0,9058100
1,9726500
0,8281700
0,7817200
0,7836900
1,7930300
1,7775300
0,7824300
1,7804100
0,7826000
0,7778600
1,7906100
0,7791400
0,7869300
0,7808300
0,7809900
1,7775100
0,7865500
1,7770400
0,7867000
1,7808800
1,7863600
1,7778700
0,7830400
1,7776900
1,7802700
1,7767600
1,7938800
0,7784100
0,7820500
0,7774200
0,7905400
1,7770600
0,7813000
1,7788700
0,7810800
1,7756000
0,7851100
0,7660500
0,7679700
0,7618900
1,7732500
0,7611900
0,7785700
0,7624200
0,7695500
0,7649400
1,7964300
1,7603000
1,7685900
1,7586600
0,7698500
1,7448900
1,7539500
0,7924700
1,7479900
0,8213800
1,7907000
1,7613600
1,7591200
1,8216300
1,7461100
1,7822000
1,7641200
0,7691000
1,7617600
1,7674700
0,7616800
1,7712700
1,7618100
0,7810100
1,7637400
0,7684600
0,7725500
1,7659700
0,7604900
0,7591400
0,7631500
0,8421200
1,8297400
1,8844900
0,9095800
0,7589400
0,7577000
1,7449600
0,7517200
1,7636100
0,7497200
0,7717200
0,7811500
0,7785300
0,7780400
1,7805600
1,7779400
1,7777700
0,7783600
0,7819800
1,7780500
1,7786800
1,7795100
1,7930400
1,7700800
1,7505000
1,7480700
0,7823100
1,7464800
0,7873200
0,7523400
0,7651800
1,7538700
0,7572000
0,7495700
1,7715500
0,7581600
0,7631200
0,7621100
0,7880300
1,7819200
1,7651200
0,7621100
0,7697200
0,7631200
0,7652800
1,7637700
0,7637900
1,8156100
0,7972000
0,7759100
1,7873000
0,7843500
1,8173600
1,8268500
1,11106800
1,7661600
0,7675400
0,7640100
1,7701900
0,7630400
0,7665300
0,7692200
0,7793300
1,7778300
1,7866400
0,7782100
1,8986000
1,7786300
0,7952400
0,7786200
1,7790600
1,7775300
0,7794600
1,7800000
0,7623200
1,7461300
0,7574300
0,7465000
1,7653700
1,7561300
1,7554900
0,7462500
1,7529500
0,7685900
1,7519700
0,8804000
1,8614600
0,8234200
1,7922100
1,8100900
0,7802200
1,7726800
0,7721400
1,7637300
0,7718600
0,7640700
1,9152200
0,7911300
0,7686000
1,7673400
1,7783600
1,7797600
0,8022700
0,7814200
0,8014300
1,7804900
1,7811600
0,7794900
0,7814500
1,7802700
0,7816400
0,7795900
1,7917800
1,7639400
1,8059100
0,7670900
0,7670100
1,7635800
0,7795700
0,7632900
1,7654700
0,7662500
0,7701700
1,7658800
1,7663700
1,7637100
1,7674900
1,7615300
0,7669600
1,7635900
0,7974500
1,7617100
1,7746000
0,7619300
0,7763500
1,7614700
0,7720600
1,7636500
0,7704100
0,7712000
0,7662600
1,7692100
0,7719800
1,7616300
1,7657700
0,7625300
0,7679500
0,7631500
1,7655900
1,7650700
0,7685700
1,7665500
0,7630400
0,7499900
0,7526900
0,7684700
1,7540600
1,8013000
1,7563100
0,7479600
0,7598000
0,7598100
1,7447700
0,7589100
1,7589400
1,7742900
0,7654900
0,7690200
0,7837400
1,7718500
0,7622600
0,7690400
1,7597400
0,7884900
1,7605000
1,7717200
0,7606300
0,7711300
1,7607100
1,7808700
0,7618900
0,8035600
0,7664100
1,7787300
0,7631500
1,7701700
1,7600100
1,7710700
0,7687100
1,7710000
1,7600700
1,7687300
1,7617300
1,7711200
1,7604300
1,7687100
0,7625000
1,7856000
1,7621700
0,7856700
0,7654600
1,7700700
1,7615100
1,7678200
0,7471400
1,7699900
0,7461700
0,7596800
0,7469300
0,7631200
0,7468700
1,7460500
1,7572900
0,7648700
0,7579200
0,7616500
1,7716500
0,7463100
1,8252800
1,7461400
1,7532700
0,7463100
0,7572900
0,7478100
1,7617300
1,7513300
1,7557600
0,7478600
1,7700500
1,7499900
0,7695200
1,7463700
0,7898200
1,7520800
0,7723400
1,7466200
1,7537400
0,7466000
0,7574300
1,7461900
0,7967000
0,7535900
1,7668900
0,7811500
0,7781500
0,7692000
1,7717600
0,7751400
0,7702700
1,7673700
1,7707700
1,7674400
1,7700100
1,7834600
1,7728500
0,7698700
1,7949200
0,7664800
1,7742400
1,7684500
1,7638800
0,7708300
0,7662300
1,7749100
0,7647900
1,7728100
0,7657600
0,7780200
1,7636400
0,7610100
1,7518600
0,7625200
0,7499100
0,7587300
0,7543900
0,7798600
1,7446200
0,7542900
0,7464500
0,7557400
0,7455500
0,7556600
0,7410600
1,7531200
1,7417600
0,7478300
0,7494000
0,7467200
1,7682100
0,7490000
1,7424000
1,7512600
1,7416900
1,7391800
0,7689400
0,7433500
0,8156400
0,8406900
1,8933300
1,9023800
0,8141600
1,8390900
0,7490600
0,8082600
0,8164600
1,8560100
0,9076900
1,8059800
0,7772200
0,7872300
0,7791400
0,7817400
0,7768200
1,7838900
0,7802100
1,8349900
0,7793500
0,7818300
1,7765400
1,7802900
1,7745900
1,7841400
1,7599600
0,7694400
0,7608700
1,7831700
1,7599900
1,7708300
0,7614400
0,8252200
0,7644000
0,8831600
1,7646200
0,7781400
1,7604400
1,7714600
1,7649600
0,7870800
1,7621000
1,7695800
0,7632200
0,7678100
1,7784500
0,7689500
0,7679600
1,7859900
1,7604600
0,7688900
1,7618100
1,9056100
0,10364800
1,8300800
0,7949400
1,7649300
0,7688100
1,7698800
1,7600200
0,7686900
0,7596800
0,7646800
0,7455000
1,7779100
1,7448000
0,7802800
0,7403800
1,7871800
1,8046900
0,8644200
0,8708200
0,8898800
1,8255000
1,8018700
1,7788500
1,7801000
0,7882700
1,7779300
1,7790600
0,7781800
0,7849700
0,7800200
1,7777400
1,7799300
1,7805200
1,7780300
1,7976000
0,7654100
1,7986400
0,7670700
0,7742800
0,7644900
1,7831200
1,7620400
0,7667000
1,7657600
1,7662400
1,7620200
0,9198100
1,7708900
1,7665300
0,7632900
1,7659900
1,7653300
0,7678000
1,7618800
0,7704500
0,7631800
1,7782100
1,7618000
1,7755400
1,7613300
0,7484400
1,7340400
1,7516000
1,7767500
1,7475300
1,7613600
1,7658100
0,7393000
0,7592800
0,7526000
0,7415300
1,7475600
0,7669800
0,7651800
0,7808500
1,7699900
1,7902300
0,8587500
0,7740900
1,7661800
1,7785800
0,7677900
1,7715300
0,7637300
0,7736000
0,7677700
1,7649700
0,7484600
1,7537100
0,7711200
1,7491400
0,7618100
1,7565100
0,7843000
0,7502500
1,7630200
0,7499300
1,7583200
0,7539500
1,7566700
1,7319400
0,7476400
0,7478100
0,7401400
1,7388900
1,7557900
0,7428200
0,8326400
0,7628700
0,7764700
0,7504800
1,7582700
1,7532400
1,7715800
1,7660200
0,7728200
1,7629200
1,7859900
0,7668500
0,7727700
0,7655500
0,7827300
0,7648700
1,7968700
0,7830700
1,7682400
0,7520300
0,7649400
0,7554400
0,7607600
1,7524300
1,7673900
1,7520400
0,7773400
0,7476000
1,7583600
0,7640600
1,7749600
0,7571600
1,7653600
1,7565100
0,7639300
1,7466000
1,8009200
0,7548200
1,7639800
0,7471700
0,7650200
0,7543100
0,7781200
0,7483600
1,7644100
0,8198100
0,7637100
1,7515800
1,7696000
1,7529700
1,7747200
0,7533200
0,7600600
0,7545800
1,7555800
0,7714300
1,7499500
0,7660300
0,7496300
1,7555100
1,7482700
0,7625700
1,7478000
1,7527300
0,7464800
1,7780800
0,7494900
1,7500800
1,7479800
1,8210200
1,7622300
0,7781600
0,7502100
0,7572600
1,7501000
0,7572300
1,7481600
1,7520800
0,7497400
0,7586200
0,7568000
1,7537600
1,7463200
1,7689900
0,7465200
1,7582700
1,7480200
1,7620200
0,7467400
0,7527400
0,7696900
1,7447300
0,7545400
1,7501000
1,7522000
0,7456400
0,7538300
0,7372300
1,7494300
1,7355500
0,7518800
1,7786300
0,7768300
1,7443200
1,7521700
1,7480900
0,7491000
1,7449100
1,7430800
1,7299900
1,7514500
0,7455500
0,7551500
1,7450900
0,7490400
0,7681500
1,7553500
0,7666100
1,7555400
1,9168200
0,7708700
1,8043800
1,8532800
0,8061500
1,8214900
1,7629400
0,7760600
0,7610600
1,7703300
0,7636200
0,7706200
0,7610300
0,7777800
0,7653300
1,7778000
1,7608500
0,7704500
0,7623000
0,7698900
0,7689700
1,7780200
1,7601600
1,7675800
0,7610700
1,7804200
0,7723500
0,7827200
1,7659200
0,7871800
1,7604400
0,7698100
0,7609900
0,7697400
0,7622000
1,7619000
0,7763900
1,7655300
0,7677900
0,7636300
1,7749300
1,7674000
1,7655200
1,7531600
0,7595800
0,7517900
1,7677400
0,7479500
1,7744400
0,7481900
0,7651800
0,7477600
1,7574700
0,7479200
1,7517700
1,7461900
0,7588300
1,7833400
1,7509100
1,7460600
0,7616800
1,7498800
0,7564400
1,7463100
0,7514200
0,7498500
1,7649600
0,7479600
0,7538000
1,7489600
1,7457600
1,7310200
0,7707100
0,8416500
0,8285000
1,8924900
0,8969400
1,8891200
1,8853900
0,8630700
0,8033600
1,7413900
0,7827500
1,7803700
0,7926600
1,7828800
1,7764700
1,7833800
1,7770600
1,7816400
1,7767000
0,7814600
1,7832400
1,7816700
0,7760200
1,7640600
0,7664700
0,7619800
1,7759400
0,7653300
1,7882300
1,7641200
1,7656700
0,7653200
0,7663800
1,7636900
0,7750300
1,7636400
0,7548800
0,7464400
1,7529400
1,7621800
0,8301400
0,7469700
0,7835200
1,7500700
1,7514600
1,7484000
0,7707200
1,7462600
0,7605200
0,7619800
0,7692600
0,7634700
0,7686900
0,7620200
0,7768400
1,7618400
0,7696400
1,7635600
0,7704800
0,7636800
1,7707700
0,7636800
1,8020600
0,7818400
1,7976900
1,7627900
1,7619000
1,7533300
0,8072500
1,7764300
0,7712200
1,7579900
1,8218900
1,7544900
0,7910300
0,7828100
0,8182500
1,14199800
1,10801900
0,10931600
0,8755700
0,7973600
0,8369700
0,7885000
0,8771500
1,9498700
0,7852400
1,7802500
0,7807700
0,7829600
1,7818600
1,7796000
1,7786400
1,7804400
0,7833100
0,7799700
1,7788200
0,7786600
1,8870800
1,7865700
0,7786700
1,7802600
1,7826900
1,7791100
1,7800500
0,7782500
1,7820000
0,7796900
1,7801300
0,7779300
1,7805900
0,7844100
1,7782400
0,7795800
0,7794300
1,7796400
1,7765400
1,7817100
1,7893800
0,7693400
1,7766900
1,7837000
0,7809500
1,7690400
1,7648300
0,7480100
1,7563700
1,7460900
0,7549800
0,7477200
0,7543900
0,7477300
1,7672700
0,7480500
0,7800700
0,7480500
1,7574400
1,7409400
0,7410300
0,7387300
1,7443700
1,7468000
0,7503000
0,7415000
0,7531100
1,7515300
0,7397100
0,7498200
0,7363800
0,7497100
0,7316800
0,8222200
1,7522100
0,7603200
0,7638900
1,7409800
0,7635900
0,7548100
1,7296600
1,7536200
1,7412600
0,7533500
1,7330600
1,7595300
1,7598000
0,7758200
1,7599500
1,9223500
0,7899200
1,7733600
1,7606100
1,7683100
1,7599200
0,7723900
0,7620500
0,7859300
0,7610400
0,7818300
1,7603800
0,7680000
1,7597000
1,7713200
1,7600000
1,7669900
0,7623300
1,8877200
1,7607000
1,7862300
1,7755900
0,7683800
0,7659900
1,8440700
0,8291600
1,8635500
0,8817500
1,7883200
1,8035200
0,7636600
1,7657500
1,7643800
1,7680700
0,7677700
1,7902200
0,7836100
1,7788600
1,7798500
1,7762300
1,7809300
0,7771900
1,7816400
1,7947900
1,7917000
1,7848100
1,7839500
1,7795500
1,7699800
1,7757900
0,7619500
0,7714200
1,7907300
0,7751500
0,7709000
0,7688000
1,7619700
1,7649800
1,7637800
1,7709600
1,7620800
0,7606900
0,7678400
0,7638300
0,7743200
0,7745600
1,7697000
1,7673100
0,7701100
1,7598800
1,7877700
1,8015000
0,7918700
1,7724900
1,7658300
1,7562100
1,7464800
0,7527500
1,7483100
1,7628800
1,7465000
0,7516900
0,7467200
1,7463400
0,7543000
0,7457900
1,7523800
0,7391300
1,7513600
0,7310300
1,7689800
0,7517200
1,7459200
0,7306300
1,7704000
1,7379100
1,7485800
1,7295200
1,7485100
1,7371900
0,7506800
1,7296600
1,7487900
1,7374600
0,7521400
1,7294000
0,7835500
0,7389100
0,7330800
1,7458400
1,7391900
1,7527700
0,7345400
0,8337000
0,8073900
0,8952300
0,8878100
0,8676300
1,8300800
0,8609100
1,9255100
1,7763700
0,7611900
0,7441500
1,7494500
0,7541500
1,7826300
0,7782700
1,7792100
1,7760500
1,7860300
0,7891800
1,7843800
1,8042900
1,7844700
0,7820400
1,7943600
0,7801700
1,7883700
1,7795900
0,7849000
1,7844000
1,7821600
1,7768700
1,7798900
1,7785300
1,7826100
1,7765500
1,7797900
1,7780300
0,7804700
1,7766700
1,7842400
1,7801600
1,7820300
1,7764200
1,7804200
1,7760600
0,7804400
0,7784800
1,7835500
1,7756500
0,7816100
0,7782900
1,7581000
0,7454500
0,7684400
0,7561800
1,7568200
1,7439900
0,7711100
1,7446400
1,7551900
1,7604000
1,7563200
0,7749500
0,8455900
1,8089300
0,7674800
0,7620700
0,7772600
1,7598200
0,7675300
0,7620900
1,7689700
1,7607100
0,7755300
1,7512200
1,7810200
0,7742700
1,8216200
0,7624400
0,9390300
1,10108100
0,8119200
1,8794300
0,8228700
0,8164800
0,7713100
0,7780400
0,7743200
1,7997300
0,7890600
1,8503400
0,7809000
0,7849400
0,7805900
0,8035700
0,7818300
0,7832600
0,7807000
1,7787700
1,7802600
0,7801700
0,7778900
0,7685800
0,7631500
1,7754500
1,7674400
1,7793100
0,7630100
0,7759800
1,7635900
1,7680500
0,7635400
1,7665600
1,7634700
1,7641800
1,7460100
1,7617800
1,7482200
1,8558900
0,7560800
0,7559900
0,7465900
1,8124800
1,7466000
0,7611200
1,7483000
1,7566100
0,7531400
1,7792200
1,7799700
0,7800700
0,7799700
0,7795000
0,7781600
0,7936300
1,7778200
1,7827700
1,7800600
1,7907000
0,7811000
0,7699800
1,7478800
1,7698900
1,7463500
0,8330300
1,7966700
0,7612300
1,7536000
0,7527700
1,7482200
0,7547800
0,7494200
0,7545600
0,7510600
1,9472900
0,8806700
0,7666300
0,7614500
1,7667100
0,7651200
0,7670000
0,7619200
0,7751800
1,7641600
0,8585300
0,7625800
1,7699200
0,7600200
0,7595500
1,7483500
0,7537700
1,7657000
1,8172800
0,8412600
1,8209700
0,8428600
1,7445900
0,7630100
1,7470900
0,7676400
0,7608700
1,7805800
1,7621600
0,7701000
1,7598000
0,7683600
0,7639500
1,7678500
0,7699500
0,7620600
0,8336200
0,7763200
0,7487800
0,7588700
0,7503500
0,7547100
1,7446900
1,7478800
1,7635700
1,7463700
1,7514500
0,7463000
0,7573300
0,7477600
1,7528000
1,7402300
0,7511900
0,7388100
1,7505800
0,7312800
1,7982900
1,7376400
1,8042600
1,7726700
1,7626500
1,7513400
1,7565000
1,7347300
0,7650800
0,7884800
1,7660300
1,7665200
0,7709900
0,7634000
1,7652400
0,7635100
0,7692100
1,7617100
0,7670900
0,7632300
0,7680700
0,7631700
1,7661200
1,7658100
0,7622200
1,7674200
0,7608400
1,7731700
0,7621100
0,7761100
1,7597700
0,7767100
0,7620000
1,7672600
1,7519100
1,7514100
0,7379700
1,7435000
0,7457400
0,7496200
1,7355700
0,7394500
0,7337000
0,7754900
1,7388100
0,7448000
0,7394900
1,7548900
1,7359100
0,7592000
1,7448300
0,7605900
1,7570700
1,7451400
1,8183000
0,7665500
1,7395500
1,7333100
1,7768600
0,7439200
1,7477500
1,7547900
0,7715400
0,7671400
1,7717800
0,7653700
1,7804400
0,7677000
0,7759800
0,7670800
0,7821100
0,7787600
0,8686800
1,7857900
1,7887200
1,7973600
0,7897100
1,7997700
1,7850100
1,7851700
0,7830600
1,7847600
1,7825700
1,7871300
1,7772800
0,7953000
1,7785000
1,7829500
1,7603900
0,8006300
1,7607200
0,7690500
0,7621000
0,7703400
0,7650400
1,7735200
0,7620000
1,7699800
1,7597100
1,7699800
0,7618200
0,7701200
0,7607500
0,7762900
1,7616900
0,7777600
0,7607200
1,7717400
0,7620700
1,7843700
1,7701600
1,7865500
0,7686300
1,7697700
0,7609600
0,7778600
1,7601100
1,7937500
0,7838200
1,7794100
1,7723300
1,8154600
0,8588100
1,7702900
1,7629000
0,7691400
1,7441600
1,7559100
0,7480200
1,7669100
1,7447700
0,7880500
1,7468700
1,7548100
0,7457000
1,7481900
1,7547300
1,7553500
0,7552500
1,7832000
1,8410500
1,7619000
1,7514100
1,7479600
0,7736700
0,7517700
1,7547900
0,7460500
0,7562100
1,7461100
1,7545400
1,7500300
0,7698100
1,7618000
0,7674600
0,7617900
1,7686800
0,7635300
0,7681400
1,7638000
1,7671000
1,7612800
1,7660400
0,7616100
1,8118300
0,8193100
1,9084900
0,9121700
1,7662000
0,7478300
1,7892000
0,7486800
1,7575200
0,7476000
0,7611200
1,7563100
1,7607400
0,7783800
1,7789300
0,7807900
0,7791800
1,7822700
0,7801700
1,7840000
0,7849400
0,7795700
0,7782300
1,7820100
1,7786900
1,7780200
0,7708700
0,7641700
1,7773800
0,7630800
0,7672500
0,7737200
0,7722800
0,7634700
0,7705700
0,7620000
0,7692400
0,7631900
0,9210100
0,9064200
1,9617600
0,7869900
0,7631700
1,7821100
0,7626100
1,7805000
0,7691600
0,7789300
0,7622700
1,7706200
0,7631800
0,8995500
1,7606500
0,7702700
0,7617900
1,8315200
0,7673600
1,7694600
0,7731100
0,7779300
0,7747600
0,8118700
1,7918200
1,8318100
1,8094400
0,7832000
1,7763100
1,7817400
1,7800300
0,7926300
1,7815500
1,7866800
0,7822300
0,7833600
1,7787500
1,7887800
0,7822800
0,7920000
0,7666800
1,7743900
0,7661800
1,7729200
1,7622500
0,8459700
1,7670900
1,7779100
0,7670000
0,7822400
1,7609900
1,7779500
1,7775200
0,7811500
0,7788000
0,7811800
1,7759500
0,7837200
1,7764900
0,7851200
0,7772200
1,7834400
1,7761900
0,7819100
0,7751100
0,8020900
0,7626400
0,7700200
0,7609600
1,7734300
0,7624600
0,8155200
1,7698900
1,7722800
1,7762800
1,7981700
1,7659000
0,7758400
1,7715600
1,8024700
1,7653000
0,9328400
0,7631000
1,7684800
0,7620400
1,7703600
0,7619800
0,8111600
0,8971200
1,8533700
1,7881200
1,7830700
0,7946300
0,7820800
0,7877100
0,7855400
1,7813700
1,7934100
0,7832900
0,7850200
0,7803300
1,7801600
0,7823800
0,7821900
0,8050700
1,7805400
1,7819600
1,7814300
1,7793000
1,7880400
0,7819400
1,7796000
1,7790900
0,7796400
1,7901900
0,7804300
0,7810800
1,7805800
1,7812800
0,7824000
1,7968100
1,7862200
0,7856900
1,7800500
1,7797700
1,7804900
0,8458600
0,7800500
0,7812600
1,7805600
0,7837800
0,7799800
0,7788500
1,7801800
1,7931100
0,7793900
0,7810600
0,7798200
0,7839700
1,7781900
1,7792200
1,7842000
1,8001000
1,8334000
0,7934000
0,8633800
0,8303100
1,8819200
1,8122400
1,8824400
1,8239800
0,8795000
0,7521100
0,7803600
0,7787900
1,7809200
0,7796600
0,7805600
1,7771400
1,7832200
0,7828300
1,7828400
0,7795100
0,8517000
1,8688200
1,7910600
1,7606400
0,7760600
0,7611500
1,7741700
0,7662600
0,7705200
0,7612500
1,7700900
0,7624000
1,7800100
0,7651900
0,7677400
1,7580800
0,7717300
0,7457200
0,7629600
1,7488300
1,7495600
0,7757800
0,7564900
0,7565600
1,7479800
0,7962600
1,7483700
1,7544400
0,7660200
1,7653600
1,7841000
1,7679500
0,7722000
0,7716800
1,7717800
1,7693800
0,7653400
1,7661900
1,7639400
0,7700800
0,7631900
0,7709200
0,7618300
1,7786700
1,7620800
0,7672800
1,7707000
1,8156000
1,7621100
0,7791700
0,7702100
1,7686600
0,7682100
0,7740600
1,7739600
1,7670800
1,7620300
1,7666800
0,7620900
1,7853600
0,7636400
0,7885900
0,7713100
1,7725500
0,7681600
1,7662000
0,7616200
0,7736800
0,7611100
1,7556000
0,7461400
1,7569200
1,7758700
1,7543900
0,7937200
0,7542800
1,7617200
0,7525700
1,7661700
1,7465500
1,7796100
0,7611300
1,7762100
1,7604300
0,7757100
1,7638800
1,7815800
0,7619900
1,7737400
1,7601000
1,7866600
0,8048100
0,8128900
0,8619700
1,7850100
1,7789600
1,7811700
1,7761300
1,7925700
1,7917400
1,7882100
0,7821300
1,7850300
1,7760700
1,7798700
1,7778200
0,7876400
1,7764900
1,8297100
1,7795000
0,8196700
1,7766200
1,7796600
0,7793300
0,7817400
1,7769900
1,7813300
1,7790100
0,7820500
1,7655400
1,8004700
0,7886200
1,8024300
1,7839700
0,7805600
0,7611400
0,7681300
1,7685700
1,7830300
1,7602500
0,8130100
0,7838300
1,7855500
1,7762300
1,7819300
0,7787100
0,7830900
1,7761300
0,7798400
1,7765500
1,7944400
0,7773500
0,7796700
0,7782600
1,7774000
0,7517600
0,7573700
0,7498100
1,7595500
1,7446200
1,7815300
1,7446500
0,8063100
1,7615200
0,7669600
0,7470300
0,7645900
0,7617600
0,7680400
1,7849600
1,7719500
0,7646500
0,7689800
1,7704200
0,7759600
0,7610000
1,7921400
0,7642700
1,7896700
1,7961100
1,7792500
0,7696100
0,7725200
0,7641700
0,7738000
0,7714500
0,7736900
1,7621400
1,7737800
1,7711400
0,7679500
0,7706200
1,7685400
0,8166400
0,7693700
1,7716800
1,7660700
1,7733800
0,7673200
1,7740400
1,7678300
1,8216400
0,7687100
1,7714400
0,7687900
0,7722200
0,7675000
1,7719700
0,7677000
1,7698300
1,7658900
0,7907200
0,7692800
0,7986800
1,7637500
0,7861600
0,7691400
1,7812700
1,7705600
1,7680900
1,7696000
1,7711000
0,7703100
0,7696900
0,7679800
0,7906500
1,7744800
1,7618500
0,7677500
0,7738400
0,7676300
1,7749900
1,7623000
1,7612200
1,7537500
1,7700500
0,7491100
0,7610400
0,7562500
0,7560400
1,7594100
0,7638400
0,7599300
1,7606700
1,7501000
0,7691600
1,7657800
1,8045700
0,7522300
1,7588900
1,7574600
0,7745300
1,7504400
0,7667600
1,7529900
1,8139600
1,7581100
0,7562100
1,7511100
0,8003100
1,8112100
1,8232000
1,7666400
1,7683000
1,7642200
1,7661800
1,7617000
1,7704100
1,7773700
1,7601800
1,7753700
1,7739300
0,7866600
1,7958200
0,8168500
1,7831200
1,8143300
1,7765300
1,7702100
0,7670600
0,7618600
0,7688800
1,7626900
0,7745500
1,7641200
1,7667600
1,7641400
1,7665800
1,7634200
1,7708200
1,7866300
1,7732200
0,7762200
0,7694100
0,7754200
0,7609800
0,7709800
0,7619800
0,8090800
0,7618900
1,7768800
1,7615800
1,7682800
1,7600200
0,7672400
1,7617300
1,8821400
1,7601100
1,7704900
0,7640700
1,7683700
1,7600000
1,7768500
1,7619800
1,7683600
1,7600900
1,7705900
0,7656400
1,8698400
1,7602300
1,7694300
0,7641100
0,7700200
1,7374900
0,7526400
0,7393500
1,7487300
0,7306300
1,7478600
0,7394100
0,8309900
0,7505900
1,9075600
1,8247300
0,7496700
1,7359000
1,7672700
0,7621000
1,7684200
0,7607500
0,7984600
1,7607900
1,7728200
1,7801900
0,7700000
1,7606400
1,7681000
1,7600100
0,7678400
1,7604500
0,7761200
0,7608400
1,7716600
1,7604600
0,7729300
1,7755100
1,7877100
0,7625900
0,7748100
1,7599400
0,7709100
1,7602300
1,7588300
1,7446500
0,7559500
1,7447600
1,7580900
1,7445900
0,7589100
1,7452700
0,7531000
0,7631500
1,7497900
1,7499600
0,7477900
0,7522000
0,7418800
1,7780300
1,7508400
1,8543200
1,7623800
1,7881000
1,7376200
1,7351900
0,7394500
0,7508200
0,7390100
0,7429200
1,7469900
0,7519900
0,7475800
0,7550700
0,7464600
1,8403400
0,8302200
1,8430900
0,8329400
1,7535300
0,7675100
1,8304300
0,7538800
0,8028000
0,7640700
1,7717800
1,7638900
0,7715100
0,7635800
0,7706700
1,7675900
1,7664700
1,7618100
0,7683000
0,7620000
0,7680000
0,7557400
1,7527900
0,7463600
1,7599500
0,7512100
0,7601700
0,7701100
0,7723300
0,7479800
0,7569800
1,7481600
0,7624100
0,7491600
1,7598100
1,7479600
1,7933500
1,7562200
1,7634700
1,7557900
1,7608800
1,7501900
0,7732300
1,7550800
1,7673600
0,7567700
1,7583100
0,7533300
1,7613700
1,7504200
1,7911300
1,7591600
0,7601500
0,7592200
1,7532800
1,7556000
0,7770300
1,7551900
1,7872800
0,7694500
0,7611800
0,7580900
1,7662200
0,7528000
1,8057800
1,8558900
0,8630600
0,8705100
0,8723200
1,7464200
0,7527700
1,7481700
1,7570600
0,7664700
1,7809100
1,7799200
0,7942300
1,7785600
0,7853000
1,7797300
0,8175900
1,7787400
0,7800800
0,7782200
0,7825300
1,7777000
0,7743200
1,7634800
0,7742100
1,7618700
0,7668500
0,7617800
0,7828300
0,7632500
1,7658500
0,7620000
0,7711300
1,7615400
1,7655600
0,7421200
1,7433600
0,7384200
1,7448000
1,7333100
0,7614900
0,7388100
0,7363200
1,7464400
0,7392000
0,7521100
0,7395500
1,7415700
0,7390100
0,7474500
1,7354600
0,7597900
0,7421100
1,7519300
0,7363800
1,7388600
1,7579000
0,7445400
1,7355300
0,7562800
1,7525000
1,7653200
1,7548100
1,7914400
1,7861200
0,8075100
0,7679500
1,7583500
0,7600600
0,7990700
0,7528500
1,7554100
0,7555500
0,7923900
0,7559300
0,8002300
1,7687200
1,7772300
1,9031900
0,8281500
1,7942300
1,7965900
1,7926300
0,7969900
0,8062300
1,8272500
1,7921900
1,7865100
1,7809300
0,7820000
1,7791800
1,7839800
1,7787200
0,7827700
0,7781500
0,7789400
0,7798000
1,7823200
1,7786000
0,9023800
0,7802000
1,7844800
0,7793400
1,7839000
0,7784600
1,7826900
1,7763000
1,7822600
1,7766400
1,7824300
0,7774100
0,7797400
1,7764200
1,7727900
0,7611100
1,8251400
0,7624700
0,7738600
1,7599800
1,7699800
0,7623000
0,7719700
0,7609500
1,7704300
1,7601200
0,7715100
0,7611700
0,7812000
0,7620800
0,7730400
1,7597900
1,7704000
0,7621500
0,7772000
0,7612400
1,7700100
1,7615000
0,7708200
1,7602500
0,7567900
0,7478100
1,7538100
0,7458000
0,7636300
0,7831000
0,7665500
1,7770500
0,7626600
0,7482300
1,7987800
0,8048700
0,7600700
0,7641800
0,7684200
1,7602700
0,7668200
1,7617200
0,7697900
1,7868200
1,7715700
0,7630200
1,7676600
0,7608700
1,7696700
0,7669900
0,7542700
0,7454700
0,7616900
0,7481700
1,7540900
1,7450600
1,7483400
0,7629000
1,7495200
1,7508500
0,7463800
1,7707600
1,7460700
0,7493300
0,7372400
0,7638100
0,7388300
1,8122300
0,7471400
0,7860400
1,7671400
1,8243900
0,7836500
0,7954600
0,7386000
1,7893500
0,7771500
0,7696200
1,7618300
1,7735800
1,7565600
1,7636900
1,7619900
0,7668900
0,7639600
1,7989800
1,7870100
0,8149500
0,7990300
0,7868600
0,7638800
0,7733500
1,7681200
1,7666800
1,7619200
0,7739000
0,7635600
0,7686100
1,7615700
0,7704700
0,7633400
0,7677500
0,7509400
1,8245800
1,7609600
1,7557100
0,7556000
1,7800900
0,8061400
0,7535400
1,7460800
1,7530500
0,7465100
1,7554100
0,7478100
1,7678000
0,7860100
1,7703200
0,7632700
0,7696600
1,7637300
1,7799700
1,7619500
1,7709500
0,7618000
1,7661100
1,7615900
1,7802700
1,7559000
1,7482900
1,7536300
0,7477800
0,7549800
1,7482800
0,7794800
0,7641500
1,8516900
0,7612500
0,7634000
1,7550000
0,7911500
1,7653300
0,7673500
0,7631400
0,7719900
1,7601600
1,7681500
0,7630500
1,7834200
1,7600800
1,7690100
0,7671900
0,7625800
0,7620900
0,7744400
0,7455200
0,7593200
1,7446600
1,7536000
1,7547100
1,7542300
1,7601400
1,7572400
0,7455800
1,7645200
1,7456800
1,7696400
1,7446200
1,7583500
0,7466900
1,7595900
1,7478500
1,8342300
1,7804900
0,7798500
1,7482700
1,7545900
0,7462600
1,7559800
0,7451400
0,8169300
1,7901900
0,8779100
1,8389800
1,8312500
1,8425700
0,7770900
0,7990100
0,8650700
1,8420000
1,8823900
0,8904800
0,7755000
1,7813600
0,7793400
1,7775900
0,7781700
0,7881600
0,7802700
1,7779400
1,7808200
0,7854300
0,7807900
0,7869000
0,7881700
1,7817300
0,7843100
0,7819400
1,7859300
1,7831600
0,7857000
1,7816400
0,7849200
0,7887400
1,7824600
0,9370600
1,7868900
0,7859400
0,8425100
1,7647900
1,7667000
1,7614800
1,7686000
1,7685700
1,7741200
0,7620700
1,7809900
0,7620100
1,7697700
0,7632800
1,7694100
0,7627400
0,7617500
1,8212600
0,7666100
0,7719800
0,7617200
0,7737500
0,7634200
1,7930500
0,7652300
0,7674500
0,7633600
1,7680000
0,7617300
0,7858900
0,7650000
0,7766200
0,7620400
1,7705800
0,7671200
1,7661000
0,7617200
1,7773700
0,7649900
1,7667700
1,7636400
1,8066600
1,7641700
0,8002000
0,7845700
1,8259600
1,7811300
0,7917300
1,7994100
0,7993100
1,7724600
0,7692000
0,7619400
1,7758600
0,7839600
0,7788600
1,7799000
0,7950100
1,7780000
1,7779300
0,7779500
1,7803200
1,7780500
0,7799800
1,7811200
0,7837300
0,7650700
1,7557600
1,7684900
1,7568600
0,7477200
1,7665700
0,7464500
1,7818600
1,7463700
0,7535900
0,7465100
0,7603000
1,7492200
0,7608200
1,7481100
1,7526500
1,7463500
1,8450500
0,7552700
1,8033700
0,7532400
0,7566200
0,7464200
1,7555800
1,7459800
0,7887900
1,7836100
1,7716800
0,7632400
0,7658500
0,7620800
0,7715400
1,7617500
1,7769500
0,7620000
1,7735700
1,7619700
0,7667400
0,7635800
1,7542000
0,7387000
0,7364300
0,7427700
0,7376500
1,9579100
0,7361300
0,8095800
0,7570400
0,8079900
1,7750200
0,7891300
0,7790400
1,8286500
0,7626400
0,7691500
0,7634000
1,7787200
0,7607100
0,7682300
0,7620700
1,7689200
1,7597700
0,7698100
1,7713100
1,7735800
1,7698900
0,8417200
1,7904400
0,7803300
0,7938600
0,8002700
1,7601600
0,7696500
0,7635300
1,7759600
1,7602900
1,7683900
0,7645300
1,7702000
0,7622300
1,7682600
0,7630700
0,7679900
0,7623800
1,7846100
1,7618600
1,7803300
0,7622900
0,7693500
1,7612400
1,7861000
0,7507800
1,7700300
0,7724100
0,8039600
0,7685800
1,7707000
0,7631400
1,7540100
0,7465700
1,7603700
0,7639400
1,7556600
0,7464800
1,7665300
0,7613100
0,7681300
0,7620000
0,7747500
1,7602900
1,7703900
0,7621800
1,7695600
0,7607700
1,7703200
1,7603400
1,7882900
1,7916400
0,8489600
1,7913500
0,8516300
0,8636200
0,9226700
0,7911700
0,8421600
1,9053400
0,7697500
1,7655200
1,7461900
0,7656700
0,7780200
1,7857600
0,7890100
1,7845900
1,7827300
0,7856800
0,7796500
0,7788800
1,7799100
0,7953700
0,7796500
1,7778800
1,7707500
0,7688900
1,7618300
1,7667400
1,7654500
1,7685900
0,7727000
1,7659300
1,7654000
1,7666000
1,7617400
1,7794500
1,7655300
1,7495400
0,7391500
1,7384100
1,7505800
0,7315800
0,7432500
1,7354300
0,7688900
1,8071900
0,7763900
1,7464100
0,7654500
1,7360600
1,7505500
0,7571200
1,7602100
0,7468600
0,7536800
0,7460500
1,7696000
0,7468800
1,7543100
0,7457500
1,7578600
0,7463600
1,7617900
1,8036500
1,7636500
1,7469000
1,7622200
1,7481600
1,7676800
1,7488100
0,7576600
0,7457300
0,7554500
0,7465600
0,7544400
0,7529800
0,7626900
1,7820900
0,7594000
1,7442800
0,7552500
0,7466700
1,7586000
1,7452300
0,7830500
0,7468900
1,7668000
1,7441500
0,7501200
1,7594500
1,7596900
0,7670700
0,7729100
1,8118000
0,7635500
1,7657200
1,7824300
0,7760100
0,7633900
1,7684900
1,7638900
1,7665500
1,7618200
0,7587400
0,7375500
1,7733600
1,7374300
1,7452200
0,7376400
1,7651900
1,7374900
0,7442600
1,7392800
0,7439200
0,7387100
0,7902700
0,7928400
0,7771700
1,7615000
0,7679700
0,7618800
1,7664300
0,7633300
1,7667400
0,7618200
1,7701800
1,7614400
1,7684000
0,7619500
1,7620200
1,7462200
0,7707400
0,7463300
0,7465800
1,7541300
0,7472200
1,7676400
0,7465700
0,8503700
0,8678100
0,8696100
1,8704500
1,7815000
0,7814400
0,7815800
1,7941900
0,7834200
0,7820300
0,7791100
1,7804400
1,7806200
0,7795900
1,7801100
0,7809500
1,7818100
1,7775800
1,7797500
1,7791200
1,7796100
0,7924100
1,7805600
0,7865700
0,7804600
1,7775000
1,7799900
0,7819700
1,7777500
0,7780100
0,7619000
1,7874700
1,7620900
0,7669900
1,7636400
0,7692800
0,7630700
0,7670200
1,7634500
0,7740900
0,7634500
1,7662200
0,7578600
1,7703600
1,8327600
0,7558000
1,7440000
0,7483300
1,7928000
1,7294800
1,7523600
0,7387700
0,7714100
1,7453800
0,8105700
1,7767200
1,7642800
1,7475500
0,7503800
1,7491900
1,7648500
1,7510100
0,7660500
1,7517800
1,8117700
0,7961700
1,7625000
0,7684700
0,7650500
1,7786100
0,7750600
0,7728400
1,7693700
0,7697200
0,8297200
0,8367000
0,8011000
1,8404200
1,7733000
0,7736400
0,7674400
1,7726300
1,7870400
1,7841000
1,7827100
0,7840900
0,7802800
1,7806600
1,7880300
1,7803000
0,7807500
0,7814600
0,7796000
0,7798400
0,7698700
1,7692600
0,7828400
0,7693400
1,7634400
1,7605000
1,7734100
0,7648500
1,7748400
0,7621000
0,7696900
1,7613800
0,7689700
0,7548500
0,7615500
0,7380900
1,7489600
0,7317000
1,7396400
1,7367500
1,8751900
0,7453600
1,7515800
1,7638900
0,7722500
1,7300000
1,7813900
1,7615000
0,7684300
0,7616600
1,7978700
0,7647900
1,7693300
1,7601900
0,7692400
1,7612000
1,7803100
1,7601500
1,7747500
0,7502000
1,7635800
0,7420000
1,7442800
0,7467400
0,7605200
1,7602400
1,7466800
1,7690700
0,7530300
1,7436800
1,7435500
0,7378000
1,7585500
1,8751300
1,7766400
0,7635400
1,7817800
1,7654800
0,7798900
0,7938800
1,7734900
1,7646200
0,7765000
1,7640800
0,7717100
0,7633500
1,7866000
0,7530700
0,7480600
0,7568100
1,7560500
1,7632800
1,7497500
1,7613000
1,7543400
0,7622000
1,7495900
1,7744300
1,7572000
0,7595100
1,7351500
0,7772100
0,7407300
0,7366300
1,7252100
1,7647700
1,7389200
0,7566200
0,7627600
0,7989600
1,8131300
1,8015300
0,7629000
0,8094600
1,7617300
1,7694000
1,7637100
0,7726500
0,7633300
1,7659900
0,7619200
0,7744100
0,7632400
0,7844500
0,7625000
1,7833400
0,7782700
0,7858200
1,7639200
0,7837400
0,7533400
1,7617500
1,7637800
0,8479700
1,7619600
0,7681600
0,7621900
0,7714700
0,7632100
0,7710000
1,7638800
0,7703200
0,7633400
1,7829300
0,7802100
1,7722900
1,7654300
0,7702800
1,7679600
0,7726800
0,7639900
0,7516000
0,7552600
1,7684800
0,7628600
1,7387900
1,7567100
0,8421700
1,7794900
1,7400900
0,7733700
1,7318400
0,7708600
0,7909900
1,7882300
0,7720000
0,7659800
1,7712100
1,7685100
0,7752500
0,7705400
1,7636100
1,7813100
0,7658600
0,7759000
0,7625600
1,7745000
0,7457500
1,8598600
1,7531600
1,7565500
0,7451000
0,7597900
1,7315300
1,7503900
1,7388400
1,7491700
1,7315800
1,7735300
1,7382100
1,7711300
0,7476500
0,7682100
1,7528000
1,7735000
0,7591500
1,7638700
1,7825100
1,7644400
0,7564600
0,7598100
0,7541000
0,7749700
0,7549200
0,7573500
1,7519500
1,7605400
1,7573800
0,7622200
1,7603400
0,7800000
1,8012100
0,8087500
0,8481800
1,8143600
0,8517800
1,7901200
1,7715900
0,7720700
0,7680900
1,8034100
0,8079600
1,8071800
0,8918300
0,7863300
1,8045400
1,7754800
0,7630200
0,8314400
0,7840100
1,7908400
0,7866700
1,7880700
0,7812700
0,7890300
0,7808400
1,7873600
0,7828900
1,7842400
0,7817100
0,7992300
0,7832900
0,7835600
0,7815000
0,8164000
0,7861200
0,7856700
0,7791700
0,7838500
1,7862700
1,7822300
1,7815800
0,7831300
0,7919700
1,7877800
0,7717200
1,7656000
0,7749200
0,7671700
0,7655200
1,7745400
0,7659800
0,7745400
1,7639300
0,8424600
0,8142200
1,7975200
1,7996200
0,7700300
1,7700300
1,7665200
0,7719900
1,7700100
0,7879400
0,7658400
0,7716200
1,7698700
1,7707300
1,7643400
0,7851800
0,7684700
1,7883900
1,7658400
0,7697100
0,7664100
0,7724500
1,7687400
0,7631600
1,7804000
0,7779400
0,7952600
1,7710800
0,7640600
0,7778100
0,7721500
0,7714800
1,7689000
1,7717500
1,7659500
0,7658400
0,7730700
0,7661800
0,7748200
1,7652900
0,8073800
1,7543100
0,7621900
1,7559900
0,7659300
1,7470200
1,7768700
0,7553900
1,7802400
1,7464700
1,7883500
1,8004800
1,8135500
0,7559100
1,7759700
1,7636900
1,8065300
0,7664800
0,7823400
1,7640000
1,7907500
0,7672000
1,7917200
1,7614900
1,7732900
1,7644400
1,7793700
1,7623300
0,7732300
0,7664300
1,7743700
1,7643100
0,7704400
0,7670900
1,8078500
1,7639500
1,7744700
1,7754300
1,8038800
1,7600600
0,7669700
1,7468000
0,7650600
1,7512500
0,7636800
1,7488100
0,7674200
1,7546200
0,7601100
1,7505900
0,7618100
1,7521100
1,7594900
0,7415200
0,7563400
0,7412300
0,7418300
0,7456700
1,7431300
1,7648700
0,7413900
1,7396100
0,7431400
1,7730000
1,7433600
1,7455200
1,7447400
1,7666100
1,7415200
1,7380400
1,7435900
1,7693900
1,7496200
0,7568400
1,7511100
1,7487000
1,7424000
1,7395400
0,7489700
0,8440600
0,7697500
1,7974200
1,7659200
1,7708200
0,7660900
0,7711900
1,7651400
1,7702500
1,7677600
0,7772100
1,7638900
0,7646700
0,7810600
0,7565100
1,7563600
1,7516300
1,7641800
0,7565400
1,7772700
0,7480300
1,7853700
1,7540100
0,7614600
0,7473600
0,7610300
1,7542300
0,7584900
1,7318000
0,7905400
1,7438900
0,7515700
1,7316500
0,7729300
1,7422000
1,7496200
0,7432300
1,7542400
1,7419600
1,7582100
1,7409700
1,7782000
0,7750700
1,7623400
0,7476100
1,7646600
0,7561900
1,7615300
0,7508100
1,7558600
0,7617500
0,7555300
0,7560300
0,7492600
1,7611300
0,7426300
0,7406300
1,7435600
1,7581300
0,7426600
1,7610300
0,7454600
1,7503600
0,7434100
1,7470900
0,7419800
0,7573000
1,7420100
1,7446300
0,7759300
0,8628000
1,7703000
1,7735500
1,7414700
0,7527700
0,7671400
0,7888900
1,7381800
0,7577200
1,7419600
1,7698500
0,7633300
0,7766400
1,7659400
0,7753600
0,7674300
1,8063400
0,7769400
1,7708500
1,7697700
1,7812400
1,7660700
1,7867200
1,8270700
0,7636300
1,7483400
0,7566500
1,7576600
0,7669700
1,7483400
0,7598700
0,7592200
1,7521600
0,7564900
1,7482800
0,7623000
1,7416200
1,9488700
0,7361800
1,8731700
1,8451100
0,9186300
0,15079800
1,9505100
1,8087200
1,8346900
0,7412700
1,7790800
1,7786100
0,7893100
0,7823800
1,7978500
1,7807400
1,7980200
0,7820400
0,7849300
1,7823100
1,7840100
0,7879000
1,7871500
1,7664000
1,7815200
1,7676600
0,7709400
0,7685600
1,7734800
0,7635400
1,7950700
1,7682900
0,7754900
1,7623600
1,7747000
1,7665900
1,8015200
1,7817600
0,7943800
1,8140500
1,7764600
0,7652400
1,7801200
0,8491500
0,7757400
0,7646300
0,7756500
1,7628500
0,7844300
1,7639600
0,7913600
0,7665600
0,7700600
1,7636900
0,7742100
0,7664600
0,7723200
1,7643200
0,7743800
0,7659100
0,7753300
1,7491700
0,7626700
1,7403000
1,7446900
0,7413100
0,7513600
1,7408000
1,7606500
0,7326400
1,8019100
1,7376400
1,7432800
0,7409200
0,7571600
0,7399500
0,7467500
1,7313100
1,7442600
1,7485500
1,7333500
1,7579000
0,7595500
1,7720900
0,7382700
0,7546500
1,7455600
0,7517500
0,7344700
0,8465800
0,8082600
0,8824400
0,9296000
1,7891200
1,7538200
0,7821600
0,7591600
1,7474200
0,7547800
1,8339600
1,7716200
1,7871000
1,7910900
0,7790400
1,7799900
0,7816300
0,7803800
1,7772900
0,7810500
0,7788300
1,7809500
1,7763600
1,7807700
1,7557400
0,7440100
0,7378100
1,7373600
1,7418600
0,7370600
1,7425300
0,7329400
1,7569900
1,7452700
0,7567800
1,7313300
1,7434700
1,7391900
1,7433400
1,7314200
0,7468800
1,7425900
0,7510800
0,7325900
0,7769500
1,7425800
0,7448700
0,7331100
1,7370600
1,7624100
1,7356800
1,7450200
0,7382300
0,7515100
1,7358400
0,7468700
0,7402200
0,7792700
0,7375600
1,7433500
0,7377500
1,7533500
0,7408700
1,8138700
1,7543500
1,7633600
1,7753100
1,7594900
0,7476800
1,7540900
0,7465900
1,7549600
0,7574300
1,7608000
0,7526500
1,8001000
1,7447300
1,7673800
1,7703400
1,7608000
0,7746400
0,7708100
0,7656300
1,7641800
1,7661900
1,7723100
1,7657100
1,7637100
0,7677200
1,7633700
0,7785700
1,7634900
1,7654800
0,7797400
1,7821500
0,7648800
0,7668600
0,7619800
0,7686600
0,7647900
0,7732500
0,7620200
0,7669800
0,7663100
0,7460500
1,7335500
0,7558900
0,7401800
0,7458700
1,8949300
1,9391300
1,7758700
1,8035200
1,8215500
1,7683600
0,7553200
1,7577000
1,7636800
0,7763200
1,7618500
0,7669000
0,7619900
0,7699800
1,7615700
1,7658600
1,7640700
1,7692800
1,7619500
1,7673700
1,7563400
1,7561200
0,7385400
1,7865400
1,7396400
0,7594000
1,7552600
1,7392500
1,7392900
0,8406400
0,8544500
0,7708000
1,7337000
0,7630100
1,7782000
0,7813100
1,7822400
1,7816600
0,7807000
0,7898400
1,7831500
1,7815800
0,7795500
1,7766100
0,7807000
1,7792100
0,7792700
1,7772100
1,7819300
0,7801200
0,7792700
1,7886000
0,7792600
1,7769500
0,7800700
0,7778500
0,7795000
1,7907400
1,7782500
1,7546400
1,7424700
0,7494600
0,7450000
1,7295300
0,7551100
0,7346400
0,7485900
1,7294900
0,9616200
1,9410200
1,7622800
1,7453000
1,7616700
0,7544300
1,7460400
1,7512300
0,7461600
0,7463600
1,7720800
0,7475000
0,7958800
0,7469100
1,7618300
1,7486500
1,7865100
0,7464000
0,7868900
1,9006100
0,10268100
1,8298100
1,8608600
0,8443300
1,8311900
0,7635000
1,7485100
0,7559900
1,7482000
1,7640800
0,7812000
1,7774000
0,7777200
1,7792500
1,7824900
1,7792100
1,7722000
1,7874700
1,7813900
0,7806700
0,7783100
0,7819900
0,7794300
1,7762200
0,7782600
1,7791200
1,7779400
1,7871800
1,7798300
0,7820000
0,7795000
0,7782400
1,7800400
1,7813500
1,7777400
0,7550500
0,7313900
0,7546900
1,7372600
1,7522000
0,7375800
0,7471200
1,7375600
0,7491500
0,7375100
1,7766600
0,7391600
1,7408300
1,7455500
0,7556200
0,7479000
1,7544000
1,7481800
1,7697700
1,7580900
0,7523500
0,7465800
1,7515300
1,7563600
0,7454000
1,7573700
1,7468700
1,7648300
1,7353700
1,7511500
0,7392000
1,7449900
1,7294000
1,8349200
1,7503400
0,8413600
1,7356200
1,7567900
1,7409300
0,7515100
0,7449400
0,7534500
1,7533500
1,7531500
1,7482800
0,7528300
1,7483100
1,7681000
1,7445300
0,7562200
0,7483600
1,7624000
1,7447200
0,7934700
0,7792800
1,7924900
0,7450400
1,7585000
1,7450700
1,7510900
0,7367300
1,7329400
1,8660600
1,9103600
1,8854000
0,9099800
0,7815700
0,7804000
1,7761800
1,7869400
0,7904000
1,8582700
1,7886500
1,7955000
1,7767300
0,7831200
1,7788000
0,7804300
1,7764100
0,7812000
1,7780300
0,8076300
1,7773300
1,7808700
1,7786300
1,7822400
1,7763100
1,7795300
0,7813200
0,7794000
1,7765700
0,7748600
0,7675400
1,8086400
1,7721300
0,8000500
1,7626900
0,7731900
1,7676600
0,7767700
0,7631400
0,7725900
1,7643300
1,7801500
1,7623300
1,7734500
1,7646000
0,7794900
1,7635700
1,7772700
1,7639600
1,7787000
1,7771600
1,7731900
1,7655400
0,8417900
0,10150400
0,7854500
0,8015900
0,8514600
0,7689300
0,8509000
0,8226100
0,8518700
1,7747700
0,7797900
0,7911600
0,7753900
1,7783700
0,7699700
0,7688100
1,7833100
0,7662000
1,7713800
0,7677300
1,7695600
0,7607400
0,7706200
0,7620700
0,7699200
1,7598200
1,7757400
0,7620300
1,7713200
1,7600800
1,7714200
0,7720700
1,7681300
1,7602100
1,7716300
1,7603100
0,7697900
1,7596900
0,7846000
1,7603600
0,7518400
0,7367600
0,7463900
1,7361800
0,7386500
0,7364900
1,7780000
0,7379400
0,7894600
0,7386500
1,7511200
1,7407700
1,7466000
0,7425800
1,7499500
1,7612900
1,7460600
1,7707800
0,7498600
1,7577900
1,7461300
0,7995300
0,7482400
0,7655200
1,7462900
1,7516700
1,7499400
1,7555100
1,7462900
0,7560900
0,7480100
1,7512700
0,7474700
0,7521400
0,7482800
1,7650900
1,7929300
1,7734700
1,7569600
1,7644500
1,7495300
0,7546600
1,7624000
1,7500100
1,7463300
0,7512800
1,7497000
1,7447900
1,7548700
1,7443200
0,10785700
0,7698500
0,7479500
0,7556700
0,7467600
0,7575000
1,7462700
0,7472100
1,7662000
0,7499700
0,7705200
0,7473100
0,7579700
1,7521800
0,8402700
0,7932100
0,7706500
0,7624800
1,8036300
0,7635000
1,7704300
1,7603400
1,7683400
1,7612700
1,7689200
1,7602400
0,7807800
1,7614800
0,7688600
0,7488900
1,7570500
0,7461400
1,7554000
0,7464000
0,7564000
0,7467700
0,7581500
1,7694400
1,8411600
1,8720300
0,9079000
1,8868200
0,7861000
1,7808700
0,7913500
1,7778800
0,7827600
0,7773400
1,7841800
0,7789300
0,7846700
1,7764600
1,7814300
1,7802400
0,7959200
0,7776300
0,7794500
1,7783700
1,7921100
0,7770300
1,7819800
1,7787800
1,7847900
1,7761500
0,8202400
1,7807300
0,7810600
1,7743800
1,7639300
0,7686600
1,7638500
0,7612200
0,7760100
1,7618900
1,7720300
1,7601300
1,7728600
0,7625300
1,7692600
0,7610000
0,7493600
1,7376300
0,7433500
1,7359100
0,7564000
0,7378300
1,7650500
1,7358000
1,9389800
0,7454500
1,7593100
0,7367200
1,7511000
1,7493000
0,7863500
0,7706800
1,7721900
0,7630700
1,8104000
0,7614300
0,7721500
0,7691400
1,7682400
1,7600600
0,7702000
0,7622800
0,7694500
0,7366700
1,7514200
1,7359000
0,7434300
0,7367300
0,7390300
1,7411500
1,7313400
1,7415600
0,7451600
0,7464100
0,7481600
0,7551500
0,7410300
0,7550100
0,7330100
1,7701100
0,8121100
1,7727500
1,7600700
0,7523000
0,7486600
0,8046800
0,7329900
1,7588400
1,7463900
0,7688600
0,7631100
1,7642700
0,7635200
1,7670500
0,7636100
1,7666100
0,7632900
1,7709500
0,7644100
1,7806600
1,7653500
0,7801700
1,7464700
1,7562800
0,7959900
0,7623600
0,7487300
1,7538900
0,7521900
0,7559000
1,7518500
1,7461500
0,7514400
1,7446100
0,7680100
0,7606000
0,7679000
0,7621000
0,7710600
1,7634400
0,7677500
0,7620400
1,7677400
0,7746100
0,7783500
1,7612000
0,7724200
1,7691300
0,7618300
1,7629200
1,7936900
1,7527300
0,7603400
0,7482600
1,7620200
0,7552100
0,7707400
0,7485600
1,7632200
0,7548200
0,7605700
1,7468300
0,7626700
1,7558700
0,7538500
0,7556700
1,7536800
1,7621000
0,7532600
1,8225600
0,7647100
1,7763100
1,7518800
0,7541000
0,7476700
0,7552600
0,7464400
1,7521900
1,7462400
1,7537400
0,7464200
0,7538300
0,7479200
1,7570800
1,7481300
1,7499900
1,7462700
1,7638800
0,7373200
0,7569800
1,7372700
0,7453400
0,7374700
1,7466200
0,8614100
0,8413100
0,9000300
1,8559300
1,7401100
1,7425200
1,7583800
1,7909800
1,7793100
0,7795700
0,7783000
0,7920900
1,7817800
1,7773000
0,7782800
0,7807100
0,7817200
1,7782800
1,7797600
1,7642200
0,7494400
0,7516900
0,7465600
1,7526800
0,7495300
0,7561900
1,7484400
1,7504600
0,7490800
0,7551100
0,7463100
1,7505100
0,7465300
1,7447100
1,7531100
0,7316600
0,7571900
1,7355300
1,7468500
1,7297300
1,7726300
1,7353200
1,7850500
0,7319400
1,12723700
0,8060900
1,7640400
0,7779400
0,7639600
0,7669100
0,7620600
0,7698300
0,7633100
0,7661400
1,7634700
0,7795100
0,7663600
0,7676900
1,7709100
0,7640400
0,7816700
0,7844600
0,7667800
0,7767200
0,8141300
0,7712100
0,7646500
0,7683500
0,7667700
1,7641700
1,7654100
0,7664800
0,7649700
1,7600200
1,7767100
1,7602100
0,7694500
1,7600300
0,7692300
1,7740000
0,7838500
1,7607800
0,7778700
1,7602900
1,7682800
0,7609800
1,7918200
1,8243900
1,7786400
0,7881200
1,7697100
0,7622600
0,7696400
0,7609700
0,7691200
0,7621200
0,7780100
1,7657100
0,7682400
0,7626500
0,7703400
0,7657300
0,7733900
1,7799100
0,8285300
0,7956900
1,8121600
0,10673200
1,10240200
1,8685200
0,7817200
1,7824000
0,7857900
1,7865100
1,7834800
1,7830300
1,7839600
0,7850300
1,7869100
0,7828500
0,7827200
1,7816900
0,7814000
0,7854500
1,7831800
0,7839300
1,7849800
0,7892700
1,7842900
0,7866000
1,7881700
1,7836800
0,7863500
1,7816600
1,7898400
1,8514800
1,7908500
1,8052100
0,7871800
0,7863000
0,8032100
1,7923500
0,7923200
1,7827100
1,7879100
0,7850800
1,7888100
0,7836000
1,7881100
0,7854200
0,7939600
1,7960200
1,7864900
0,7851100
1,8080100
1,7839900
0,8243500
0,8378700
0,7877800
0,7826800
1,8782700
1,7804400
0,7833800
1,7814400
0,7872600
1,7848300
1,7850000
1,7914400
1,7875500
1,7875500
0,7839800
1,8498800
1,7806700
0,8438300
0,7895100
0,7776900
1,7893600
1,7886500
1,7888700
0,7840100
1,7880700
1,7841400
0,7825300
1,7945800
1,7881200
0,7883600
0,7826200
0,8145000
0,7872200
1,7818100
0,7857600
1,7822100
1,7853000
0,7807300
0,7843200
0,7944600
0,7815800
1,7814700
0,7875400
0,7849300
0,7810200
0,8080500
1,7805600
1,9140300
1,7793600
0,7873300
1,7820400
1,7827700
0,7850900
0,7827400
1,7838800
0,7803100
0,7835000
0,8066900
0,7838000
0,7792700
0,7835000
1,7783600
1,7831800
0,7817100
0,7963500
0,7797700
0,8015500
0,7629600
0,7833700
0,7679600
0,7893800
1,7710400
1,7707000
0,7693200
1,7879300
0,7639500
0,7755300
0,7637500
1,7814900
1,7636600
1,7745300
0,7651600
1,7709700
1,7733300
1,7794200
0,7841800
0,7840300
0,7636500
0,8469600
0,10468800
0,8665100
1,7772400
1,7775800
0,7781400
0,7759500
0,7680200
1,7684200
1,7615800
0,7685900
0,7831100
1,7772000
0,7875700
1,7686800
1,7758900
0,7901100
0,7648400
1,7741500
0,7666600
0,7928200
0,7755500
1,7718300
0,7689400
0,8056900
1,7620700
0,7724600
1,7647700
1,7862700
0,7612900
1,7701200
0,7669200
1,8028700
0,7616400
0,7813400
1,7617300
0,7700200
0,7614000
1,7731500
1,7611000
0,7788100
1,7606500
0,8511100
0,7873300
0,7894400
1,7829600
1,7834200
0,7845500
0,7957700
1,7761000
0,7840000
1,7801700
1,7916300
1,8005800
0,7806800
1,7794500
0,7885700
0,7784800
1,7832900
1,7766900
1,7797600
1,7763500
1,7830100
1,7774400
1,7779400
0,7779100
1,7819700
1,7796400
0,7773400
0,7611400
1,7935100
0,7876100
1,7635500
1,7598800
0,7703400
1,7604100
1,7688300
1,7601000
1,7739200
1,7615400
1,7676000
0,7610200
0,9884600
1,9385000
1,7624500
0,7732300
1,7645200
0,7817000
0,7634600
0,7837000
1,7641100
1,7751100
1,7618500
0,7826100
1,7490400
0,7539000
1,7520100
0,7897300
1,7486500
1,7512000
0,8295600
0,8171900
0,8506200
0,7990000
1,7484100
0,7672400
0,7507100
0,7818400
1,7721300
0,7700100
1,7682400
0,7735200
1,7682900
0,7865100
1,7658600
0,7729800
1,7679500
0,7627600
1,7778900
0,7641400
0,7697100
0,7525500
0,7746700
0,7544900
1,7641000
0,7534000
1,7559000
0,7540700
1,7610800
1,7520100
0,7573200
0,7526900
0,7738800
0,7391500
0,8025400
1,8188800
0,8825400
0,9015800
0,9455200
1,8328100
0,8098700
0,8255200
1,7409800
0,7591000
1,7414900
1,7735300
1,7818100
0,7927800
0,7837400
1,7840500
0,7826300
1,7827400
1,7840400
0,7836600
0,7865200
0,7828700
1,7850300
1,7825300
0,7678500
1,7810900
1,7651800
1,8386700
0,7684400
0,7735200
0,7658000
1,7727800
0,7682700
0,7870700
0,7670400
0,7704900
0,7639900
1,7487700
0,7345700
0,7805400
0,7422600
0,7624500
0,7425700
0,7673400
1,7452800
1,8188300
1,7413700
0,7419600
1,7453700
0,7503000
1,7537700
1,7528600
0,7560600
1,7774700
0,7547700
0,7550400
1,7611000
0,7544600
1,7629300
1,7458600
0,7575200
0,7546000
1,7697200
1,7499200
1,7576700
0,7749300
0,7913700
1,7349600
0,7397700
1,7329100
1,7397800
0,7323700
1,8343800
0,7512000
0,7748900
1,7470800
0,8043400
0,7623100
0,7752800
1,7618400
0,7680300
0,7622800
0,7716400
0,7659100
1,7714000
1,7816300
1,7676700
1,7619500
0,7671200
1,7527500
1,7678600
0,7479300
0,7848800
1,7446000
1,7709200
1,7461700
0,7636200
0,7639400
0,7620400
1,7464800
0,7561900
1,7449200
1,7520200
1,7482500
1,7481200
1,7632200
0,7474800
0,7551200
1,7483200
1,7668900
0,7491100
0,7637200
1,7484000
0,7525600
0,7476500
0,7525100
0,7372100
1,7476900
0,7359800
0,7469600
1,7393800
1,7457700
0,7388500
1,7497200
1,7392100
1,7499900
1,7470000
0,7568200
0,7374200
1,7442000
0,7388300
0,7562800
1,7393600
0,7559500
1,7380100
1,7489800
0,7633000
1,7300600
1,7786300
1,7375700
0,7432200
1,7296100
1,8601500
1,7656500
1,7707500
0,7621600
1,7809500
0,7653800
0,7671500
1,7601400
0,8691200
0,7615400
0,7756700
0,7616300
0,7709300
1,7537800
0,7598800
0,7466100
0,7561000
1,7444200
0,7521900
1,7447300
0,7551100
0,7452900
0,7571500
1,7512400
0,7601400
0,7458000
1,7525500
1,7360800
1,7523900
1,7334300
0,7453400
1,7363300
1,7329600
0,7439800
1,7394600
1,7669500
0,7441200
0,7630000
1,7312800
1,7397900
0,7346200
1,8747400
1,7493500
0,7455700
1,7390400
0,7404900
1,7448600
0,7470300
0,7501200
0,7407500
0,7376400
1,7441600
1,7329100
1,7609900
0,7373300
1,7568900
0,7878900
0,7665200
1,7832400
1,7659200
1,7771000
0,7767200
1,7641000
1,7785600
0,7434000
0,7439400
1,7522400
1,7664900
1,7637000
0,7767500
1,7838600
1,7693300
0,7675600
1,7778000
1,7639400
0,7800500
0,7655600
0,7669200
0,7621300
0,7678400
1,7636300
1,7861500
1,7968900
1,7663000
0,7655900
0,7672500
0,7618800
1,7660300
1,7635600
1,7785700
1,7661100
1,8097500
1,7975100
0,7777800
1,7655100
1,7674400
0,7631400
1,7653800
0,7620300
1,7705500
0,7637900
0,7755600
0,7619400
1,7791900
0,7631900
0,7845600
0,7614600
1,7830800
0,7628800
1,7666600
0,7620500
0,7713300
1,7614800
0,7674500
0,7621500
1,7679500
0,7633400
1,7730000
1,7634900
0,7707800
0,7631100
1,7653800
0,7617700
0,8203200
0,7638800
0,7845000
1,7655100
1,7888700
1,7621500
1,8135500
0,8002900
0,8071800
1,7881900
1,7837300
0,7836000
0,7855100
1,7820000
0,7826400
0,7843700
1,7904500
1,7811700
1,7808200
1,7868700
1,7845200
1,7845300
0,7900600
0,7898800
0,7909000
0,7857700
0,7873300
1,7823200
0,7827700
0,7831400
1,7860600
0,7803900
1,8358400
0,7812700
0,7752400
0,7656500
0,7713600
0,7939600
0,7919600
1,7679900
0,8574400
0,7757000
0,7748300
1,7747500
1,7618900
1,8016900
0,8165400
1,7912000
1,7793100
0,8560700
1,7851900
0,7915500
1,7860900
0,7901000
0,7953600
1,7861100
1,7803700
0,7901800
0,7833900
0,7880200
0,7833900
0,7940800
1,8446200
0,7819200
1,7808000
0,7874100
1,7766500
1,7924200
0,7834400
0,7852800
1,7811100
0,7786300
0,7655300
1,7701600
1,7624500
0,8132200
1,8251700
0,7684100
0,7691000
1,7813600
0,7698600
0,7694700
0,7612400
1,7730100
1,7717000
1,7706100
1,7599600
1,8003500
0,7635400
0,7680100
0,7619900
0,7703100
1,7602600
0,7691800
1,7598400
1,7712900
0,7623200
0,7631100
1,7914900
1,7715300
1,7605600
0,7631000
0,7669400
0,7633200
0,7682500
0,7631800
1,7653100
0,7632500
0,7681500
1,7614700
1,7607400
0,7408400
0,7451200
0,7325400
1,7469900
1,7407300
0,7620700
0,7326600
0,7547900
0,7416200
0,7461600
1,7311300
0,9522300
1,7914600
0,7712100
0,7739200
1,7756400
1,7759000
0,7948900
1,7642500
0,7729700
0,7952800
0,7628600
0,7849700
1,7615000
0,7721800
1,8067100
0,8410400
0,7979900
1,7704700
0,7632600
0,7792700
0,7634100
0,7684100
0,7689900
1,7716300
1,7609600
1,7636600
1,7792400
0,7630400
1,7679600
1,7637100
1,8012900
1,7657600
1,7857500
1,7640000
0,7680600
1,7625000
1,7858300
1,7632900
1,7650000
0,7651400
0,8226200
1,7683400
1,7669800
0,7657900
1,7674000
0,7620100
1,7672100
0,7655000
1,7660900
1,7637800
1,8806100
0,7668200
0,7750900
0,7745700
1,7826700
0,7837400
1,7837600
0,7788500
0,7799500
0,7864600
0,7774400
1,7820700
1,7780600
0,7837500
1,7798300
1,7848300
0,7753300
0,7557200
0,7626900
1,7687200
0,7843400
0,7675700
0,7568900
1,7612600
0,7550300
1,7557700
1,7590000
0,7463800
1,7556700
1,7596200
0,7736600
1,7638400
0,7721000
1,7617900
1,7664100
1,7637800
0,7691600
0,7634100
0,7828300
1,7642200
0,7692100
1,7615900
0,7488600
1,7363900
0,7449600
1,7776700
1,7698400
1,7493400
0,8113900
1,7766300
0,7622100
0,7365700
1,7484200
1,7442500
0,7404200
1,7547400
0,7806800
0,7756900
0,8246900
0,8050000
0,7917400
0,7676600
1,7696100
1,7694200
0,7711000
1,7658800
0,7750400
0,7679800
1,7621400
0,7724800
0,7647900
0,7991700
0,7697700
0,7908900
1,7774100
1,7773600
1,7640400
0,7721100
1,7638900
1,7906100
0,7657500
1,7796300
0,7632000
1,7810500
0,7655300
1,9917000
1,7680200
1,7640400
0,7754200
0,7635900
0,7849300
1,7635700
0,7669100
0,7635400
0,7794300
0,7626600
0,7686200
1,7665400
0,7688200
1,7639900
1,7698200
1,7727200
0,7682800
1,7637200
0,7621200
0,7685500
0,7620100
1,7524100
0,7316400
1,7428400
1,7371400
0,7469800
1,7298900
1,7592100
0,7401000
0,7481600
1,7296700
1,7887200
1,8452800
0,8057400
0,7620900
0,7647200
1,7589800
1,8160000
1,7831500
1,9148000
0,9967700
1,9277600
1,9085200
1,8210600
1,8969200
1,8512600
0,8126000
0,7886300
1,7814800
1,7949200
0,7866400
0,7835700
1,7808500
0,7822500
0,7857800
0,7830000
0,7953200
1,7825300
1,7940700
1,7836700
1,7836700
1,8402400
0,8268000
0,7817900
0,7846100
0,7848100
1,7830900
0,7821300
1,7805600
1,7866100
0,7862400
1,7704800
1,7734700
1,7716500
0,7755200
0,7679500
1,7722100
1,7714100
1,7859700
1,7657700
1,7698900
0,7844800
1,7704700
0,7673500
1,7628400
0,7485600
0,7610200
0,7789900
0,7535000
0,7464900
1,7950000
1,7465300
0,7546600
1,7482900
0,7663500
0,7476700
0,7578400
0,7374100
1,7903400
1,8180000
1,7727000
1,7575300
0,7454200
0,7384900
0,7548600
0,7686400
0,7388100
0,7387700
1,7608800
1,8361000
0,7621600
0,7635500
1,7701600
1,7637600
1,7743700
0,7630700
0,7737700
1,7640300
1,7683600
0,7633900
0,7707700
0,7619100
0,7683800
0,7459900
0,7589100
0,7374300
1,7512000
1,7408600
1,7373700
1,7658100
0,7373100
1,7757900
1,7376100
1,7869900
0,7376400
0,7373600
1,7429100
1,7543900
1,7448900
1,7654700
0,7529100
1,7619800
0,7465100
1,7619800
1,7445800
1,7757400
1,7449100
1,7523100
0,7454200
0,7608800
0,7464700
1,7464300
1,7571100
0,7465900
1,7524300
1,7464400
0,7790600
0,7528200
0,7596500
1,7532400
0,7767400
0,7537300
1,7624400
0,7511800
1,7397400
1,7439500
0,7714800
1,7353900
0,9387500
1,7615500
1,7617900
0,7590100
0,7910000
1,7332600
0,7424700
1,7353000
0,7604400
0,7618700
0,7682900
1,7637900
1,8058200
1,7635100
1,7715500
0,7651400
1,7659100
1,7637900
1,7687800
1,7656700
0,7682500
0,7582500
0,7433500
0,7437400
1,7777400
0,7605300
1,7459200
1,7508400
0,7526800
1,7577500
1,7624600
1,7582700
1,7588100
1,7670900
1,7631400
0,7602400
1,8624900
0,8274900
1,7712200
1,7482200
1,7641900
0,7582500
1,7598600
1,7482000
0,7681400
1,7586100
0,7621400
0,7495800
0,7528800
0,7622800
1,7544400
1,7892200
0,7534100
0,7746100
1,7542800
0,7657300
1,7526400
0,7663700
1,7549400
1,7597300
0,7480200
0,7594600
1,7561600
0,7590900
0,7498800
0,7966500
0,8367600
0,8471100
1,8542600
1,8340100
1,7604600
0,7692200
0,7563200
0,7734400
0,7658000
0,7898600
0,7647800
1,7762700
1,7624000
1,7703000
0,7649500
0,7747200
1,7621100
1,7890000
1,7977400
0,7824900
1,8113800
1,7829400
1,8604100
0,7847000
1,8176600
1,8449300
0,7743800
0,7751200
1,7819100
0,7888500
1,7732100
0,7645500
1,7743600
0,7839600
0,7853600
1,7826000
1,7848600
1,7845100
1,7851100
0,7816600
0,7841100
1,7823600
1,7868400
1,7843600
1,7815800
0,7584500
1,7664600
0,7993000
1,7451800
1,7343300
1,7415900
0,7348300
1,7461400
1,7314400
0,7416900
1,7391500
0,7406400
0,7523100
1,7372500
0,7443700
1,7355400
1,7368600
0,7379300
1,8449500
0,7374800
1,7435100
0,7414900
0,8070500
0,7538900
0,7672500
1,7378500
0,8278700
1,7672600
1,7694600
1,7598200
0,7727200
1,7611100
0,7711700
1,7599700
1,7926100
0,7623100
0,7858000
1,7651200
1,7699400
0,7635600
0,7671700
1,7492300
1,7912100
1,7981600
1,8576100
0,8544300
1,8650600
1,8392000
1,8381600
1,8069600
0,7465800
0,7648600
1,7662400
1,7885700
1,7801700
0,7874600
1,7779300
0,7794500
1,7799900
1,7929600
0,7796300
0,7814900
1,9230300
0,8034400
1,7826600
0,7680700
1,7539500
0,7734300
0,7773100
1,7585800
0,7501600
1,7693700
0,7557400
0,7632800
1,7542200
0,7651700
0,7548100
0,7554900
1,7689500
0,7659200
0,7549400
1,7584900
0,7570200
1,7575500
1,7537500
0,7997200
0,7578500
1,7562300
0,7551000
0,7601800
1,7578300
0,7462200
1,7402400
0,7664200
1,8139100
0,7703200
0,7407300
1,7575800
1,7438300
0,7412900
1,7522300
0,7410200
1,7520500
1,7399900
0,7541100
0,7601800
0,7884300
1,7529300
0,7690200
0,7533100
1,7783900
0,7541400
0,7896400
0,7531600
0,7887100
1,7523700
0,7616500
1,7546500
1,7766100
1,7641600
0,8262400
0,7921300
1,9336100
0,8549600
1,7806100
0,7788400
0,7721400
0,7646400
0,7736700
0,7686100
1,7863300
1,7787500
1,7955300
1,7825300
1,7993200
0,7827200
1,7828300
1,7818000
0,7844200
0,7826000
1,7845000
1,7804700
1,7806400
1,7398900
0,7457800
0,7417200
0,7518400
0,7444500
1,7615600
0,7323000
0,7504800
1,7316400
0,7578500
0,7916900
1,7714500
1,7480500
1,8339800
0,7915300
0,7692600
0,7542000
0,8983500
0,7534000
1,8010100
1,7545500
1,7747900
0,7745400
1,7788400
0,7613700
1,7816100
1,7792500
1,7864300
0,7866000
1,8393800
1,8015600
0,7795200
1,7718400
1,7748400
1,7673500
0,8727100
0,8818400
0,7815900
1,7754300
1,7873400
0,7861000
1,7850800
0,7817300
1,7859400
1,7828700
0,7992300
0,7811500
1,7898600
0,7842300
1,7793300
1,7663700
1,7643300
0,7466800
1,7570400
0,7454900
0,7858400
1,7447200
0,7535700
0,7455000
0,7592300
1,7450700
1,7590400
0,7456500
0,7540500
0,7529500
0,7611700
1,7476400
1,7568000
