class,ns
1,30342200
0,23864200
0,23900600
0,23886600
1,23206900
1,53263500
1,33511400
1,28097200
0,23909800
1,29479000
0,23699000
0,23837600
1,22523600
0,23712100
0,23648100
1,24711400
1,24133300
1,46810700
1,65617400
0,23779600
1,28944000
1,38883300
1,31717600
1,22602600
0,24017500
0,25919100
1,56387900
0,24905100
0,24684300
0,24685700
1,41474600
0,24611800
0,24724400
0,24409700
0,24275900
1,24173700
0,24616300
1,41623700
0,25442000
0,24269400
1,24131200
1,35477900
0,24161600
1,28485000
0,24039800
0,23577100
1,34379600
1,23449500
0,23631600
0,23819200
0,23736200
0,24297000
1,34810300
0,24183700
1,23389700
0,24943000
1,40827100
0,24290800
0,24298600
0,24381600
1,24717600
1,27725900
0,24308700
1,22758600
1,44570000
1,72389400
0,23764300
1,22238000
0,23884200
1,48436400
1,28704800
0,23555100
1,23719200
1,48032700
1,31336300
1,41211700
0,24267600
1,47102700
0,23693500
1,63468000
0,23441300
1,35001500
1,31732400
1,33295000
1,24784700
1,50606800
1,22086800
1,75427000
1,29395800
0,23808800
0,24232400
0,23860600
0,24294000
1,51752300
1,27068800
0,23419600
0,23610500
0,23491800
1,53086900
0,24721100
0,24161300
0,24318900
1,39835700
1,26394700
0,24637000
0,24419000
0,24174300
0,24179500
0,24246800
0,23956000
0,23519000
1,49397200
0,24642000
0,24129200
1,25695200
1,40705800
1,23519200
1,33781500
0,24627400
0,25030900
0,25274000
1,22583400
1,22612800
0,23794400
1,27753100
1,28773400
0,24959400
1,31113900
1,49240500
0,24151100
1,26585500
0,23656600
1,42161600
1,29830700
0,23964400
0,23651100
0,24435700
0,23879600
1,36355800
1,64550000
0,23721900
1,22641500
1,38132900
0,23974300
0,23661400
0,23796800
1,58282500
1,26903200
0,23508800
1,43090400
0,23491600
1,23616400
1,29280100
0,23710500
0,23853700
0,23633800
1,32519300
0,23947100
1,31954000
0,24426600
0,24518600
1,34572400
1,24782200
0,24108900
1,40538900
1,24127800
0,23966700
0,24422500
1,22607400
0,24312600
1,33913700
0,24156500
0,23658700
1,29463700
0,25088900
0,27551200
1,28474600
0,24329900
1,27616900
1,28600600
0,25302700
1,29633200
1,28115000
0,24198100
0,24286000
1,29544200
0,24303200
0,23549200
1,22159900
1,26622900
0,23608100
1,44153200
0,26202700
1,32325800
1,29540800
1,36291200
0,26304700
1,45739000
1,28393800
0,25790700
0,24552300
1,32792500
0,24640300
1,57762900
1,24507600
1,35996900
0,23414600
1,31051400
0,26593700
1,39576800
0,24704900
1,69529500
1,44867700
1,55226900
0,23716500
1,26843900
1,35914100
0,23476900
1,69023300
1,53146800
0,23420100
1,29515000
0,23711400
1,47868400
0,24014400
1,24256300
0,24791200
1,49653500
1,44493400
1,28772600
1,54667300
1,26053000
0,24186600
0,24136000
1,37660500
1,25617600
0,23396300
0,23564900
1,30431000
0,24187700
1,47304700
1,38368000
0,26097500
1,66350300
1,39648000
1,24753400
0,24401400
0,24217600
0,24226800
1,24315000
1,26809400
1,62397500
1,24614600
1,45150700
0,29714300
0,24186900
1,34905700
1,24202900
1,22837300
1,43645200
0,23723800
0,24362900
1,61363900
0,24415400
1,30729000
1,33857100
0,24329500
1,34020700
1,30732000
0,24323500
0,25968000
1,57519400
1,33623100
0,24214000
1,25890700
0,24216400
0,24158900
1,99591700
1,27103000
0,24489100
0,24747700
0,24755600
0,24684000
0,25017900
0,24411600
1,36690000
0,25761000
1,23535100
0,25005900
1,31825300
0,24655600
0,24916500
0,25247400
0,24747200
0,24860900
1,31790300
0,24738200
1,70817400
0,24504500
1,27089700
0,24465300
0,24259300
0,24374000
0,24353400
0,24466500
1,51609900
1,40092000
1,37189600
0,25077100
1,48784600
0,25798300
0,25778200
0,24887400
0,24314200
0,24641000
0,24614900
0,24677500
1,27516900
0,26372700
1,38255100
1,30698000
0,24622500
1,23198200
1,45053800
1,38514600
0,24239100
0,25919000
1,32582500
0,24256500
1,31131800
1,25715500
1,59429200
0,24319100
1,38710000
0,24428700
1,28751700
1,23056700
0,24515600
1,22782800
1,29585000
1,26483100
0,23861900
1,23005900
1,26308800
1,27663800
1,70737000
0,24165600
0,24615600
0,24101100
1,35118400
0,23798000
0,24273500
0,24197200
0,24550000
0,24325100
0,25224700
0,26489300
1,77209900
1,33992500
1,24468800
0,25586200
1,24905100
1,29091900
0,24632600
0,24104700
0,23450600
1,26787700
1,45985000
0,24639800
1,34385400
1,34430500
1,22766700
0,24592200
1,54444900
1,42066200
0,24213400
1,29257100
0,23902900
1,37620200
1,28318800
0,23599900
1,23886700
1,59023900
0,25390800
1,33720200
0,25176500
0,27310900
1,45588700
0,24717000
1,35590000
1,22793800
1,22773700
1,27929900
1,61326200
0,23880100
0,23720900
1,22153300
0,23508500
0,23747700
0,23459000
0,24418600
0,23931800
1,45016700
1,45709400
0,24127600
1,40518400
0,23727300
0,23689200
0,23385400
1,40757700
1,24022900
1,23785100
1,29798200
1,64948700
0,24632100
1,38957100
0,25039700
1,25781500
1,118448200
1,30011500
1,24105700
1,22635000
1,28090400
0,24269900
1,55325800
0,23721200
0,23629400
0,24895200
0,25114900
1,33659300
0,24302400
1,24266900
1,25528800
0,24586200
0,28214300
0,24907000
0,25429600
1,39340200
1,23130200
0,24631700
1,26293100
0,24266600
0,23610400
1,84966500
0,24690100
0,24755200
0,24625500
1,30518900
0,24213000
0,25242700
1,26021200
0,25125400
1,40236700
0,24962800
1,36821500
0,24849100
1,23227500
0,24685700
1,39350300
0,24607000
0,24600600
0,24205000
1,78738200
0,23824300
0,23664900
0,23802900
1,28006000
1,59042200
1,29686200
0,23788300
1,27539700
1,27966900
0,24323200
0,24228400
0,23758800
1,22645800
0,23930700
0,23938600
1,31969100
1,29084000
1,45090700
1,27762500
1,23750900
1,30407000
1,36060500
1,22655700
1,33282200
1,28573300
0,24195200
0,24242600
0,24224100
0,24226400
1,31837800
0,23990200
1,23915800
0,24750000
0,24870100
1,36820200
0,24752700
1,67768700
0,24759100
1,27112500
0,25135600
1,46967600
0,24496600
0,24738500
0,24632000
0,24645600
1,49117500
1,33735000
0,23755800
1,27706900
0,23745700
0,23918500
1,25473800
0,23654400
0,23447800
1,23888600
0,24043800
0,24607900
0,28116900
1,71217500
0,24850400
0,24765300
1,27733200
1,32493400
0,24660100
0,24653100
1,40117000
1,45941100
1,76803000
1,38199000
1,24481500
1,22873200
0,23373000
1,30012700
0,23821100
0,23367400
1,24559900
1,32204800
0,23898900
0,24197300
1,30508100
1,22811200
0,24199000
1,29834500
1,32707800
1,43106600
0,25001400
1,51700800
0,23927000
1,38986500
1,22811300
1,27232700
0,23957800
1,23517500
1,46337200
1,22423000
0,23843800
0,23898700
0,23855800
0,24028500
1,42668100
1,39856000
0,23700800
1,45942600
0,23801400
0,23987100
0,25197600
0,24487400
1,24963600
0,23818800
1,42359100
0,23833600
1,41665100
0,24425600
0,24203600
1,28758800
1,24885200
0,23805100
1,28233500
1,23339100
1,38583100
1,23697500
0,23926100
1,31852200
1,28129200
0,25114300
1,48563200
1,29729600
1,65414500
0,24735500
1,44619900
1,22013400
1,32869800
0,24508700
0,25306600
0,25019500
0,24366100
0,24124400
1,27376500
0,24638900
1,37376700
0,24177800
0,24369300
1,35349500
0,24317700
1,37761500
0,24530000
0,24114300
1,48232600
0,26471000
0,25209700
0,24158100
0,24230600
0,24401800
1,46305200
0,24677500
0,24674300
0,24619400
0,24646400
0,24629100
1,54792500
0,23789800
0,23763300
1,29867200
0,23649700
0,23791100
1,35945200
0,24344400
1,36474900
0,24132700
0,24190100
1,57205300
0,23671100
1,31106400
1,22554300
1,64457100
0,23878500
1,28348500
1,54111000
0,23727000
1,44725100
0,23709800
1,59758100
1,43798700
1,26367700
1,40673600
0,24364000
1,41680500
1,31788400
0,26778000
0,24192200
1,37507400
1,42643900
0,23831600
0,24017000
0,23809400
0,24099800
1,47290100
1,53388800
1,24062300
0,24183500
0,24314500
0,24137800
0,23919500
0,26620200
0,28103500
0,26565800
0,24759900
0,24670500
0,24706400
1,32474700
0,24151100
1,27189000
0,24276000
0,23796400
0,23545100
0,23494500
1,23378100
0,24447000
1,55370900
1,25842000
1,73480700
0,25224800
1,30892300
0,24844400
1,29514400
1,43900200
1,64925400
0,24525900
0,23991200
1,25280600
0,24300700
0,23771500
0,24622500
1,35172400
0,23909500
1,70023400
1,26229800
0,24106700
1,23731500
1,23724000
1,55463300
1,22444600
1,31155900
1,26687500
0,23653100
0,23542400
1,22630100
1,27466700
1,26223600
0,23893900
0,24701500
1,24635700
0,24003000
0,24458300
0,25084000
0,24399700
1,86568100
1,37836700
0,24624300
0,24612100
0,24846900
0,24438800
1,23477600
1,22737800
1,30977700
0,23761400
0,23856900
1,22365400
1,22504300
1,27387100
0,24027300
1,32797000
1,26483100
1,22257300
0,23908400
0,24138900
1,28583700
1,32187900
1,25956800
0,24790500
0,24247100
0,24167600
1,42380900
1,28904600
0,24220300
1,53181700
0,24264600
0,25074200
0,24484000
0,23661100
0,23812900
0,23863200
0,24825300
0,24251200
1,22823300
1,24489900
1,32804100
0,23872400
0,23855100
1,58963600
0,23942800
0,23714800
1,25125800
1,46688200
0,23390500
0,23781500
0,23461400
1,35782100
1,35879900
0,24433400
0,24409600
0,24204500
1,24234800
1,28755000
0,23425900
1,35641900
1,24949700
0,25212200
1,25581500
0,23547100
1,36442400
0,24620700
0,24690900
0,24588500
0,23979800
1,30434900
1,29789000
0,24288000
1,62025000
0,25421500
1,43016400
1,28956900
1,65955100
0,34579700
0,25522900
1,28521000
1,34594500
0,24658900
1,26622500
0,24434200
1,27151000
1,34112700
1,28237800
1,34609000
0,23691300
1,27434700
0,23767600
1,29433500
0,23695600
1,28840500
0,23555000
1,48969000
0,26142500
0,24339600
0,24186100
1,54887500
1,30805900
0,24668800
1,31486100
1,28111200
1,40805900
0,24732300
1,68171900
0,24237200
1,29022800
0,23559100
1,42060500
1,27799500
0,23955700
1,23715800
0,23745300
0,23800700
1,43900100
0,24558000
1,34094200
0,24236800
1,60069700
1,32000100
1,24294900
0,24281600
0,24126700
0,23798000
1,23854000
1,28321100
1,31827300
0,23796400
0,23704500
0,24126300
0,23721800
1,27920600
0,27973600
1,28587600
1,23004100
1,37049300
1,61296000
1,29866900
0,24641700
1,30833500
0,24619700
1,89271000
1,55065600
1,41438100
1,29405800
0,24623400
0,24627100
1,32034200
1,33535400
1,22438100
1,34802100
0,24718100
0,23809000
0,23632600
0,23720500
0,23856600
0,23798400
0,23722800
0,23752100
1,28662400
1,35632200
0,23718600
0,24256300
0,23720900
1,34157400
0,26699400
1,31459900
0,24745500
0,24715200
1,27411500
1,30393100
1,30759200
1,53234700
0,24214400
1,30572800
1,30242100
0,23881500
0,23751700
1,61272000
0,23752000
1,24868800
1,25786200
0,23818000
0,24834000
0,24557500
1,30821100
1,26551000
1,29396100
0,23733900
1,29794400
0,24213500
1,28574000
1,25656800
0,24180400
1,27474000
0,23887000
0,23688000
0,23949200
0,24234600
1,26736800
0,25739200
1,42096900
0,24733000
0,24751700
0,24663900
1,37318600
1,26111300
0,24216400
1,50180000
1,55145800
0,24450200
1,24751900
1,59743300
0,23728900
1,47243900
0,23412700
1,35165600
0,23914500
0,23758900
0,23789600
1,40455700
0,23732500
1,25358600
0,23737000
0,24785800
1,26058500
1,31649600
0,26085200
0,24664100
0,24608400
1,27590600
1,55732200
0,23977400
0,23936900
0,24506500
1,28650300
1,25020100
0,24000500
0,24879900
1,53835000
1,37115800
0,24702500
1,25489000
0,24819400
0,24742300
1,30258500
1,44675600
0,24308600
1,22780100
0,23694200
1,25945900
1,32363300
0,24297400
1,23009800
1,35146400
0,23918500
1,31019500
0,23305800
1,30095200
1,40729400
1,30093100
1,23368300
0,24253700
1,41805100
0,24949800
0,23890500
0,24196400
1,44449900
1,39903100
0,24156400
0,24283400
0,24086900
0,23823500
1,50880400
0,24287400
1,24702000
0,24364600
0,24414700
1,31681800
1,24933600
1,31710100
0,23638100
0,23766800
1,34844200
1,24369900
0,25635400
0,23772200
0,23854900
0,24013700
0,23856000
0,24317600
0,24122500
1,24246600
1,38684500
1,34350400
1,28291200
1,55384100
1,55245900
0,24389600
0,24395300
0,24840400
0,24181900
1,31758800
1,55999900
1,27745100
1,36406400
0,25332600
1,33711800
1,71453700
1,25163500
1,40989500
1,28114700
1,23853800
1,29053100
0,24402100
0,24350300
1,43080100
0,24153700
1,34365400
1,47144400
0,23835200
0,23703200
1,34068300
0,23622400
0,23451800
1,39116300
1,50290700
0,23663700
1,35873700
1,24396000
1,37288800
0,24351500
1,50636400
0,24183600
0,24137800
1,27499300
0,23989800
0,23480800
1,38753000
0,24760800
0,25151700
0,24154900
1,25780300
0,24230600
0,24247400
0,24320300
1,32300100
1,42860000
0,24246600
1,22604300
0,23500700
0,23909500
0,24273200
0,24166600
0,24288000
0,24290800
1,60944700
1,27764600
1,29632200
0,23640000
0,23804400
0,24859200
0,24737600
1,30218200
0,25051900
1,34418100
1,25613700
1,24534300
1,23144800
0,24255600
0,24307600
0,24130100
0,24183900
0,24254200
1,25159300
0,23829300
0,24487500
1,29282000
1,35872400
1,24216900
0,23723600
1,25471200
1,61515600
0,23613300
0,23900300
0,26566400
0,28616200
0,25333700
0,24687100
0,24660900
0,24642400
0,24934300
1,33557400
1,35243800
1,27314400
1,41571700
1,33931300
0,25036000
1,38298200
1,77992400
0,24586500
1,29200300
1,37985500
1,35867000
1,43569800
0,24446600
0,25524200
0,24306300
1,59256900
1,69586200
0,24156000
0,24191000
0,24131300
1,39473500
0,23714600
1,42869300
0,23753100
1,66560800
1,24332300
0,24123800
1,28275100
0,24125500
0,24197500
1,25345800
1,34896900
1,21951500
0,24944800
1,28244800
0,23430200
0,23482000
0,23990700
0,23892700
1,22720400
0,23797700
1,27622100
0,23774300
1,24454400
1,27898900
1,26112800
1,91527100
0,23988900
0,23641200
0,23719400
1,94124300
1,26636500
0,23747800
0,23787400
1,76140800
0,23604600
1,31426700
0,23514800
1,48157600
1,28440800
1,31351800
0,24501200
0,24593200
1,72770700
1,53158100
1,51631400
1,23984800
1,26140600
1,40272400
1,36943900
1,35203300
1,24090300
0,25596000
1,42353000
1,82254900
1,29596000
1,25690500
1,36841200
0,24342500
1,30277200
1,30759100
0,23283700
0,23644100
1,33225200
1,38663300
0,23351200
0,23341500
0,23665500
0,23434900
1,37780400
0,23920000
1,22768500
0,24147600
0,24196600
0,24087200
0,23387900
0,23520200
0,23428300
1,36751200
0,24041300
1,36556500
0,23788900
0,24228300
0,24138900
0,24195800
1,42574900
0,23594700
0,23311400
1,31611300
1,51591000
0,23331200
0,23716400
1,58009100
0,24197700
1,38946200
1,28643600
0,23562300
0,23326700
0,23365400
0,23423900
1,41621900
1,21895500
1,31898400
0,24644100
0,24071500
0,23925600
0,23867400
0,24924700
0,24174600
0,23695400
0,25743500
1,26202600
1,22897900
1,34528200
1,50955700
1,79575800
1,32460000
1,22962900
0,23994500
1,44490700
1,33263700
0,23736100
1,34517000
0,25490900
0,26421400
0,24777800
1,56246900
1,38070300
0,23330700
1,58225100
1,40381300
1,27972400
0,26258500
1,39750200
1,23177400
1,30559600
1,22488500
0,23511400
0,23578300
1,51195200
1,25293600
0,27759400
1,26852300
0,24518500
0,24672900
0,24682400
1,26162600
1,24139300
1,31123400
1,46584400
1,29864400
0,24282900
0,24323700
0,24220000
0,23913000
0,23659100
1,37167200
0,23979200
0,24432300
0,24184700
0,23808100
1,43524100
1,62755900
0,23821400
0,23975700
1,47494800
1,81533000
1,25889600
1,43019800
1,32321700
0,24116300
0,23862700
1,23215200
1,22454500
1,29035600
1,25374100
1,31633700
0,25012800
1,28685800
0,28435000
0,24361600
0,24431300
0,24314300
1,59470000
1,38424400
0,24262600
0,24440700
1,27074900
0,24693800
1,30875100
0,24535000
0,23850900
0,24582100
1,48310800
0,24169900
1,33058000
1,34213000
0,24218500
1,25362700
1,52003300
1,24307100
0,23957100
1,26531100
1,56805700
0,23657200
1,22763300
1,23385800
1,45587700
1,25517000
1,25733800
1,25816700
0,24106900
1,23889300
0,24362800
0,24149600
0,24237700
0,23804100
0,25007600
1,59060200
0,25031700
1,38143700
1,23180200
0,24672500
1,33473400
0,24636600
0,24685100
0,24130100
1,36753200
1,34036800
0,23900100
0,24131700
1,30159400
0,24297300
0,23865400
1,25989600
1,24000700
1,41127900
0,24262500
0,24144000
0,24251600
1,28385000
0,23628400
0,23696600
0,23654600
1,24486700
1,47692900
1,26908800
0,24512200
0,25002100
0,24132600
0,24478600
1,29831600
1,27050300
0,24342800
0,27034200
0,25476200
0,24142400
1,33497300
0,24696700
1,29008000
1,31496200
1,26765300
0,24153500
0,24239400
1,33718500
0,24215100
1,36355200
0,24281900
1,23971600
1,35720000
1,24471800
1,66855500
1,56734000
1,55270600
0,23732600
0,23641500
1,22625400
1,22500400
0,23834500
1,22445400
0,23926200
0,23851000
1,33709800
0,24643600
0,24068800
1,76645000
0,23911600
0,23949100
0,24227200
0,24188000
0,24126200
0,24539400
1,39052700
0,23935500
0,25214900
1,32752700
0,23645400
1,43009000
0,23383300
1,66491500
1,41894700
0,24327300
1,28010600
1,24288600
1,30740600
0,23592400
1,23310400
1,31699900
1,36187000
1,22284100
0,25528200
0,26107400
0,24634300
1,49786500
1,33600800
0,25377400
1,30196800
0,24355700
1,63909100
0,24257800
1,46693000
0,25013300
1,41159600
1,23691900
0,24713100
1,35694400
1,39068600
0,24723300
1,25850000
1,26336800
1,29206200
1,58882200
1,43006700
1,49745300
0,23588200
1,48290200
0,24534400
0,24145300
0,24817900
0,24219900
0,24307700
1,26102800
1,25607900
1,24003800
1,66143300
0,25121600
0,24190400
0,24317200
1,65308200
0,30080600
0,24176200
0,24232200
0,24201400
1,35845200
0,24263400
1,34807300
1,29997800
0,24080900
0,24064100
1,60894500
1,32923600
1,22687600
0,23698200
0,23697300
0,23414400
0,23810000
0,23389400
0,24110800
1,37060600
1,29901000
1,52159300
0,23745700
0,23662500
0,23882200
1,22833100
0,24096000
0,23557300
1,31653800
0,23393400
1,43363800
1,48990500
1,64377100
0,26117700
0,25847900
1,41009500
0,24630700
1,38941300
1,25968500
0,24674800
0,24757700
0,25405500
0,27408400
0,27289200
1,40828700
0,24862200
1,63228300
1,31988300
0,24719700
0,24340800
0,24285000
0,24500100
0,24539400
0,24732100
0,24410600
0,24342400
1,31946900
0,24388000
0,25056200
0,23901100
0,24129700
0,23797800
1,30153400
0,24123800
0,24327400
1,98101200
1,64371300
1,25301900
1,29237300
0,24492600
0,24230700
1,34608500
0,24200600
1,30617600
0,23903600
1,26992100
0,23738000
0,23830500
0,23471500
0,23616500
0,23529600
1,22064900
1,34643100
1,21945900
1,31901700
0,23367800
1,66773800
0,24943000
0,23977700
1,31737800
0,23936300
1,32122000
1,42421100
0,24175000
0,23914000
0,23685300
1,25474000
0,23920700
0,23791300
1,57115700
0,23688600
0,23848200
0,23632500
1,49884300
0,23673100
0,24143500
1,28198300
0,23725500
1,36584100
0,24510300
1,24767000
1,25025100
0,24209600
0,24166200
1,26985700
0,24269500
1,33371400
1,24351900
1,49332100
1,33921600
1,27245200
0,24716300
1,23493300
0,24266300
0,23759000
1,30169300
1,39481500
1,23715700
0,24634500
0,24645600
1,40652600
1,33837500
1,75121700
0,25232400
0,24091100
0,24246600
1,47457300
1,24441800
0,24262600
0,24312800
0,24214100
1,26427000
1,54493600
1,67906200
0,24157800
1,30459200
0,24187200
0,23655600
1,29130500
0,23462900
1,24749100
1,36649400
1,45455800
1,23789700
0,24325100
0,24104700
0,24274200
0,24227900
1,22671600
1,28039600
0,23999900
0,23943500
1,37452200
0,25079200
0,24323400
0,23927500
0,23937900
0,23738100
1,50633500
0,23695700
1,27544200
0,24097400
0,24213100
1,32351900
0,23366100
0,24363600
0,24450100
1,24470300
0,24266500
0,26371000
1,50257900
1,41959900
0,24127500
1,24530600
1,22514300
1,24786900
0,24070500
1,57167200
1,40491400
0,24468200
1,38764100
1,33193000
0,24852900
0,24706000
1,63422000
0,24481400
0,24413700
0,24350000
1,59658000
0,24322600
0,24277800
0,26469400
1,31615400
1,32853900
0,25936200
0,24742300
0,24942500
1,25064200
1,55787900
1,22274900
0,23507500
1,35054200
1,43642600
1,31567000
1,26971800
0,24339500
1,24310100
0,24403800
1,29395000
1,22885100
1,29571500
1,37695200
1,34150700
0,23600300
0,23392900
1,30026200
0,24057400
1,54296300
1,28075700
1,29052400
0,24238300
1,27128400
0,24064700
0,23710600
1,22328900
1,22221600
1,29642000
0,24031000
1,27030100
0,23725700
0,23276400
0,23486000
0,23415600
0,23482700
1,23211800
0,23793500
0,23451300
1,33584200
0,26337700
1,39513900
0,24780200
1,24054300
0,24391900
0,24147100
1,93396100
0,23717500
1,25781100
0,25002800
1,29581400
0,24905200
1,24305500
1,29016000
1,30822300
0,25420100
0,24669800
1,27356600
1,27592000
1,48948500
1,52279300
0,24342300
1,24024800
1,45282800
1,33181900
1,28845500
0,23827700
0,23799100
1,27991000
1,31352500
0,23366500
0,23348900
0,23473300
1,24600800
1,29084600
1,69187500
0,24892600
1,37837500
1,22821900
0,24461300
1,37020300
1,23726900
0,23765200
1,34509000
0,23483000
1,36810500
0,26070000
0,26164000
1,31088900
1,27271200
1,45141300
1,53401100
1,28285100
1,23641900
1,38329700
1,31165500
1,24163600
1,33899100
0,30318700
1,41382800
1,37483700
1,28521200
1,27452800
0,24426000
0,24219500
0,24622400
1,26495200
0,24396200
0,24666000
0,24210800
0,24143500
0,24562300
0,24030700
0,23955700
0,23766600
0,24162500
0,24214500
0,25240700
0,24211100
0,24467300
0,24511700
1,42574200
0,24224600
0,23870600
0,24672100
1,22510100
1,43970900
0,24406700
1,28653700
0,26486000
0,27202500
1,45215200
0,24625800
1,24455900
0,24194500
0,24295100
0,24303800
1,38780400
0,24406200
0,24186900
1,24425800
1,64624300
1,41825700
1,38382300
0,23582100
0,23623500
0,23480800
0,23829500
1,22109200
1,27492000
0,23982400
0,24483100
1,27616300
1,22579200
1,33931700
1,35707600
0,23957200
1,28041500
1,24151700
0,24258400
0,26390800
1,36135600
1,23775000
1,35569500
1,22492400
1,22928500
0,25245300
1,29296300
1,33776900
1,27976700
1,27662700
0,24781000
0,24711900
1,36107500
1,31254200
0,24425900
1,23312000
1,26318100
1,54083100
0,24292700
0,24216900
1,30528600
0,23970300
1,55189700
0,23696000
1,28549800
0,24846900
0,23953900
1,61694900
0,23942800
1,27266400
0,23899800
0,24290300
0,24141800
0,24276500
0,24252700
1,23742000
1,32120200
1,24723700
1,29310000
0,23715700
1,23054100
0,23872200
0,24005200
0,25803300
0,27122300
0,24611800
1,34343600
1,35655300
0,24637700
1,35048000
0,24134200
1,55785800
1,24247800
0,23633600
0,23673300
1,47758700
1,30628200
1,31872300
0,23329000
0,23397600
0,23372800
0,23913400
1,36190000
1,25611000
0,24173800
0,24645600
0,24168900
0,24486500
1,25585400
1,26293000
0,25555200
0,24143700
1,75472600
0,23829400
1,51146700
1,24085200
1,29099500
1,25367900
0,23722600
0,23623600
1,43863500
0,23416500
1,29297100
0,24243100
0,24210700
0,24282700
1,44960100
0,27253800
1,36446600
1,32121600
1,27729300
1,23403700
1,23982200
1,25179500
0,23327700
0,23691100
1,44903300
0,24200400
0,24609300
0,24397100
0,26288300
1,31052100
0,24666800
1,23137900
1,26531800
0,24710900
1,35266700
0,24692100
0,23840500
0,23659400
1,71186500
0,23380200
1,24908100
1,30755800
0,23388700
1,35607000
1,77215400
1,24944100
0,24761300
1,48548000
1,82367700
0,24214400
1,55598400
0,23886900
1,31326700
0,23884100
0,23737900
1,37019800
1,23348900
0,23740500
1,34326200
1,36231000
1,66592700
0,24195700
0,24338900
0,24197700
1,38095100
1,66688800
0,23862200
0,23429500
0,23458500
1,22032500
1,80053300
1,24427200
0,24350200
0,24273300
0,24226800
1,24151100
1,45645000
0,24978300
0,25713800
1,49796300
1,32313000
0,24181800
0,23791500
0,23444400
1,36567800
1,42275200
0,23631100
0,24018700
0,23758400
0,24263900
1,38967400
0,24709500
0,24195400
1,51900500
0,24235000
1,23021800
0,23697400
1,37346400
1,29663400
1,29184400
1,32969300
0,24883800
0,24634100
1,35832300
1,46753900
0,24269400
0,24630100
1,27521600
0,23472100
1,30951000
0,24069900
1,44524200
1,35677800
1,26574500
1,24984200
0,24623300
1,24485700
1,61750100
0,23905100
1,27716300
0,24264900
1,41862900
1,22834200
0,24203100
0,24235700
0,24133000
0,26155300
1,39445000
0,23465600
1,30999600
1,34352000
1,41264600
0,24181500
1,23364400
0,23411400
1,42314100
1,27408100
1,35039300
1,21899100
0,23477200
0,23635900
0,23606100
0,23519800
1,23553600
0,23729300
0,23830100
0,25126500
0,26035100
1,40618200
1,25393500
1,23425100
0,23851300
1,24384300
0,23696000
1,55809700
0,24816700
0,24467500
1,22494100
1,27088900
0,25170200
0,24768600
0,24603100
0,23649600
0,23443400
1,27169200
0,24425500
0,24079500
0,23937900
1,25231400
0,23726800
0,24449000
0,23691200
0,23827300
0,24887700
0,23603300
0,23377000
1,23742200
1,36251800
1,30787000
1,28188200
1,27673100
0,23372400
1,45471200
0,23476200
0,23473800
1,38831400
1,39444500
0,23834500
1,29776400
0,25018300
0,24403400
1,24664400
1,47156900
1,33647800
1,63554500
0,25435900
1,27204700
1,44415600
0,24617900
0,24641200
0,23973500
1,27432500
0,24104200
1,23823100
1,52662300
1,27404700
0,24199200
0,23575200
1,27899500
0,23532200
1,81197500
1,43721900
1,26727500
0,23861500
1,27073000
1,25158700
1,55609800
0,24823200
0,24148900
0,24108000
1,33501000
1,22842600
1,60150400
0,23899500
1,35352200
1,24165000
0,24187000
0,24139500
0,24156100
0,23395700
0,23409600
0,23620000
0,24118300
1,27893200
0,23306300
0,23429200
0,23346100
1,62613300
0,23411500
0,23635000
1,22825000
0,24262300
1,29287400
1,23200000
0,23662800
0,24091100
0,24059500
1,25468400
1,27536200
1,27845500
0,23574200
0,23288300
1,24703000
1,23369900
1,23573400
1,40948900
1,37268100
0,23874900
0,23456500
0,24537800
1,22799800
1,39189400
0,24894300
0,24840400
1,43754900
0,24535900
0,24982600
1,22900900
1,33040900
0,24173700
1,23079900
0,24229700
0,24319900
0,24493600
0,26523000
1,51393300
0,26444900
0,24720700
0,24767300
1,34775100
0,24945500
1,36302700
0,24649000
1,41188900
0,25032000
0,24654000
1,26105700
1,57460400
1,27128600
1,30925700
1,28013000
0,24318600
1,41981800
1,26909300
1,34689200
0,23805000
0,25510600
0,24284100
1,29938300
0,24219900
1,26598100
0,23350600
1,27568400
0,23325100
1,31893600
1,22044000
0,23565000
1,22993900
1,45033000
0,23558800
1,22003100
0,23297300
1,28307200
0,24651400
1,24582200
0,23958300
1,22825700
0,24201800
1,57610100
0,23513700
1,25151300
0,23327100
0,23579200
1,21914800
1,63390800
1,54482500
1,27881800
0,24011300
0,23947600
0,24665500
1,23637700
0,24457200
1,35144300
0,24195500
0,24157400
1,39541600
1,25954800
0,27379000
0,25137400
0,24277000
0,24138600
1,39429600
0,24249400
1,26422500
1,26568800
0,23624000
1,50663900
0,23720600
0,23969700
1,22856800
1,46459700
1,32253500
0,24981800
0,24857700
1,40373400
0,24334100
1,32419900
0,24685600
1,50625100
0,24274000
0,24491700
0,24233400
1,23375800
1,50902400
0,24846800
0,24458100
0,24421700
0,24151800
0,26634800
1,38044600
0,34085600
1,36868500
0,24651100
0,24602300
0,24627800
1,82325000
1,42575400
1,33160200
1,33296400
1,36201800
1,36521900
0,24921800
1,27701500
0,23823000
1,25948900
0,23932400
1,30120200
0,23699000
0,23638200
0,23884600
1,31324200
0,23642600
0,23779800
0,23688500
0,23925100
0,23584800
1,35102600
1,24625100
0,25039400
0,24478500
1,31892400
1,24923400
1,22886000
0,24220900
0,25273900
1,27338400
1,29138700
0,23756800
0,23658000
1,25213900
1,36713900
1,55222200
1,37992000
1,25843200
1,43246200
0,24525000
0,23587900
0,23866600
1,45486900
0,24661000
1,25456700
0,25224800
0,23755300
1,23879300
1,26660900
0,23649600
1,44439200
1,27457000
1,23058100
0,23658800
0,24013400
0,24365500
0,24235400
1,56096700
0,24171500
0,24216500
0,24203200
0,24013200
0,23698500
0,25160600
0,23879100
0,23930700
1,25790600
1,33158500
0,24176900
1,23237700
1,27507800
1,32702100
1,25368300
0,24699600
1,23599000
1,49019900
1,31496900
1,24630800
0,24603600
0,24525500
0,23616200
0,24005800
0,24463300
1,27129700
1,22680700
0,24186400
0,24124400
1,24542700
0,23575800
1,39678800
1,49735600
0,23914200
1,46008900
1,33246200
1,42828400
0,24303900
0,24060300
1,31166300
1,38450500
1,32483200
1,43783100
1,23104800
1,33067100
0,24134300
0,24260300
0,24280100
0,24075000
1,37523000
1,25387800
1,33165300
0,24679300
0,24659900
0,24150100
0,24315800
0,24123100
1,34222000
0,24620500
0,24188000
1,47650800
0,24141200
0,24294900
1,36739300
1,45395900
0,24118000
0,24687900
0,24388900
1,53216600
0,24783300
0,24820100
1,39443700
0,24324300
1,27111400
1,31298400
0,24091800
0,23356700
0,23516300
0,24710500
1,50629200
1,22937500
0,24482500
0,24236400
0,23621400
0,23404100
0,23567000
1,55111700
0,23334000
1,32715700
0,23640300
1,40066500
1,22924600
1,41997400
0,24443500
0,24487800
1,30842100
1,26602000
0,24779600
0,24292800
0,24293900
1,27040300
1,45345400
0,24588400
1,38673800
1,30185000
1,49258500
0,27244200
1,30185900
1,29453300
0,24447300
0,24720300
1,35746400
1,27672300
0,25075300
0,23825000
1,27177900
0,23552700
0,24152600
1,29110200
1,24396300
0,25516700
1,32110200
1,36774400
1,74550500
1,28535200
0,25998500
1,27538000
1,26288900
1,36148900
1,36481100
0,24306600
0,24274700
0,25262900
0,24667600
0,24858800
1,28235300
0,24173500
1,57696400
0,24444700
1,26929400
1,23168700
1,39089600
1,38218900
0,24186100
0,24166600
0,24250100
0,24321100
1,26110900
0,24161900
0,24461800
0,24946600
1,29028400
0,24292000
0,24240700
0,24242900
0,24653500
1,36705200
1,38134000
1,27921000
0,23899800
1,33915000
1,25341600
0,23785100
1,30959600
0,23634200
1,26445800
1,28509400
1,24646500
1,23772900
0,24256900
1,26881000
0,23847100
0,23687100
1,29127600
1,31662100
1,32513400
1,48644400
1,45057600
0,23736600
0,23360000
0,23447500
1,24879500
0,24234500
0,23489000
0,23664500
1,25045600
0,26462500
0,25091200
0,25563800
0,24771500
1,50850100
1,23114200
1,27995500
1,34551800
1,25330500
1,37517800
0,23828200
0,23764500
1,22327300
0,24161400
0,23681300
0,26200400
1,36206100
1,34501600
0,24672100
1,49873600
1,36668600
0,24601400
0,24678300
0,24615300
1,26763000
0,23505100
1,30734200
1,29586900
0,23776500
0,23746200
1,22497200
0,24068700
0,24067700
1,39459100
1,29735500
0,24143200
1,22449700
0,23761800
0,23804000
0,24565300
0,23805100
0,23870600
0,23723200
1,33944700
0,23737900
0,23918200
1,58885900
0,23591000
0,23653600
1,35106000
1,29085500
1,23307800
0,23651100
0,23597400
0,25033700
0,24408000
1,25328700
1,23645700
0,24111600
1,34119900
1,38690900
0,24286000
1,91729100
1,22601100
0,23765000
1,23785000
1,48657000
0,23736900
0,23673300
0,23842600
0,23327300
0,23402700
0,23538600
0,23414000
1,49694000
0,25010700
1,22238600
0,23831900
0,24139500
1,30277000
1,65956500
0,25006200
0,24715400
0,24466600
1,46811500
0,24439300
1,34913600
0,24483400
0,27421500
0,28412100
0,24775200
0,24662400
1,48698200
1,24488400
1,29901900
1,49984400
1,27223400
1,23128200
1,26144700
1,36447700
1,22437400
0,23809900
1,36416600
0,23795000
1,48606500
0,24238800
1,25351800
1,64530300
1,29323300
0,24743100
1,28218600
0,23486800
0,24332800
0,24360400
0,24441200
1,27216200
1,41930600
1,28851900
1,26116600
1,22108600
0,23557000
0,24897300
1,66234200
0,24104900
0,24243700
0,24144700
1,28525200
1,30399600
1,22957400
1,24752800
0,24131200
1,31011400
0,24123400
1,25337600
1,22718100
0,23455500
0,23451700
1,58698200
0,23489300
0,23669000
1,61333900
1,25354800
1,23542800
0,23602700
1,42516000
1,37644700
1,24385300
1,26363000
1,42323300
1,26811300
0,24021700
1,31804100
0,23825000
1,22103600
0,24792000
0,24293000
0,24509900
0,25886600
0,24630800
0,24718700
1,28282700
1,48485000
0,25390300
1,32387900
0,24600000
1,43613300
0,24298700
0,24753200
0,24256600
1,32270500
1,36308500
1,52386800
1,50762200
1,23161000
1,23454300
0,24646400
1,26644600
0,24575400
1,24776500
1,26243900
0,24333900
1,28898500
0,24041400
0,23877400
0,23994600
0,24152800
0,24216000
0,24143800
0,24134700
0,23310700
1,31032400
0,24371400
1,24401000
1,67618200
0,24164700
1,22523200
1,32558000
1,26856600
1,35157500
0,23659600
0,24349100
1,22727600
0,23774900
1,36476000
1,29301900
0,23840700
0,23795900
1,33830900
0,23792600
1,22490400
1,22181600
0,23591800
0,24282700
0,23523800
1,30333500
1,25114900
1,22943200
0,23934100
0,23515700
1,32236400
0,23539500
0,24803700
0,23761500
0,23711100
0,23709700
0,23878100
1,29417600
0,24058000
0,23684700
0,23935000
0,24550500
1,55913700
1,76000900
1,28950200
0,24476800
1,26358700
1,40296800
0,23630500
1,28494600
1,35681600
0,23339400
0,24321900
1,23121300
1,56963400
1,25806100
1,63110800
0,23703800
1,22442800
0,23653800
1,32365300
0,23644500
1,22031400
0,23582100
0,23707900
0,23520500
1,21989500
0,23515600
1,26394400
1,36891800
1,34720500
1,36887700
1,30346100
0,24212500
0,24363600
1,26307700
0,23945800
1,27771700
1,24247600
1,46140400
1,30194300
0,24689400
0,27566200
1,52314400
1,50117900
1,74415100
1,24666600
0,24374000
0,24136000
1,27184600
0,24317300
1,23544200
1,29673900
1,125108100
1,56359500
1,36692600
0,23661100
1,31557800
1,44954000
1,28068200
0,23969200
1,31913900
1,26507900
1,33515800
0,24411200
0,24616700
0,24599400
1,48471100
1,26572300
0,24224500
0,24279700
1,24316300
0,23513300
1,22138800
0,23539700
0,23555900
0,25005400
0,24321600
1,28039000
0,25287100
0,24345900
0,24287700
0,24350400
0,24268500
1,23183300
1,41371100
1,22877700
1,68981500
0,24294800
0,23739100
0,23524200
1,24221600
1,24821700
0,23427800
1,26813100
0,23705500
0,25332000
0,24295000
0,24523600
0,24254900
0,24974200
1,47040300
1,39812400
1,42508300
1,29465000
0,24283600
1,52757400
0,23703900
1,27047000
0,23698900
0,23798900
1,33097600
0,26637200
0,25116000
0,24788900
0,24671800
1,31023700
0,24667400
1,23317200
0,24663800
1,23425500
1,33739800
1,87854500
1,21969700
1,30843700
1,45451200
0,23485800
0,24212600
1,23797300
0,24302900
0,24180900
1,38355000
1,53939500
0,24387400
1,29758200
0,24366200
1,48047900
1,25500000
0,24209700
0,23913900
0,23389300
0,23862300
0,23380500
0,23701000
1,26664400
0,23868700
0,23797000
0,23750800
0,23836900
1,28637500
1,37044200
0,23630300
1,30964300
1,44815100
0,24627600
1,47030400
0,24586400
1,23213000
0,23649600
1,31443600
1,39790200
0,23709200
0,23905900
0,31817200
1,23130000
0,25352900
1,24794800
1,44706700
1,33644900
0,24325200
0,24183700
0,24645000
0,24352300
0,24346000
1,44119800
1,22552700
0,23774200
0,23840200
1,26481100
0,23464400
1,25512400
0,24498100
0,23494300
0,23727300
1,31714600
0,23624300
0,24405100
1,26879600
0,23930700
0,23499400
1,25775800
1,38528800
1,22726100
0,24204900
0,23560800
0,23491100
1,22248600
0,23477300
0,23373900
0,24758500
0,24243500
1,35025400
1,39294700
1,24345500
0,24283500
1,40897100
0,26081200
1,50807600
0,24818600
0,24793400
1,35056100
1,36687200
0,24692300
0,24792500
1,50594000
0,24107100
0,23925400
0,25082600
0,24128700
1,31412300
0,24162900
0,24024300
1,40351300
0,24116000
0,24039300
0,24426700
0,24248300
1,27272200
1,33640600
1,24019200
0,26876700
0,25134400
0,23915700
1,45189100
0,24627800
0,24357700
1,56487900
0,24223400
0,24099800
1,62444200
1,25367400
0,23553100
0,25812100
0,24078800
0,23718700
1,24537400
1,25616400
1,26873400
1,24184100
0,24374100
1,50733300
1,22625500
0,24236700
1,34805300
1,22959800
0,24289000
0,23726400
0,24974200
1,45750500
1,26546800
0,23666600
1,24932700
1,45540700
0,24171000
1,24250600
1,22798100
0,24121700
1,24882200
0,24110500
0,23646800
0,24183900
1,54264500
1,43368100
0,24132500
1,25901200
0,23714600
1,27475800
0,24731200
0,24212400
0,24177500
1,38079900
1,24621000
1,34935600
0,24235300
0,24258200
0,24387000
0,24526500
1,40043200
0,25654700
0,24697400
1,31872900
0,24431100
0,24658000
1,41856000
0,24499800
1,83830600
0,24465900
0,23811300
1,23567200
0,23823400
0,23731300
0,24032100
0,23902300
0,25533500
1,30945300
1,29222600
1,49022700
1,30170700
1,45363300
1,25247300
0,24415600
1,26140900
1,36372300
0,24369600
0,23776800
0,24443900
1,38271200
0,23901800
1,26908200
0,24118000
1,23304700
0,23812900
1,36943500
0,23496400
0,23591200
1,28951100
1,30827100
0,24972400
1,48201600
0,24213300
0,24237700
1,62641000
1,27011900
1,46138200
1,36029900
0,26010600
1,29725100
1,51946900
0,24320800
0,24013400
1,41285200
1,27553100
0,23711300
0,24780800
0,25277300
0,24224400
0,24201400
0,24128300
0,24604200
0,24174400
0,24527500
1,31375700
1,35292600
0,24258800
0,24020200
0,23827600
0,23823400
0,23700500
1,24056800
0,23587700
1,53087700
0,23486200
1,52513200
0,24673600
0,25072200
1,22315400
0,23634800
1,29212100
0,23465000
0,23393800
0,25270900
1,31443400
1,52500300
0,24619200
0,24622500
0,24192500
0,23396000
0,26831500
1,27770800
0,25428100
0,24654800
1,38062400
1,23146400
0,24742400
1,28424300
1,30208200
0,24400400
1,28911400
0,24624200
0,24303600
0,23613600
0,24220600
0,24235600
0,24102100
1,55369500
1,24527400
1,26242000
0,23176800
0,23466900
0,23643100
0,23577300
1,23732400
0,23465300
0,23385700
1,48239700
0,23383100
1,22450300
1,24600700
0,24214200
0,25221000
1,40860800
0,24542700
0,23999200
0,23715500
1,25144000
1,25869100
1,22245100
0,23464100
1,33087400
0,26688700
1,31096500
0,24283100
1,24218900
1,66293000
1,25641300
0,23734400
0,23781000
1,30655500
0,23730500
0,23789800
0,23816400
1,39816600
1,39510200
1,23351000
0,23428300
1,43970500
0,23495600
0,23559000
0,23645500
1,27884000
1,55264600
0,24151900
0,24336700
0,24682000
0,24112100
1,49246400
0,24182300
0,24193100
1,22835700
0,24262700
0,24375800
0,24577700
0,24570400
1,27195900
1,27292800
0,25072800
1,38067800
0,25535500
0,24595900
0,24667300
0,24649500
1,34856100
0,24136500
0,25883900
1,30589200
1,39655300
0,24756400
1,29115100
0,24775200
0,24603900
1,44102400
1,47966000
1,32010000
0,23345800
0,23408800
0,23496100
0,23342600
1,22981500
1,29425900
1,36408500
0,24136900
0,24187200
0,24443700
1,35559600
0,23302300
1,32874100
0,24467300
1,33777800
1,40567300
0,25002900
1,37467800
0,24220200
0,24266700
1,28269700
0,24162900
1,61209600
0,23346900
1,46730400
1,31891500
0,24671800
0,23692100
0,23337400
0,23986100
1,32009100
1,25359300
1,25874300
1,28969400
0,23532200
0,23343800
0,23354400
1,23541900
0,23629500
1,25831000
1,23504000
0,25040300
1,24923100
1,31811300
1,67979000
0,24559000
1,27073300
0,23786600
1,72273900
1,22819600
1,30014900
1,26396000
1,25201000
0,23653600
1,22274500
1,23987700
0,24460800
1,24630400
0,24704400
1,27560900
1,25660700
1,36880900
0,25284700
0,24295700
0,24429000
0,24134800
0,24434700
0,24127400
0,24154400
1,32852700
1,56028300
0,23426000
1,36781400
0,24785100
1,25221700
0,24224400
0,24235800
0,24132100
0,24364100
0,23488000
0,24270400
0,23436000
1,27306600
1,31991800
1,91702700
1,26655200
0,24650600
1,25966600
1,29203500
1,24597500
0,24613000
1,40245000
1,33637000
0,23358300
1,32378400
1,63075700
0,23393900
1,31501900
0,23469600
0,25073800
0,23784300
1,22417900
0,23699800
0,23797700
0,23828300
1,22132800
0,23781300
0,23862100
1,23770300
1,23950800
1,25812300
1,69223600
0,23945700
0,23839200
1,33759300
0,23755700
0,23745500
0,23634500
1,53852300
0,24161100
1,98185300
1,22098700
0,23607800
1,24702400
1,31577000
0,23896500
0,23997000
0,23946800
1,27698600
0,24066500
0,26906200
0,26078400
1,29816700
1,29424000
1,37839000
0,25335500
0,23990000
1,48107200
1,55082000
1,38654900
0,24476700
1,24288400
0,24278400
0,24393400
1,64031100
1,28477300
0,23883000
1,24115900
1,22477400
0,24032200
1,56007100
0,26750300
1,32837900
0,25398100
1,45769200
1,37653100
0,24241500
1,33051900
0,25827400
1,35782700
1,29146200
1,26627300
1,31974600
1,46968600
0,24606700
1,26685200
1,33167700
0,23671300
1,26106000
0,24395300
1,29953600
1,24110800
0,24670900
1,38036500
1,22918800
0,24373100
0,24313200
1,72913400
1,39428500
0,23276500
1,50015100
0,23827300
0,25000900
1,27563300
1,33474800
0,24720500
1,23919200
1,65835300
0,24186200
0,24197700
1,42329400
1,90359400
1,23938600
1,32141200
1,46762000
0,24639500
1,63095800
0,24092300
1,30152500
0,24462400
0,24765600
1,30166400
0,24620000
1,22755100
0,24126100
1,63451400
0,23687600
0,24099300
1,43807400
1,53310600
0,23563300
1,27769200
1,40728000
0,25542700
0,26024700
0,24256100
1,48229500
1,66003900
0,24362300
0,23484100
0,23586500
0,23790300
0,23442900
0,23737700
1,33822700
1,29842200
0,23570800
1,34515000
1,41375400
1,23693300
1,22454400
1,31483900
0,24404200
0,24985500
1,34652300
1,67022300
1,31798500
0,24232000
0,24244800
0,23769100
1,24978900
0,23551300
1,36853900
1,27158800
0,26767700
0,24243100
0,24363700
1,24987800
1,23288100
1,33347300
0,26883200
0,24415400
0,24043100
0,24950800
0,23721900
0,23661800
1,41525600
1,33344500
1,50549000
0,23447700
1,25831800
0,23440000
0,23445700
1,26853800
1,38416700
1,25034800
1,24704900
0,25205200
0,25271600
1,47436400
0,24280300
1,24841000
0,24621100
0,24612400
1,32528000
0,23916600
1,36623700
1,29543000
0,24370400
1,40479900
1,28900600
0,24363400
0,24188900
1,54038100
0,24213000
0,24482500
0,24385400
0,24527000
0,24305300
1,34451000
0,24133900
1,24552600
0,23618700
0,23786600
1,54716400
1,29961600
0,23688200
0,23710100
1,28985900
1,22496100
0,25076600
0,24067000
1,29631000
0,24360600
0,24332800
0,24239400
1,42860700
0,25723400
1,24151900
1,24244900
1,30263200
0,24662400
1,37815500
0,24933000
0,24822000
1,67826400
1,40839700
0,26904700
0,24968700
1,27594000
1,40842200
0,25790100
1,33316200
1,83752900
0,24620000
0,24848100
0,24603100
1,28735100
1,22751600
1,25519600
1,27425200
0,24324000
1,23866200
1,33767900
1,29546300
0,25026100
0,24697700
1,44195100
0,24599000
1,48868100
1,47921400
1,27757100
0,24606100
0,24639800
0,24594100
0,24635900
0,24280200
0,24228300
0,24259700
1,41609000
1,46999900
1,55353100
0,25720100
1,60919300
1,28000800
0,25358700
0,25015600
1,39247800
0,24615200
1,34695400
1,47342500
0,24231200
1,45419400
1,37814100
1,81375600
0,24302100
1,27030300
0,24368700
1,26795600
1,30230800
1,98711600
1,28282000
0,25871600
1,46279600
0,24168500
1,42912000
0,24432300
0,24044100
1,29928700
1,80018800
0,23760000
0,23828100
0,23983300
1,38441100
0,23921400
1,23015400
0,24109300
0,23893400
1,64762500
1,25300700
1,35386700
0,24253500
1,25918100
1,27333900
0,25538200
1,27199000
1,22958400
0,24753400
1,35144900
0,24745500
0,24379100
1,57462600
1,43117300
1,22888800
1,48576800
0,25310800
1,32552200
1,46318400
0,24546700
1,31486500
1,23260900
0,24313400
1,25137900
0,24319300
1,28328800
0,24358400
1,26617700
0,23836000
1,22878800
0,23975600
0,24688300
0,25254000
0,23720700
0,23560300
1,45639800
0,24346400
1,42635400
1,24211100
1,27445800
0,24195400
0,24200200
1,27020000
1,46694100
0,23827300
0,23695600
0,23743400
0,23770600
0,23638400
0,23711900
1,45301900
0,26227400
1,34598100
1,32174400
1,23279700
1,24829600
1,26494700
0,23681100
0,24022400
1,39599900
1,23728700
0,23379500
0,23951800
0,23357500
0,23397200
1,26370300
1,50384700
1,38948700
0,23721500
0,24699500
0,24103900
1,38745200
0,24502900
1,43514500
0,24236600
1,24395000
0,24235700
1,28872400
0,24370900
0,24278400
0,24377900
1,36011700
0,23546400
1,43793900
1,22397800
0,23784400
1,22922800
1,35123000
1,27047100
0,24384800
1,33550700
1,38702200
0,24921000
1,48033700
0,24617500
0,24854200
1,33079500
1,42518100
1,32163500
1,23156100
0,24605300
1,26152300
1,33453300
0,24613600
1,50550600
1,37707800
1,77927100
1,32900800
0,24222800
1,24024800
0,24215300
1,47882200
1,28987200
0,23667200
0,23782400
0,24001600
0,24548900
1,29201000
0,23925500
1,47488600
0,24193600
0,24666100
0,25099400
0,23841200
1,22521200
0,23669800
1,23000900
0,24334200
0,24275800
0,24537800
1,37345300
1,28143700
0,24184900
0,25439100
1,26316400
1,31685600
1,30122800
0,24449100
0,24327600
1,52766300
1,26451300
1,23501200
0,24885900
1,23662100
1,33586500
0,24314100
1,37578500
1,39404600
0,24331500
0,24282600
0,24191200
0,23900700
0,23730600
0,23970300
0,23915700
1,31141200
0,23713200
0,23974600
0,24119000
0,23819100
0,24558400
0,23937200
1,27578600
1,24793500
0,24141500
1,46439600
1,33985400
1,26331500
0,24626100
1,51412800
1,42946000
0,24227400
0,24048500
1,27464300
0,24037300
1,31465500
0,24486100
0,24252500
0,24515500
1,39494400
0,24318700
0,24203400
0,24702500
1,27725200
0,24334900
1,43249700
1,60905700
1,25565700
1,21921200
0,26428900
1,36854100
0,24627700
0,24638100
1,37984800
1,24557000
0,25116800
1,34326000
0,24095900
1,28364800
0,24531600
0,24240200
0,24259800
1,29088700
1,35463900
0,24760300
0,24483700
0,23940500
0,24018400
0,24796900
1,29239600
1,33888000
1,40598300
1,27675300
0,24304300
0,24333600
0,24847500
1,70484100
0,25226800
1,48720200
1,51672800
1,28540300
0,23537800
1,65829000
0,23728900
0,24480600
1,27307100
0,23843700
1,26857000
1,22427200
1,58222700
1,25664000
1,23761100
1,27010100
0,24814100
1,33483700
0,25008100
1,32172900
1,34209700
1,26157300
1,49632400
0,24730100
1,25086300
1,51181200
0,24629200
1,26071300
1,27219000
0,24499900
0,24507200
1,46187000
1,26156300
1,23112900
0,24561500
0,24271400
0,24768700
0,24491500
0,25882400
1,26017900
1,32135900
1,24591100
1,27380300
1,38583100
1,22899000
0,35955500
1,90939500
0,25737300
1,25435600
0,24904000
0,24813600
0,24730100
0,24848800
0,24836000
1,31163500
0,23948100
1,24051300
1,43508300
0,25224100
0,24706100
0,24612000
1,23280900
0,24316800
0,24280300
1,25545600
0,24570800
0,24342100
1,97314300
0,24258300
0,24469000
0,24263900
0,24119200
1,24663800
1,22697500
1,28525500
1,28358200
0,24141300
1,32582900
1,28130500
0,23929100
1,26434400
0,25412500
1,28457600
1,79489100
0,24347000
1,50484900
1,42269300
0,23704900
0,24161000
1,22731500
0,26610600
1,24768000
1,32106200
1,46740600
1,38402800
0,25805500
0,26024400
0,24389500
1,25580300
0,24438200
0,24212000
0,24809300
0,23895000
1,40933300
0,24135300
0,24228900
0,24178700
0,25639100
0,25660700
0,24192300
1,39851000
1,22405000
1,22544100
1,22537600
0,23681600
0,24240500
0,23569200
1,27309300
0,23806600
1,32529500
0,23304300
0,24912700
1,22375800
1,29115400
1,38941900
0,24151700
1,23503500
1,38593300
0,24254100
0,24150700
0,24252500
0,23961800
1,29083400
1,25388200
0,24008300
0,23654700
1,47675100
0,23764500
1,28698600
0,23553400
0,24195600
0,24334500
0,24100100
0,25271500
1,46831900
0,24529800
0,25695300
0,27869200
0,24644700
1,65695300
0,24097200
1,24765700
1,27704100
1,29872000
0,24120400
0,24189800
1,25728600
1,35342200
1,30273500
1,42116300
1,25603900
1,28501400
1,28166300
1,28847600
0,24145100
0,24244000
0,24148600
1,27414000
0,26108300
0,24827800
1,30779500
1,24784600
1,23300200
0,24769400
0,23778900
1,27488500
1,28831200
1,22718500
1,26045400
0,24528600
0,24217000
0,24390500
0,24392000
0,24185300
1,68740500
0,23682200
0,23776700
0,24742100
1,26885900
1,33507800
0,23471800
0,23355600
1,24966900
1,46217200
1,31510900
0,23700400
0,24825600
1,47430900
0,24369500
1,45883100
1,42193400
1,41130500
1,40282700
0,24283400
1,29006000
0,24280800
0,24096200
0,23439700
0,23705700
1,37407600
0,23996200
0,23815000
0,24071600
1,24007600
1,42959800
0,24634900
1,27149000
1,24476600
1,29128800
1,49183700
1,25501400
0,25684800
0,27476800
0,26275400
0,25520800
0,24827500
0,24687100
1,23174900
0,24769900
1,32214900
0,24653800
0,25077900
1,58454400
0,24337500
1,23000300
0,24161200
1,23187900
0,24357800
1,23196800
0,24968300
1,24729800
1,27765200
0,24831700
1,52058300
0,25714700
0,34698700
0,26200900
0,24625600
0,24651200
0,24808000
0,24415700
0,25095400
1,27021700
0,24131000
1,26983800
1,24412800
0,24171600
0,24565300
1,26461000
1,32808800
1,26631900
0,23868200
1,26695000
0,23891200
0,23827200
0,24010100
1,27150200
1,38617400
1,23033700
0,24560600
0,24170400
0,24449200
1,36485300
0,24233400
0,24204000
1,43153500
0,23791200
0,23688800
0,23885100
1,29916000
0,23653400
1,25475500
0,23663900
0,23867300
0,23683600
0,24952400
0,23624400
0,23942400
1,22316500
0,23544100
0,23899200
0,25223000
1,25860800
1,31087200
1,37936600
0,24285400
0,24189600
1,23162300
1,30528700
1,46464400
1,41611900
1,41116400
1,33476300
0,24471100
0,23850300
1,26053900
1,35710700
0,24333000
1,53361400
1,32589200
0,24542500
1,27942500
0,24335900
0,24184900
0,24136600
0,23996900
0,23623300
1,26890500
0,25745200
1,47600400
0,25880100
1,42402900
0,24819500
1,44123000
1,27581600
1,41609800
1,24267000
0,24381400
0,24289600
0,24131800
0,24296100
0,24137100
0,23844100
0,23726700
1,24009000
1,25142200
1,26095400
0,24047400
1,39130300
1,25517700
1,38221500
1,44348300
1,30135200
0,24058200
0,23750700
0,24361400
1,51664800
0,24194600
0,24244300
1,23648900
0,23689000
0,23919800
0,23658400
0,23832300
0,23755100
0,24349300
1,47823600
1,48255100
1,35721400
1,22638700
1,29160500
0,23821900
1,36323300
0,24690900
1,25709700
0,24059400
0,24322900
0,25396700
1,74578900
0,24386500
0,24364300
1,23218500
0,24542600
1,32149500
0,23857800
1,76037700
0,24015500
0,23951800
1,38571800
1,32855600
1,32891200
1,25877200
0,24134200
1,38992900
1,54832000
1,41540800
0,23886800
0,24703400
0,23800000
1,29284300
0,23607700
1,24992800
0,23913800
1,29557300
0,26213800
0,24765500
1,71934200
0,25151600
1,23563600
1,61549800
0,24610900
1,51062700
1,36611900
1,30848000
1,62840600
0,24242200
1,28135300
1,27327900
0,23914800
1,26877100
0,23879300
1,38700000
0,24524400
1,25616100
0,23945300
1,23791300
0,24311000
0,24199600
1,24266400
0,24131500
1,33284100
1,31173700
0,23422100
0,23616800
0,23964400
1,22020300
0,23512900
0,23724300
1,24892300
1,88586600
0,24676300
1,51640900
0,24636200
1,50827900
0,25842100
0,24340800
1,42053400
0,24330300
1,24028300
1,30115200
0,24722700
0,23503700
1,26003500
1,22372600
0,24017700
0,24319400
0,23723600
0,23718400
0,23684300
0,24902000
0,23948300
1,26398800
1,28426400
1,37920300
0,24317300
1,28844800
1,27892000
0,23912300
1,36853600
1,52919600
0,23756800
1,33951000
1,24053800
0,23759800
0,27129200
0,28046800
0,24533500
1,55149100
0,24489200
0,24570500
0,24367800
1,45170500
0,24216500
1,26245600
1,39467400
1,51142600
0,24232000
1,30689600
1,27798100
0,25528900
1,38856000
1,23124600
0,24172800
0,24038200
1,28579000
0,23702800
0,24265100
1,24993900
0,25142800
1,27392900
1,36292900
1,26542000
1,23123000
1,28300900
1,52079100
0,30395500
1,38543000
1,22285900
1,23709400
1,29759000
1,50661500
1,30402200
1,24889800
1,57005100
1,63205300
1,24576200
1,36494700
0,24293500
1,27155900
0,24201700
1,64072700
1,23385600
1,39341300
0,23530200
1,45810100
0,23806500
0,24151300
0,24754300
0,24183800
1,28301200
1,38333900
1,35435800
0,23862700
1,23739100
1,30980500
0,23773500
1,30675800
1,38000500
1,39205200
1,24831400
0,23672700
1,34858300
0,24382600
1,25311800
0,26454100
1,32899800
0,24669900
0,24618200
1,37682600
0,24745600
1,23328100
0,25204200
0,24142100
1,24379900
0,23789600
1,40665600
0,23633100
1,25321200
1,35764200
0,23753900
0,25200400
1,31836100
1,38593900
1,34059900
1,44564400
1,26308100
1,22556400
1,51833900
1,22378300
1,63275800
1,22465500
1,23369100
1,29842200
1,61646600
1,65411900
1,46500200
0,24644700
0,24612800
1,24564800
1,22844300
0,24254300
0,24131100
0,24287500
0,23965100
0,23795500
0,23699500
1,40941000
1,31757600
0,25141100
1,37403500
0,25104200
0,27350300
0,24159100
0,24360400
0,24157200
0,24193900
0,24148900
1,71632800
0,23506100
1,30938800
1,23184000
0,24180000
0,24120000
0,24037400
1,23712900
1,30964400
1,24996500
0,23337500
1,23591600
0,23849600
0,23702800
0,24156100
0,24267800
1,28065400
0,24090300
0,24906200
1,60512900
1,33127400
1,56246400
0,24635300
1,23058000
1,23218900
0,24401100
0,24498200
0,24349800
1,31820600
1,39761700
1,22852200
0,23794600
0,23635500
1,41565500
0,25130800
1,37775700
0,23785000
1,59489100
0,24301100
1,29032200
1,28702200
1,34217200
1,23611000
0,24096600
1,25471800
1,32412000
0,26105400
1,28135000
1,45054800
0,24693800
0,24752700
0,23769700
1,22756300
1,25504200
0,25605700
0,25913000
0,24930700
0,24368800
1,35150000
0,30748600
1,32794000
1,29097600
1,28699200
1,30725300
1,23139400
0,24793400
0,24429300
1,35178400
0,24598200
1,36618100
0,24758800
0,24670700
1,33152000
1,22156300
0,25521700
0,24289600
0,23805900
0,24396300
1,47273000
1,26337800
1,29828300
1,27529200
1,22702300
0,24281700
1,39914400
1,49334700
0,24198400
1,42903000
0,24186100
0,24533400
0,25383800
1,22029400
0,24899300
0,24082600
0,24775800
1,37206100
1,30977900
0,24662300
1,23553200
1,42396300
0,24343800
0,23691200
1,25476300
0,23781400
1,30624500
1,22151400
1,30835100
0,23459300
1,37104300
1,26782100
1,49049300
0,24281400
0,24209200
0,24145200
0,24018900
1,31431800
0,23571400
0,24273600
0,26169700
1,36218200
0,24606700
1,43078000
1,46567600
1,26101100
0,24293200
0,23387900
1,75497100
0,24464600
0,24137100
0,24490000
0,24132200
1,55002900
1,39755000
1,31326400
0,23382400
1,56442900
1,80250800
1,22667900
0,24304400
0,24202000
0,24225200
0,23978000
0,24782700
1,22788500
0,28297600
0,25534900
0,24747600
1,31414500
1,30689700
1,46334500
0,25082400
1,42158100
0,24321300
0,24703700
0,24288300
0,24418200
0,24823100
1,23153600
1,23085700
1,24045500
1,24010400
1,27077900
1,45884100
0,24352600
0,24243500
1,35370400
1,34030300
1,73648300
1,44546900
0,24214700
0,24191600
1,25365100
1,39627900
1,35605600
1,59307400
1,24980600
1,22526700
0,25364700
1,38601000
1,22615600
1,25644200
1,35264800
0,24643000
1,28429900
1,26168000
1,27445500
0,25711900
0,24533700
1,26827100
1,28284800
0,23993400
0,23711400
0,23868700
0,23762900
1,24089900
0,23717500
1,40581200
1,37130100
0,23870100
1,40322100
0,23854500
0,23982300
1,32066300
1,33578200
0,23744500
0,23775500
0,24534900
0,24344500
0,24337100
0,23747000
0,24010300
1,37548100
0,23802800
1,26345700
0,23783800
0,23836500
0,24575200
1,28519400
1,34460900
0,24618200
0,24183900
0,24204200
0,24149300
1,29390400
1,39124600
1,27319400
1,29983100
0,24513600
1,22754600
0,24242900
0,24248900
0,24369900
0,24431200
0,24194300
0,24415500
0,24138600
1,40908300
0,24312100
1,24383500
1,87166300
1,35401500
0,24633500
1,29405500
0,24621500
1,23921600
1,41491800
1,28297800
1,22314100
0,24171500
0,24229400
0,25144800
0,24401300
0,24217900
0,26299900
0,24229000
0,26793000
0,24773900
1,29894800
1,41960300
0,24102000
1,39206200
0,23459600
1,30863100
1,24844300
0,23327200
0,23773600
1,38680300
0,23398700
0,24834200
1,80827500
1,41066700
0,23948000
1,33278800
1,40081200
1,22610100
1,28395000
0,23625300
1,23542300
0,23346900
0,23682500
1,29098000
0,23626100
0,23418100
1,27765400
0,23668300
1,26757200
0,23955200
1,59550400
1,26004800
0,24467800
1,23036300
1,36110000
0,24313100
0,23869400
1,23794200
1,28508700
1,43498300
1,25265200
1,26646100
1,27609100
0,23858700
0,23758500
0,23631500
1,34357800
1,22163600
0,23407000
1,35856200
0,23741800
0,24947400
0,24906600
0,23374200
1,30147700
1,33067600
0,24801200
1,27458700
0,25499500
0,26961800
0,24932800
1,26827800
1,33758500
1,42670300
1,41647400
0,24632000
0,24783500
1,49267500
0,25538200
0,25934100
0,23937800
1,42193300
0,24795100
0,24743200
1,73855300
0,23631400
1,46784600
0,23854900
1,67349400
0,23379100
0,23725700
1,22747200
0,23741200
1,68674500
1,26369900
1,52905000
1,37276500
0,24203200
0,24318300
1,32615900
1,37153400
0,23743200
1,47394200
0,24370600
0,24513800
1,32708800
1,27131900
1,26814200
0,24847300
0,24234200
1,27197900
0,24907900
1,64402800
1,58402300
1,28554600
0,24197400
0,23679100
1,22394900
0,23678400
0,23813400
0,23747200
1,29105000
0,23499100
1,26751200
0,23705800
0,23680800
1,36452900
1,23714500
1,72984600
0,24030300
0,24217400
1,22721100
0,24199200
0,24298600
0,23663100
0,23756600
0,23703400
1,28366300
0,25128800
0,24452400
0,24352900
0,24228500
0,24673200
1,49309200
1,41233000
0,24612100
1,146365500
0,24512300
1,29179600
0,24722600
1,24824300
1,32589200
1,22799000
0,23750600
0,23844700
0,24837300
1,45435100
0,24176500
1,23071000
1,30567400
1,41415700
0,24738500
0,24237100
1,22322600
0,23745000
1,24033900
1,56113200
0,24233300
0,24316400
1,36826500
1,25272600
0,24666200
1,25880300
1,31846600
0,24145000
1,55330000
1,26053600
1,41935000
1,31712100
0,24752100
0,24182000
1,29399400
1,24215900
0,24412700
0,24232700
1,68939800
0,23381400
1,34730800
1,25193800
0,23486900
0,23283200
0,23380900
0,23650600
0,23492100
0,23730800
1,27743700
0,24729000
0,23724400
1,23178500
1,25266500
0,24212600
1,23988300
1,40254400
0,24359500
1,34582500
0,23745100
1,69763500
1,49477800
1,28252000
0,24652000
1,34659000
1,26308500
1,35449000
0,24197500
0,24354800
0,24687200
0,24179300
1,24456900
0,25549600
1,49886800
0,23943000
0,23818800
0,23712500
0,23299600
1,22005200
1,34484700
1,46438900
0,23432800
1,22779100
0,25965300
0,25743300
0,25346200
0,24795900
1,47401200
0,24894800
1,39792200
1,26325500
1,44454800
0,24605500
1,29248500
1,26675500
0,23832700
1,26432900
0,24046700
0,23726700
1,29858900
0,23708200
1,29840400
0,23319900
1,49759700
1,44144300
0,24599300
0,24078500
0,24292100
0,24224400
1,30228900
0,24200600
1,37428900
0,23667600
1,25743900
0,23338100
0,23720500
1,21926900
0,23917200
0,24597800
0,23516800
1,30468000
1,30158000
0,23478300
1,39910900
1,22156500
0,26859500
1,32238000
1,29269100
0,24618700
1,25884000
1,44889100
0,24200900
1,25414800
1,24209700
1,29396800
0,23849700
1,35179900
1,25555500
0,24984400
0,24652600
0,24522800
1,31405000
1,47230300
0,25001800
0,24192100
0,23816800
1,29293900
0,24262600
1,30342300
1,60097600
0,23742400
0,23660800
1,22119300
0,23701700
0,23583400
0,24176200
0,23604500
0,23639800
1,34362800
1,45666000
1,24915000
1,39648200
0,24130100
0,23859500
0,24436000
1,57511000
0,24475900
0,23743200
1,23640700
1,54748500
0,23638600
0,23480500
0,23518900
1,28580900
1,23865200
0,23957800
0,23882600
1,74546600
1,106598200
0,25819800
0,24301300
0,24793900
1,23548700
0,24631000
1,25113700
1,41757700
0,24390100
0,24424500
1,60404200
0,23923300
1,96422100
0,23710000
0,24459600
0,24197700
1,66753100
0,24352900
1,44329600
1,22916200
1,38396000
0,24290100
1,25647400
0,24069900
1,92347700
0,25469200
0,24208200
1,25511600
1,33467900
0,25290800
0,25210700
0,24671200
0,24312500
0,24386900
0,24243400
0,24157200
0,23622900
0,23669000
0,23803700
0,24404400
1,35190900
0,23926700
0,23676600
1,40264000
1,24846700
1,33849800
1,22754700
0,24307100
0,24316500
1,43621000
1,27962700
1,61574500
0,24274400
0,23801900
0,23699700
1,39310500
1,46627800
0,25112800
0,23606200
0,23719000
1,58992900
0,23424500
0,23305200
0,23501600
0,23399600
1,87027300
1,30886300
1,27671000
1,35347800
0,23775900
0,23935600
1,34254500
0,23478300
0,23387200
1,53864200
0,24699400
0,24901300
1,46351000
1,33826100
0,24989000
1,37715100
1,49337300
1,30518800
1,63861900
1,42664600
1,43925400
0,24189800
0,24196700
0,27058200
0,23572000
1,29440500
1,30676200
1,31235700
1,30993400
1,25188900
0,25566400
0,24374800
0,24283500
1,22819300
1,33887600
0,26160900
0,25248200
0,24173000
0,24046600
1,29679800
0,23746700
1,37089300
1,23083700
0,24782600
0,23653200
0,23911000
1,38454900
1,23614100
1,33143900
1,34762700
0,24408000
1,24314800
0,24377800
0,24118500
1,36894300
1,34525900
0,23708500
1,22529200
1,50321400
0,23399200
0,23699100
1,23717700
0,23678700
0,24135200
0,24117200
1,31174700
0,24174100
0,23545800
1,22506300
1,59714800
0,24908200
0,23516200
0,23520700
0,24563200
1,33622000
1,24175100
0,25518000
1,30145200
0,24345400
0,24334300
1,37201600
1,68680200
0,23762300
0,24919900
0,24512200
0,23460000
1,81903000
0,24382800
1,31696600
0,24359100
0,24161800
0,24297000
1,25599600
1,36522100
1,27879400
0,23382600
0,23688000
1,41616900
1,66200800
0,24650700
1,23104200
1,24877100
0,24386500
0,24245400
0,25166500
1,26061000
1,29217600
0,24755400
0,24725900
1,27812500
1,26111800
1,28862300
0,24212600
1,27279400
0,23736900
0,24024700
0,23663600
0,23918200
1,61790500
0,23692200
1,40232800
1,23894400
1,22665600
0,24078000
1,35202200
1,28623900
0,23737500
0,23697000
0,24054100
1,67462600
1,23910400
0,23819600
0,23847800
1,23748900
0,23490000
1,25726300
0,23637600
1,41846900
1,34161000
0,23858100
1,26738300
0,23558600
0,24699900
0,23705600
0,23548300
0,24206700
1,24023900
0,23996300
1,39397800
0,24133200
1,30581800
1,36613200
1,40423200
1,29924000
1,32054300
0,23765100
1,44176300
0,26225100
0,24024000
1,29883600
1,34006200
1,31779300
0,24419800
1,32444400
0,24322000
0,23733000
0,23534100
1,34665200
0,23696900
1,22248100
1,36725600
0,23920400
1,36349200
1,23364200
1,31396800
1,28676300
0,23565700
0,24205900
1,31389000
0,25968700
1,40078800
0,26292500
0,24163500
0,24605900
0,24654900
1,32023300
0,24601400
1,57419700
1,38911500
0,24011200
1,36086600
1,24843000
0,24102900
0,24151900
1,40786300
0,24144000
1,48531100
0,24160700
1,34276900
1,40262600
1,24545500
0,24223100
0,23764000
1,33929700
0,23479000
0,23469600
1,28511500
1,30111600
0,23868300
1,35336100
0,23476700
1,22224200
0,23457300
1,22098000
0,23623700
1,31378800
1,37504400
0,24143600
1,25866100
0,24208500
0,24264800
1,25115700
1,42304500
1,57365900
0,23893500
0,23671500
1,53566300
0,24117200
1,35837800
0,24143300
1,31555000
1,27531700
0,24244700
0,24319100
0,24204400
1,27748600
1,38441600
1,29099100
1,34631300
1,25096800
1,53377500
1,33592500
1,28582900
1,25974300
0,24298600
0,23721700
1,33271600
0,25438800
0,24217600
0,24029400
0,24098700
0,24882000
0,24205100
1,35576700
1,25041300
0,25354000
1,25626600
0,24704500
1,23398300
0,26169100
0,24636800
0,25735700
0,24178100
1,63159200
0,24094900
0,23868600
1,36593800
0,23346300
0,24400700
1,27225600
1,27070600
0,24218100
1,23980000
0,27227500
1,45313000
1,39777500
0,24606800
1,36994600
0,24044200
0,23635100
1,27235500
0,24546800
0,23932200
0,23960800
0,23914100
1,29143800
1,51672300
1,24023800
0,24600800
0,24152800
0,24508000
0,24266800
1,33504100
0,23865200
1,28296500
1,52141600
0,24608300
0,26637800
0,23664000
1,59332800
1,27404300
1,24404100
1,25599600
0,23831200
0,23671400
0,23704600
0,24991400
1,37392900
0,23656200
1,32702600
0,24174500
0,24133100
1,22739200
1,23214300
0,23841300
1,25287100
0,24380500
0,24432900
1,49038000
1,26894000
1,28989900
0,24634300
1,26784000
1,25650100
1,30564900
1,46912100
1,28231100
1,23967400
0,24339800
0,24782800
1,46013000
1,50401900
0,24735500
0,25817000
0,23683200
1,36704100
0,23807800
1,24337100
0,23640100
1,29468900
0,24061200
0,23749700
1,22519100
0,23768200
1,35775200
1,57340400
1,32178400
0,23789700
1,50253200
1,38255500
0,24000100
1,37483500
0,27293300
0,26065700
0,24713700
1,40282700
1,24994300
0,24688800
1,36174700
0,24631100
1,48267300
1,30954300
0,24116200
1,26852100
1,23405800
1,24389300
0,25233100
0,24202000
1,29258300
0,24515500
0,24214500
1,22342900
1,25523400
1,52001500
0,23405900
1,57343300
0,23493600
1,29522200
1,41291200
1,26140600
0,23724400
1,37982000
1,76588800
1,23144400
0,23464100
1,23935100
0,24246300
0,24526800
0,24421800
0,24217500
1,39975800
0,23962900
0,24049500
0,23955600
0,23709500
1,32554600
0,24086500
0,24873600
1,28115400
0,24132700
0,24192100
0,26093600
0,26631300
1,45977800
1,24659300
0,24632300
0,24645800
0,24614500
0,23855600
1,24421600
0,25904900
1,50965000
1,98674500
0,24198100
1,47208300
1,23044400
1,25586700
1,32515600
0,23663400
0,24304400
0,26382400
0,24171200
0,24234200
0,23963700
0,23841700
1,29135600
0,23702700
0,23871500
1,23808500
1,43578900
1,24355700
0,24286400
1,32231800
0,23816900
1,46627300
1,22389700
1,23138300
1,33849300
0,24173900
1,25805200
1,25573400
0,23642400
1,25184200
0,24305900
0,27655600
1,53857600
1,25963800
0,24600500
0,23707600
1,24171100
0,25256000
1,30923200
0,24328800
0,24367900
0,24460400
0,24146800
1,24219500
0,24283600
0,24211000
1,89453600
0,23667600
0,23815200
1,28076500
0,23707100
1,61537400
0,23442000
0,23553500
0,24898600
0,24095400
0,23942900
1,32521400
0,23615800
0,23808600
0,23707900
0,23979300
1,46246000
1,22746200
0,24550000
0,24173200
1,31000300
1,56367800
1,34105200
1,24565000
1,47479600
0,23601900
0,25223100
1,31486400
1,28428100
0,24152200
1,37527200
1,45874100
0,23586200
0,23830000
1,27420800
1,27265200
1,30496900
1,31879900
1,29074000
0,24122600
0,24114600
1,25660900
1,46316800
0,23876500
1,37977400
1,28041600
1,50497100
1,23180500
1,64085000
1,54282300
1,40351000
0,23791800
0,25959900
0,25883500
0,25005700
1,23303900
1,30669900
1,30351500
1,43434600
0,24934300
1,33258000
1,23341700
0,24681200
0,24609200
1,81086700
1,36899700
0,26102600
1,38070500
1,22670600
0,24368200
0,24245600
1,26978000
1,34606300
0,23380100
1,28326700
1,23893500
1,23376200
0,24280100
0,24450100
0,24566200
0,24683300
1,31564900
0,24970200
0,24225100
1,24163000
0,24322600
1,30402900
0,24666300
0,24439700
0,24604400
1,32911200
1,27442300
0,24445800
1,26025400
0,24444500
1,24984200
0,24213200
0,24412400
0,24139300
0,24192800
0,24432500
1,34022200
1,24595100
1,29851600
0,23888200
1,69561400
0,23425700
1,29310800
0,23358000
0,23410300
0,23393200
0,23586700
0,23302100
0,30561500
1,46856600
1,45842900
1,49622100
1,94054000
1,27874600
0,23754500
0,23539700
0,23687600
1,28419000
0,24369500
0,23890200
1,35205000
1,40497900
0,24672300
1,33158600
1,27165800
0,24657200
1,23147600
1,26632700
0,24687500
0,24748000
0,23584100
1,43275600
1,31641800
0,24206100
1,26652300
1,29641300
1,21921500
0,23806800
1,32541400
1,40667200
1,27423000
0,23700600
1,32637700
0,23662700
1,23075800
0,23915700
0,23800300
0,23847200
1,29999500
0,25629200
0,24181600
0,24325200
1,38104600
0,24612500
0,24635600
0,26007500
1,39305200
0,23926100
0,24060700
0,24751200
0,24754600
0,24625000
1,28657400
1,26738000
0,24967300
0,23728900
0,23995300
0,24145800
1,59067800
1,32192500
0,23726800
1,30906800
1,27154700
1,23889200
1,27838000
0,24042100
0,24374100
1,31678600
1,43004800
0,23760800
0,24200400
0,24206000
1,23998600
0,24206700
1,26884000
1,28248600
1,67931300
0,23787100
0,23655500
0,23854300
0,24128200
1,42493800
0,24746500
0,27610900
0,24550900
0,24266100
1,23138000
1,37848200
1,26528400
0,23345500
1,22842600
1,33522600
1,26539200
0,23827200
0,23806300
1,63720700
1,26425900
0,23521400
0,23559800
0,23602000
0,23781100
0,23851900
1,38242400
1,26474000
1,34569800
0,23755000
0,24420600
1,24839500
0,23691500
0,24147500
0,24121700
1,41591700
0,23707600
0,23767900
0,23658200
1,78429200
1,37670600
0,24411200
0,25253800
0,26201600
1,26267000
1,36977200
0,24806900
0,24658500
0,24673600
0,24618400
0,24714500
0,24618400
1,23404700
1,26309000
0,24063300
0,24314000
0,24122600
1,38523800
1,26388900
0,23411400
1,27825700
1,109158200
1,23985800
1,45703700
0,23999300
0,23701200
1,26829100
1,38121600
0,24232300
1,39661900
1,28989800
0,23944100
0,24381600
0,24042200
1,37188400
1,25404000
0,24357100
0,24838500
0,24787900
1,26011000
1,26033700
0,24395900
1,33294200
0,24336500
0,24282600
1,22815100
0,25306400
1,52893500
1,30148100
0,24349100
1,39368900
0,24269000
1,24381800
1,29332200
0,24665300
0,25121200
1,22986800
1,25060900
1,29482400
1,69393000
0,23948300
1,31557500
0,23903400
0,23896100
0,24082400
1,23168300
0,24110300
0,24420300
1,22866000
1,31228700
0,24233600
0,24383500
1,22923000
0,24292500
0,24090300
0,24958400
1,25788800
1,32205500
1,29804400
0,24329200
0,24720000
1,35946400
0,24791600
0,24120200
1,28295200
0,24682400
0,24226100
1,29824800
0,24316400
0,24219900
0,24263800
1,26551800
0,23667200
0,25715700
0,24979300
1,42730500
1,22936000
0,24148000
0,25082800
1,58341100
1,32012400
1,24588200
0,24610000
0,24121100
0,25020900
0,23713400
0,24127900
1,47738800
0,24446100
1,22963700
1,35005500
1,28295900
1,24250300
0,23660000
1,30506800
0,24222000
0,24185500
0,24205200
0,24262100
1,42705700
0,24653400
1,31647500
0,23692600
0,24799200
0,23714800
1,25429400
0,24154600
1,25548500
0,24277500
1,24540600
1,22001500
0,23787800
0,23542800
0,23357600
0,23757300
1,46535000
1,33392000
0,23493500
1,25351000
0,23508000
0,23355700
1,32497800
1,31684000
1,30629600
0,24660800
0,24633100
1,38946600
0,24136000
0,23436400
1,47083500
1,25063300
0,23302300
1,53982600
0,23794400
1,55433000
0,23914200
1,97603100
0,23845400
1,52831600
1,57108900
0,25247500
1,35607900
0,24253100
1,48772300
0,24636400
1,27940300
0,23502700
1,32676600
1,43159200
1,33628100
0,24476600
0,24183600
1,87034800
1,31235200
0,24640100
1,25103500
1,41818200
1,66563800
0,23494000
0,23736000
0,23432400
1,38130800
1,33974000
1,42928000
1,28762100
0,23434400
0,24930700
0,23759100
1,30006900
0,24120700
1,22972500
0,24171200
0,24423200
1,68960400
1,22225900
0,23721600
0,23707700
1,44149000
1,26225000
1,55971200
0,23871900
1,24126900
0,23962300
1,36902400
1,22711800
1,44608400
0,24075100
1,35871600
0,23916000
0,24205400
1,38183200
0,24328400
1,32464600
0,23759900
1,28244400
0,23703500
1,41504300
1,27130100
1,29190800
0,23955700
1,32179600
1,22501900
1,55076000
0,24330000
0,25259200
0,24755700
0,24604200
0,24695700
0,24606100
1,36699600
0,23665000
0,23725500
1,31051200
0,23906800
1,32705500
1,23169100
1,29623300
0,24134200
0,24420900
0,24371700
0,24177100
0,24407600
1,73473200
1,29695900
1,30769200
0,25254700
0,24226000
0,23818400
0,23422100
1,31415000
0,23410600
0,23447000
1,43232500
1,22197700
1,26360900
1,36489600
1,28269500
0,23803400
0,23635800
0,23806700
1,24646100
1,27554600
0,24219800
1,22779300
0,24812400
0,26065200
0,24739000
1,24991500
1,23270600
0,24560200
1,27731800
0,24283100
1,25999400
0,24162700
1,29881000
0,24375000
1,27030900
0,23927700
1,29113400
0,24030300
0,23655300
0,24452100
1,32236200
1,45903100
0,23956000
1,35639500
1,44384900
1,43464800
0,23805200
0,23678900
1,26691500
1,29935300
0,23516100
1,27112400
0,23500600
0,23295500
1,51379200
1,73263000
1,25643700
0,24662100
1,23415600
1,23276000
1,25955000
1,26140600
1,66177500
1,23268000
0,24141300
1,32151300
1,26177200
1,23985700
1,33159800
1,40016800
0,24018100
0,23722500
0,23916900
0,23624800
1,24939200
1,31389900
0,24319100
1,34770700
0,23790500
0,23908300
1,37723300
0,23838300
1,32705800
1,38093000
0,24111200
0,24377500
1,23930500
0,24035200
1,28664100
1,25408300
1,29976700
1,30733800
1,58166400
1,56083100
0,23858900
0,23911900
1,24193200
1,35713900
0,24977900
0,24205600
1,24633000
0,26146600
0,25822300
1,27234000
1,35857200
1,28939800
1,23125400
0,24623200
0,24647800
0,24118400
1,24701700
1,25465000
1,23639900
1,33152400
0,24217100
1,24221100
0,24209200
0,23726800
0,26709300
0,23839600
1,23708500
1,46295300
0,24019900
1,41846900
0,25205000
1,28292400
1,22592100
0,23903600
1,29506200
0,24360700
1,50971400
0,25220100
1,53054300
1,74941800
0,24800400
0,24455100
0,23969900
1,24173700
1,70365000
1,24598400
0,24322600
1,22538400
1,42287200
0,23476500
0,24862900
0,24263100
1,38730200
0,24214300
1,26725600
1,29745100
0,23640000
1,36263000
1,32981700
0,23813000
0,23600900
1,78487600
0,24010000
0,23740200
1,28544300
1,41294200
1,25337600
1,56325000
1,24134500
1,22587100
0,24621900
0,24584000
1,23974600
0,24626400
1,23093100
1,27519000
1,23722300
0,24074300
1,24548300
1,32477400
0,24239700
1,42465000
1,26144100
0,23585500
1,35414400
0,23874300
0,24789100
0,24068000
0,23865500
1,52117000
1,29904200
0,23846000
0,23382400
1,26751900
1,26023500
0,23610500
1,28382600
1,46794600
0,24755300
0,26566000
0,24294900
1,53599300
0,24610200
0,24654400
1,31825300
0,25756300
0,24256200
1,22965400
1,34239600
1,30145800
1,46746200
1,23415400
1,26396500
0,24931600
0,24766200
1,35914600
0,24407400
1,26233400
1,25439100
1,30944600
1,23769600
0,23839900
0,23712500
0,24798600
0,23885100
1,37786500
1,68433800
1,33474700
0,23651600
0,24092100
1,25490500
0,23813400
0,24153900
1,23744800
1,45526900
1,27863500
1,22535700
1,38835700
0,23591100
0,23966500
0,24509400
1,27880000
0,24232700
1,27414700
1,37149800
0,24199000
0,24124000
0,23914000
1,47136200
0,23955600
0,23868200
0,23522000
0,23540400
0,23582900
1,22173100
1,29178400
1,47711000
1,62086000
1,36388100
1,29815100
1,77681200
0,23598600
1,22107900
1,23320300
1,71262100
0,26018800
0,26895400
0,25969700
1,25046600
0,24595200
0,24770000
1,24619000
1,44239600
1,26097400
0,24061700
0,26169300
1,55501100
1,22684300
1,32046400
0,24674900
0,24654300
1,23229500
0,24295700
0,24155900
0,25199500
0,24160500
1,44130800
0,24226600
1,29210800
1,27350100
1,37755100
0,23447700
1,30724400
1,23512200
0,23827200
0,23763200
1,54940200
0,24210700
1,45110900
1,24894500
1,23706800
1,22027400
1,23580800
1,23986600
0,23813400
0,24103900
1,23561200
1,32483500
1,31731900
0,23729400
0,23849200
0,24480400
1,30749600
1,24153300
0,25714500
0,24214900
1,32328800
1,30722200
1,27383200
1,22037100
0,23489400
0,23435300
0,23946400
1,54329800
1,31816400
0,23654300
0,25848800
1,24898800
1,22149500
1,31388600
0,23601700
0,24321400
0,24284700
0,23773500
1,31873700
0,24039000
1,30738900
0,26231700
0,24202700
0,23988100
1,41650400
0,24464100
1,25358500
1,25339700
0,24034700
0,23632800
0,24014500
0,23445400
0,23733700
1,29151400
0,24106200
0,24373000
0,24340200
1,24633800
1,60044400
1,36765300
1,41806000
1,25656600
1,42921700
1,24563400
1,46696600
1,50966500
1,22236800
0,23876000
1,27936500
1,31017100
1,28045700
0,24309400
0,23904600
1,56218200
1,24533500
1,25513800
1,29277000
1,32857500
1,51901100
0,23762700
1,30286100
0,24958500
0,27747300
1,36353500
0,26190800
0,24251000
1,23209800
0,24756700
0,24671400
0,24732800
0,24625700
0,24404900
0,24284600
0,25748900
1,34396000
1,24247200
0,24189800
1,23029800
0,23661200
0,23701200
1,24570400
1,31589400
1,35294200
0,24173900
1,41501900
1,58965100
1,29659400
0,24860200
1,24200500
0,23623900
0,28075400
1,30748700
0,24653200
1,24756500
0,24587000
0,24213200
0,24188500
1,27172100
1,42469300
0,23322800
1,25838700
1,71137900
0,23748800
1,22771400
1,24349300
0,24589500
0,24794400
1,38746500
1,56334600
1,28730400
0,23983500
0,23599200
0,23515600
0,24767700
1,56764600
1,35704100
1,56257200
1,23096200
1,29967000
1,24285200
1,22453500
1,36811900
1,23611900
1,26422500
0,24737000
0,24701800
0,24679300
1,26154800
1,37050700
0,24710200
1,23271000
0,24883500
0,24949500
0,24906800
0,25057200
1,37241400
1,23537900
1,62967100
1,29807300
0,24778000
0,24816700
1,41370000
0,24918700
0,24751800
0,24795700
0,24922200
0,25346600
1,24813900
0,24729400
1,30986500
1,28846400
0,25047100
0,24619500
0,24698800
0,24873300
0,24504300
1,33882300
0,24272100
1,23441300
1,25628400
0,27374900
1,69636800
1,28230100
0,24617200
1,29227600
0,24001300
0,24805400
0,25363600
1,52899100
1,37129700
0,24494000
1,31552400
0,24405800
1,28156600
0,24277500
1,44031800
1,27087900
0,25205800
1,25202100
1,85054600
1,47860000
0,23752300
1,24898700
1,24875200
0,23631900
1,82611800
0,24191600
1,53452700
0,24522500
1,25528400
1,30074200
1,34724400
0,24182100
0,24109900
0,24305200
1,41582000
1,29657100
0,23919000
0,24167500
1,29015800
0,23828700
0,23697000
0,23774400
0,23924600
1,37077700
0,23700500
0,23957000
1,28069900
0,23810300
0,24556600
0,24012400
0,24450000
0,24157800
0,25568800
0,24814600
0,23745300
0,23855500
1,30841900
0,23660000
1,35713300
1,51935600
1,33497300
0,23846700
0,25079100
0,26075400
1,56531300
0,24733700
0,24680200
0,24622600
1,28967100
0,24602300
1,29491100
1,32643100
1,44606000
1,38116600
0,25173700
1,26118800
0,28812300
0,25331900
1,34919300
1,60633400
1,30008400
0,24604500
0,24440400
0,24149600
0,24194700
0,24525000
0,24113200
1,32885500
0,24397300
1,37008000
0,23922100
1,41783300
1,29122900
1,40839000
0,23353500
1,38443100
1,30080200
0,27743400
0,24252700
1,32130700
1,32589300
1,28309600
0,24480100
1,38966000
1,37459000
0,23974600
1,23509500
1,29952100
1,36401000
0,23681800
0,24033600
0,23686000
1,30206900
0,23850200
0,23764300
0,23916000
1,27420600
0,23763400
0,23870000
0,23677600
0,24125800
1,25016400
1,70472400
1,27157300
1,22990900
0,24364300
1,26482800
1,40857300
0,23677400
0,24063800
0,23603500
1,91600300
0,25169100
0,24756700
0,24651500
1,29189400
0,24284100
0,24507300
1,31245400
1,26959500
1,25370000
0,26827300
0,24362900
0,24339900
0,24634600
1,26395100
1,23611900
1,36325900
0,23665800
1,22460900
0,23860500
0,23732300
1,36757700
0,23685300
0,23592400
0,23917400
1,28581600
1,28433300
0,24179700
1,29485200
0,24248800
1,30904000
1,24079300
0,24265800
1,29238200
1,53720300
1,24276500
1,50975500
0,24194300
0,24237300
0,24336500
0,24171300
0,24707800
0,25720800
0,24465000
0,24150000
0,24727600
1,35176900
0,24673800
1,31621000
1,25873600
1,23201200
0,24189700
0,24104400
1,53184800
1,37399200
1,22262500
1,24978100
1,45194500
1,65372900
1,31278900
1,44308800
1,49531600
1,91288700
0,24126300
0,23808700
1,27623500
1,45894300
0,23751400
1,28384900
0,25495300
0,24283500
1,38522800
0,24602200
1,23704000
1,26828500
0,24671900
0,24767800
0,24617800
0,24693100
1,26024500
1,23018400
0,24156000
1,66569800
1,25561200
0,23822700
0,23788300
1,35808000
0,23662300
0,23827500
1,64507900
1,61930400
1,36617600
1,24256000
0,23505400
1,23421900
0,24060800
0,23773400
1,24490900
1,32805300
0,26084800
0,25038800
0,24570100
0,24761500
1,52298600
1,25975000
0,23737800
0,23869700
1,22388200
1,31935900
0,24404900
1,31516300
0,26696800
1,26428400
1,28133800
1,26270400
1,50696600
1,27645300
0,24537200
1,30045600
0,24132400
1,30052800
0,24254600
1,31635700
0,23773900
0,24332100
0,23858700
0,23935100
0,23728800
0,23757300
1,26893000
1,26323300
1,30315100
0,23935900
1,45156600
0,24355300
0,24222900
1,32526900
0,24369100
1,73894600
1,31825500
0,24170600
0,24316700
0,24241100
1,22603300
1,59386900
0,23843200
0,23835400
1,29377200
0,23724200
1,59025700
0,23375600
0,23814100
0,23935200
0,24319200
1,52668700
1,28157600
1,39589500
1,31829000
1,39225400
0,24188000
0,24244000
1,26993600
1,33616600
1,41255000
1,28056000
0,23637800
1,40613600
1,22705700
0,24895300
0,24233000
0,24296300
1,22691600
0,23969200
0,25764700
0,23895400
1,46069800
0,24599700
0,26334700
1,30364200
0,25495300
0,24644700
1,41274800
0,24498000
0,24561300
0,26931800
1,32955300
0,24500000
0,24622400
0,24764500
0,24618600
0,24288500
1,40288200
1,31501100
1,25627800
1,33028600
1,27905400
1,58176700
0,24148500
0,23357100
0,23796100
1,25821500
1,30699200
0,24405900
0,24719700
0,25390500
1,23877200
0,23650300
1,31736000
0,24145700
1,28705500
0,24142400
0,24327100
1,33908700
0,24239100
1,33212600
0,23986000
0,23731500
1,25550400
0,23767000
0,23710300
0,23998700
0,24133000
0,23844700
0,23778900
0,24599400
0,24360100
0,23858900
1,23048800
0,24153800
1,52618900
0,23451900
0,23485800
0,23927400
1,33012500
1,31765800
1,22370400
0,23314400
1,26173700
1,54584700
0,24236800
0,24365100
0,24215700
0,24269100
0,24344600
1,46468500
0,24243900
1,23103400
1,47077900
0,24159400
0,24218700
0,24370800
1,30819300
1,35948400
1,42119000
1,23754700
0,23716400
1,25269000
0,23700700
1,35226800
1,74104700
0,31981200
0,27406400
0,23621300
1,29894500
0,24601200
0,24823200
0,24622100
0,23839300
0,24190500
0,24004600
0,23844300
0,23862000
0,23735200
0,25186600
1,36933500
1,37910200
1,37853100
1,26691800
1,33239500
1,47763700
0,24174800
1,44812500
1,27455600
0,24492900
1,28937100
1,49141300
0,24462000
1,38329500
1,42665600
0,24137400
1,30875000
0,24228400
1,56021900
1,37147900
0,24421000
0,23983400
0,24281500
1,29341400
1,34658500
1,22292500
0,23440300
0,23724400
0,24217700
1,22587600
0,23898400
1,29438600
1,30391500
1,25716900
0,24204500
1,29144000
0,24126500
1,37494400
1,43909000
0,24995800
1,22675700
1,22761300
1,25330200
0,24306400
1,24519000
0,23743400
0,23461200
0,23454500
0,25790000
0,23375600
1,53755900
0,23333100
1,27106700
0,23272400
0,23496600
1,26294900
0,24527600
0,23524400
1,22208600
0,24473300
1,27254800
0,23269400
0,25201400
1,29525600
1,37389100
0,24148300
1,46008100
0,25795600
1,25715600
1,53107800
0,24623300
0,24668700
1,37004000
0,23321000
0,23944100
0,27861200
1,22828400
0,24139700
0,24383600
1,46215200
1,46596300
1,24861700
1,29602200
0,24741800
1,30695800
0,24725200
0,23495200
1,29644000
0,23662400
1,30732600
1,36434400
0,24367200
0,24375300
1,37122000
0,23564900
0,24055300
0,24627100
0,24415800
1,34959800
1,54912900
0,25123800
0,24540000
0,24362600
1,35183100
1,27163100
0,24366200
0,24379800
0,23668300
1,24764400
0,23539300
1,41020400
1,30532500
0,23795600
1,25420300
0,25094700
0,24285500
0,23747300
1,24442400
1,25841500
0,24206400
1,26170800
0,24272000
1,25301300
0,23732700
0,26824700
1,62676300
1,27526400
0,23445200
1,37901000
0,23719500
0,23633200
1,33898900
0,23416800
0,24500700
0,23689100
0,24358600
1,31561100
0,24494100
0,24961100
0,25071000
0,24675700
0,24738700
0,24642700
0,24611200
1,26101900
1,52539400
0,24429600
0,25217800
1,34306700
1,33356200
1,29289300
0,24557700
0,24635700
1,24913100
0,24499000
0,24309500
0,24255500
1,27700200
1,26455200
0,23854200
0,23964300
0,23838800
1,31356100
0,23729800
0,23668700
1,31207800
0,24132300
1,28469300
0,24042300
1,46058900
0,23720300
0,23484300
0,24448000
1,35302400
1,26907800
1,26422400
1,32124300
1,34400200
1,48659500
0,25205800
1,34757500
1,28962700
1,22569200
0,23962700
1,67925100
0,23478800
1,31270600
1,26701500
1,43870800
1,30721500
1,27818500
1,32610200
0,24160600
0,24206500
0,24145100
0,23442400
1,30024600
0,27979600
1,30010400
1,23526500
0,23781500
1,30563000
0,23410500
0,23681800
1,67549600
0,23696600
0,24398900
1,22972800
1,47007100
1,31579500
0,24170400
0,24259100
0,24826900
0,26840600
0,25481600
0,24184300
0,24788300
1,30689100
1,70572500
1,25505400
1,31752600
1,29185900
1,22452400
0,23735000
1,26497400
0,24794900
1,23987500
0,23653400
0,23903900
1,22411300
0,23743400
0,24163700
1,30432200
0,23916600
1,29530800
1,32620500
1,25305800
0,23420600
0,24769900
0,23404500
0,23614000
1,35187700
0,23952500
0,23640100
1,38614300
1,27614700
0,24177500
0,24110700
0,24037000
0,23698500
1,26667600
0,24250200
1,31238600
0,23842200
1,29543900
1,23717300
1,43362200
0,26460300
0,24828200
0,24516100
1,26735600
0,24625800
0,24719000
1,29641700
1,27679800
0,24173400
1,22501000
1,31661700
1,34152100
1,36850300
1,55742500
1,54213300
0,23544900
1,22549200
0,23548800
1,49472400
1,30359600
0,24258200
0,24265600
0,24630900
1,23299800
0,25629100
1,32411900
1,61052400
0,24324700
1,30029200
1,22734700
1,50070700
0,24702700
0,24749700
1,29402600
0,24685800
0,24669000
1,37290700
1,23330400
1,39798000
0,24235700
1,23388800
0,24745400
1,24170800
1,43361200
1,33293600
1,28445300
0,24153900
0,24357000
0,24325200
1,31398200
1,30364400
1,21963200
1,24505200
1,37568100
0,24634800
1,24106800
0,25171400
0,24790500
1,25499100
0,24921200
0,24848500
0,26124800
1,32172800
0,24972900
0,24818200
1,23697100
1,26340100
1,40460800
1,23449600
1,64635800
1,25220700
1,32073200
1,37833100
1,34589600
1,42380500
0,24342000
0,25142100
1,22047500
1,51386200
0,24224400
1,69601800
1,25786000
0,23489800
1,35441800
0,23541200
1,43712600
1,28776600
0,25123600
1,70115300
1,32734200
0,24636700
1,28112700
0,24664500
1,24515600
0,24135200
1,33736600
0,24220700
1,23712100
1,25910000
1,31062100
1,22959300
1,25893700
1,41252100
0,24748200
1,46801100
0,24137900
0,24217300
1,25335400
0,25901100
1,23850500
1,39663800
0,24542900
1,23532900
0,24196200
0,24125600
0,23912500
1,23922900
1,22491300
1,59309800
1,28753300
1,29990000
1,27425500
1,30584600
0,24331100
0,24273300
0,24304800
1,27960200
1,28979800
0,24255600
0,23880800
1,54274200
1,22381600
1,54093000
0,24281200
1,45585500
1,28900600
1,55532700
1,44008100
0,23885600
1,29827300
1,36006900
1,32457300
0,23582500
1,27734500
0,23393700
1,30186000
0,24544400
1,27578800
0,24269900
1,23406700
1,49014300
1,22155900
0,23911800
0,23578600
1,35962200
0,24280800
0,24332300
0,24219600
0,24038800
0,26139600
1,31115500
1,22661300
1,34710200
1,31020100
0,23703200
1,26325300
0,23842400
0,25219100
1,30170600
1,24057900
1,29502700
1,32160200
0,24392500
0,24240600
0,24427400
1,52210700
0,26293700
1,43672100
1,25215100
0,24612100
0,24601500
0,24730900
0,24517900
1,28029000
0,24652100
1,41732000
1,59392500
1,23115900
0,24455800
1,23997600
1,22315900
1,25133900
1,22259900
0,24013200
1,33022000
1,38527300
1,88051200
0,23845300
0,23364500
0,23960900
0,24558100
0,23679000
0,24194400
1,34206900
1,52900400
1,22814300
0,24205100
0,24148300
1,57468200
0,23425400
0,23392900
1,44259200
1,46142800
1,22189900
0,23780200
1,26497200
0,23739600
0,24054400
0,24386600
1,24805400
1,32223500
1,30162000
1,33702100
0,24206800
1,77919300
1,65436800
0,23732600
0,23974000
1,22552900
0,23698500
0,23309000
0,24081100
0,23283200
0,24375200
0,26714600
0,24340900
0,23839700
1,27141300
0,24192600
1,35366700
0,24190400
1,27135000
1,27521200
1,22204800
0,23299200
1,41641800
1,62677200
1,48316600
0,24398900
1,43972100
0,24165000
0,24551100
0,24410800
1,79356500
1,25726200
1,39715300
1,38960000
0,24720400
1,25635500
0,23657100
1,30959300
1,59769100
1,28320100
1,38484800
0,23725000
1,33682000
0,23673700
1,26146800
1,22651800
0,23698500
1,31659100
0,23783500
0,23786600
1,43495500
0,23627800
1,38669800
1,23331000
1,23625600
1,23334700
1,44700700
0,23802800
0,23487800
1,79763000
1,34502500
1,22955700
1,32738800
1,54703900
1,24267800
1,35172300
1,39328200
0,23819600
0,23693300
1,26678700
1,29821700
1,25598800
0,23783000
1,26475400
0,23738200
0,26160300
1,29365700
1,23544300
0,24880600
1,36449000
0,24814700
0,24271600
1,41492400
1,30283400
1,56538800
0,23708300
1,23635600
0,23680200
0,24371100
1,29106400
1,54862300
0,23830300
0,27331600
0,26769300
1,26974200
1,32558200
1,47268200
1,23257300
0,24214300
0,24196300
1,22888500
0,24188100
0,24897800
0,24198600
1,44753500
0,24601600
1,53650000
1,47331100
1,22799500
1,29656500
1,33493800
1,59579300
0,23946700
0,24652700
0,23896000
0,23695000
1,50829900
1,43912600
1,44627600
1,37129500
0,23366600
1,22121400
0,23920300
1,22383800
1,27248600
1,35565100
0,23650300
0,24260800
0,23698500
1,49666500
1,33652900
1,35979000
1,35382500
1,25824100
0,24269700
0,23937400
0,23398500
1,53692900
0,23600400
1,24067900
1,24089700
0,26490800
1,46909000
0,24355500
0,27276700
0,23618400
1,35720600
0,24604400
0,23848000
1,30559500
0,23882500
0,23623300
0,23868600
1,27527900
1,22406400
1,28851200
0,23495600
1,49223300
1,31797300
0,23910300
0,24337000
1,58825800
0,23856100
0,25087900
0,26907000
0,25503400
1,27037600
1,43149000
1,23303600
1,36090500
1,29073200
1,29539700
0,23959300
0,23579200
1,43359700
1,26444800
0,23833500
0,23978000
1,22735500
0,24112000
1,37435700
1,24063700
1,30307800
1,23780200
1,33415400
0,24187000
0,23479700
1,24365800
0,24126400
1,36805100
1,29205000
0,23447600
0,23721500
0,23771200
0,23628800
1,22661100
1,26989900
0,23691900
0,23920800
1,35144000
1,24797300
1,38594300
1,48707700
1,28867200
0,24714700
1,27982900
0,23942500
0,24795000
1,25747900
0,24157500
0,24219900
0,24129800
1,36110300
0,26802200
1,25190000
0,23415900
0,23782600
0,24148500
1,37321600
0,24156700
0,23922800
0,23573000
1,59608900
0,24667500
0,24128800
1,27017400
0,24388100
1,22385000
1,24932400
1,35411300
1,50836100
0,24273300
0,24144200
0,24085500
1,22232400
1,28741700
0,23774500
1,37020800
0,23925200
1,28279800
1,26874800
0,26038100
1,34901500
1,26155000
1,58459500
1,39099300
1,28689400
1,26966800
1,22996800
0,23730800
1,33820800
1,23420300
1,30966600
1,31247600
0,23804200
0,25107800
0,23729200
0,23323100
1,27773000
0,23868000
1,36028700
1,31472600
1,44798600
1,22698400
0,25098700
0,25991000
0,25102000
0,24241500
0,24722900
1,28098900
1,24631400
0,24678200
0,26394200
1,24712500
1,28724900
1,35096200
0,24869100
0,24762800
1,26512800
0,24604300
1,68950800
0,26187300
1,26968600
1,29175700
1,51971900
1,26742200
1,29669000
0,24786600
1,52293300
1,35334400
0,23707400
0,23438100
1,23041000
1,30971200
0,23358800
0,24639400
1,55552300
1,45059200
1,26584400
1,28800200
0,24289100
0,24152900
0,25145500
1,37260200
0,24357600
0,24168400
0,24187900
0,24119100
0,24066200
0,23304900
1,35047700
1,22161400
0,23823700
0,23434300
0,26638000
1,27736700
1,61548100
0,24685800
1,31119300
1,25944300
1,26885900
0,24129300
1,31952600
1,31906000
1,45598300
0,23900700
1,33226100
1,58295600
0,24184500
0,24646900
0,24279400
0,24303800
0,24507300
1,42634900
0,24630700
0,24726000
1,29184500
1,72772200
0,24629100
0,24616800
0,24515300
0,24015600
0,24006700
1,34428900
1,25589500
0,24280100
1,41362400
1,34778700
0,24001300
1,41931000
1,33138600
0,24248800
0,24122700
0,24187200
1,26731800
0,24190500
0,24271800
0,24147600
1,27910900
1,33112800
0,26911400
0,24492700
0,24194500
1,26966500
1,29896600
1,25857600
0,24405400
0,24529600
0,24214700
1,24219800
0,24143200
0,24884400
1,33019500
0,24461900
1,56667300
1,33603100
1,51406600
1,40333400
1,40509700
0,23773500
1,26741400
1,38110400
0,23453300
0,23952800
0,24577500
0,24086400
0,24208100
0,24956600
1,29462700
1,22750800
0,24218000
0,24180300
1,24764500
1,28341600
0,23640600
1,32067600
0,23760400
1,27738500
1,28214400
0,23743700
1,27078000
0,24317000
1,32496800
1,97755200
0,24148100
0,24347200
1,33299600
0,23816100
0,23643500
1,22497800
1,43771600
1,57121900
0,23730000
0,23718600
0,23823600
0,24271300
0,23537700
1,56741300
0,23804900
1,25140800
1,24157900
1,28318000
0,24350300
0,24610100
1,31768300
0,24608200
0,23626600
1,34243100
0,23435000
0,23594700
1,54625900
0,23998300
0,23659700
1,30067200
1,22806000
1,60052800
1,31785700
0,24552500
1,22487300
0,24380700
1,26841000
1,25424800
1,31012700
0,24210400
1,26147400
1,24271300
0,24282300
1,37874400
1,22741100
1,48496900
0,24749900
1,23733100
1,50906900
1,29287200
1,32847200
0,24640700
1,59512900
0,23910300
1,32455200
1,46801100
1,29852900
1,39019700
0,24223100
1,26314000
0,24343300
0,24390900
1,53620900
0,24218100
0,24143000
0,24155600
0,24648000
0,24698200
0,24230800
0,24416500
1,29432400
1,27073200
0,24267800
1,24775200
0,24422700
1,38985200
1,33254000
1,31929400
1,36087800
0,24356600
0,24118700
1,68523100
0,25093700
1,61116900
1,26902600
0,24242300
0,24196200
0,24200100
0,24262700
1,35737700
1,27204700
0,23988900
0,23878100
0,24340900
1,31509100
1,39357700
1,36880900
0,23855500
1,56487000
1,22625600
1,59448300
1,39796800
1,25030200
1,22747800
1,24829800
1,26275900
1,61069300
0,24135600
1,29780200
1,43749100
0,23841900
0,23746800
0,23529500
0,24348000
1,66816600
1,26656600
0,24377800
0,26188800
0,24834900
0,24659500
0,24607200
0,24789300
0,24271200
1,70361300
0,26058900
0,24633000
0,24250700
1,25812000
0,24146400
0,24635900
1,23459400
1,23176200
0,25981600
0,24677900
1,23287600
1,26241000
1,49962200
0,24648900
1,46057900
1,22697700
1,24378600
0,24140600
0,24220400
1,26311100
0,23343600
1,26282900
0,23376700
0,23451500
0,23829900
1,26499800
1,28364000
0,25562700
1,56266900
0,24205500
0,24152500
1,70213100
0,23737200
0,23832600
0,23783400
1,45657000
0,24397900
1,23082400
0,24350300
1,37012400
0,23799500
1,25503300
1,22461300
1,36331800
0,23459300
1,27953900
0,23777900
0,24185800
1,24472900
1,39927300
0,25207600
0,24177400
0,24139800
0,24244300
1,39066400
1,22382600
0,23707300
1,25761700
1,30633700
1,23484200
1,72997400
1,23572900
0,23290800
1,32063000
1,31757600
1,46936500
0,23295600
0,25279800
0,24499200
0,24044800
0,24152500
0,24948200
1,51575800
1,30158800
1,45491300
1,25743400
0,24234400
0,24244500
0,24200000
0,26295600
1,27080300
1,53411700
1,44933300
0,26639000
0,26541400
1,33190600
0,25140700
0,25487900
0,24682400
1,61875500
0,24765600
1,40632300
1,52426100
1,22360000
0,23859200
0,24644600
1,25893100
1,38802800
1,44453900
1,40277800
0,25004800
1,28848000
0,24224600
0,24286200
0,24119100
1,37866400
1,31249700
1,31441000
1,27620700
1,32556900
0,23845900
1,32145600
0,23722500
1,24198600
0,23735700
0,24202600
1,26867200
1,23998500
0,23416400
1,33395800
0,23847400
0,23658000
1,49707400
1,24311500
1,22939700
1,24304500
0,24215700
0,24051200
1,55693600
0,24437600
0,23920300
0,23680600
0,24009500
1,113175900
1,23011500
1,25569500
0,24259000
1,25837000
0,24198900
1,26334700
1,37019400
0,24292700
1,95257600
0,25176200
0,24450200
1,27115000
0,24362700
0,25064600
1,30208100
1,65661800
0,23782800
1,28662500
0,23940200
1,40944000
0,24229600
1,31157100
1,31507200
0,24541700
1,56558600
0,24245900
1,22687200
0,24222000
0,23855200
1,30538100
1,33984500
0,23344900
1,36567900
0,23713800
0,23827900
0,25046500
0,24616500
0,24289500
0,24338500
0,24346300
1,33945400
0,23745200
1,72292500
0,24912800
0,24952700
0,24306700
0,23814800
0,24193900
0,23665600
0,23729300
1,36055400
1,22107600
0,23565800
1,31488800
1,45356800
1,21904200
1,44168600
0,24207200
0,24136600
0,24218400
1,52373000
1,36920900
1,64988200
0,23767100
0,23667500
1,22682200
0,24275600
0,23888500
1,37592200
0,24419500
0,24679100
1,24213300
0,24433500
1,57322600
1,32165100
0,24003300
0,23806300
1,29422400
1,22343900
0,23773600
1,28104800
1,61152900
1,32472700
0,24908400
1,27359200
0,24565700
0,24327100
0,24129400
1,32678900
1,42063600
0,24336200
0,24346100
1,25309500
1,24304900
0,24173900
0,24445700
1,35290700
1,40397600
0,24392000
1,39316300
0,24145200
1,25664700
1,50274400
1,22294100
0,23787400
1,30560900
1,50090100
0,23791800
1,23674000
0,24187400
0,24121300
0,24496800
0,24109000
0,23536800
1,47632500
0,23595600
0,23534700
1,22323900
1,33624700
1,29270400
0,24595500
0,24727500
0,24602500
1,24873800
0,24162600
0,23838400
0,24603800
0,23713400
1,24944600
0,24071800
1,35364300
1,40583300
1,24991500
0,24333200
1,50943400
0,23994300
1,40900700
1,22424100
1,36608000
0,23685800
1,31721900
0,23885000
0,23356300
1,23804500
0,24695600
0,23890500
0,23767500
1,26894200
1,34892800
0,23730300
1,32416700
1,30102800
0,23833400
1,49543100
0,23512700
0,23705500
1,26346400
1,34587100
0,23936500
0,24391200
0,24291100
1,31727900
1,44762200
0,25046500
0,24529700
0,24373100
0,24681000
0,24738800
1,30939700
1,57155000
0,24101400
0,24171800
0,23645700
1,38289900
0,23658900
1,30837200
0,24178900
0,23652400
1,37072300
0,23647600
1,26749900
1,35046800
1,23083500
0,24104500
1,29118100
0,24192800
1,31015100
0,23574300
1,50225200
0,23285100
1,40799100
1,33405400
1,28614900
1,22403600
1,32332600
0,23531500
0,23361800
1,23045200
1,37317700
1,32290200
1,25809500
1,44234200
0,24865500
0,24102400
1,32893600
1,24360600
1,22273400
0,25508400
1,32590900
0,24141800
0,24091500
0,23666800
1,36730800
0,25556800
0,24408000
0,24666000
1,31172400
0,24826600
1,44347300
1,28669300
0,23681800
1,35668200
1,40683900
1,30136200
1,27720000
1,53428900
0,23872300
0,23824800
0,24752200
0,23593200
1,33868200
0,26463400
0,24503300
1,24200400
1,32899300
1,26338100
1,32112400
1,28300500
1,28367500
1,38899500
0,24258300
0,23821400
1,22271800
0,23810100
0,25319300
0,24353600
0,23375900
0,23506100
0,23530000
1,42364900
0,24311800
0,24156800
1,26819800
1,26101600
1,47425900
0,24259500
1,43038400
0,23723100
1,22520400
0,23910300
0,23758500
1,25281900
0,23703500
1,28538900
0,24738600
0,23910900
1,32043500
1,37237400
1,23447900
0,23819900
0,24184700
1,35998600
1,28258600
1,50856600
1,26819600
1,27730800
0,25096400
0,24690900
1,23206400
0,24599000
1,44153600
1,35780100
1,37702200
0,24046100
1,25815700
1,26357300
0,23676800
0,23808200
1,32764900
1,23866500
1,35592000
1,28874800
0,23619300
1,56752200
0,26381700
1,24657400
0,24625600
1,23417400
1,24563200
0,24841500
1,27436300
0,24008700
1,24999300
0,23768200
1,29276200
1,67329600
1,31135000
0,25782400
0,24735100
1,26401500
1,26465300
0,24434500
1,24369900
0,24133900
0,24236400
1,22455200
1,50796900
0,23726900
1,29287300
0,23751900
1,43141000
0,24235000
0,23683700
0,24013300
0,23664500
1,27206300
0,23707500
1,23574400
1,22047800
1,25499700
1,29451100
0,24493200
1,22737700
0,24213700
0,24242800
0,24304600
0,24166300
0,24200600
0,24134500
1,31283600
0,23731400
0,23701500
1,36688400
0,23657200
0,24198200
0,24443400
1,30843700
0,23860600
1,29001600
1,33340300
1,38970500
1,28320600
0,24252400
0,24330900
1,31719700
0,24229700
0,23674000
0,23770700
0,24033000
0,23760000
1,24016800
1,29734200
0,23896200
0,23771800
0,23837300
1,30589700
1,49695900
0,23539700
1,38821300
0,23499200
1,35150800
0,23859100
0,24200500
1,22409200
1,22400200
0,23723300
1,36463500
0,23677100
0,23941400
1,27142100
1,33704200
1,27684900
0,24755900
1,47368900
1,46655600
1,39314500
1,23462000
1,46387200
1,32166400
0,24767300
0,24706300
1,35032800
1,43275600
1,34739200
0,24663500
1,35031900
0,24634000
0,24655100
0,24721000
0,26171000
0,25041100
0,27501700
1,67918500
0,24881400
0,24720600
0,24212900
1,25982000
0,24614100
0,24820300
1,83108800
0,23755400
1,24106600
0,23781300
0,24187400
1,32674700
0,23713100
1,48828600
1,42305200
0,23739100
1,26592400
1,77527400
0,24279900
0,24236200
0,24251200
1,25303500
0,23666000
1,29140100
1,36228100
0,24531600
1,32505900
0,24463500
0,24575500
0,24228600
0,24421400
1,27724900
0,24308100
1,26402300
0,24407000
0,23973600
0,24176600
0,24398300
1,58937700
1,25016200
1,34470500
0,25057700
1,41629400
1,69407200
1,22756100
1,63990200
0,23822300
1,30680600
1,28333700
0,23452200
0,25763000
1,28038700
1,46069200
0,24413300
1,30808900
0,24634600
0,24616000
1,30442700
0,24375900
0,24148300
0,26808900
1,25601800
1,25472300
0,27666600
0,24459500
0,24611700
0,24653100
1,25050200
0,24650500
0,24134800
1,24894800
0,25258700
1,38528400
0,24207400
1,32144200
1,30350300
1,31670900
0,23998600
0,23666300
0,23668700
0,23866300
0,23760300
1,37930300
0,23715700
1,24166800
1,51015800
0,24163300
0,25148700
0,25811000
1,45015000
1,47285600
0,24144400
1,39342400
1,79730400
0,24131700
1,25315700
1,44522100
1,40747400
1,26766100
1,42756100
0,23824100
0,23983500
1,26399000
0,24670600
0,24344600
1,22898400
1,23984200
0,24438400
1,25368000
0,25774700
1,23560700
0,23662300
0,24353200
1,25942800
1,35984900
1,39403800
0,23876700
1,46575900
0,23611900
1,25223300
1,29745000
1,57957000
1,35569000
1,24677300
1,27527400
1,30496900
1,34661000
0,25241400
1,29654700
0,24156700
0,24332900
1,29733200
1,25524800
1,45364000
1,27811000
1,23622600
0,23921000
1,24392100
1,31401100
0,24158200
0,24759500
0,23980000
1,25869900
1,41329400
1,42672600
1,35674200
1,23815300
0,23786000
1,26398600
1,24708800
1,24306600
1,25943800
0,24120900
1,25775400
0,25998700
1,23664600
1,29405300
1,32448200
1,24779200
1,56025300
1,24893100
0,24335100
1,71270200
0,24279000
0,24321600
0,24248700
0,24397200
0,24335700
0,24160400
0,26374500
1,23757400
1,27706100
1,22572300
0,23710700
0,23536700
1,32637500
1,23655000
0,24413300
0,24347000
0,26268700
0,24640100
1,35142200
0,24718100
1,23290500
0,24709600
1,39184700
0,23346400
0,23371100
0,23471700
1,44233100
0,23566600
0,23300700
0,23875100
1,22306200
1,36571300
0,23637800
1,26644000
0,24512000
1,22416700
1,22962500
1,30677200
1,31024600
0,24412700
1,42403700
1,32360800
1,44600100
1,30531200
1,22581300
1,55975200
1,24050700
0,23965300
1,66349100
0,24080800
1,55919000
1,23063300
0,24174800
1,26964400
1,52179000
1,61233300
1,37090500
1,33493400
1,22681400
0,23672800
1,41935600
0,23469000
0,23351700
0,23747800
0,23346400
1,27651900
0,24505900
1,45590400
0,23770400
1,28128200
1,71024700
0,24596400
0,24620500
1,34989100
0,24709900
0,24280500
0,23414300
0,23446000
1,34430200
1,23956500
0,23788500
1,59886400
1,42465000
1,24529600
0,24184100
0,24390000
0,24429100
1,32898100
0,24187800
0,24002200
0,23830200
0,23722000
1,28762000
0,23827900
1,57430900
0,23804400
0,23700400
1,30884100
0,23512900
1,33135700
0,23954500
0,23656900
1,36821200
1,33886900
0,23828400
0,23729800
0,23748900
0,28300800
0,28227100
1,66493700
0,24730900
1,45821400
0,24345300
1,32266000
0,24133600
0,24328900
0,24145600
0,24964500
0,24155000
0,24516700
1,32664600
1,27761600
0,24189700
0,24238600
1,29281300
0,24137100
1,29074800
1,24656600
0,23686500
0,23922400
0,23747300
0,23714500
0,23599800
0,23365500
1,22022700
1,40989100
0,25023200
1,23485200
0,23555400
0,23779100
1,65923800
0,24323900
0,24137600
0,24070000
1,24120800
1,29754000
0,24230000
0,24903500
1,27273600
1,24675800
0,24194700
0,24685500
0,24411600
0,24130300
0,24386200
0,25435300
0,24407100
1,23097800
1,38588400
1,28965900
1,30088800
1,55057900
0,26549100
1,28848900
0,24724800
0,24629700
1,39155800
0,23686100
0,24975200
1,57017600
0,24591200
1,32502100
0,25594200
0,24952500
1,36630900
0,24683800
1,36116100
1,38072100
1,28422700
0,24267600
1,34665400
0,24293400
1,25524000
0,24927200
0,25044100
1,23621900
0,24308000
1,29973600
0,24992200
1,29263600
0,24770900
1,24398600
0,24477300
0,24316100
1,58264000
0,23954300
0,23863500
1,25157400
0,24086400
0,24295400
0,24163900
0,24251300
0,24956600
0,23867900
0,23484700
1,33409100
1,29420000
1,39936100
0,24261900
0,23853800
1,37705600
0,23819100
0,23822500
1,24213000
0,24402000
0,24159100
0,24227000
0,23759500
0,23954800
1,33689700
0,24287200
1,58947600
0,23908000
0,23935200
1,59704000
1,49935100
0,24395700
0,24257900
1,43404700
0,23775700
1,57310100
0,24068100
1,24045200
1,35388300
1,24691900
1,38752400
1,30564700
1,26003400
1,22500700
1,27083500
0,24110800
0,24249200
0,23646400
1,57955100
1,28866600
0,24738700
1,31495000
0,24696000
0,25642100
1,44720100
0,23871700
1,30397700
0,24184800
1,94572600
0,24468500
0,26850700
0,25259400
0,24123500
0,25201800
1,41128900
1,24166700
0,24229700
1,22682300
1,27278800
0,23954400
0,24483700
0,24015500
1,31051400
1,42185900
1,51849500
0,23731400
1,43774500
1,31828700
0,23505500
0,23452400
0,23677600
1,28526400
1,29376600
1,23546000
0,23459600
0,23577800
1,21995600
0,23700100
0,24465000
1,36764600
1,25148700
0,24772400
1,36114600
1,39014000
0,24109900
0,25084600
0,23809300
0,25446900
0,24793300
1,28954800
0,24305400
0,24291900
1,33831500
1,82766500
0,24283300
0,25444700
1,23150300
1,24235400
0,24173800
1,44615600
0,23396300
1,26120600
1,29973800
1,46386800
0,23880000
0,24088100
1,30427900
1,25337900
1,26455600
1,43959800
1,30368100
1,30928100
0,24235100
0,23976200
1,45995000
1,25714000
1,30318200
1,46738800
1,43902000
1,29917000
0,24385300
0,24194700
1,38773900
0,28172000
0,25474900
1,28544100
1,30493700
1,26427500
0,24622000
0,24768400
1,25833400
1,40685800
1,30222200
0,24381300
0,24480900
1,31677500
1,37582000
0,25045300
0,29356200
0,25135100
0,28334200
1,37713500
0,24231100
0,24289900
1,24566600
1,25377700
1,22689000
1,35503500
0,24856700
1,28873700
1,32856200
0,24419100
1,22902600
0,24286000
1,29557200
1,39044300
1,23028600
0,23833200
0,24730300
1,39976500
0,24420400
1,24189300
1,39418700
0,24124800
0,24189300
0,23377100
1,37424400
0,23330300
1,34162100
1,24563400
1,37234200
1,33482000
1,23097700
1,30756400
1,23302900
1,33484600
1,28914400
0,23421100
0,23489300
0,24986600
1,24042200
1,27772500
0,25231700
0,24220800
0,24436800
0,24195000
0,24217800
1,49473800
1,37440900
0,25409900
1,52199400
1,35310600
1,37936200
0,24170200
1,36758600
0,23402900
1,26452800
0,26686100
1,27359500
1,46361700
1,22778400
0,24163700
1,29683300
0,24412900
0,24540600
0,24330100
0,24128600
0,24536900
1,52482700
1,34626000
0,24569800
0,25978500
0,26078300
1,68073000
1,31576800
0,24622400
1,36176900
1,33675000
1,28604700
1,47056700
0,24445600
0,24230500
0,24407200
0,24454600
0,24995100
1,27434000
1,24145400
0,24574800
1,22523500
0,23534500
1,28651200
1,27264100
0,23513600
0,23500200
1,23967400
0,23458600
1,49487900
0,23828400
1,26955400
1,52939600
0,24373500
0,23677200
0,23581400
1,48860100
0,24295300
1,37403800
1,27282500
1,28363200
1,28735100
0,24050100
0,24134800
0,24112800
0,23691300
0,23711300
1,25894400
1,68453000
1,28343200
0,24756700
1,50496300
0,23655200
1,27333500
0,23911500
1,33322800
0,23553600
0,24188500
1,48369700
1,24272200
0,23624300
0,23751300
0,23480800
0,23448300
1,34227100
1,28721100
1,39419500
0,24375900
1,26049000
1,23411700
1,32517200
0,24134300
1,41970300
0,23939000
0,23859600
1,24433800
0,23897000
0,23596500
1,28930900
1,23952900
0,24140700
0,24128700
0,25287100
1,38678400
1,26312400
1,23251300
1,41315300
1,29540900
1,27703000
0,23673200
1,41807200
0,24677400
1,25035600
1,53770200
0,24857500
1,27287200
1,26029700
1,43307100
1,57714600
0,23708400
0,23588600
1,23968900
0,23615800
0,23686400
1,26769200
0,24748300
0,24238100
0,24152500
0,24925300
1,37086300
0,24301100
0,23872600
0,23820400
1,37315400
1,26649200
0,23807000
1,70814400
0,24117300
1,30991700
0,23686000
0,23750800
0,24017900
0,24137900
1,48462900
0,24185400
0,24141300
0,24201700
1,103232400
1,36682000
1,31193400
0,23695000
0,23740600
1,23341000
1,58058300
0,23552700
1,38752600
0,26659600
1,33561300
1,28038000
0,24131000
0,24464200
1,32751600
0,24193000
0,24502000
1,22838700
1,29232600
1,47430800
1,35711000
1,22265200
1,48717300
1,26214000
1,44981000
1,23652800
0,25292100
1,36301200
0,24466600
0,24236500
1,25603600
1,29708300
0,24048400
1,33352400
0,24678500
0,23742600
0,23805300
1,35989400
1,40518800
1,29108600
0,23522200
1,33499400
1,46837800
0,23759000
1,23518900
0,24595900
1,33848800
0,24659900
0,24426200
0,24362800
0,24429100
0,24154400
1,28596300
1,27169800
1,39629500
1,34917400
0,23941000
1,36053800
0,23581800
0,24019000
0,23912900
1,35833000
1,46116000
0,24259200
0,24292000
0,24711900
0,24244700
0,24214400
0,24331400
0,23970600
0,24345900
0,24249700
0,24211100
1,26564900
0,23642300
1,27049400
1,36935500
0,23604400
0,23931800
1,26499900
1,62339300
1,24190000
1,78698200
0,24653200
0,24245900
0,24353900
0,24720600
1,144972900
0,24298200
0,24256700
1,26259200
1,26562700
0,25500100
1,52257200
1,28907300
0,24309100
0,24122700
0,24459500
0,24300800
1,26821100
1,33816900
0,24256500
1,40924500
0,23383900
0,23522100
0,23594500
1,27643200
1,26631300
0,23665400
1,28019600
1,51151900
1,37128900
0,23513400
1,27915600
1,22885300
1,23106200
1,24785800
1,38006900
1,22983500
1,25517400
0,24110200
0,23853100
1,31413500
0,23646700
1,24082300
1,34618300
0,23802300
1,48962200
1,47572100
0,25573500
0,25593900
0,24659400
0,24610700
1,23183000
0,24337800
0,24750000
1,22583900
1,26509600
0,23918400
1,39413200
0,24318200
1,25912500
0,23397700
0,23616000
0,23411600
1,25480000
1,23045600
0,23805000
0,24807400
0,24207900
1,24504900
0,24277400
1,48114400
1,30532500
1,29371900
0,25116000
0,24880200
1,28960700
1,31607300
1,31889300
1,31320400
0,24058200
0,23710200
1,48695500
1,32320500
1,31151600
1,36683000
0,24245400
0,24293400
0,24101700
1,25487600
1,21966800
0,23712700
0,24379000
1,31314300
0,24304400
1,43096900
0,23909200
1,31568200
0,23600600
0,23384200
0,23747600
0,25519800
1,29919900
0,23426300
0,23771300
0,23871500
0,24095800
1,25532400
1,44073800
0,24776600
1,47935500
1,46668600
0,23616400
1,25786300
1,37364200
1,31167100
1,43520700
0,23332900
0,23351700
0,23410100
0,23431100
1,38163400
1,42182800
0,23735700
0,23741300
1,61798300
0,23479200
1,30320000
1,30276700
1,69545900
1,53165500
1,38006900
1,43841000
0,24580700
0,23751400
0,23821900
0,24001300
0,23987000
1,37856800
0,24156100
0,24281200
0,23668000
0,23687500
0,23605900
0,25091500
1,29177200
0,24757500
0,27180100
0,24542800
0,24490200
1,27460800
1,26762700
0,24710800
0,24917300
0,24786500
0,24611000
1,23159000
0,24192100
0,23797300
1,23982200
1,29579900
1,22557000
0,23341900
1,28701400
0,23621200
1,50644600
0,23696600
0,24224400
0,23855900
1,33535800
1,38482600
1,26464000
1,26611400
1,30996800
0,23443700
1,28962600
0,24140500
0,24375200
0,24188600
0,23922500
1,26678300
1,38279400
1,29454700
0,24582000
0,24020700
1,33138700
1,28245500
1,76502000
1,38911600
1,22347200
1,24731500
1,39245200
1,24708400
1,27073600
1,29590600
1,28925000
0,23951400
0,23636200
1,42939500
1,37233600
1,28338200
1,34547700
0,24183100
0,24133700
1,97669200
1,23762700
1,42172200
0,24229200
0,24211300
0,24000500
1,24964000
0,23870100
0,23684000
1,25421600
0,23335600
1,37501300
1,39424700
1,39427000
1,35657700
0,25674000
0,27504400
0,24701200
1,27388000
1,47810600
1,44362100
1,27160300
0,23866300
0,23881900
0,23808700
0,23782000
1,40032700
0,23755400
0,23733800
0,25389900
0,23792300
0,23312300
1,27540200
1,33482800
0,23655300
0,24192600
1,25540900
1,33135800
1,42250500
0,24208800
1,24873300
0,24050800
1,33509300
0,23446900
0,24273300
0,23916600
1,22391500
0,24401100
0,23717200
0,24657000
1,47764200
0,23979700
1,125374200
0,23843400
0,23981400
1,31982300
1,31718700
0,24959500
0,23586200
1,30515100
0,23655800
0,23723500
1,74241500
1,95854200
0,24693300
1,24198400
1,29231100
0,24029700
0,23796300
1,34256900
1,29812400
0,23924600
1,45579300
1,28564900
1,42388600
0,24051400
0,24178900
0,23460100
0,24099600
1,23550800
0,24955600
1,41177200
0,25100800
1,45464700
1,47710300
1,38028400
0,23993500
0,24254700
1,27099700
1,51833100
0,23704700
0,27018700
1,31806000
1,83547700
0,24761300
0,24638800
0,24613000
0,24380600
0,24390000
0,24152000
1,46250500
0,23651700
1,22752200
0,23410100
1,30984400
0,23656200
1,33672800
0,24199300
1,35029600
1,22247300
0,23467500
0,23410300
0,23521000
0,23612100
1,42460700
1,50486300
0,24248700
1,41468100
0,23706200
0,23541900
1,26675300
1,55524500
1,26805100
1,31458200
0,23863200
0,24013500
1,50167500
0,24264500
0,23865100
1,41488600
0,24263600
1,25642100
0,24240000
1,25577000
1,27712500
1,42978500
1,25389300
1,26882400
1,52602100
1,35918400
1,41101500
0,23351700
1,30730800
0,23806300
1,38322800
1,32015100
0,25443900
0,24646100
0,24313900
1,25505700
0,24163800
1,69969300
0,27455500
1,42028800
1,34020200
0,24235700
0,24364000
0,24156900
1,26831700
1,36512100
0,24126800
0,23916800
1,39247900
1,29234400
1,91517600
1,26818800
0,23962000
1,32226700
0,23443200
1,40459200
0,24533200
0,24602700
0,24641300
1,27589100
1,38177700
1,25534900
1,25400000
1,25343300
0,23862000
1,32546900
0,24641200
0,24634500
1,23005400
1,36524400
0,24070200
1,33857200
0,23857100
0,23671200
1,49420200
0,25014500
0,23436000
1,26318400
0,24230100
0,24884300
1,38744100
1,25396100
1,32904800
1,28467000
1,27226300
0,24336300
0,24883200
0,24044300
1,22655100
1,26444700
0,24421900
0,24133900
1,45909300
0,23892100
1,44598500
0,23640300
1,42100600
1,34949600
1,42257200
0,25935900
1,23771200
1,22889500
0,23649000
0,24164600
1,33089800
1,63777300
0,24148300
1,28289000
0,24166300
0,23382900
0,23582700
1,28937900
1,49040300
1,45878900
1,26896800
1,26251100
1,26349900
0,24646700
0,24734500
1,35616900
1,28218200
0,25990000
1,32222000
0,24663200
0,24606500
0,24706900
1,22579400
1,46716700
0,23708400
0,23604400
1,52164300
0,23410100
0,23487700
1,64399500
1,23282000
0,24478600
1,26628900
1,31817600
1,27618100
0,23901300
0,23637400
1,81141900
1,55558000
0,24557300
0,24632400
1,29000100
1,23129300
0,24200400
0,24354700
0,24192700
0,24280700
1,22539400
0,23679800
1,28801100
0,23635700
0,23739100
1,54173100
0,24019400
1,51821300
1,39013300
1,24337000
1,46272900
1,24025800
1,33873800
0,23643100
1,48379900
0,24266700
1,54808200
0,24135500
0,23745500
0,23355000
1,26527800
1,27586900
0,25172900
1,29477100
0,24256300
1,24262500
0,26645700
0,24214300
1,61361700
0,23644000
0,24055400
1,37512100
1,38652500
0,24670000
0,24623600
0,24604700
0,24757600
0,24791400
0,24608600
0,25772900
0,23987800
1,53295300
1,22407100
0,24204100
1,24262800
1,47418800
0,23399200
1,25140500
0,24358600
0,23562300
0,25271900
1,23703000
0,23642100
1,44621700
0,23744500
1,33067000
1,57047300
1,24501400
1,29396500
0,23803200
1,56994800
1,43173800
0,23644000
1,22780100
0,23820600
0,24022100
0,23914200
0,23809800
0,23955300
1,25561200
0,23756200
1,48103600
0,23658800
0,23960900
1,29913000
1,25157800
1,23890600
1,22613300
0,24479700
1,23135500
0,24826500
0,25195100
0,24846400
1,85818000
1,26194500
1,39916400
1,29781500
1,26028600
0,24319500
0,24361700
0,24241700
1,29391700
1,25360200
1,52001900
0,24373400
0,24466900
1,53091300
1,40997800
0,24351300
0,23704400
1,51071400
1,30350200
0,24047600
1,44279100
1,27622200
1,22927600
0,24308500
0,24201000
0,24506400
0,24418100
0,26180800
0,24513500
1,23884400
0,24575300
0,24623400
1,27285200
0,24629500
0,23810600
1,24872900
1,26001300
0,25465600
0,24562700
0,24746300
0,24256400
0,24283600
1,75764100
1,29607900
0,23920600
0,25876700
0,25947100
1,23848400
1,27803400
0,24646700
1,50760000
1,55931100
1,31417700
1,34591400
1,25487100
0,24990400
1,48719300
0,24706200
1,30230400
1,34664800
1,78427100
1,38077300
0,24210200
0,24186900
0,24236700
0,23894700
0,25334700
0,25377600
1,25944300
0,24122300
1,38467400
1,49114100
0,23758500
1,33051700
1,54410400
0,24680800
0,25439700
0,24724900
1,39984700
1,27701900
1,26372200
0,23901400
1,54848500
0,23726700
0,23707500
1,27913700
0,23794700
1,50714900
0,26956700
0,25437600
1,32673700
1,26028700
0,26058600
0,24454200
1,25815800
0,24636300
0,24627800
0,24686100
1,30539700
1,24410800
1,56736800
1,35080100
0,24267600
1,40935800
0,24031100
0,23409900
0,23438900
1,24729400
1,58679200
0,24528800
1,25618800
0,24093700
0,24206100
0,25434800
1,43074400
1,79228600
1,46569200
1,32934900
1,27697600
1,25427700
1,23476500
0,23649400
1,61011700
0,23678700
1,23871400
0,23633500
0,23715400
0,23766300
1,22853800
1,45300000
0,23563800
0,24462300
0,27723100
1,30125700
1,55697900
1,32903400
0,23487200
0,23332500
0,23511300
1,33956600
1,28058600
1,22315500
0,23752700
0,23955600
1,23051500
1,66838800
1,29455500
0,24825300
0,24359300
0,23996400
0,23824400
0,23912600
1,43214800
1,51054000
1,40983700
0,23796400
1,26659200
0,23892900
1,27757500
0,23535200
0,27319600
1,26618000
1,62119000
0,24642600
1,62489600
1,49886600
0,24124700
0,23702500
0,23624000
0,23763300
1,30868500
1,23593300
0,23909500
0,24051900
0,23787500
0,23927200
0,24388800
0,24130900
1,36202900
1,29262700
1,22300500
0,24223100
1,56494400
1,27268300
0,24203100
1,22747300
1,24852500
1,22287900
1,23164000
0,23414100
0,23425500
0,23350300
0,23549500
0,23853200
1,22276900
0,23678600
1,55951000
0,23289000
1,63354700
0,24190600
0,27809100
0,23762900
0,23576300
0,23669400
1,27687600
0,24115500
1,28753600
1,33233000
0,25414400
1,27258400
0,24208300
0,24341300
1,37247700
1,25829800
1,57888400
1,31742200
0,23879100
0,24004700
1,31011600
1,32020000
0,24144500
1,22838700
0,24270200
0,24263800
0,24310400
0,24260100
1,32036500
0,24185700
0,23936400
0,23814400
0,23730600
0,26078700
0,23694900
1,31877300
1,33771600
1,30285700
1,42384900
0,28010800
1,28451500
0,24688200
1,39985700
1,23342700
0,25795500
0,24771500
0,24638100
1,28827100
0,24635700
1,41695600
1,45530000
0,23424900
0,23778700
0,25153400
0,23826000
1,22265700
0,23753700
1,33398900
1,36644300
0,23612300
1,35970100
0,23452100
0,23729800
0,23817700
0,24004300
0,23977100
0,23646900
0,23884100
0,23671900
0,23757200
1,49517000
1,23520900
0,23816000
0,23750000
0,23688500
0,26029200
1,39929000
0,24426700
0,24784300
1,31642100
1,23321800
1,23316000
0,24794300
0,24519300
1,86540400
0,24380800
0,23900000
1,23687100
0,23757900
1,61661100
0,23607300
0,23430100
0,23620900
0,23929500
0,23592900
1,37713700
0,24092300
1,29772800
0,24302800
1,23000800
0,24248700
0,23946100
1,30557000
0,23846800
0,23931400
0,23424000
1,68069000
0,25288900
0,23757700
1,33732500
0,23640800
1,41355600
1,22622000
1,35532700
0,25208600
1,28911300
1,30561900
1,30184000
0,24620200
0,24636800
1,32561000
1,35811300
1,26677700
0,23927600
0,23969800
1,26527000
0,23969300
1,42388800
0,23997300
0,24223400
0,23627300
1,22292100
1,55120800
1,102532600
0,25711600
0,26373700
0,24648400
0,24629500
1,23130200
1,31559100
1,24056300
0,23742300
1,70837200
0,24277000
0,24206700
1,28767300
1,24188600
1,47756300
1,31870400
0,24733400
1,58544700
1,23873700
0,24094100
0,23710900
1,25285800
0,23846100
0,23626800
0,23882000
1,47441800
0,23614000
1,22042300
1,67370800
1,40241600
1,26416700
0,25288600
0,24336400
1,35387300
0,24232000
1,49421200
1,30754100
1,24928800
1,24902900
1,35942000
1,48929800
0,23735300
0,23810700
1,29430900
1,40068600
0,23813600
1,23823300
0,23501700
0,24642800
1,24337000
0,24210400
0,25399100
0,25148300
1,31232200
1,29095500
0,24231300
1,26095200
0,24183300
0,24248400
1,30416600
0,24340900
0,24214600
1,28219100
0,23867200
1,39874700
1,26418700
1,28076800
1,47454900
0,23983000
0,23887100
0,24333000
0,24357700
0,24318600
0,24143300
0,23878500
0,23682200
1,25140400
1,23678600
1,30385900
0,26304400
0,23464200
1,33482500
1,36316500
0,26777300
1,48639200
1,34553400
0,24659300
0,24440800
1,94620500
0,24207900
1,44693900
1,90926700
0,23703300
0,23629500
0,23766100
1,34513600
1,42087300
1,32677400
1,23717900
0,23859800
0,24982200
1,24864000
0,23478500
0,23642200
0,23703000
1,22694500
0,23729200
1,36793200
0,23846500
1,24212800
0,23671600
1,23507800
0,23935500
1,47109200
1,35284200
1,30307400
0,24251600
0,24393400
1,22904500
0,23649200
0,25040800
1,27069900
0,23508300
0,24074900
1,54597700
0,24391800
0,24812500
0,24654800
1,31886500
1,24736200
1,24170700
0,24137100
1,82326000
1,35179100
0,23362300
0,23546100
0,23506500
1,33961700
1,29499000
0,24305400
0,24333000
0,24361100
0,24309700
1,24512900
0,24755000
0,27242000
1,22580200
0,24824300
1,57737300
0,24622000
0,24009400
1,36389500
1,24308700
0,23678400
0,23630100
1,22148800
1,32220300
1,68340100
0,24675900
0,24361400
1,68668600
0,23982800
1,25128900
1,52901900
0,23690900
0,24589400
1,40914500
0,23860900
1,39443900
1,22925700
1,40231300
0,24761300
0,24720100
0,24726900
1,27809500
0,24094600
1,32681900
1,75816100
0,24099800
1,30439400
0,23989200
1,26233300
1,42962600
0,24295400
1,63228300
0,23972400
1,66028200
0,24839500
0,23960100
0,24269200
1,25925800
0,24134200
0,24913500
0,27331700
1,34544400
1,22162200
0,24026300
1,33466600
0,24401200
0,24204500
1,24274000
1,34462600
0,24246900
0,24025100
1,43517700
0,23301400
0,24547800
1,39055900
1,22359700
0,23769700
0,25785400
0,24578700
1,27059200
1,36856300
1,31917500
0,24729900
0,24620500
0,24717200
1,33619000
1,34508000
1,27127800
0,24962800
0,25723500
1,25801200
0,24918200
0,24718800
0,24781400
1,24906400
0,24645800
1,24734500
0,24204100
1,22796600
1,25931100
1,28291100
0,23557200
0,23423800
0,23508000
1,22258700
1,23764900
0,23338700
0,23463400
0,23410000
0,23540500
1,25413700
1,22130500
0,23517100
1,46395600
0,24495200
1,27191700
0,24131400
0,24455000
1,34552300
1,25712700
1,39345200
0,24621200
0,24651200
0,24990100
0,24666300
1,35030300
0,24382100
1,46082000
0,23679900
1,37465800
1,40952100
0,25567500
1,22914400
0,24440400
0,24125100
0,24298300
1,87321500
0,26622100
0,25548800
0,24306400
0,24140800
0,24278200
1,30249200
1,36637200
0,24667100
0,24569100
0,25108100
0,24063900
1,32921800
0,24384500
1,36631400
1,39625900
1,27095100
0,24597900
1,23545000
0,24685100
1,32248100
0,23671800
0,23496800
0,23908300
0,23371300
1,44314800
0,23965400
1,31689300
0,24201400
1,41828200
1,27752800
1,32263300
0,23783000
0,23796600
1,25609400
1,35818800
1,24328700
1,32682100
0,23675600
1,23956700
1,42252400
0,23799400
1,23724500
1,34316600
1,22364800
0,23635800
1,26019600
1,31826900
0,23375200
1,41044500
0,24493800
0,24463600
0,24654800
0,24693200
1,42607400
1,41449900
0,24048300
1,34865500
0,23521800
1,35284100
1,28154900
0,23496000
1,22823700
0,23798300
0,23806100
0,23525200
1,25699800
0,24184900
0,23562500
0,24654900
0,25544500
1,27957600
0,23691900
1,34504200
1,58545500
1,26352700
1,38896800
1,25198600
1,57235500
0,25568500
0,25571200
0,24558400
0,24707500
1,29324000
1,35956800
0,24714800
1,23744900
1,25233200
0,24608400
1,33299500
1,24154700
0,24248100
1,22938600
1,28851300
1,34994000
0,23729000
1,34532700
1,27281900
0,23349300
0,23407500
1,45207500
1,28980000
0,24414800
0,23453300
0,23774400
0,23917500
0,24593900
0,24327700
0,24289100
0,24298400
0,24267600
1,45250600
0,23992600
1,34034200
1,47150500
0,24449500
1,30033200
1,56170900
1,38686100
1,69232100
1,50137700
1,41423900
0,24041800
0,24618700
0,23977000
1,73448800
0,23782700
1,56542100
1,29720300
1,22784600
0,23682300
0,23790600
0,23828600
0,23815600
0,23604200
0,23439100
0,23409900
1,32591800
0,24785000
1,52892200
0,23932000
1,24368900
1,24291500
0,24323600
0,24001400
1,27557100
0,24055300
0,23341000
1,30886600
0,25312500
0,26969900
0,25066300
0,31699000
1,50959000
1,38266000
0,24631400
0,24620000
0,24643300
0,24486700
1,27368400
0,24181800
1,25585500
1,24075000
0,23882900
1,22103700
1,106207800
0,23950700
1,81694500
1,25463800
0,23672900
0,23472600
0,23858900
1,39484600
1,27530600
1,24576500
0,24133900
0,24241500
1,31342300
1,23549800
0,23401700
0,23734600
0,23952400
1,51193300
1,42321400
1,66266400
0,24030800
1,23381400
0,23507700
0,23673000
1,30767400
0,24011500
0,23440700
0,23727000
1,56335600
1,35507700
1,45915600
0,23947200
1,24048700
1,22956000
0,24110800
1,22240700
1,27473100
1,85235500
0,23499800
0,23587600
1,39758000
1,26489700
0,23474400
1,56310100
1,29261200
1,101773000
1,53581300
1,27433800
0,24592000
1,42536200
0,24769400
1,55442400
1,27370200
0,24614100
1,35921500
1,30045000
0,24319400
1,26807800
1,26024300
1,23612500
1,24914400
0,24610000
1,26641700
0,24218600
1,27096900
0,24230300
1,32483700
1,30166600
0,23948200
1,48885500
1,23147900
1,44914600
1,47479600
0,24618500
1,33241000
0,24527000
1,40255700
0,24260900
1,40994800
1,22830700
0,24482400
0,24166900
0,23951900
0,23738000
0,23569800
1,38898300
0,24551900
1,27160200
0,23623200
0,24439400
1,80152500
0,23936800
0,24209700
1,22885000
0,24446600
0,24374600
1,52432100
1,56138900
1,26069400
1,26591300
1,36575200
1,28063500
1,33177300
0,23901900
0,23600800
1,31095600
1,32401300
1,52849100
0,24340500
1,24902000
1,39278200
0,25574800
1,25336500
1,38089700
1,34011000
0,24298600
0,24379800
0,24309000
0,24393100
0,23851500
1,43422700
0,25081300
1,29177600
1,43105900
1,23566600
1,28447700
0,24380700
1,22947500
0,24248900
0,24325700
0,24295700
1,28038700
1,45786400
1,26272600
1,25059600
1,24102000
0,23649800
0,23454300
0,23985200
0,23778000
1,24036000
0,24529900
1,43738700
0,24951700
1,40056400
0,23821100
1,58732600
1,68486700
0,24604800
1,49702900
0,24241900
0,23842100
0,23727100
1,22587400
0,23647200
1,32579700
1,34181300
1,57974500
0,24743100
0,24393900
0,23807800
1,48981200
0,24180100
1,26063200
0,23402900
1,27916700
0,23505900
0,23617600
1,39470000
1,25206500
1,46023200
0,24038600
0,23422500
0,23468500
1,46359700
1,51453700
1,26394000
1,44027400
0,24204300
1,32790600
1,29223400
0,24804000
0,24267400
0,24443400
1,52263900
1,31656900
0,23682400
0,23992000
1,26064400
0,24074800
1,39165000
0,25172800
1,39568000
1,40607200
0,24625000
1,43499300
1,28219100
0,24170000
1,22866100
0,24349800
1,29335000
0,23805300
1,93115100
1,24672900
0,23627500
1,23894300
1,32768300
0,23320800
1,34289100
0,24359400
0,23882700
1,22255900
0,23810400
0,23711700
1,24340700
0,24047000
0,24026900
1,30334600
1,24996700
1,25386200
0,23638100
0,23952900
1,25737300
0,23428700
0,24078500
1,23625000
0,24404400
0,24331700
1,43739300
1,27637500
1,34024100
1,33394600
0,24001400
1,24954400
0,23970600
0,24524700
1,41736900
0,24180800
0,24251400
0,24745300
1,25525900
0,24766700
1,37096400
1,48247400
0,25159200
0,25960100
0,25355400
1,34274900
0,24487500
0,24195400
0,24957800
0,24459900
1,25914700
1,27318800
1,37831100
0,24205400
1,26460200
1,25059000
1,37237100
1,30197800
1,23838900
0,23772900
1,44386700
1,23998000
0,23742800
1,43635200
0,23664700
0,26730300
0,26927900
0,24612300
0,24602600
0,24664900
1,26323200
1,36857700
0,24132700
1,79393400
1,28165800
0,24036900
1,36279600
1,24176000
0,24235000
1,26870300
0,24189000
1,25580100
0,23486900
0,25047900
0,24014300
0,24253600
0,24200700
1,48508900
1,26245900
0,24650900
0,24451500
0,23353600
1,43615600
1,30801900
0,24427600
1,55559800
1,33221700
0,24169700
1,37577900
0,24228500
0,24233400
0,24046100
0,23750200
1,53653300
1,25186700
1,41186500
1,23916600
1,36806200
0,24165500
0,24427200
0,24184300
0,24278800
0,24407400
1,38543000
1,33033900
1,45673900
1,24680100
1,30428000
0,24632300
0,24736900
0,24609500
1,31616000
0,25722100
1,42470200
0,24332400
0,24402100
1,27334200
1,33086800
1,25293500
0,23855500
0,23798800
0,23890600
1,23730800
1,23736500
1,71146400
0,23748400
1,32270000
1,43492200
0,24872300
1,39572200
0,24380300
1,32044200
0,26454300
1,23406600
1,49129900
0,24413600
0,24822200
0,24839600
0,24163100
1,25684500
0,24216700
1,23233100
0,23724800
1,26976700
1,50640100
0,23723800
0,24064000
0,23635600
0,25670300
0,25062200
0,24042000
1,31627300
1,54030600
0,24180800
1,61723400
1,28235800
0,25348100
1,27849800
1,27788400
0,24508200
1,36247900
0,24580500
0,23940500
1,23339500
1,41781700
0,23761900
0,23821900
1,42181600
1,33936700
0,23806100
0,24270400
0,25224000
1,36324000
1,31582600
1,34766400
1,27237600
1,22238400
0,23731400
0,24068200
1,25694900
0,24641400
0,24292500
0,24190300
0,24226800
1,26934800
1,26824600
1,27787000
0,23647700
1,31948800
1,30501100
1,27564900
1,35218200
1,55519900
1,34966000
0,26559800
1,25383300
1,29454700
1,28377900
1,41611200
0,24302500
1,43618200
0,26387100
0,24987800
0,24724700
1,29565500
0,24623400
1,30601500
1,26425100
0,24385300
0,24237100
1,27327000
0,24191900
1,37528400
0,24008100
0,23478200
1,34008600
0,24394400
0,24069700
0,24317400
1,28175300
0,24405000
0,24348600
1,30174600
0,24173200
1,25666300
1,33695400
0,23522300
0,23271900
0,23880900
1,22424200
1,24108600
1,42051200
1,29004100
1,46417700
0,23371500
0,23424800
0,25503100
1,100087900
0,24196400
1,62077000
1,29806900
1,22221000
0,23922700
1,87260300
1,47239500
1,38106700
0,24622000
0,24631300
0,24639300
0,24654300
0,24624300
0,24133600
1,28766700
0,24335100
0,24063700
0,23576900
0,23320200
1,54584100
1,27734600
1,51899600
0,26367400
1,24965800
0,24712100
0,24643500
1,32046100
0,24125300
0,24483800
0,24157500
1,23485700
1,48402700
0,24306000
1,28691700
0,25462100
0,27648300
0,27456400
0,24431900
0,24612500
0,24830700
1,35338900
0,24127200
0,24524200
0,24133700
1,24452300
1,42612100
1,48613800
0,23941000
0,24659900
1,24358500
0,23654700
1,23158700
0,24302800
1,30315400
1,33524900
0,23396500
0,23501100
0,23985200
0,23643800
1,27851300
0,23809400
1,39075100
0,23605500
1,50109800
1,28795300
0,24095700
0,23800900
0,24753900
0,23857700
0,26136300
1,59764300
0,24261800
0,23700600
1,26972600
1,32252600
0,25614500
0,24180100
0,24378700
1,22889600
0,24182500
0,23651900
1,22483400
1,67274000
0,24107000
0,23976500
1,37728300
0,23753800
0,23735500
0,23689500
1,25660700
1,33955700
0,23695000
1,80960300
1,26920400
1,44786000
0,23444600
1,23626000
0,23843100
0,23538100
0,23947600
0,23804600
1,23563100
1,53140900
1,52722800
1,24367300
0,24271800
1,32201500
1,51215500
0,27317400
0,28602000
1,50957800
1,37918200
0,24985700
0,24590200
1,55852700
0,23784500
0,23826900
1,39700200
1,28146400
1,38337500
1,22678500
0,24164800
1,24376800
1,37768900
1,27395800
1,29933800
1,37875000
1,26220500
0,24668000
1,40668800
0,23529200
1,43336800
1,23769800
1,50945700
0,24599800
0,24593500
1,39740700
0,24246100
0,24301000
1,32099100
1,82518100
1,27374000
1,23216700
1,62578300
0,23371200
0,23416300
1,27325400
0,23416800
0,23610200
0,23375500
0,23370700
0,25270000
1,35188200
1,44356400
1,26673300
0,23805600
0,23866300
1,22312800
0,24012200
1,34565700
1,23086900
1,27870000
1,25549000
1,25899200
1,46664600
1,63231400
1,34949500
1,37157100
1,23852400
1,25477500
0,23815400
1,22997500
0,24305600
1,22726600
1,47035000
0,23717900
0,23669500
0,23993200
0,25177000
0,24900500
0,25620300
0,24506900
1,24746200
0,24733900
0,24746400
0,24769400
0,24250100
0,23754600
1,44066400
1,26312700
0,23892400
1,25099700
0,23710100
0,23951100
0,23680500
0,23750400
0,23925600
0,23732500
1,22538600
0,23539700
0,23407600
0,23433000
1,22676300
0,23876100
1,24063000
1,35720900
0,24873000
0,25093600
1,47297000
0,24608300
0,25038500
1,26530200
0,24651500
1,31665200
1,24648700
0,24336700
1,27151700
1,42740400
1,26166300
1,26851900
1,35719700
0,24138800
1,41657100
1,45246800
1,30733400
1,29316700
1,50346200
0,23779300
0,23809900
0,24367900
0,24173600
0,24345600
0,24195400
1,81382400
1,23016000
0,24185800
0,24311400
0,24274700
0,24302800
0,23797500
1,66868800
1,26458300
1,62926400
1,25985800
0,24260000
1,57187300
0,24467900
1,29597700
1,63771800
0,24005500
1,29410800
1,29835400
1,23541500
0,24195000
0,24686900
1,47581200
0,23718500
1,25458800
0,24441600
0,24226800
0,24123500
0,24197600
0,24376300
0,24184700
0,24348600
0,23395200
0,23452500
1,27748800
1,39549400
1,30944800
1,28173800
0,23829500
0,23923200
1,29403100
0,23789700
0,23701400
0,24011700
0,25484800
1,57286000
1,64691000
1,59417600
1,27482600
1,28506200
0,23773500
1,29969300
0,23784600
1,33278000
0,23346900
0,23439500
0,23392400
0,23930300
1,36518600
0,27268900
0,24042600
1,44365300
1,44947900
0,24623900
1,41685800
0,24135700
0,24209900
1,23738100
1,26532900
0,23685600
1,60515400
1,39701100
0,23677700
0,23629600
1,29581300
1,32957200
1,33675300
1,59594600
1,31900300
1,22701900
0,24250300
1,51355200
0,23746400
0,23400400
0,23409200
0,23564400
1,34257600
1,36887400
1,21926000
1,75178700
1,37810000
0,24222200
0,25037800
1,41308600
1,22992200
0,24236200
0,24232700
1,24753700
1,67123000
1,29348300
1,25024200
0,23751800
0,23859500
1,22244300
0,23419000
1,26315200
1,32184700
0,24036700
0,26955900
0,23620900
0,23620300
0,23831700
1,34177000
0,24224400
1,35808000
1,31181100
1,55174000
1,24225900
0,23732100
0,23708600
1,24057500
0,23629700
1,36124200
0,23562500
1,29463200
1,23931500
1,27318600
0,24056500
1,23561100
1,33677100
0,23648300
1,28776400
1,29121700
0,24135100
1,43390600
1,65552300
0,26583500
1,33178700
0,24539100
0,24878900
0,25545300
1,77761100
0,23819500
1,22836800
1,23997700
1,23959100
0,23741700
0,24662900
0,23938600
0,23506300
1,31066900
0,23826400
1,48695900
1,28525500
0,23795700
1,42150200
0,23816000
1,22225300
0,23774800
1,74113200
0,26304900
0,26602600
1,28264700
1,25528700
0,24324800
0,24608500
1,41288800
1,23074600
0,24261900
1,25944000
0,24172000
1,42383400
0,23273600
1,25224500
0,23385500
1,23799200
1,32834100
0,26453300
1,23855100
0,24177700
0,24214900
0,24138900
1,23061000
0,23597000
1,57040700
1,21984500
0,24072200
0,23730600
0,23997900
1,24119500
0,24001000
0,23781000
0,23978200
1,45052800
1,49424700
1,34249500
1,22542200
0,24018900
0,23699400
0,23973700
0,23676600
1,51606900
0,24743600
0,24164300
0,24725300
1,23031900
1,38507000
0,23729700
0,23848800
1,23845600
0,23859300
1,55259900
0,23943000
0,23690100
1,26759700
0,23464300
0,23882400
1,33741800
1,25094200
0,23826800
1,46085600
0,24923800
0,23697900
0,23857900
1,42873000
1,80710600
1,33345900
0,24621300
1,65795900
1,32400300
1,78809700
1,31978100
0,25016000
1,26427200
1,59836400
0,24613200
1,35008600
0,24407400
0,24349000
1,31572800
1,37741200
1,25718300
1,29920300
1,36238900
0,24230800
1,22668800
0,23881500
0,23356200
1,55795700
0,23907700
1,51736400
1,29896600
0,24179800
1,23993900
1,24147100
0,24324900
1,42635900
1,33434300
1,79815200
1,24074000
0,24308300
0,23830600
0,23785300
0,23760500
0,23662600
0,23901100
0,23318800
1,40433400
0,24803400
0,24187100
0,24444300
0,24625500
1,35369500
0,24240600
0,24175800
1,42419800
1,24971100
1,36724500
1,39680700
1,22857300
0,24046200
0,23753200
0,23679200
1,77557000
0,23602700
1,48101200
0,23555600
1,23576600
0,24097200
0,24789100
1,24838200
0,24335300
0,24743000
0,24553600
0,24239400
0,24130400
1,22593700
0,23768700
1,24539400
1,26066600
0,23896900
1,48147600
1,48280800
0,24664900
1,29823900
1,51862400
0,24625400
0,24632700
0,24626500
0,25333900
1,54193100
1,23640000
0,24201100
1,27249800
0,24172300
0,24187500
1,22618800
0,23617700
0,23396800
0,23588800
0,23566700
1,25433800
0,24126200
0,23808600
0,24659100
0,24157300
0,24179400
1,24386300
0,24099800
1,41784500
1,38875700
1,23918900
1,34796400
0,23829300
0,23958800
0,23915400
0,23786900
0,23786000
0,24077700
0,23843300
1,53461000
0,23720600
1,54000300
1,22207900
1,25381300
1,27066200
0,24185700
1,43863600
1,46826800
0,24093600
1,44524700
0,24260900
1,25374300
1,30987400
1,25061600
1,40080500
1,38095100
0,23830000
0,23776100
1,26495000
0,24706600
0,23818900
0,24602800
1,30127500
0,24133800
0,24107700
0,23768300
0,24607000
0,23646500
0,23895900
0,23423600
0,23288600
0,23575200
0,24507800
0,24210800
1,31395400
1,79529800
1,29553600
1,27196300
1,50431600
1,44045500
0,24380500
1,28032400
0,24674000
1,31739800
1,29907600
0,23716700
1,28045500
1,33819000
0,23729100
0,23685000
1,45707800
0,26090800
0,25788100
1,24229700
0,23707100
1,32047800
0,24594900
0,24650000
1,34875900
1,25923400
1,36144600
1,23242900
0,23769100
1,22562200
0,23571200
1,23701600
0,24366300
0,23645900
0,24358900
1,37290100
0,23955400
1,41703000
1,47237800
0,24408500
0,23640800
0,23438800
0,24048600
0,24156800
1,39940600
0,23937200
0,23569400
0,23288800
1,36428500
1,23980800
0,23913300
0,23402600
0,23690600
0,23418500
1,25521500
0,23327900
1,27615600
1,22228000
0,24237600
1,27984600
0,25191500
0,24188600
1,32053200
0,25381100
0,31163000
0,24687600
0,24331700
1,29900000
0,24077800
0,28335300
0,29155300
0,33967300
0,28317000
1,23502200
0,24631500
0,24618300
0,25344300
0,24885800
0,24777500
0,24626000
0,24690900
1,160128600
1,28585700
0,24243200
0,24335400
0,24319500
0,24120000
1,30102000
1,25308600
0,24367200
1,34408800
1,59925200
1,42402600
0,26330700
0,23946300
0,23564500
1,41218500
1,29015000
1,25039300
1,24475100
1,31868900
1,116814600
0,24790200
0,24436400
0,23510800
1,24919600
0,24109600
1,25131100
1,38554900
1,23857700
1,29974900
1,22448700
1,39812000
0,23929300
0,23878700
0,24382200
0,23893800
0,23786400
0,23679500
0,23783500
1,38690000
0,24137900
0,23639600
1,31121300
0,24211800
0,23571200
1,33263400
1,22342600
1,66889500
0,25404600
1,34473700
0,24250100
1,24598800
1,23202100
1,43995300
0,23889000
1,33212300
0,23798700
0,23950000
1,37226500
0,23636200
0,23907200
0,23662500
0,27668600
0,24059800
1,33921400
0,24398200
1,33135100
1,30670800
1,54670600
0,24713400
1,49670700
0,24131900
0,24200700
1,29020500
0,24145400
1,24408800
0,24130900
1,24201800
1,29694900
0,24345700
0,24364500
1,54678000
1,34794800
1,25702300
0,24130400
1,58620300
0,24222100
0,23912300
0,23405700
1,46868500
0,23538300
0,23760700
1,29970000
1,29682800
1,31146900
1,52983500
0,23729200
1,24467200
1,26821100
0,23373900
0,24582000
1,27062700
0,24221900
0,24206200
1,28260300
1,22194400
1,51825400
1,31916800
0,24714700
0,24617900
1,52914000
0,24103000
0,24201600
0,25817600
0,23993000
1,32175100
0,23579000
0,23302500
1,38073700
1,30216500
0,23897100
1,53350300
1,22729500
1,49839500
0,23614900
1,22613700
0,23337200
1,26430700
1,24896900
1,87460700
0,24363800
1,88209800
1,38548900
1,22627900
1,24316100
1,25572000
0,24184900
0,24589500
0,25006300
0,24728100
1,30365000
1,37489400
0,24242100
1,32566800
1,26976200
0,24063500
0,23832800
1,58838800
1,29020900
0,26651800
1,43492300
0,24322500
1,41815800
1,42318600
1,30113100
0,24448100
1,69763200
1,36511700
0,23647800
0,23751400
0,24022300
1,31449600
0,23967100
1,32534900
0,23686500
0,24135900
0,23746000
0,25057100
1,24133900
0,23650000
1,39367900
1,27010700
0,23892100
0,23735700
1,30574700
1,34352900
1,84024900
1,28550900
1,27711100
0,23983600
1,23420400
1,26492000
1,37917200
1,31736800
0,24650100
0,24605900
0,24759900
0,24589000
0,24631500
1,23091600
0,24263800
1,39161400
0,24213300
0,24480800
0,24937000
0,24714500
1,23597400
0,24727200
0,24531200
1,28474400
1,24306900
1,30475800
1,28953400
0,23943200
1,43376200
0,23997500
1,38968600
0,24210800
1,68532600
0,24701400
1,29215200
1,74238800
0,24966300
0,24403600
0,24603600
1,44502300
1,26776300
0,23907200
1,22760200
0,24018300
1,40258100
0,23784500
0,24225000
1,29586700
0,24122200
1,31697500
0,24177000
1,36516400
0,24389800
0,24177100
0,24296900
1,22724200
1,30841700
1,50199300
0,23553200
0,23522500
0,23393600
0,24018600
0,23650500
0,25296700
0,23929500
0,24576200
0,24401700
0,26690100
0,24287600
0,24136000
1,23336700
0,23847000
1,38203500
0,23666800
0,23817300
0,23853700
1,39525800
0,23711200
1,28333200
0,23758400
1,24042600
1,38199700
0,23763400
0,24682400
1,25703000
1,24959600
0,23985300
0,23739900
0,23686000
1,28521400
1,40780600
1,32601400
1,28344200
1,24344600
1,28418200
1,48580100
1,60465300
0,27400200
1,27836000
1,35721900
0,24845500
1,33815000
1,27480300
1,31201000
0,23914800
0,23697500
1,24965300
0,23370900
1,26807000
1,25478200
1,36135100
0,23707400
1,24816500
1,29077300
1,65198700
1,30935000
1,39402900
1,23319300
0,24077400
1,24046300
0,23764700
0,23839800
0,24434900
1,25589900
0,24338200
0,24006400
1,23623000
1,23887400
0,23784900
0,24097300
1,31074600
0,23549100
1,48016600
1,22522900
1,24758900
1,34816200
1,23797200
0,23868200
1,35517100
1,22781500
0,24919400
1,41355300
1,23864400
0,23846000
1,62239500
1,34860000
1,48481500
1,48072600
0,25735200
0,24260300
0,24268000
0,24435100
0,24428400
0,24183700
0,24521700
0,25161100
1,27515300
1,43801000
1,29307600
0,24536900
1,46489500
0,24135900
1,29186300
0,24188700
0,24128700
1,26020300
1,59051300
1,28150800
1,34587400
0,23790000
1,23842600
0,23716300
1,23628400
0,23826800
0,23770400
0,23792700
0,23727600
1,25059300
0,25277600
1,32352900
0,24938600
1,44251200
0,24965000
0,24587200
1,24530600
1,44820200
1,24108800
0,24681600
1,30471400
0,24225500
1,24072200
1,44771300
0,23793800
0,25101200
0,24237000
1,26745000
0,24231800
0,24289800
0,23896900
1,31019800
1,22339900
0,24646800
0,23740800
1,42624200
1,29416100
0,23736600
1,22608400
1,34449000
0,24450500
1,36980300
1,34859100
1,38443800
0,24289000
0,24252400
0,24379100
1,40496200
0,23301300
0,24120100
0,23486900
0,24698800
0,23744700
0,23365300
1,28082500
1,52972500
1,46298100
0,23462000
1,33249500
0,23847400
1,23864800
0,25395400
0,25247700
0,24203000
0,24136700
1,35148100
1,33938400
1,26365400
1,41223600
1,36222600
1,54557400
0,24218900
1,27041700
1,24214400
1,22297000
1,36864700
0,23512100
1,49552900
0,23947000
0,23898200
0,23932800
1,25611100
1,36375300
0,24133200
0,24144700
1,36911300
0,23408400
0,23375600
1,28625200
0,27949900
0,27484400
1,31832100
0,24819200
0,24193100
1,27173400
1,44304800
1,66937800
1,22722300
0,24219100
0,24146700
0,25981300
0,25935400
1,33065600
0,23693500
0,24120400
0,24676700
0,24738400
1,48645800
0,25785300
1,40634500
0,24166900
1,23795800
0,23825900
0,24287900
0,24220300
1,23296700
1,29603100
0,24141300
0,24220400
0,24072800
0,23522900
0,23843800
0,23626400
0,23622500
1,25473000
0,23837200
0,23724300
0,23500500
1,37538000
0,23379200
1,22645800
1,25752800
0,25636900
1,24575000
0,23836600
1,25283500
1,35977800
1,27511000
0,24895200
0,24362400
0,25511200
1,33109900
0,24071200
1,38883700
1,35976800
0,24425100
1,30235400
0,24345000
0,24331100
1,23125000
0,23842300
0,23966400
0,24466700
1,41779600
1,48321800
1,23789000
1,45381200
1,44084300
0,24135700
0,23923200
1,23605400
1,26741300
1,29419400
0,24323000
0,23468300
0,24238700
1,43362500
1,26553600
0,23770400
1,43949000
1,40276800
1,23249200
1,22876400
1,28803400
1,31141700
0,24197600
1,38924500
1,45706000
1,45773600
1,51080300
0,23528300
0,23714900
0,23750200
0,24119300
1,39322700
1,28828600
0,25114500
0,24595300
1,24943700
1,23421100
0,24641100
1,35888800
1,22804300
0,25528400
1,25798100
1,42978100
0,23932200
1,23564700
0,24278700
0,24276200
0,24162400
1,27093900
1,25001400
0,24638900
1,24276300
0,24199100
1,45902500
1,28129400
1,57124900
1,53820200
1,47224200
1,32995600
0,24244500
1,40766800
1,29550700
1,64510800
1,36280200
1,24862600
0,23905800
1,27980400
0,24079000
1,29806300
1,32638100
0,23913400
1,30031500
0,24157300
1,24127600
0,23805600
1,41138000
0,24118500
1,23508700
1,25090300
1,63915300
1,23805400
1,38423100
1,24933000
1,33988000
1,34823900
1,22915100
1,23258400
1,34113900
1,27975900
0,24767100
0,24303400
1,71187400
0,24045100
0,23893400
0,23834700
0,23909800
1,23649100
1,27100500
0,23704900
0,23688400
0,23896100
0,23624200
1,28458600
0,23720500
1,27500200
0,24356200
0,24024500
0,23687400
0,23784600
1,22638300
0,23920900
1,40894600
0,23759900
0,23532200
1,44960700
1,23482600
1,29358500
1,34517900
1,31166700
0,24104900
0,24408500
0,24910200
1,24549300
1,36376100
0,24718900
1,25950800
0,24500800
0,23799700
1,35150500
0,23893400
0,23835500
0,23760300
0,23872900
1,51111200
0,23623200
0,23880000
0,23693300
0,23737900
1,60014700
0,23479100
1,25503400
0,23435600
1,25350100
0,24849300
1,68646000
1,37338800
0,23678300
1,30229400
1,22159500
0,23716400
1,25891600
1,30233900
0,24776900
0,27302000
0,24173800
0,24452100
0,24186300
1,47568000
1,26789600
0,26699600
1,23500400
0,24448400
0,27108600
0,24223400
0,24511100
1,42270800
1,24801600
0,24237400
0,24004000
1,26402100
1,28338900
0,25709000
0,25844300
0,24594000
1,33568400
0,24235800
0,24629700
0,24623700
1,24984500
0,24811500
1,25491500
0,25717700
0,23536600
1,41763900
1,41115100
1,24722500
0,24196400
0,23753000
0,25735100
0,24723800
0,24349500
1,66165900
0,24743100
1,60319200
1,45057300
0,23831900
1,67382500
0,24222700
0,24350500
1,24415900
1,24747500
1,22368800
1,36929000
0,26334700
0,23957300
0,24734100
1,48539000
0,24622500
0,23964200
1,23617500
0,23695900
0,23811600
1,35748600
1,27468700
1,40245100
1,52907100
1,38679900
0,23927500
0,23802500
1,36758700
1,24696400
1,30519100
0,24905100
0,23867300
0,23834600
0,24236900
0,24359400
0,23978500
1,33404200
0,23909200
1,25518600
1,25312200
1,25293600
0,27568700
0,24919500
1,27430500
1,34997000
1,24642700
0,24614200
1,34972100
1,29912900
1,44121800
0,24081200
0,23703600
0,24068400
1,30682700
1,26696000
0,23625400
1,23913600
1,60342900
1,57412200
1,31016400
0,24289500
0,24271900
0,24474400
1,28517200
0,24733900
0,24731500
0,24625700
1,33728900
0,23829400
1,24583100
1,22307200
0,24786400
0,26729000
0,23576700
0,23338900
0,23718200
1,25820000
1,47770000
0,24639300
1,42223200
1,72748000
1,25311400
1,33523400
1,22177700
1,23497500
1,28844200
0,23457300
0,23389700
0,23416200
0,23768400
1,52066500
0,24284200
0,24135100
0,24257100
0,24156800
0,25457800
1,33633000
1,33718100
1,28426100
1,33354400
0,24733000
0,25166200
1,27873100
1,67364900
1,24978800
1,71478400
1,30789700
0,24673000
1,25899900
1,58948300
0,24795600
1,44082200
0,24779400
0,24651700
0,24610900
1,35875800
0,24462100
1,22909100
0,24189400
1,22678900
1,45325200
0,24274700
1,26773600
0,23525500
0,24389400
0,23839600
1,37913400
1,35822100
1,44802300
1,27387000
0,26200000
0,24193700
1,24279000
1,22861300
0,24138200
0,24203700
1,29819400
1,32413300
1,52825000
0,23553300
1,33656700
1,23140800
1,56027900
0,23683700
1,29197900
0,23802200
1,46821900
1,23595000
1,51034200
1,53987600
1,23252800
0,23557100
0,23987400
1,35170600
1,25014500
0,23652800
0,23874700
1,79359000
0,23721000
0,23464600
0,23748900
1,26266500
0,26160500
1,45147500
1,22615800
0,24210400
0,24129000
0,24248900
0,23655000
0,23520800
0,24913500
1,47722500
1,22148000
1,38453500
1,26137400
1,42310400
0,26394500
1,37107700
0,24726400
0,24661900
1,31559600
0,24699500
1,34177300
1,32364000
0,24692800
1,27761200
0,24704900
0,24680500
1,64972000
1,27685500
1,22838800
1,57652500
0,23900000
0,24234300
1,44184800
0,25780900
1,22775300
1,46593400
1,38126700
0,24764600
0,24336500
1,43766300
1,47302900
0,23407300
0,23789500
1,38858700
1,27445000
0,23641000
1,58372000
0,23961300
0,23719700
1,30570300
1,37796900
1,37888600
0,23689700
1,49853400
0,24233200
0,24431900
1,53078500
0,23657500
1,22467600
0,23514800
0,23566200
1,27910500
1,53488000
0,23730800
1,28557200
0,23741400
1,27984600
1,25961800
1,23151100
1,30559800
0,24211100
0,24332500
0,24594700
1,32991700
1,25195800
1,22879200
0,23944800
1,23688800
1,26663000
1,37920600
1,31930700
1,25848900
0,23976200
0,23349100
1,32302000
0,23648800
0,23651200
1,22358600
0,24515100
0,23952100
0,23633500
0,23820800
1,25339400
1,44011300
1,26637800
1,24760100
1,74484300
1,54292100
0,24243200
1,33033900
0,25236100
0,24722900
1,30585200
1,50900500
0,24893600
0,24862600
0,24663000
1,36508300
0,24373000
1,52431900
0,24322100
1,24090900
0,24377900
1,44177300
1,44203500
1,23717100
0,23720300
1,45697700
0,23963000
0,23760200
1,30899100
0,24698200
0,24856300
0,23974500
0,24410000
1,52464600
0,24143200
0,23652300
0,23752400
0,23855200
1,48186900
1,22327300
0,24401400
1,44247500
1,40520500
1,99972000
0,26415900
0,24073200
1,31961200
0,24153600
1,45372400
1,47910300
1,23770900
1,22281200
0,23737500
1,23982100
1,33488000
0,24020400
1,43580400
1,43071800
1,22452400
1,37383300
0,23669900
1,39652700
1,35710000
0,23372900
1,35550100
1,30877800
1,25787000
1,69646000
0,24746900
0,24441200
1,47243000
1,25235500
0,24757600
1,30717800
1,28220900
0,24512900
1,33816900
0,24057100
1,29069300
1,60144600
1,23235000
1,35271000
1,25871900
1,38258500
0,26241900
1,57295000
0,24867600
1,52482100
0,23641400
1,22733200
0,23905000
0,23719400
0,25341000
1,38494200
1,24396100
0,24018700
1,45549600
1,32342600
1,23069200
0,23851700
0,23716400
1,39536200
1,23403600
1,35581700
0,24186500
1,39318500
1,22432500
0,24984200
0,24335900
1,24315700
0,24193000
1,23243800
1,37229400
0,24133800
1,43412900
1,25496300
1,24125600
1,38306700
1,70420000
1,25271000
0,23354900
1,23448600
0,23471600
1,22108800
1,23650000
0,23840900
1,27872700
1,23597200
0,23711700
1,23456700
0,23791300
1,26920400
0,23883200
1,33788000
1,55359100
1,35504000
1,27004900
0,24459600
0,24841300
1,43012000
0,24686800
0,24610300
1,25974500
0,25768700
0,24521700
0,23777700
1,26882000
1,27122400
0,24209200
1,32730100
0,24288900
0,23974800
0,23977300
0,23702600
0,23752900
0,23555200
1,39146500
1,29247100
0,23625100
1,37866100
1,30824100
1,30809500
1,56429000
1,26916200
1,22600400
0,23685500
1,21909900
1,38183700
1,33231400
0,24228200
1,47393800
1,49081300
1,33910000
0,26272100
1,27237100
0,24784700
0,24616200
1,37505100
0,24203200
1,24263500
1,29826400
1,57503800
0,24194500
1,46421100
1,36791800
1,35989400
0,24055900
0,24205600
1,29780600
0,24164500
0,23946900
1,42418000
0,23766200
1,29210100
1,29259000
1,37289100
0,23912900
0,23838700
1,29492800
1,50016700
1,35428800
0,24411100
1,23893400
0,24211200
0,24155800
0,24208300
1,42072200
0,24248700
0,24266500
0,24162000
0,24305200
1,73173500
1,39990800
1,34855400
1,32878700
0,24385500
1,38589700
1,44329500
1,61264300
1,34684100
1,28937600
1,39761500
1,29026100
1,26558600
0,24193900
1,42814200
1,34110400
1,26482300
0,23752800
0,23753100
0,24031000
1,22521400
1,44294900
1,26824200
1,57063500
1,38594900
0,24211300
1,22681300
1,22876600
0,24182100
0,24600400
1,22356600
1,48049800
1,30366900
0,23700500
1,30886900
1,35086500
1,24677200
1,40048600
1,24983200
0,24648500
0,24617400
0,24622400
1,23261500
1,39731400
1,50190700
0,24073300
1,33339300
0,23787200
0,23820200
0,23763100
1,22701800
0,24162600
1,55851000
0,24327300
0,24527000
0,24201400
0,24167200
0,24345500
0,24371300
0,24704800
0,24410500
1,24485300
1,31171300
1,29216800
0,24200100
0,24139600
0,24299900
0,25389600
1,52741700
0,24723300
1,36602700
0,26883800
0,26327400
0,23759700
1,23979700
1,37186500
1,78871000
1,28477000
0,23742900
0,24020000
1,25578700
1,44288700
0,24352700
0,23736600
0,23732700
1,25276800
0,23739800
1,26713100
0,23572900
1,23361900
1,23977100
1,23019800
0,24139900
1,24534200
0,24193800
1,38402200
1,37773100
0,23517700
1,50240900
1,42831600
0,24566600
1,37968200
0,24144900
1,34677300
1,24915200
0,24211700
1,24410600
1,62868800
1,41236400
0,23666800
1,30811100
0,25294300
0,23950800
1,24222100
1,37087500
0,24125600
1,32841300
1,50077200
1,74422800
1,26834700
1,23035700
1,24891200
0,24220900
0,24179400
0,24236200
1,30161400
1,27733500
1,42286100
0,25085200
1,39514700
0,24728100
0,24679600
0,24527800
0,24304600
0,24339600
0,24230300
1,25564800
0,23800800
0,23978300
1,25153800
1,37158500
1,23606100
1,54725000
0,24375300
0,24864800
0,24298300
1,30987900
1,39681400
1,22695900
0,24193900
0,24182700
0,24496400
1,26003800
0,24328900
1,30110200
1,30422700
0,24309800
0,23824500
1,28470600
1,22679800
0,24254600
1,55078000
0,23534100
1,28763200
0,23409000
1,29965000
1,43875200
1,38769500
1,24118900
1,37797300
1,39026200
1,36440900
1,27650900
1,26155300
1,26265500
1,27857400
0,25777600
1,27181600
0,23672000
1,23833200
0,26523500
0,25696900
1,41121200
1,31477400
0,24552000
0,24345100
0,24348500
0,24277900
1,27893100
1,42866200
1,49810700
1,23634700
0,24325000
0,24256300
0,24167500
0,23377700
0,23467800
0,23520600
1,29474500
0,24466500
0,24133000
1,46444900
1,40468500
1,22696100
1,27539200
1,22690700
0,24205300
1,32411300
0,25328700
0,25470100
0,24783000
1,30871500
0,24782300
1,35487000
0,24600300
0,25319300
1,29520900
0,24615100
0,27108400
0,25581100
1,46130300
0,24597500
0,24753400
1,40382100
1,35130600
0,24293800
0,24225300
0,24221700
0,24234500
1,24098100
0,24049300
1,22737100
0,23699000
1,23782200
0,23704900
0,23941500
0,24100200
0,23581300
0,23954900
1,32942000
0,23721300
0,24570600
0,23867000
0,24444500
1,23055300
1,25645100
1,34317400
1,23906800
0,23830400
0,23680700
0,23655200
0,23511200
0,23294500
0,23930700
1,24610400
0,23956300
1,24858700
1,45137200
1,23963000
0,23317100
0,23665200
1,22097500
0,25228300
1,30358100
0,24764700
0,24776800
1,30460600
1,35445400
0,24636300
1,37329700
1,24857400
1,25573300
1,27806700
0,24177100
0,27221100
1,49874700
0,24603000
1,43589000
0,24622500
1,22473100
0,24510100
1,73009200
1,39072600
1,23274900
1,28155600
0,23682800
1,59710500
0,24271900
1,46427500
1,37421900
0,23824300
1,46416700
1,22249700
0,26772100
1,50463900
1,24532400
0,24239300
0,24792400
1,30902000
0,24629200
1,26607300
0,26981000
1,49145900
1,27999700
0,24620700
0,25145900
0,24598400
1,77815300
1,32825100
0,23497300
1,28805800
1,32944100
0,24372800
0,24149400
0,24894300
1,31390200
1,54785300
0,23955900
1,28249800
1,30965500
1,35758900
0,23734700
1,24936900
1,43967800
1,52480000
1,32962100
1,36821100
1,23706200
0,24683200
1,32190700
0,24242600
0,24181400
0,24227100
1,36950600
0,24190000
0,23440800
1,33385700
0,27448100
1,29448800
1,23264100
1,43213300
0,24429500
0,24485100
0,23996600
0,23386800
1,27023400
0,23944200
0,24479500
0,23907400
0,23737500
1,41937600
0,24536400
1,50136300
0,23676800
1,22716900
1,63534000
1,46185800
1,30662300
1,22562500
1,38182400
0,24300000
1,31402500
0,24336900
0,24388900
0,25922900
1,29517000
0,24601800
0,25322300
0,24650200
0,24392000
0,24347800
0,24900000
0,24482000
1,31084800
0,24206700
1,35353100
1,40925700
1,26257500
0,23526200
1,28705200
1,40204200
0,26968400
1,28858600
1,48356200
1,30105000
0,24476400
0,24265300
0,24237800
0,24174900
0,24133200
0,23512000
1,35417800
0,23886300
0,23539200
0,24081000
0,24095700
0,24359300
1,27487300
0,24134700
0,24390300
1,51638200
0,24255500
0,24424400
1,32619500
0,24085400
0,24222900
0,24160100
1,41517000
1,46919500
1,41170600
1,24401000
1,39651100
1,24415100
1,27221100
1,23931800
1,24538600
0,23405800
0,24686100
1,44240700
1,38481300
0,24189000
0,24241700
0,24377500
0,24144600
1,22608600
0,23922700
0,23675100
1,29095500
0,23533700
1,50401600
0,23740200
1,23966300
0,24205100
0,24319600
0,24174600
0,24150900
1,22299300
0,24197600
0,24330100
0,24435800
1,27724300
1,53341300
0,24599500
1,23125900
1,82925500
1,24330600
0,24461700
0,24129100
1,25514900
1,43653800
0,23874600
1,25006400
0,23464500
0,23506500
0,23869100
0,23509700
1,37632800
1,29092400
0,23798600
0,23699600
0,23852100
0,23805800
1,30320700
0,24738500
0,24608900
0,25058300
1,27123400
0,24922500
0,24892600
1,26158400
0,24724600
0,24651600
0,24436500
1,28995800
0,26518000
0,25159100
1,23652800
0,24641700
0,24614200
1,57096200
1,24685800
1,36593500
1,28128500
0,24401300
1,45250700
1,36944100
1,35402600
1,50048500
1,22044100
0,24287100
0,23433100
1,23737000
1,27713000
0,23827700
0,24808400
0,24216900
0,24227300
1,27102900
0,24109600
0,24288700
1,56955000
1,54388800
1,38320300
1,30776000
0,23814400
1,30891400
0,24425100
0,23626200
1,90606500
1,26118700
1,35512900
0,23654300
0,24763600
0,24839700
1,48174600
0,24327300
0,24772800
0,24644600
1,56800600
1,32234500
0,23640800
0,24314300
0,23538600
1,30814600
0,23309900
0,23478700
0,23400700
0,24017000
0,24322500
1,26415800
1,28557700
1,22460500
1,45457600
1,37701500
1,35211800
1,49437500
1,54862900
0,23719400
0,23728900
0,23725400
0,23832300
0,23639200
1,26898300
0,23467800
1,43116600
1,39501200
0,24606500
0,24698700
0,24580200
0,24002600
0,23635800
1,25517500
0,27830000
0,25844900
0,24595600
1,35233400
1,40750400
0,24243500
1,35851700
1,44024700
0,23870600
0,23911300
0,23639500
1,27671100
1,28207600
1,28104900
1,25542900
0,24164400
1,27286600
1,24153800
0,24179700
0,23579700
1,77286200
0,23552300
0,23281100
0,23518300
1,27298600
0,23366500
0,23385600
1,56999000
1,59617300
1,26417500
1,25020900
1,24843200
1,31397700
0,24801500
1,35043800
1,23724900
1,33063100
1,26719000
1,43247500
0,23997200
1,30555700
0,24285500
1,57305900
1,64364700
0,25362900
0,23943000
0,24190100
1,39004500
0,24232100
1,30294700
1,30167300
0,24276900
1,27343900
0,24307400
0,24212300
1,59688500
1,51224800
1,69015500
0,23908100
0,23428400
1,34100300
0,24213000
0,24168200
0,24159800
0,25233700
1,24728700
0,23647100
0,23984300
1,22372200
0,24905300
0,23694600
0,23776700
1,46563400
1,53536600
1,33783200
1,25535000
0,24065600
1,44014300
1,25037200
0,24391200
0,24222500
1,40049900
0,24305700
1,30591800
0,24075600
1,30403000
0,24818200
1,25162200
1,35409300
0,24931900
0,24730200
1,34692100
1,32692400
0,24450000
0,23603100
1,36802300
0,23652000
1,52226200
0,24301200
0,24349300
1,24604400
0,25526100
0,24615700
1,33265100
0,24845200
0,24367800
0,24688600
1,23365600
1,38493900
0,24223400
0,24088000
1,55331200
1,26940400
1,27714400
0,24193200
0,24620000
1,40464200
0,24270400
0,24448600
0,24217400
0,24398500
0,24240300
0,24317500
1,77497500
1,23984600
1,28185900
0,24047100
1,38145900
1,32207900
0,24767100
0,24618200
0,24664300
1,42398000
0,23826500
0,23711300
0,23989500
1,56464700
0,24230000
0,24153300
0,23715900
1,22268600
1,32474200
0,23761400
1,35226800
0,23830600
1,49082600
0,24155900
0,25014400
0,24196800
0,24149200
1,25275000
0,24615700
0,24263300
0,23808300
1,31194500
1,27398000
0,24223100
0,24859400
1,23669600
1,26078800
0,23619700
0,23853600
1,26503500
0,24051900
0,23581300
0,23495400
0,23413100
0,23707500
0,25138300
1,35627300
1,26942200
0,24803900
0,24764700
0,24756500
0,24708900
0,24973000
1,31000300
1,22165200
1,30902600
0,23727100
1,34569500
0,25468100
1,27734300
0,24717300
0,24454100
0,24944600
0,26035300
0,24815600
0,24659000
0,24256100
1,24235800
0,24261800
0,24980600
0,24146500
1,27598800
0,23818600
0,24018700
0,23717000
1,80628700
0,23529500
0,24013700
1,26055900
1,29586800
0,24313600
1,29841300
1,25901100
1,28534600
1,28540000
0,24298800
1,26005700
0,24130800
1,42988600
0,23865600
0,24102600
0,24193900
0,24132800
1,27991400
1,22255900
1,48211100
1,46377400
1,40003400
0,25329900
0,24139300
1,44954400
0,24249500
1,48187600
1,38360800
1,41340100
1,29231700
0,24316300
1,35999700
1,28803800
0,23428300
1,23840500
1,23153400
0,23355000
1,25075000
1,37638800
0,23378900
1,26558900
0,23496000
0,23456800
1,30683500
0,23832600
1,52309300
0,24310000
1,28537700
0,23423700
1,28238300
1,62094600
1,31082300
1,24559800
1,35078900
1,24330400
1,32603000
0,25306400
1,40941800
0,24267400
1,23534200
1,61473500
1,26700100
0,24515900
0,24640900
0,24589700
1,26860600
1,49553600
1,27495400
1,71899100
1,31899700
1,36793600
1,25507200
0,24222300
1,41068200
1,22925100
1,47808300
1,25370600
1,22321500
0,23662800
0,24964800
1,34725300
1,23101300
0,24396700
1,23849800
0,26760600
1,28021200
0,24297100
0,24271000
1,32746200
1,22477500
0,24361700
1,29742700
0,24266800
1,47043400
0,24323700
0,24545400
1,28898900
1,41580900
1,27213100
1,84838700
0,24570700
1,65625500
1,36277300
1,32295700
1,33103700
0,24268000
1,22405000
1,23323400
1,33458700
1,30040400
0,23472500
0,24122800
1,41527800
1,34785000
1,37013900
0,23923500
1,49432300
0,24167200
1,40522200
0,23503600
1,26712400
1,52392700
0,26869100
1,42387400
1,46468000
0,24102300
1,27526600
1,23022600
0,24131800
0,24586800
0,24233000
1,60948900
0,24420000
1,34036100
0,25843000
1,78357800
0,24619400
0,24859100
1,23207700
0,24764800
0,24027600
0,23908400
1,23898000
1,25397700
1,23874000
1,28065500
0,24722000
1,25002800
0,24266700
0,24465200
0,24186700
0,24183800
1,48683400
1,59052100
1,23787400
1,62029500
0,24607100
0,24596200
0,24741100
0,24609200
1,27796300
1,25176600
1,23161100
0,23523000
1,32958400
1,25023900
0,23630300
0,23863200
1,29974300
1,32623200
1,23138500
1,30268900
1,27870100
0,23771900
0,23797900
0,23661900
1,23794000
1,36403200
0,23822100
1,48124500
0,23709700
0,23839200
1,37764300
0,24430100
1,22704900
0,24176200
1,27211800
0,24351000
1,62116400
0,24039100
1,29277900
1,52069200
0,23690900
0,23719000
0,24068900
1,26157000
0,27102100
1,54307400
0,24590400
1,39270800
0,24749600
1,51726800
0,24152600
0,24462000
0,24142200
0,24350500
0,24163100
0,24213900
0,23967000
1,32665500
0,23750000
0,23783700
0,23583400
1,36590300
1,50608400
1,38969400
0,24752500
1,23989400
1,30864400
1,29498100
1,22377300
1,25616300
0,23670200
1,33265200
1,36589600
1,37933100
0,26727700
0,24139800
0,24384700
1,23145700
0,24586600
1,23142300
0,24740300
0,23652000
0,23908900
0,23727600
1,27988500
1,24953000
0,24854900
0,23556500
0,23714500
1,25208000
0,24186500
1,24156800
1,28541000
0,26031400
1,44463100
1,66833900
0,24252000
0,24354200
1,24351800
1,57668300
1,31566000
0,23620900
1,33620200
1,28232000
1,42600400
0,24556500
0,26949500
1,58608700
1,31882400
0,24218200
0,24312700
0,24297600
0,24491300
1,44686300
1,42570900
0,24494900
0,25005800
1,22891400
1,27807900
1,37673900
0,24287700
1,24267500
1,44734200
0,24039300
1,33920700
0,23734600
1,22931800
1,45839500
0,24122200
1,22499900
1,22414100
0,24256400
0,24262900
0,24143500
0,24436700
0,23783700
0,23650400
1,37914800
0,23760500
0,24848200
1,41803300
1,22707200
1,48233700
1,27715000
0,24133300
0,23632300
1,25389200
1,25422200
0,23631200
0,23740600
1,35577500
0,28417700
0,24938300
0,24504200
1,43271100
0,27427500
0,25013300
0,25564800
1,36770600
1,23433300
1,35198100
0,24706300
1,40659700
1,40029200
0,24030300
0,23833700
1,52325300
0,24160900
0,24178100
0,23566300
1,58110300
1,58188400
1,43965400
0,25216300
1,82701400
0,23764800
1,43475600
0,23952400
1,34964400
1,40685300
0,23769500
1,26451600
0,24148700
1,43490400
1,30879200
0,24611200
0,25107700
1,52710800
1,24843000
0,24730500
0,24602000
1,41086500
1,50095200
1,47052100
0,24163500
0,24717200
0,24223300
1,33934700
0,24781400
1,34218400
1,25844700
1,29878300
1,24443300
0,24267300
1,27611600
1,42873900
0,24239400
1,32952600
1,28063400
0,24936100
1,29002300
1,61826300
1,33767300
1,28565900
0,24328200
0,24161800
0,24316500
0,23556700
0,23495200
0,23368000
1,59074800
0,23643300
0,24864000
0,23748200
1,27201400
1,48649000
0,24497200
1,39409700
0,24184900
0,24200300
1,54736700
0,23600100
0,23719600
0,23860800
0,23799500
1,23765900
0,23654900
0,23771900
0,25317500
1,26604900
0,24007700
1,27264900
0,24627300
1,33016200
1,48509400
1,57477400
1,54107600
0,23665800
1,52139000
1,28158700
0,23749400
1,52392200
1,44988000
0,24119100
1,27413200
1,41388900
0,24553500
1,27871500
0,24626200
0,24633000
0,24984100
0,24559500
0,24078300
0,23691400
1,38192200
0,23804800
1,37287600
0,24954200
0,23904500
1,26894400
0,24370200
0,25689300
0,24498100
1,43582900
0,24350400
1,33149400
0,24373300
0,24130200
1,24362100
1,29010500
0,23724400
0,23845700
0,23639200
0,26336300
0,24652700
0,24139200
0,24210000
1,22701300
0,23835000
0,23713400
1,35183700
0,23781500
0,23781400
0,23778500
0,24916800
1,28403200
1,49774400
1,41097100
1,33571300
0,23425300
1,35387400
0,23742800
1,31840300
1,29339100
0,23831400
1,23794600
0,23731100
1,54400400
0,23341900
0,23814300
1,29093000
1,74902000
0,23734300
0,24161300
0,24130300
0,24228200
1,64133000
0,27186400
0,26335600
1,33846300
0,24713700
0,24619800
1,26785100
1,32063700
0,23598300
0,24267200
1,22653700
1,25320400
1,38997100
0,24444800
1,24485600
0,24835700
0,24291900
0,24338500
0,24327200
1,35518600
0,24303600
0,24255200
0,24331000
1,31462200
1,41725100
0,24675400
0,24047900
1,26047400
1,27847800
0,24045700
1,26638800
1,28786200
0,23850600
0,24900700
0,23967500
0,24066800
0,23844600
1,32095100
1,31266300
0,23741600
1,32253000
1,36064400
1,29698700
1,40533700
0,23812800
1,29275000
1,26741000
1,37512200
0,24409200
1,24407100
1,84690800
0,23728700
0,23852400
1,43102100
1,70717400
0,24388200
0,23823500
1,27084700
1,28545900
1,44473400
1,23844100
0,23699700
1,43491900
1,32272300
1,45516800
1,26202900
0,23949500
0,24758700
0,24171500
1,42122600
1,48970200
0,24390700
1,32570800
1,47393800
1,34656800
1,22537400
1,46008700
0,24636100
1,23172400
0,24634800
0,24192000
1,26347300
0,24407100
1,25910000
0,24157700
0,24301800
1,29382900
1,24592300
0,24649200
0,24277700
0,24722100
0,26679400
0,24687700
0,24521500
0,24617100
0,24638700
0,23720600
1,24229900
0,23675800
1,22292300
0,23440300
1,29431100
0,23364600
0,23732300
0,25390500
1,70023800
1,35153400
0,24286900
1,30299800
1,60392200
0,23886000
0,24017100
0,24053500
1,33418300
0,24183700
1,29394800
0,24958300
0,24364400
1,49091000
0,24152400
0,24286200
0,24308100
0,24233700
1,33770800
0,24333600
0,24221400
0,24352000
1,68981600
0,29802500
0,25089000
0,24287300
1,25882800
0,24153400
1,48691300
1,35771100
0,24192300
1,33735700
0,24523600
0,24033600
0,24327800
0,25821400
0,23858700
1,69186900
1,31786400
1,81396500
1,22877100
0,24115700
1,27037300
0,23302300
0,24927700
0,24361000
0,23600500
0,23755700
1,45591400
0,24355800
0,24281400
1,26242300
0,23756100
1,38145100
0,27725900
0,25232900
0,23848700
0,24556400
1,36741900
1,79971100
1,28585000
0,23860600
0,23703900
1,35962300
0,27575100
0,26263400
0,25664600
0,24646400
1,29071800
1,50918300
1,23063000
0,24421100
0,24719000
0,24267700
0,24151300
0,24273800
1,30172400
0,23890500
0,25883000
0,24298000
1,24143800
0,23770800
1,26150800
1,24927400
1,29179000
0,23633600
1,26297100
0,23462200
1,36964700
0,24263200
0,24196500
0,24829100
1,56261100
0,23384700
1,37319600
1,24506100
1,39238700
1,69453500
1,22209900
0,23807700
0,23530100
1,30353500
1,43169000
0,23944300
0,24263900
0,24294800
1,25763700
0,24300700
1,54799300
1,32729300
0,23834000
1,29530500
0,23702300
0,24269700
1,22941700
1,26288000
0,23765400
1,56614800
1,32650600
0,24171700
0,28209600
1,46423600
1,43385800
1,27978300
1,34923900
0,24449400
0,24747900
0,24308300
0,24137800
1,29826300
0,24240900
1,38823500
1,28711400
1,41452800
1,47464000
0,23739400
0,23292500
1,26932000
0,24109200
1,24063000
1,52884700
0,24193800
0,24317500
0,23712200
1,23475000
1,30558600
1,35079900
0,23695200
0,23769700
1,43599100
1,35901400
0,23326800
1,25005200
1,38308200
1,23100200
0,24881400
1,39487400
1,39208500
0,24645100
1,23037500
0,23715900
1,47748300
0,23435200
1,69249100
0,23864300
0,23641700
1,23263800
1,33572100
1,37167800
1,28271400
0,24454900
1,28255600
0,24580000
1,77903700
1,29677100
1,29272400
0,23740800
1,32995700
1,32275800
1,41239300
1,24117200
0,23647400
1,60008700
1,38411600
1,63772200
0,23929800
1,60511200
0,24574000
0,25070000
0,25769800
1,23803500
0,24292700
1,27775500
1,24862900
0,24917900
0,24855400
1,67467600
1,45733500
0,23991100
0,24110600
1,32750700
1,30550400
0,24320500
0,24434300
1,28667900
0,24285400
1,34506500
0,24151800
0,24226800
1,38857300
0,23709800
0,23733500
0,23569500
0,23755100
1,25282000
1,50750800
0,23727600
1,22599300
0,23791700
1,41045600
1,32251200
1,37606700
0,24132600
0,23751900
1,25260100
0,23647100
0,23920000
0,23703500
1,53886000
0,25061200
0,24814400
1,30301900
1,33556600
1,26515200
1,36723300
1,36699200
0,24847300
0,24781600
0,24754300
0,24340100
1,26318900
0,24165100
1,42949500
1,46093700
1,26882900
1,23153800
1,24664500
1,30898100
1,47649500
0,24699600
1,85918400
0,23766000
1,52795600
1,45893700
0,24565300
0,24366400
0,23797700
0,23773300
1,58997200
0,23987800
0,23779000
0,23673600
0,23705800
0,24667000
1,57643300
0,23674300
1,50161900
0,24901600
1,24496100
0,24015800
1,52852500
0,24880700
0,24280800
1,31456900
1,24167300
1,28872100
0,23604500
1,33288100
0,23585400
1,22884900
1,26858300
1,29907500
0,23782400
1,27053800
0,23724300
1,61563800
1,69564000
1,55675400
1,41646800
1,35310400
0,23735500
0,23926800
0,23732300
0,23784500
1,46289400
0,27350000
0,25195400
1,31978900
1,29566600
0,25646500
0,24462300
1,25257800
0,23739600
1,36255300
0,23729600
1,27950000
0,23762600
0,25427500
1,26465300
1,27889000
1,26970900
1,35421600
1,44583000
1,29613400
0,24388200
1,79282200
0,24430000
0,24328600
1,22713300
0,24418200
0,24215000
1,47949900
1,53904600
0,24267100
0,24149800
1,37716900
1,47151400
1,32418500
1,67264500
0,24231200
1,32783300
0,24882900
1,63721200
1,53805800
1,28555900
1,51055400
1,23624400
0,24236500
0,24258200
1,31659600
0,24140800
0,24210400
0,24239000
0,23490900
0,23401800
1,23179900
0,23417300
1,48591800
0,23728600
0,24395000
1,53315000
1,43146800
0,23687700
1,38545000
0,23701300
0,23833200
0,23738000
1,23772300
1,32732100
1,27646100
0,25190200
1,32189100
0,24121000
1,53061300
1,44847200
0,24557300
0,23832400
1,33187700
1,42672100
0,23343000
0,23894300
0,24631300
1,22660400
0,24167400
1,32712000
1,25798200
0,24066200
1,33773500
0,23697400
0,23745500
0,23675500
0,24384600
0,24866100
1,23352900
1,80271700
1,42998600
0,26194600
1,37700100
0,24609300
0,24516400
0,24768000
1,30610700
0,24732000
1,25428800
1,46070500
1,24524700
1,28043300
0,23669100
1,24874500
1,23765300
0,24115000
0,24232900
0,24626200
1,41318800
0,24727900
0,24646000
0,24768900
0,24699700
0,24343700
1,44079200
1,33225000
1,48215700
0,24295400
0,23827300
0,23489200
0,23357800
0,23400400
1,37484400
1,38811600
1,23489900
1,24956800
0,24203200
1,30875300
1,22675400
0,25514800
0,23365600
0,24619400
0,24201000
1,43662900
0,24647600
1,33007700
1,27037300
0,24142900
0,24242200
1,56627300
0,23512700
1,49099500
0,23598400
0,23411800
0,23731200
0,23659000
1,30317100
1,27290100
1,22372300
1,39528300
1,37655300
1,34387400
0,24210600
0,23625800
1,23379800
0,23433900
1,25141000
1,26506600
0,23332000
0,23544700
0,23520400
1,35365200
0,23710500
1,27801900
0,23666000
0,23411400
1,32636600
1,64227000
0,24167300
1,28962200
0,23717000
1,83301300
1,54701200
0,23411600
1,26357300
0,23697100
1,28107200
0,24761900
1,32977100
0,25132000
1,35976900
1,43191300
0,27294000
1,25171700
0,24650700
1,28454100
0,24714500
0,24800700
1,23126200
0,24676000
1,36103600
0,24248600
0,24713200
0,24456500
1,38235700
0,24197800
0,24207500
1,26825300
0,23688700
1,22667200
1,27173600
1,24100800
0,24814500
1,29397500
0,24791600
1,36780900
0,24635500
1,38991600
0,23474900
1,37772400
1,37312500
1,24214100
0,23655300
1,33714900
1,40943400
0,26671500
1,24148800
0,23830900
1,31389900
0,24217200
0,23806500
1,24687500
1,28268100
1,60963000
0,24133900
0,23645400
0,23714200
0,23787200
1,26552800
1,30519300
1,31598700
1,65720200
0,24190600
0,23713600
1,24822200
0,23958000
1,32703000
1,23649300
0,25941400
1,60505700
0,24034700
1,44358600
0,24172900
0,24213000
0,23600300
1,23641100
1,40214800
0,23529300
1,51067900
1,31869000
1,41530400
0,23698600
0,23747000
0,23614400
1,57965600
0,25435600
1,35317800
0,24670800
1,26477100
1,34105300
1,25762100
0,24807200
1,27603100
1,56995300
0,24625500
1,33570700
1,67449600
1,22729800
1,28380500
0,24687300
1,29788800
0,27435000
1,37854700
0,25019000
1,30690600
0,24175800
1,29176700
0,24339500
0,24118700
0,23684300
0,23532200
1,24539100
0,23747800
0,24199700
0,23801600
0,23823200
1,28119100
1,22036800
1,29430900
1,44777700
0,24047700
0,24837600
1,27348300
1,29410100
0,24168300
0,24265400
0,24174900
0,24322100
1,37191300
1,60112400
1,27673700
1,32240200
1,69742300
0,24135500
1,29726900
0,24251600
0,24011900
0,24544100
1,30880800
0,23652600
0,24314100
1,58495000
1,25327800
1,33779900
0,23735600
1,33609500
0,23839800
1,53445400
1,25107200
1,23706300
1,24322800
0,23923900
0,24043700
1,35970700
0,23784400
1,46947900
1,27816800
0,24345500
0,24348900
0,24177300
0,24292100
0,24342400
0,24505400
1,45382600
1,37549400
0,24258500
0,24144300
0,24262400
0,26328700
0,23693100
0,24383200
0,24232400
0,24251500
0,24184100
0,24382200
1,23931100
1,27119000
1,24070500
0,23996600
1,24714600
0,24218300
0,24787100
0,24484200
0,27536700
0,28262600
1,59529100
0,27132200
1,68366500
1,33027500
0,23726200
0,24189000
1,82547400
1,23760500
0,24175300
0,24151800
0,24559800
0,24119700
0,24370000
0,23713000
0,23862200
0,23750000
0,23693100
0,23870100
1,90016500
0,23646600
1,31365800
1,38535200
1,41007300
1,23244300
1,42158900
0,24366700
1,78504000
0,24190200
1,24248100
0,23912700
1,28681400
0,23594200
1,52813900
0,23617000
1,31281000
1,31641200
1,49082000
1,22572100
1,22600100
1,24709100
0,23933700
1,43136700
1,31404000
1,24899000
0,24631900
1,23118800
1,37734500
1,32763700
0,24735900
0,25001600
1,22875500
0,24226900
1,25632600
1,28525000
1,23538300
1,28826400
1,59321300
1,23789900
0,24832900
1,25960800
0,24618900
0,25101700
1,25976400
0,25651500
1,50357900
1,31175000
0,23752600
1,34454400
1,79488300
0,23619900
0,23559000
0,23592200
1,37926900
1,53908000
0,24140100
0,24737600
0,24632500
0,24751300
1,34582200
0,24257800
1,37469200
0,23911100
0,24090000
0,23744700
0,23917500
0,23890200
1,25074600
1,35917600
0,23686000
1,26547300
1,22845500
1,30638700
1,22755100
0,24665300
0,24608500
0,24344200
1,33573100
0,23963700
1,31745100
0,23749400
0,23815900
0,23665700
1,37092600
1,23453700
0,23466200
0,24095000
0,23643600
1,31876900
0,23811000
1,41128500
0,24073900
1,32732100
0,25128400
0,24411600
0,24279200
0,23658300
0,24218500
1,29678700
1,33506100
1,110721600
0,24325800
1,22963900
0,24322000
1,22759500
0,24182600
0,24180800
1,24205900
1,46064900
1,23910900
0,25487700
0,24649700
1,26147800
1,25906300
0,24318800
0,24134500
1,22798400
0,23899500
0,24004400
1,25494900
1,39400200
0,23682200
1,29159700
0,24054500
0,25247800
1,31367500
1,38386500
1,44644500
0,24143600
1,29760900
0,24831700
1,41995700
1,46650000
0,24271000
1,24481000
1,33744000
0,23717100
0,24010800
0,23999800
1,27034200
0,23726200
0,24012200
0,29186100
0,24362000
1,40712400
1,26984500
0,24515900
1,35984000
0,25578300
1,50113800
0,24744500
1,23630100
0,24749600
1,32827300
1,40981800
1,25120700
0,23549900
0,23747100
1,30129600
1,26853500
0,23649800
0,24220500
1,39387800
0,24087900
0,23833500
1,34217400
0,24485400
0,23980600
1,26568100
0,25114200
1,26987700
1,47820900
0,24853300
0,24837200
1,29578700
1,26889400
0,24686400
1,30955900
1,43885200
1,49179400
1,32415800
1,25390500
0,23448100
0,24642300
1,55224100
1,46502800
0,24686200
1,30655300
0,24719400
1,26259800
1,24899200
1,35771900
0,24525900
0,24302400
1,36769000
0,23701300
0,23685300
0,23697100
0,23838300
0,23704500
1,23726600
0,23976100
0,24996000
0,23714900
1,26817600
1,26713400
1,23527100
0,24302400
1,25162700
0,23731700
1,37412100
0,23802800
1,28381300
1,86727800
0,23736800
0,24178300
1,34345000
0,23603300
1,41470700
0,24726100
0,23832700
1,35174000
1,29324800
1,41847400
1,31865100
0,23721000
1,53078000
0,24340900
1,28565800
0,24888500
0,24537200
0,24576400
0,23931700
1,58767800
1,35104600
1,25771700
0,25202800
1,30366900
1,26276800
0,24780500
0,24642600
1,44391500
1,65511300
1,33073500
0,24610500
1,90528300
1,23404800
0,23322700
0,23684800
0,24245400
0,24358300
1,34563900
0,24440500
1,59560700
1,36819700
1,33453200
1,42531900
0,23864000
1,28705600
1,34693600
0,23973900
1,23647000
0,23980100
0,24077500
0,23924900
1,36155900
1,30204300
0,23708800
0,23546100
0,24603700
1,47358800
0,23857400
0,24134100
1,23012200
1,27889700
1,34325400
1,24712600
1,31306500
0,23474200
1,23530900
0,24103800
0,23931600
1,24648900
0,23589700
0,23883700
0,23724200
1,25924300
0,23932800
1,39029500
1,43071900
0,23893200
1,41808200
0,24696300
0,24191700
1,22856000
0,23733000
1,23806800
0,24431400
1,31446000
0,24871600
1,22972600
1,33319400
0,23273400
1,40731900
0,23355200
1,36778700
1,49344400
0,24600900
1,51762600
1,66779200
1,34228400
1,32171100
0,23798200
1,51267900
0,25015800
0,24442100
1,23271400
1,33691600
1,47510100
0,23688800
0,24017300
1,60562400
1,48511600
0,23787300
0,24816800
1,41309900
1,31179900
1,27582300
0,23945600
1,23582600
0,23684200
1,32638000
1,51064700
0,23535700
0,23843500
1,46763400
1,48627700
1,59533900
0,24202900
0,24246500
1,42926100
0,24357000
1,54967500
1,28494200
1,79246000
0,23636400
0,23609400
1,27295000
1,31085400
1,28941000
0,23518400
1,24493600
0,23781200
1,24937700
1,31624400
0,24196600
0,24230800
1,22986800
0,23909500
0,23778400
0,23715600
1,25163600
0,24418200
1,37536400
1,34559700
0,23403200
1,24319700
0,27404800
1,22132600
0,23757900
0,24202700
0,24202000
0,24212800
1,50133300
1,29856900
0,24354700
1,27602100
1,30610700
1,23646600
1,47833700
0,25230400
0,25225100
1,75656200
0,24405300
0,24162600
1,66657100
0,25315600
1,35838400
1,26486700
0,24644200
1,26836700
0,24791200
1,43574800
0,24624900
1,43506800
0,23919600
1,33277300
1,25034200
0,23671400
1,34395900
1,33576300
0,23826300
1,22447900
0,23661500
0,23933600
1,26709600
0,24531500
0,24192000
0,23746600
0,24226200
0,24197400
1,25599300
0,24131600
0,24365200
1,26849000
1,36470800
0,24199600
0,24178500
0,24171900
1,39892600
0,23683500
0,23274300
0,23938600
1,37790600
0,24169100
1,31032500
0,24575200
1,24565600
1,50537900
0,28485100
0,23941600
0,23768900
0,24049300
0,23701900
1,36207900
0,24177600
0,23684100
0,26774600
0,24404300
1,130076400
0,24303400
1,28517400
1,23270300
1,25652400
0,23782000
1,34209500
1,51109900
1,33864400
1,44005500
0,23752300
0,23863900
0,23455900
0,23397800
1,32524500
0,27452900
1,24772200
1,24830400
1,29082700
0,24617800
1,25054800
0,24599800
0,24649200
0,24649200
0,24393200
0,24280700
0,24156700
0,24427200
1,33974100
0,23595400
0,23473700
0,23599800
1,26896400
1,26359700
0,23719300
1,56654100
0,23453400
0,23307700
0,23507700
0,23457400
0,23826700
0,29094600
0,25102500
1,27281400
0,24639500
0,24636000
0,24224700
0,23279600
1,33111400
0,23529700
0,23554600
0,23634000
1,32286300
1,42499200
0,24095200
0,23990600
0,23825900
0,24265100
1,30566700
1,33982200
0,24290900
1,36777600
0,23910500
0,23391800
1,39259000
1,43861200
1,33640500
0,25000900
1,33727100
0,23774300
1,25551600
0,24675600
0,24634700
0,24622300
1,36066000
0,23480500
0,23423600
0,23471600
0,23454800
1,22588100
1,29983300
0,23498500
0,23615400
1,36399300
0,24294200
1,49943800
1,22085500
1,27619200
1,25537100
0,23392600
0,24057500
0,23342700
1,35116900
1,40016100
0,26717700
1,36454200
0,24383500
1,27033800
1,32880600
1,28550100
1,46408000
0,24199400
0,23864600
0,23407100
1,23970200
0,23381500
1,35696000
0,23853300
1,27483400
0,23784900
1,27688700
0,23830700
0,23759300
1,27162200
0,24484600
0,24488800
0,24126300
1,44532000
0,24173000
1,23034800
0,24114500
1,28379200
0,23972000
0,23697700
1,33185500
1,34715300
1,39710100
0,23286500
0,24354100
1,31763300
1,59954200
1,23173800
0,23782800
1,50709200
0,24552200
1,36587600
0,23625500
1,22446700
0,24242800
0,24439900
0,24904200
0,24262500
1,24440800
0,24343600
1,29952900
0,23817300
0,23380500
1,23489500
1,22039400
0,23810700
1,36271200
0,24510900
0,23616100
0,23862900
0,24355500
0,25233400
1,24649500
0,23925000
0,23720600
1,31491200
0,23935000
1,25626400
1,25987200
1,22846600
1,27806100
0,23721100
1,25616500
0,23856200
1,113107700
0,23421000
0,26773300
1,33147300
1,27469500
0,24827000
1,27991500
0,24758500
1,24609900
1,27020200
0,23876100
1,24257300
0,23751100
0,23719200
0,23835100
1,22270200
1,40332500
0,23493700
0,24522700
1,22674800
1,29855600
1,25163200
0,23886400
1,27275900
1,33566000
0,25119400
0,23576900
1,26887400
0,24428800
0,24386600
0,24457200
0,24204700
0,24175300
1,34751600
1,22775500
1,26252500
1,22251500
0,23648400
0,23527100
1,33425200
1,25880300
1,49672300
1,37551500
0,24114900
0,24726400
0,24001900
1,30470500
1,31769800
1,78997300
1,36647000
0,24162800
0,25775600
1,24145100
0,24294600
1,31387200
0,24598900
0,24618200
1,37466500
0,24676600
0,23448700
1,35876700
1,31074600
1,22845800
0,24548700
0,24177600
1,36607800
1,22268700
1,68474200
1,25344900
1,36166400
0,23531000
1,37892100
0,23649800
0,24094400
0,23643600
1,36354500
0,23739400
1,22437500
0,24256000
0,26643800
1,32735900
1,73199600
1,23534800
0,24615900
0,24660300
1,22557400
1,57388800
1,27973200
0,23729400
0,24023400
1,47721200
0,23693400
0,24256800
1,61034600
0,23983100
0,24877400
1,39297900
0,24190000
0,24145700
0,24220200
0,24131700
0,23699800
0,23665800
1,51412400
1,26206400
0,23488300
0,23616000
1,28771300
1,23537700
1,28895400
0,23339200
1,22558300
0,23761600
1,23351000
0,34800700
0,24349900
1,23152000
1,45626100
0,24674500
0,24319500
1,23375300
1,28373800
1,24751200
1,40657500
1,43073500
1,30652200
0,23845000
1,63610600
1,24825100
1,31714500
0,26558900
1,31516800
0,24863100
0,24617200
1,27003000
0,24406400
1,25247700
0,23783200
0,23616100
0,23768100
0,23601900
0,23884100
0,23592900
1,26025400
1,22707800
1,29311300
0,23656600
1,23634400
1,75019700
1,46875700
1,29055900
1,28713100
0,25883500
0,24725500
0,25862100
1,32961200
0,24666900
0,23664700
0,23715900
1,68739600
0,26033800
0,23750500
0,23928600
1,33793700
1,23786100
0,23733400
0,23866300
0,23726300
1,61260200
1,31800300
0,24226200
1,53451600
0,23839200
1,22235400
1,47565800
1,36313700
0,23732800
1,122490300
1,47013500
1,32654600
1,27800100
0,24179700
0,24390300
0,24287200
0,24165100
1,22756900
0,23958800
1,51786500
1,24957500
1,28064800
1,39658100
0,24116100
0,23921700
0,24235900
0,23829200
0,24804200
1,22910200
0,24455500
0,24194900
0,24132100
0,24877300
1,43020700
0,23734600
0,23978000
0,24139400
0,24356000
0,24285600
1,57634700
1,44419800
1,30038800
1,56406900
1,60567700
0,23644100
0,23735600
0,23808700
0,24656000
0,28852900
1,29794100
1,22945100
0,24662300
0,24653800
0,24631500
0,24938000
0,24408300
1,26123900
0,24540100
0,24396000
1,25931700
1,28152300
0,27102400
1,23274300
1,22283000
1,25696000
0,23689000
1,63370600
0,24938100
1,26958200
0,24213400
0,24313000
1,29673200
1,43244100
0,24251900
1,23024900
0,23369300
1,30094700
1,27246900
1,38118400
0,24584700
0,25415600
1,43324900
1,22672800
1,30304900
1,41604100
0,25041400
0,24863500
1,26265300
1,24587300
0,24730400
0,24726000
0,24625600
1,26268100
1,29384300
1,22985200
1,29880500
0,23663900
0,23743400
0,23814500
0,23890400
0,23656700
0,23857200
0,23834600
0,23978600
0,23737500
1,29940900
1,34150100
1,30057000
1,47327100
1,32920300
0,24173300
0,24171400
1,24161600
0,23727800
1,23218400
1,74641800
0,23723900
0,23790800
1,36771800
1,28062300
1,56714300
0,24163300
0,24187200
0,24328300
0,24188900
0,24118000
0,24234500
0,24273700
1,127738500
1,25416700
1,31068800
0,24655100
0,25359200
1,38971400
0,24753600
0,24709100
1,25501500
0,24487500
1,23070300
0,24196600
0,24646800
1,23122200
0,24626900
1,38225500
1,23456400
0,24135700
0,24215800
0,24487700
1,49855900
0,26370200
1,45117400
0,24600600
0,24352800
0,24543000
0,23950500
1,22550800
0,23728700
0,23679500
1,22513000
0,24591000
1,23222900
0,23971600
1,42249200
1,24890100
1,35402200
1,27772000
1,23643800
0,23789700
0,23793800
0,24324200
1,28005700
1,27429700
0,24642100
1,40023600
1,51159600
1,28999800
1,29097600
1,53617300
1,31342300
1,24287900
1,37252100
1,38873900
0,23781500
1,22415400
0,23874500
0,23424900
0,23684100
0,23260900
1,61325700
0,24541000
1,22728000
1,32794100
0,23878900
1,67340400
1,38348200
0,24408400
1,35735700
0,23753800
1,30025500
1,39288000
1,45289000
1,28245500
0,24346100
1,31748300
0,23860200
0,24487100
0,23839800
0,24079600
1,86397000
1,27928800
0,23659900
0,23348100
1,27725000
0,23727100
0,23661300
1,22701000
0,25173600
1,50746900
1,45963700
0,24760400
0,25711100
0,24630600
1,30021700
0,23922000
1,28742400
0,23942900
0,24434500
0,23638000
1,34097800
0,23682600
0,24029000
1,33945800
0,24135200
1,38913300
0,23723500
0,23915600
1,31858300
0,25540700
1,34765800
0,25491100
1,32134800
1,27255600
0,24710100
0,24724000
1,26189500
1,25580900
0,24420000
1,38062000
1,31866900
1,66385700
0,23882000
0,23856100
0,23758700
1,40013800
0,23416000
1,28309900
0,24079000
1,59747200
1,33515300
0,24182300
1,28843200
1,30859500
1,26236900
1,27443600
1,50365200
0,23907500
0,23924800
0,24474000
0,24244300
0,24150400
0,24015100
0,27194500
1,25857200
1,46798700
1,46893700
1,51798800
1,26115000
0,23766500
1,47524200
1,26058100
0,24983900
0,23712300
0,23382600
0,24064600
1,29473600
1,34386700
0,24694700
0,24707000
0,25362400
1,36277800
0,24169900
1,37947400
1,34525000
0,24164000
1,33206300
0,24129400
0,24293100
1,44571900
0,26783000
1,32770900
1,23299500
1,35739400
0,24606200
0,23909900
1,25389600
1,55747300
0,24262600
1,55628900
0,24137900
1,25447700
0,23310500
0,23852000
1,31485800
1,26735100
1,23901200
0,23843500
0,24533700
0,24362800
0,24237200
1,65611800
0,24794700
0,23970500
0,24255200
1,52190700
0,24360000
1,24866300
1,25095700
1,45060700
1,31599600
0,23892900
0,23636500
0,23858100
0,24444400
1,59844400
0,23805100
1,28932200
0,24515500
1,41558100
1,27464100
0,24345800
1,44655900
1,30084500
0,25179000
1,25679800
0,24305300
0,24145900
0,26339100
0,24440900
0,24220100
0,24335600
1,34297300
0,24403300
1,27424500
1,22789600
0,24606700
1,36886300
1,35563900
1,52723500
0,23767400
1,45860500
0,24157300
1,29191200
0,23716400
1,27612000
1,25467200
0,23927100
0,23698000
1,35246400
0,25378900
0,24844200
0,23966600
1,49214600
0,24427700
1,28557900
0,24287200
1,24111500
1,28506400
0,23956900
1,29844600
0,23564900
0,23469800
0,23531800
1,23807100
1,28056600
1,40883400
0,24010100
1,32193400
1,25644400
1,31715700
0,24757900
0,24408600
0,24303700
1,58444900
0,24726800
0,24762000
1,50271100
1,26199400
0,24397500
1,68535600
0,24530600
1,54195800
0,24314700
1,33324100
1,40111200
0,24791200
1,41533800
1,34513100
1,24682100
1,41580100
1,42262400
0,24616900
0,24627500
0,24605000
1,36142400
1,46164600
0,24582300
0,24511000
0,24151400
1,42770500
0,24304600
0,24247100
0,25832300
1,31355800
1,25137700
1,24482400
1,24996500
1,22498200
1,36481900
0,23709600
0,23919800
1,22589600
0,23872600
1,39838300
0,23737800
0,23990900
0,23904300
1,29499700
1,21990700
0,23402800
0,23747600
1,36168300
1,37968100
0,24024400
0,23599400
1,31499600
1,22743500
0,24240000
0,24201300
0,23804000
0,23694200
0,23890300
0,23842600
0,23496700
1,22229300
1,41529200
0,23574900
0,23635800
1,45418500
1,37689100
1,26787000
0,26333700
0,23892100
1,27258000
1,32361900
0,25013300
1,33216200
0,24324200
1,54463400
1,24710000
1,89285600
0,24638700
1,27734000
0,25049000
1,45748400
1,51529000
1,34545600
1,26401300
1,83439700
0,23536200
0,23741400
1,29670000
0,23510100
1,25281800
0,23480700
0,23519300
1,22003600
0,26816100
0,28801300
0,25100500
0,24369500
1,30379700
1,25923300
0,24833600
1,23048500
0,25544600
1,28456600
0,24170100
1,44736100
1,44072100
1,46027900
1,37379000
0,23378000
0,23778900
1,23676300
0,23919100
0,23912800
0,23947800
1,33482900
0,23673700
0,23850800
1,23264100
0,24582000
1,26185800
0,23629000
1,26842600
1,24090200
0,24225700
0,24413700
1,23989600
0,23745600
1,27801800
1,34555100
1,22434400
1,27209900
1,49323400
0,23943200
0,24158300
0,24227500
0,24145700
0,24098400
0,24216100
0,27239400
1,71492900
0,24201300
0,24273600
0,23856600
1,33721300
1,46228900
1,49486700
1,34083200
1,42731800
1,24827000
1,43758800
0,23606000
0,23657200
0,23435300
1,22025600
0,24775900
1,40197700
0,25828200
0,24645400
0,23755400
1,55125100
1,42539300
0,26558700
0,27756300
1,27353000
0,24878000
1,28140600
0,24610600
1,31771500
0,25055200
0,24715500
0,24163300
1,34755400
1,38379700
1,23531200
1,34417700
0,24352200
1,25602100
1,24484800
1,23711500
1,30847400
1,22364900
0,24798400
0,23581200
1,28755700
1,28636700
0,23508900
0,23357900
1,24996800
1,63971400
0,24256200
0,25460700
0,24481300
1,27686800
0,24331000
0,24315000
0,24140500
0,24146100
0,23709000
0,24083400
0,23813500
1,26689200
0,23927900
0,23719600
1,53951000
0,23452800
1,29445100
1,32518300
1,32235900
1,48071800
1,33116000
1,36556900
1,34326700
1,24002200
0,23467000
0,23392300
0,23685200
1,25815200
1,48012700
1,23189900
0,23683300
0,23598500
1,22129000
0,23339100
1,22077300
0,23462800
1,37264600
0,31341500
0,23442400
0,24491200
0,24081100
0,23826200
1,35896500
0,24378900
1,32488300
0,24133300
1,29674400
1,24495900
1,44482700
0,24503000
1,64856900
1,32044200
0,24421200
0,24140500
1,23956500
0,25628600
1,40637400
0,24957300
1,24508900
0,24967700
1,36938900
1,23449900
1,52774100
1,33681400
0,24481700
1,25114700
1,121126800
1,33892600
1,30935900
0,23838100
1,28492700
0,24337700
0,24230500
1,31769800
0,24108800
0,24228300
0,24031600
1,33181400
1,23524500
1,23914300
1,28721000
0,23628200
0,24285700
0,23656900
1,50293000
1,29484800
1,25514400
1,25482400
1,32365100
1,23527800
1,41236200
0,23781200
1,22314700
1,25364300
1,25788500
0,24308600
1,36562800
1,24333100
1,56124600
0,23689400
1,62909400
1,87273900
0,23787600
0,23401800
1,22669800
1,63500300
0,23691600
1,25023300
0,25681800
0,24899100
1,35034200
0,24313900
1,25991900
0,24244200
0,24194700
1,39222600
0,24204800
1,24268600
0,23953300
0,23329600
0,23952000
1,41655500
0,23357500
1,32811300
1,37218100
0,24280400
1,27604700
1,23587200
1,27609800
1,34951800
1,31675100
1,27178000
1,68694200
1,25069600
0,23576700
1,53215300
1,31899200
1,34295200
0,24883800
0,26461200
0,26407300
1,79635900
0,25510400
0,25766700
0,24443400
1,33926900
0,24175200
1,23054100
1,27472100
0,24317300
1,33734100
1,25221900
0,23313300
1,27845200
0,23391200
0,23359800
1,22475200
0,24266000
1,71420100
1,48663300
1,25295700
0,23808300
0,23849100
0,23515800
0,23425400
1,25389600
1,29411200
0,23724600
0,23925000
1,44060500
1,26159200
1,31654900
0,27413500
1,38377200
0,24665700
1,51628900
0,24857500
0,24797600
1,34314000
1,31897500
1,23460800
0,24767900
1,29001400
1,25994000
0,24000900
1,22531300
1,28747700
1,32563100
1,51213800
0,24093200
1,22354300
0,23319500
0,23735400
0,23419800
0,26565300
0,26678000
1,26573600
1,31784800
1,25882600
0,24615300
0,24620500
0,24659400
0,24553000
0,24140800
0,24461000
1,29160800
0,23904000
0,23836600
1,22391700
1,22440200
0,23724100
0,23843300
1,23492000
1,22763200
0,23955400
0,25292100
1,56877000
1,27217900
1,27611500
1,32580300
1,41320100
0,24631700
0,27024400
1,26183300
1,31271800
1,34795600
0,24627700
1,24813000
0,23631800
0,23960900
1,25572800
0,23828100
0,23997000
1,66291200
1,50129400
0,24309700
1,22712500
0,24790300
0,24318100
0,24598800
0,23667300
1,42699200
1,26321100
0,24237800
0,23918100
1,48433700
1,24966200
0,25316500
0,24953400
1,24391100
0,24936100
1,49343700
0,24840700
0,24615600
0,24633200
0,23912200
0,24653500
1,36386000
1,61129000
1,22595100
0,24062100
1,31536000
1,27658500
0,23766700
0,23636300
1,22136200
0,23812500
1,23473700
1,40018500
1,45309800
1,56781900
0,24637800
1,25108100
0,24752800
0,24495000
0,24372700
0,24312900
0,24265500
1,25616400
1,38794600
1,32895100
0,23738700
1,45780800
0,24469800
0,23753600
0,26904300
0,24743700
1,45980700
1,37794100
0,24327200
1,87719800
1,32228400
1,32118400
0,23704900
0,23681400
0,23871300
0,23597900
0,23877900
1,26607600
1,35350400
1,28926000
0,24558600
0,24170700
0,25124400
0,25777700
1,32082400
0,24801700
1,29776700
0,24273400
0,24352600
1,46179600
0,29211100
1,28759400
0,23807200
0,24011700
0,24831800
1,39536600
1,23290000
0,24620100
1,39804800
1,41171100
0,24656700
0,24434400
0,24458000
1,33362500
1,29985600
1,52701900
1,71830600
1,25917800
0,23714600
1,52194900
0,23673900
1,22153300
0,23806600
0,23717200
0,23786100
1,22239000
0,24319400
0,23982400
0,23842900
1,23271800
1,23994400
0,24188700
1,71185600
1,52985200
0,24518000
0,24016100
0,23795700
0,24076200
0,23802300
0,24179600
1,28211700
1,37572500
1,51363800
0,24800600
1,25572600
0,23846800
1,50270900
0,24465200
0,24071300
1,22284800
1,31882000
1,26252200
1,22482000
0,23367400
1,41763900
1,32608900
1,30972800
0,23766800
0,23671800
1,26735200
1,39206700
1,36157800
0,23798000
0,24388300
0,24294100
0,24235800
0,24211400
0,24327000
0,24396100
1,24171300
0,24270700
0,25601900
0,24991000
1,24280300
0,24401600
0,24835500
1,23859100
1,48487000
0,23610200
0,23708700
1,22597100
0,25051700
1,42683600
1,60781100
0,24608500
1,34452100
0,24598000
1,31311900
1,23813000
1,23349800
1,23976200
1,22329600
0,23699100
0,23670400
0,24143900
1,25792400
0,23926800
1,48246300
1,38309100
1,36404000
1,45048400
1,44726400
1,27391700
0,24534300
1,30665500
1,32646300
0,24718600
1,28945800
1,29247600
0,24878900
1,24477800
1,22981900
1,34084700
0,23927600
0,23655800
0,23767100
1,31499900
1,27386100
0,24339900
0,24229200
0,24121700
1,22822200
1,23286600
0,23845500
0,23641900
0,23571400
1,22276500
1,42206500
0,23365000
0,23662600
0,24337900
1,24152300
0,24473800
0,24200800
1,49429000
1,38548100
1,45320600
0,23940000
0,24073300
0,23821000
0,23877300
0,24003200
0,23830100
1,31532300
0,25276500
1,27811400
1,28296400
0,25669300
0,24353900
1,32559900
1,28561800
1,34083600
1,25310300
1,29358200
1,64300100
0,24151000
0,23707000
1,49679100
1,28338600
1,41284700
0,23586200
1,26562500
1,26926000
1,28812800
1,44175400
1,71741900
1,24471100
0,24221400
0,24326900
1,24218300
1,25281000
1,27100600
0,24154700
1,36494500
0,24604100
0,24746800
1,47109300
1,33288400
1,28239200
0,26227100
1,24405200
0,24544000
1,44375700
1,26913100
1,40820700
0,24368700
1,28454500
0,23901000
1,26382100
0,24757200
1,68647000
1,38528000
0,23699600
1,23777500
1,25955000
1,29660900
1,52174100
0,24142600
1,32367000
0,23684300
0,23900700
0,23766000
1,27526000
1,22255300
1,25359100
0,23655100
1,22680300
1,34051400
0,25025200
1,44277500
0,24741000
0,25060800
0,24140500
0,24449600
1,40591600
0,24126300
0,24111800
0,25263100
1,26725000
0,23757000
1,44905600
1,27422200
0,23745200
1,31005500
1,22224100
1,43254100
0,23571000
0,24047800
1,24216300
1,22715000
1,28668100
1,22330300
0,24316900
0,24012800
0,23963900
1,27554600
1,33658400
0,23989700
1,35913400
0,23701700
0,23634100
1,22892200
1,51949500
0,24022500
1,33583900
1,30199200
0,24615200
0,24588700
0,24675100
1,23752800
0,23771600
1,58021900
1,23408800
1,28156600
0,27730900
1,37259900
1,31186300
0,24724200
1,30377400
0,24313300
1,38330300
0,24224500
1,31813500
1,45173100
1,23700100
0,24124900
1,24448800
0,24688200
1,41139700
0,23969200
1,23994500
0,24094600
0,23818600
1,26599500
1,29163800
0,23364400
0,23568400
1,23837500
0,23474500
0,24030200
1,25402300
1,53208900
0,25026600
1,32510000
0,24327400
0,24430200
1,33131600
0,23898300
0,23670100
0,23493800
1,45920800
1,25909900
1,33094300
1,49262200
1,29202600
1,22783800
1,30878000
0,23687000
1,23527200
0,23786100
0,24718100
1,22825700
1,40870900
1,23325100
0,24019100
1,26222500
1,30461800
1,36351200
1,27880600
1,27793400
0,23390300
0,23367300
0,24289000
1,31645700
1,23926700
0,23767300
0,24154000
0,24340600
0,24235100
0,24288300
1,27724000
0,24334900
1,58940600
0,23832600
0,23709600
1,22869900
0,23902000
1,42985600
1,23831000
0,23988400
1,28170900
0,28915600
0,25293600
0,23704400
0,24196700
1,76542500
1,81463900
0,24512600
0,24644300
0,24851500
0,25876600
0,24992300
0,25206500
1,24107900
0,25069300
0,26047500
0,24915600
0,24713500
1,32202200
1,28611200
0,25107100
0,24694600
0,24900700
0,26368900
1,48565300
0,23927300
0,24795400
0,25124800
1,25389700
1,24790400
1,67418400
1,33366700
0,23849100
1,26891200
0,23693400
1,32499100
1,25504400
0,24278100
1,31762000
0,23957500
1,75964300
0,24088100
1,38367200
1,31847700
0,24261600
0,24074000
0,23922900
0,23980800
1,30790000
1,46587100
0,23969800
0,23498500
1,32865500
0,24290100
1,32367200
1,39696600
1,24563400
1,23721800
1,26063800
0,24724600
1,33193100
1,27991600
0,24010400
1,37860100
0,24390700
1,34137600
1,26101400
1,30398400
1,31396600
0,24013200
1,22397200
1,22419200
1,30770800
0,26432300
0,25214700
0,24812300
0,23795500
0,24728600
1,35206200
0,24664300
0,24461300
0,24241000
1,43885100
1,52203800
1,25061800
0,24186600
0,23750300
1,25306600
1,29374100
0,23805600
1,22508300
1,41914400
1,52412800
0,24287400
0,24738900
0,25349200
1,36923700
1,79636200
1,33643600
0,24830100
0,24608000
1,23289000
0,23984100
0,23329800
1,35050300
0,23684800
1,42569800
0,25694300
1,38384400
1,25950900
0,24213000
0,24233800
1,24006400
0,24818700
1,40594900
1,26919900
1,39227300
0,23993000
1,31879100
1,23348000
1,24358100
1,51822600
0,23672500
0,24427200
0,24115000
1,30017300
0,23821600
1,22251000
1,36308500
0,24127200
1,29878100
1,34803800
1,24317000
0,23821100
0,23738900
1,22399600
1,24114700
1,26212600
0,23726300
1,32188400
1,24039900
1,29965400
0,23472900
1,24815600
0,23387200
0,23734400
0,25322100
1,24155900
0,26531100
0,24744800
0,24256800
1,41814900
1,44711600
0,24248000
0,24404500
0,24321400
1,28714600
1,22851800
1,29108300
1,28798300
1,34472600
0,25173700
1,25358100
0,24009500
1,27464900
0,24264200
1,29146100
0,23714800
1,47898000
0,24261200
0,24154400
1,43387100
0,23694000
0,23625500
1,91594200
1,23529900
1,23660900
1,27704000
0,23861600
0,24754400
1,37199900
1,45186200
1,27608100
1,22895300
0,24383400
1,42958000
1,60537900
0,24419500
0,24599600
0,24733500
1,32480000
0,24216200
1,22344300
0,24160600
1,24376500
0,24622400
0,24257400
1,71670600
1,66923100
0,24203700
1,25971600
0,24064200
0,24557400
1,27243500
0,24130400
0,24243700
0,24271600
1,47194500
0,24778500
0,24282700
1,53319000
1,30323500
0,24144900
0,24841500
0,24169400
0,24800000
0,25724700
1,42120000
0,24899200
0,24677500
0,24654600
1,26036200
1,23664400
1,26398100
0,24668700
1,31499800
1,42429700
0,24055400
1,31820100
1,30661500
1,22944500
0,24658000
1,62396900
0,24220800
1,27339400
0,23766000
1,74487700
1,30130300
0,23890100
0,23901300
0,23885000
1,43365300
0,24184000
1,22456500
1,51609100
1,32825100
1,26748000
0,23719800
1,23952400
1,24818700
1,88191800
0,23675200
0,24313900
0,25126100
1,22803000
0,24355200
0,24540800
1,37499400
0,24311000
1,33070100
1,26586000
1,22273100
0,25350100
0,25163600
0,26561000
0,26176100
0,24216100
0,24574200
0,24603900
1,23743700
1,30889300
1,37343500
0,23598900
1,33379600
0,24180900
1,28569900
1,22944400
1,35985400
1,32273700
1,35310100
0,23721800
1,24847600
1,35597900
1,38835600
1,23724400
1,32748200
1,27024900
0,23895900
1,28179600
1,27220100
0,24286000
0,25694100
0,24717200
1,73779600
1,25701400
0,24879100
1,28654700
1,67092600
1,29867500
1,58092000
1,39763100
1,22525200
0,23757300
1,27956500
0,23475900
0,23541300
1,23889000
0,24533800
0,23981500
1,23426900
1,36063800
0,24307300
1,30466300
1,31013700
1,25283200
1,23575800
0,23680200
1,49540800
0,24268900
1,28006100
1,38110500
1,48391900
1,35503400
1,26703600
0,23942900
1,24901400
1,49270600
1,22950300
0,24282900
0,24676600
0,24303600
0,24286800
1,22821100
1,25628800
1,23635600
0,23682300
0,23619100
0,23424500
0,23786300
1,25539100
0,24621000
1,30677700
0,23890200
1,57943300
1,28133300
0,24001600
0,24265700
0,24575600
1,26705800
0,24272100
1,27705900
1,32847300
1,30082900
1,46103100
0,24716600
0,24777100
0,24607000
1,64798300
0,24027800
0,24554300
1,28933400
1,39952600
0,24982200
1,23936200
1,23676000
1,24582300
0,24636800
1,32052800
1,29996800
1,39068300
0,24201100
0,24163200
1,39366600
1,58552600
0,24658900
1,117487900
0,24363200
0,24220700
0,23853600
1,46986600
0,23875600
0,23504500
0,24015200
1,40846000
0,23661600
1,49717900
1,28637200
0,24010600
1,24472800
1,26518400
1,43551800
1,31088400
0,23755700
0,23917600
0,24918400
1,30062600
1,33600300
0,24141100
1,22395000
1,22054000
0,23919200
0,24145700
0,23611200
1,22210600
1,28650200
1,22375000
1,26112200
1,22186500
1,37577800
1,62095600
1,31217400
0,25603200
1,51408000
0,24225400
0,24682900
1,35664500
0,24520200
1,33767600
1,25614800
1,57426900
0,24631900
0,24048000
0,23399000
1,22249800
1,65560400
0,23711700
1,28102900
1,37784500
0,26614200
0,26972000
1,29755600
0,24656500
1,47395900
0,24638300
0,24323900
0,24386500
1,45309300
1,26892500
1,28859600
1,23918400
1,35565400
0,23413200
0,23559100
0,23452700
1,31769800
0,23400400
0,23752300
0,24697700
0,24967100
0,24230200
1,23112100
0,24359300
0,24393400
0,24142900
0,23648700
1,22442000
0,23629500
0,24047600
1,45847800
0,23492300
1,30727900
1,36295900
0,23749300
0,24066100
1,46611400
0,23487200
0,24215500
0,24998800
0,23802900
1,41068200
0,23904600
1,39337100
1,45076800
1,52213900
1,21943900
0,24211500
1,22196800
0,24773000
0,23548700
1,27277100
0,23290000
0,23608300
1,57375700
1,22193400
1,24652900
1,37051800
1,31239400
1,39652200
0,24129100
1,38287600
0,23291100
0,23406800
1,29828100
0,24289300
1,57758000
1,26099800
1,32686700
1,36421500
0,25158600
1,29517400
1,46724100
0,24540700
0,24196600
0,24178300
0,24463500
0,24821400
1,39243800
1,38833700
0,24688700
0,24500200
1,30832900
1,48835900
0,23862400
0,23710800
0,23621800
1,47442800
0,23698200
1,24982600
1,27227900
1,33870700
0,24672700
1,25463300
1,28668200
0,24779500
0,24618900
0,24599800
1,27285300
1,22066900
1,51122800
1,28222200
0,23786800
0,23669400
1,25437200
0,23759400
0,23730600
1,68403100
1,45034700
1,45728400
1,43969200
0,24268100
1,27353000
0,24214100
0,26774600
0,23767500
1,23869000
1,24264400
0,24772700
0,23978000
0,23650000
1,37263600
0,23942700
1,22826900
0,24025200
0,23936400
1,42337500
1,27185900
0,24179200
1,41206800
0,24338800
1,34225100
0,23714800
1,22601000
0,23403000
0,23568400
0,23936200
0,23720500
0,23768200
0,23679700
1,47470300
0,23977700
0,23680200
1,42184700
1,31458400
1,33788500
1,46285300
1,38908300
0,23744100
1,24148900
0,26318300
1,30046500
1,50484700
1,27512300
1,49003500
0,24200800
1,37471500
1,45568200
0,24670200
0,24609600
1,37844300
0,24602700
1,25385800
1,55085500
0,24167300
0,24245000
0,24169300
1,28042200
0,23927700
0,24440100
1,30900900
0,24799000
1,41062900
1,35193500
0,24405800
0,24658600
0,24762300
0,24657500
1,37273000
0,24764800
1,33381800
1,23328600
0,24162000
1,27546000
1,24263000
1,29216200
0,23408200
0,23434200
0,23554200
0,23321700
0,24062600
0,23618800
0,24814200
1,92078600
0,24144200
1,22371600
0,23392400
0,23510400
0,25124200
0,23906800
0,24244200
0,24167300
1,30903600
1,51612300
1,37557200
0,30012300
1,39926200
0,26948900
0,25195600
1,32224700
1,42597600
1,42792300
1,32729400
0,26530100
1,28594700
0,27297700
1,33452700
0,25038700
0,24806100
1,41045700
1,23588600
0,25308500
1,40077600
0,24800600
0,25005600
0,24751200
1,29034300
1,25709800
0,24759300
0,24708100
0,24753400
1,40452300
0,24652800
0,24903500
0,29507000
1,47750700
1,35657000
1,25532100
0,26665300
0,25913600
0,26480400
0,30714500
1,46124200
0,24633300
0,24689700
0,24654800
1,25927900
0,24673100
0,27235800
0,24606900
1,37960600
1,43604000
0,24886000
0,26243100
1,31895100
0,24988600
0,25154300
0,24968000
1,24849300
1,57350100
0,25460800
1,39675200
1,30604800
1,35539900
0,24912300
0,24855100
0,24997300
1,34967100
0,26534000
1,39232800
0,24779300
0,24696200
1,29556200
0,24669000
0,24701900
0,24705600
0,25940400
0,24637500
0,24618600
1,27783700
0,24408900
1,52594600
0,24871900
0,27482700
1,28517000
1,79521500
0,24695600
0,24635600
1,28832300
0,24558500
0,24334500
0,24532800
0,24511800
1,98808800
0,24890600
1,31722700
0,24691400
1,54258900
1,33570700
0,24798700
0,25148800
0,25757900
0,30599600
0,29736600
1,55754100
0,26663200
0,24949800
1,29642600
0,25848500
1,58466100
0,24815300
0,25083300
0,25353600
1,24299600
1,32036200
1,35530200
1,27060200
0,24754200
0,25858600
0,25630600
0,26846100
1,39461500
1,64074000
1,29216000
1,24840900
0,24681200
0,27033100
1,58427700
1,28910300
0,26514200
0,26156700
1,28498300
1,40124000
0,25086800
1,29009000
0,24703100
1,38467200
1,26321000
1,24630000
0,24654500
1,33934700
0,24675300
0,24841700
1,23938800
0,24868300
1,46967700
1,24861700
1,35612500
0,24827700
0,24763400
1,30420100
0,24635600
1,62135900
0,25466200
1,52638500
0,24679800
0,24655900
1,23332400
1,32056700
1,34756400
0,25047200
1,52384400
0,31448000
0,24859600
1,38602500
0,24783900
0,24839100
0,24911900
1,41083400
0,25376000
0,28306800
0,24925600
1,47797600
1,26470000
0,24759000
0,24812900
1,30432400
1,32391300
0,24630500
0,25135300
0,24708600
1,43738600
0,25361100
1,42983900
0,24754400
0,24743500
0,24731900
0,26088400
0,26688000
0,25892100
1,35612300
0,25375400
0,24862100
0,25059400
1,23257400
1,113415300
1,26126200
0,24781500
0,24732800
0,25630700
0,24710500
0,24599100
0,24750000
1,23315500
1,34226000
1,85876600
1,25550400
1,26528900
1,37917800
1,40573700
1,24501000
0,24778200
1,49974500
0,24724600
1,32031800
0,24634100
1,39062000
1,35413500
0,24210200
1,34447500
0,27497700
1,41369200
0,24659600
0,24624100
1,37661100
0,24246700
0,24191100
0,26526100
1,25455100
1,23840900
0,24842500
0,26624400
0,29437400
1,26676600
0,25345300
0,24909900
0,26006200
1,44516800
1,56066000
0,32322600
1,34318800
0,32612000
1,52544600
1,40959700
0,27839400
1,29375400
1,54849400
0,29645900
1,36179300
1,58421700
0,25501400
0,25217700
1,31776400
1,28378300
1,49200100
0,25391700
0,24942400
0,25229300
0,26481800
1,47818900
0,24943200
1,65924800
0,24839200
1,29408900
1,24050600
1,38289300
1,31791000
1,38750200
1,58016600
1,69031100
0,31296000
1,43673200
0,29861300
1,37109600
0,25266200
1,28240300
0,25360400
1,30943900
1,23381500
1,44314300
1,68515400
0,25322700
1,23004400
1,35644300
1,75314800
0,27188400
0,24728400
0,26153900
1,36265500
0,26154800
1,27179900
1,28647900
1,35705100
1,30465000
1,61077400
1,42106600
1,61085200
1,32306300
0,24625200
0,24413900
1,42515800
0,24687100
0,24313300
0,24795000
1,34875400
0,25209500
1,23630300
1,40156200
1,25941700
0,24737900
0,24560100
1,26943700
1,54247400
1,23023500
1,30041600
0,26118300
0,27548600
1,39594400
0,24603400
0,24809200
0,24598900
1,31161100
0,25810900
1,33648000
0,25197800
1,29310200
1,32437600
1,48356700
0,27020800
0,25005800
1,34706100
0,24944600
0,24675700
1,24771400
1,32247800
0,24406600
0,24345600
1,32039500
0,26758500
0,27998400
0,25687600
0,25744400
1,35541200
1,26525600
0,24852000
0,24801800
0,24864300
1,38249700
1,28527800
0,24753600
1,22963300
1,23827500
1,62452700
1,39746100
0,24501300
1,58142900
1,40913900
0,24715700
0,29586800
1,42461800
0,33078900
1,32495400
1,47198100
1,43463500
0,25638100
1,24540500
0,25006700
1,42774600
0,24783800
0,24402500
0,25779500
0,24909000
0,24552200
1,38901900
0,27097100
1,40514200
1,27984700
1,26667400
1,23454200
0,24795000
1,28020500
1,81009200
0,30752100
0,25055100
0,24800000
1,69480700
0,24676200
1,26696900
1,28215100
1,63909400
0,27756100
1,30502100
1,30221300
0,24429200
0,24532400
0,24755900
1,36425400
1,39717300
1,32218100
0,25851000
1,23198000
0,24988300
0,24403100
0,24465700
1,23181400
0,24579500
0,24410400
1,37989600
1,29555500
0,24972900
1,24553000
1,33193500
0,24501500
1,40241400
1,33731900
1,22982500
1,42009500
1,27747900
1,26436300
1,25832400
0,24516700
1,27715600
1,24534000
0,24788000
0,24752800
1,28916700
0,28323200
0,24507400
1,26887300
0,25056000
0,24916700
1,36838500
1,30602500
0,27684200
0,30345100
0,31843600
1,67280400
0,24715000
0,24863000
0,24901600
0,25550700
0,26723200
1,25915400
1,35715600
1,25987100
1,35369500
1,29854300
1,54090000
1,26996100
1,39448600
0,24454900
0,28822700
1,27897100
1,29168100
1,31308400
1,24014800
0,24870900
0,24761800
0,24804100
0,26965100
1,26489300
1,37140400
0,24608700
1,36001500
1,32350400
1,33073900
1,30185600
1,33208100
1,33292300
1,26571300
0,24509000
0,24470500
0,24554000
1,32263800
0,24477700
1,32084400
1,27226700
1,38218400
1,43418800
0,24426400
0,24970500
1,77076000
0,24511700
1,31627900
0,25069400
1,25088200
1,27200200
1,23083600
0,25060600
0,25283500
0,24626300
1,40275400
1,29948600
0,24999200
0,25123000
1,28482900
1,25340700
1,22955100
1,44106100
0,24892600
0,24375000
0,25099500
1,32997000
1,27525000
0,24498800
1,25818000
0,26254600
1,26869100
0,25776100
1,24788000
1,38160200
1,53313800
0,24947100
1,27851600
0,25267800
0,28332500
0,29070900
0,30062500
1,25757000
0,25442600
1,32389900
0,25966800
0,24977800
1,71930800
1,25905900
0,25476100
0,26703500
0,25458300
0,23749300
0,24614100
0,24273700
1,23063100
0,24316900
0,24411900
1,46323900
0,24254300
0,23678100
1,62674600
1,65576900
0,23470200
1,41656700
0,26801000
1,31052400
1,43796100
1,37240600
1,63445500
0,23753700
0,24348100
1,39062400
1,31575300
0,24010500
1,28506900
1,25414300
1,28189800
1,36914700
1,28641400
1,39584900
1,37562500
0,24384700
1,33338700
1,30240200
1,27987900
1,32532200
1,31161600
1,23551900
0,25904700
0,24815000
0,25116100
0,24333300
1,38297900
0,24057500
1,23637500
0,23457000
1,33382600
0,23384800
0,25191300
1,65119500
0,24816500
0,24259500
1,23470800
0,24306900
1,56332900
1,26353900
0,24413600
1,31522500
1,28420300
1,28421200
0,24099400
0,24410600
0,23941800
0,25304400
0,23954200
0,24588000
1,31870900
0,23967400
0,24258700
1,51402400
0,24312200
0,23335500
1,42363300
0,23850100
0,27394000
0,24533700
1,27128100
0,24223700
1,24516900
0,23575700
0,23556500
0,23725200
0,23576200
1,28346500
0,28326700
1,43408200
0,24523300
1,22690700
0,23837100
0,27663600
1,25787800
1,22338700
0,23707900
1,86766700
0,29258200
1,23020500
1,46343600
0,25458500
0,24014100
0,23394300
0,25231900
0,23273100
1,37272400
1,30644400
1,24508700
1,34268500
1,33313400
0,23878600
0,23858900
1,22959900
0,26225400
0,23740900
1,22694800
1,48171600
0,23444100
1,29020600
0,23391000
1,40420700
1,34482700
1,32779000
0,23520000
0,23409000
1,28677800
1,69209900
0,27921700
0,24091000
0,24582600
0,24389000
1,24684300
0,24318600
0,23851600
0,23948000
1,23613100
0,23934400
1,25063500
0,23455500
1,44479600
0,24228300
1,25098700
0,24324700
1,77625000
0,23913600
1,24258700
1,26304400
0,24349400
0,25978800
1,31005800
0,24277800
1,59753700
1,23987000
1,36722900
0,24001700
1,89605000
0,23471200
1,27591300
1,29906100
1,44097200
1,22394700
0,23215300
0,23751100
1,22061600
0,23420000
0,24555200
0,23902700
0,23349200
0,24168600
0,23263500
1,38472100
0,23380500
0,23658000
1,34660300
0,23380700
0,23678600
1,28740400
0,23889400
1,24623900
0,23902000
0,24290200
1,27095300
1,34823600
1,42195300
1,24572200
0,24606000
0,25121300
1,34791600
0,23856500
1,39472900
1,46144000
1,39898700
0,25502800
0,27955600
1,31976400
0,24123400
0,23905300
1,31937500
0,24330300
1,27810800
1,36444000
0,26751000
0,28316900
1,35592000
0,24252400
1,24945900
0,24197000
1,30569300
0,23820800
1,36035700
0,24211600
0,24150000
1,27820800
0,24660000
1,27135500
1,54426400
1,51467300
1,22481000
1,29224800
1,67328100
1,22122700
0,23684500
1,24078600
1,24256200
1,40316500
1,26465500
0,29099500
1,27618900
1,41801600
0,23520200
1,23630900
1,27304700
1,113448900
0,23760400
1,25149800
0,23942200
0,23940400
1,22642100
0,28265100
1,22690800
1,41444300
1,28220200
1,25783500
0,24174100
0,24205200
0,28363300
0,24310400
0,24473300
0,23975400
0,24016100
0,23529300
1,32588000
0,23526600
0,23521300
1,21978900
0,23431600
0,23358000
0,25223900
1,35534800
1,39919700
1,35154900
1,54224600
1,90403400
1,43069400
1,34997800
0,24446900
0,25418700
1,35564600
0,24631900
1,26137900
1,63265700
1,37565500
1,22727100
0,24607100
0,25194800
1,24969400
1,25367100
1,22852300
0,24294900
1,46881000
1,35481700
1,68008300
1,28192700
1,55065800
0,24255400
1,22259800
0,23517800
0,25198700
0,30163500
1,31107200
0,24053000
0,23936900
0,23804100
0,27368300
0,23981700
0,24028600
0,24273700
1,30712200
0,25096600
0,24666300
1,35951200
0,23296400
1,21934100
0,23526800
1,24659100
0,26058300
1,43565500
1,21886000
1,31863200
0,23616300
1,36448800
0,23835500
0,23786900
0,23785400
1,49671600
0,23749000
1,52963400
0,23472800
1,23381600
0,23492600
1,44713600
0,23556100
1,55537100
0,25065100
0,25572900
1,23699200
1,25858300
1,30101900
1,65572000
1,50153600
1,28497500
0,26018600
1,23925000
0,23634100
1,35668700
1,23849400
0,23942400
1,28389600
1,27484200
0,24275700
0,27377200
1,33458800
1,23278500
0,25080500
0,24376000
1,37992000
1,23801000
0,23785500
0,24031200
1,52210400
0,24626700
0,31112300
0,23543900
1,25043000
0,24645200
1,23653200
1,35865300
0,23740400
0,25941000
1,51244900
1,33466600
0,24446700
1,45664000
0,23371700
1,35643600
0,25159100
1,24287200
0,23518000
1,27265800
0,23347700
1,31781700
1,30747600
1,29759100
1,23208500
0,23480300
1,44370500
1,25727300
0,26678100
0,28047200
1,22868900
0,24605200
1,27857000
1,23318000
1,23278100
0,24704700
1,39325800
1,22702100
1,81328000
1,21979800
1,42103000
0,23527400
1,33277900
1,36052500
0,25931200
1,33096800
0,24314200
0,23597200
1,51617100
1,46194200
0,23992900
1,33509500
1,23510400
1,33950300
0,23494300
0,23719400
1,78731300
1,37071800
1,36584900
1,38659400
1,32636300
1,28361400
0,25687900
0,24133200
1,54202600
1,26991000
0,24448500
1,31967600
0,24013900
1,25629200
0,23809500
1,28079900
0,23439200
1,31351100
0,26782700
1,41207400
1,34515200
1,31989700
0,26809200
0,30014900
1,42025800
1,59587200
1,23186100
0,23954300
1,30161400
0,25088500
0,23179600
0,23282000
1,28045900
1,54064400
0,25431800
0,23707300
0,23868300
0,23986800
1,26580700
1,32779000
1,29521000
1,86104500
1,23840400
1,35285500
1,29831300
1,22167400
0,23620400
1,22080300
0,23340000
0,23333000
0,26359700
1,22436600
1,40362400
1,33609700
0,24421100
1,23034300
0,24296800
0,24257100
0,25265600
1,25104700
1,32702900
1,22453000
1,38775000
1,25587100
0,23777100
1,38444700
0,24874700
1,26079800
0,23583300
0,25064300
1,46311800
1,45612200
0,23366100
0,23522700
1,56626900
1,41319300
1,26160600
0,26666000
0,25927000
1,32345300
1,24934400
1,48774700
0,24275000
1,47869100
0,27627100
0,28434000
1,38018900
0,23875200
0,24024200
1,42069300
1,90859300
1,22457800
1,27804200
0,24371200
1,25088200
1,31783800
0,23353100
1,27174800
0,23888700
0,25139200
0,24358600
1,32277900
0,24170900
1,41030000
1,52440400
0,23435300
1,30133200
1,26136600
1,38282500
1,58194400
0,24317300
1,40951600
0,24627900
1,37246400
1,30882200
0,23438200
1,23242600
0,28423100
0,27434800
1,28838300
0,23938300
0,24148100
0,23900900
1,29412300
1,42875000
1,22208200
0,23361700
1,25967100
1,38276200
0,23337300
1,77830000
0,24693200
0,24230100
1,22829200
0,24193200
0,24522000
1,28874100
0,24507800
0,24029600
1,27916600
0,23492300
1,39958700
0,24254500
0,23684200
0,23679100
1,28636600
1,27596300
0,26939000
1,29121200
1,49651100
1,33195800
0,25251700
0,24307300
1,47363300
1,45286600
1,22298100
0,24124700
0,23729500
1,22458000
1,24470600
0,23451400
1,24621600
0,28700800
1,102170700
0,28507900
0,25284400
0,24259600
0,24413100
0,24292600
0,24337900
1,31709400
1,67509000
0,23574400
1,23481900
1,27251000
0,23811600
1,49027000
1,54240700
1,22121900
1,25320800
0,23570100
0,24699100
0,23816400
1,31075900
1,95468000
0,24729400
0,26014800
1,58051500
1,31558600
1,24047000
1,26114400
1,27492100
0,24651700
1,65277900
1,31759700
0,24427000
1,23545700
1,27326000
1,25848000
1,34930400
1,29988100
0,23520800
0,23702400
0,23497600
0,23610800
0,24813000
1,29949800
0,23989300
1,55096200
0,23785000
0,23862900
1,28796800
0,23399400
0,27319600
1,28577000
0,28223800
1,35878300
1,32587500
0,25141300
0,25088700
0,25435800
1,24686600
1,24065900
1,29599800
1,29356400
1,31456400
1,28545000
0,24815700
1,32995600
0,24386800
0,24655100
0,23733000
0,23803800
0,23792000
0,23898700
1,26184300
1,31546800
0,23724300
1,47844300
0,23720700
1,27998300
0,24185200
1,89708000
0,23285500
0,23247600
1,40348200
1,39738200
0,27465200
1,36712800
0,25602300
1,44097100
0,24416900
1,41282700
0,23799500
1,32661000
0,23250700
0,23726300
0,24185900
1,25295500
0,23863400
0,24469000
0,23978300
1,26744400
1,52767100
0,25593500
1,35918100
1,22924000
1,51366300
1,22126200
1,38607700
0,23691600
1,27036500
1,34878600
1,51021200
1,30677100
1,28600700
0,24971900
1,40580100
0,23930300
1,43130800
1,40360100
1,28110600
1,24253600
1,32572700
1,28510700
1,35244900
1,31507700
0,26368200
0,27704100
1,50454000
1,33903400
1,56301200
1,35706500
1,23012400
0,24556000
1,35746100
1,25071100
1,23780500
1,33859200
1,23768600
1,26756300
0,23473600
0,23883200
0,24826600
0,25394700
0,24200200
1,40275400
0,23761300
1,33063500
1,23389100
1,23519900
0,23778400
1,40339900
0,24180600
0,23519600
1,44063000
0,24075600
0,23443000
0,24483800
0,23390000
1,70281300
0,23891700
1,49134200
0,23642700
1,39332600
0,24277900
0,24214900
1,27914000
0,23901900
1,32076500
1,33312600
0,24418700
1,27999200
0,24262200
0,24434500
0,26338500
0,24418200
0,23648500
0,25576500
1,32462000
1,29411000
0,24332200
0,24290900
0,24604100
0,24373200
1,40689300
0,23525200
1,52747500
0,28651900
1,66160600
0,26582300
1,56101100
0,25333500
1,29093700
0,24724200
0,24281400
0,23334600
1,40408600
0,26232600
0,26047700
0,25153900
0,24870800
0,24831100
1,31166300
1,41791600
0,23972700
0,24132700
0,23795700
1,31636900
0,23866400
1,61573100
0,23525500
1,28373100
0,23530500
0,24280900
0,23279500
1,25860400
1,67476900
1,25479300
1,25124700
1,26048000
0,23411800
1,39180600
1,28869500
0,26183200
1,28497600
1,93396600
0,23331700
0,23629700
1,30805900
0,23740900
0,24723000
0,24026900
1,37393200
1,24864200
0,26519000
0,26622200
0,23861800
1,29175100
0,24351400
0,24253400
1,23142800
0,24265200
1,22370100
0,23977800
1,23041400
0,23284100
0,23966300
0,23717000
0,26043300
0,24302400
0,24608900
0,24401900
1,52033300
1,28862000
0,23634300
1,23452200
0,23246900
0,24078900
0,23296900
1,32055600
1,27095300
1,39663500
1,45241700
0,24474100
1,24581400
0,23210700
0,25349400
0,23745100
1,51528700
0,24236700
0,25841600
0,27349300
0,25361900
1,51554900
1,25607700
0,24690800
0,24358000
1,40854700
1,26818100
1,34648500
1,61196800
1,47882300
0,23600000
0,23204100
0,23430400
1,29858100
1,32641200
0,26859400
1,26312100
1,26853400
1,27702600
0,25521200
0,23824200
0,24023100
0,24096500
0,23804200
0,28910000
1,24968200
0,23342300
1,46785800
0,24826800
1,29402500
0,23370300
1,34636500
1,32326300
1,30415500
1,60385200
1,40977800
0,24378800
1,23734300
0,23763500
1,40092500
1,29222000
1,24939200
0,23345700
0,23218600
1,24019300
1,41908500
1,34893100
0,23395900
1,27719100
0,25747000
1,45646100
1,39062200
1,38369300
0,30513700
1,72142800
0,32793500
1,27996100
1,50304000
1,50812900
1,23919800
0,23702000
0,23591500
1,21988500
0,23735500
1,42698400
1,24514700
0,23556900
1,29481200
0,27649700
1,24385200
1,25954800
0,25398600
1,40327100
1,26389000
0,24375400
1,31662000
0,23981100
1,100857800
1,32999100
1,53138400
0,26115000
0,31576800
0,25685000
1,46231900
0,24769600
1,37533000
1,55780100
1,28568400
0,24320300
0,24877300
1,40530900
1,24504100
1,24995400
0,23866500
1,25329000
1,29152500
1,25729000
1,24252400
0,23354400
1,25791300
0,24258300
0,25242100
0,24350000
0,24076400
0,23795200
0,23953200
0,23886700
0,24135200
1,27421900
0,23271100
0,23420600
1,33073200
1,27676700
1,23655500
0,23398500
0,24542700
0,23462400
0,23300000
1,31043400
0,23269600
0,23979300
0,23514900
0,24164500
0,23264300
0,24357600
0,23512800
0,24539600
1,39982900
1,23395200
1,34374300
0,24249100
0,23733700
0,23639900
1,28995000
1,25777500
1,39619900
1,23104400
1,45725700
1,22041500
1,30021300
0,23481500
1,36169300
1,39402500
1,24949400
0,25193600
1,49088200
1,32885800
1,27076100
1,24652900
1,58032300
1,58268800
0,23295200
0,23613800
1,29877900
0,23761200
1,39459300
0,23537800
0,23269500
0,24395800
0,23837800
1,28798900
1,24847600
0,23720300
0,23834700
1,31683300
0,23687200
1,32428800
1,58680500
1,29972600
0,24070400
0,24298300
0,24919500
0,24339500
0,26238700
1,39846800
1,31679200
1,42863700
1,26485600
1,23297100
1,24996900
1,29622200
1,40155100
0,25031100
1,32336500
1,32501800
0,24313700
1,47600100
1,75984600
0,25757600
0,24040700
0,24846700
0,24782900
0,24495000
1,70138000
0,27300900
1,30146100
0,24429100
0,24266100
0,24496500
0,24490800
0,24164800
0,24404800
0,23591700
1,40820000
1,29990200
0,23439400
0,23555200
1,49410800
1,40167400
0,23368400
0,23508600
1,28967000
1,43191000
1,49061000
0,27587900
1,42311700
1,33829200
1,36851700
0,23734000
0,23843500
1,31809400
0,23291200
0,23365200
1,61782000
1,25032800
1,24998500
1,23264400
0,23494900
0,23449100
1,25083600
0,23321600
0,24094800
0,23676700
1,23158300
0,23830500
0,28021000
1,23419000
0,28209100
1,30335100
1,51111700
1,24601300
1,46721900
1,34093300
0,23311600
1,22917300
0,24269600
1,22514400
1,33322600
0,26108300
1,33227300
0,23765000
1,42410200
0,27170900
1,35717700
0,24886700
0,24430200
0,24869600
0,24301800
1,36279800
0,24621900
0,24206700
0,23401400
0,23630300
0,23673400
1,23174300
0,23827300
1,31956500
0,24021100
0,23283600
0,24593000
1,35698200
1,24680100
0,24953300
1,34201300
0,23525000
0,23459500
0,23327200
0,23614800
1,22788200
1,44640500
1,39124200
0,23481900
1,29643100
1,33443100
1,53730000
1,38590300
1,33354600
0,25258900
0,24488300
0,24283300
1,23087200
0,26309200
1,29837800
1,40617400
1,55228600
1,42348600
1,34093300
0,23881000
0,23800600
0,23888300
1,25779300
0,23323200
1,25194600
1,41130500
0,27126000
0,25907500
0,23749800
0,24321300
0,24164400
1,57962200
0,23775700
1,26010900
1,34204700
0,23823700
0,25660900
1,84273000
1,33262500
0,25889200
0,23528900
0,23969900
1,29169000
1,37471600
1,25500600
0,24548200
1,51344900
0,24168800
0,24303100
0,23683300
1,40604800
0,23351100
0,23527000
1,51354000
1,37148300
1,30389100
1,22208400
0,23352700
0,23543800
0,24223600
1,23293200
1,24482400
0,27113000
1,33647200
0,23611900
0,25189400
1,32908100
0,24891600
0,24851400
0,24351700
1,24407000
1,26098600
1,22784500
0,24256700
1,26209200
1,30768000
0,23615600
1,28406200
1,30076100
0,23799200
0,23814000
0,23238500
1,29211800
1,39734500
1,31513700
1,25963500
1,25039700
1,28158400
0,23688300
0,23990900
1,25354000
0,24278800
1,23738100
1,22329700
0,23851000
1,46488100
1,26353000
1,29970300
0,25354200
0,24210900
0,24648800
1,35856400
1,55436400
0,23416100
0,23742000
0,23362700
0,23645800
1,24797500
1,65653100
0,25935200
0,23599500
1,38213400
1,30460200
0,23431500
0,23809100
1,39524400
1,34013800
0,32666100
1,47108300
1,24507500
1,31308000
1,24732900
1,47437900
1,26746100
1,31805800
0,24031200
0,23692200
1,41069000
1,22936800
1,30710100
1,44928400
0,24013900
1,23691500
0,24040100
0,24094700
1,27085900
0,23386600
1,34918200
0,23770700
0,24275600
1,26787100
0,24372300
0,24878700
1,32792600
0,23664300
0,25520600
1,73753900
1,26773500
1,32539500
1,81593200
1,52713700
0,23835900
1,40458400
1,25737800
0,24481700
1,25350200
1,95030400
1,38482900
0,23721000
0,25667400
1,28961000
1,22319700
1,22156000
1,34684600
0,24282700
1,23273800
0,24559900
1,28925200
0,23860800
0,23847700
0,23936800
0,23513000
0,24125200
1,27620900
0,23404900
1,57046800
0,23825100
0,23697000
1,30353400
0,23300900
1,39807300
1,40034500
0,27826900
1,22702000
1,25809900
0,23964500
0,23553500
1,23705900
0,23415200
0,24487600
0,23382300
0,23404000
0,23472300
0,23319300
0,23442700
0,24866100
1,31110000
0,23323300
0,23320800
0,23351800
0,23491100
1,22655700
0,23942200
1,52078100
1,23592200
1,29247200
0,23454000
1,23395900
0,23492400
1,49793900
1,27782700
0,28953000
1,28738900
1,22524200
0,23794000
1,23755600
0,23353600
0,23436100
1,79209400
1,59704000
1,51942800
0,23615500
0,23663100
1,29291900
1,23456500
0,23562600
0,29419200
1,34650600
0,24983200
0,24225600
1,24105800
1,33473200
0,27288800
1,29522900
1,30983900
0,24787300
0,24756800
0,24454500
1,34520700
0,23582200
1,30423800
0,24226700
0,23218000
1,38626500
1,39437300
1,25311700
1,23292500
0,23633500
0,23644100
1,59553900
0,25689300
1,24296900
1,24358600
0,23882700
0,23853600
1,45370400
0,23693900
1,33388900
1,28292500
0,23445600
0,23343300
1,32418300
0,23398300
1,31332300
0,23347100
0,23312000
0,23321100
0,23376900
1,22326300
1,27138500
1,37291800
0,23229600
0,23596700
0,23387200
0,23892200
1,22217200
1,24938400
1,38195400
1,22310800
1,31608500
0,28137300
1,32992600
0,23494400
0,23610500
1,68004200
0,23869100
0,26688100
1,24421200
0,25118400
1,28269200
0,24203800
1,25239900
1,28938800
1,26848900
0,23327300
1,22453300
0,23406700
0,23416000
1,34661700
0,23298600
0,24528400
0,23267700
0,23711100
0,23306600
1,31218100
1,34367600
0,26447900
1,32774700
0,24769500
1,53113200
1,33346500
1,24470800
1,38981400
1,23590200
1,29526900
0,27075300
0,24519700
1,56486100
1,55184100
0,24802500
0,24928000
1,57948000
0,23830300
1,25724600
0,23723400
0,23770700
0,23879200
0,24061200
0,24907100
1,24202300
0,24155300
0,23438100
1,47303500
1,22952000
1,23924500
0,23620100
1,27028100
0,23485700
1,41365600
0,24112500
0,23320300
0,24167700
0,24409200
0,23828900
1,23068000
0,23717200
1,24993300
1,28740600
0,23346200
1,26027300
1,39818100
0,24139200
1,30696600
1,25856200
1,34535900
0,23843100
0,23440000
1,41827700
0,24665300
0,23912500
1,33070300
1,37199800
1,43808600
0,23679300
0,23940500
1,47059900
0,23448700
1,39488600
1,48682300
0,23471300
0,23397400
1,34655100
1,23839700
1,25237300
0,29173300
1,22042400
1,37618100
0,25155700
1,41588300
1,24184100
1,26035500
1,26044200
1,22772200
0,24605600
0,25312500
1,38053800
0,24363700
1,41462200
1,35716700
0,25138400
0,24272200
1,23539100
0,24802500
0,24653900
0,24457200
0,24194200
0,24522800
0,24236800
0,24055700
0,24259300
1,21854600
1,38843700
1,33717800
1,26266400
1,32130000
0,23501200
1,21858700
1,22882200
0,27686000
0,23402200
1,40012300
0,26121200
0,23649300
1,30403300
1,23166100
1,55131300
0,24143600
1,35861400
0,23442000
0,23694200
0,25640900
0,30490500
1,24884100
0,24046100
1,23837800
0,23793600
1,31926400
0,23937800
1,32642800
0,24554300
1,33283100
0,23819900
0,24001600
1,32306700
0,23606400
1,24425100
1,42067200
1,56763400
0,24663300
1,34041500
1,25423100
1,24579000
1,40706400
1,28784200
1,28600800
1,35583400
0,24858700
0,24467400
1,43163000
1,30057200
1,49801200
0,23416400
0,27169800
0,27010300
0,25646200
1,51836500
0,24468500
1,28719100
0,24703800
0,25405900
1,51055600
0,24968700
0,24033200
1,46487400
1,27797600
0,23739600
0,23889700
0,23435600
0,23534800
0,23495600
1,69381100
1,42990300
0,23599500
0,23815800
1,27684000
0,23416300
0,24100600
0,23527900
1,59150500
0,23455300
1,30885600
1,31691600
1,36937900
0,23392700
0,23890800
0,23555400
0,27718300
1,31835100
0,25857000
1,54576700
0,24257300
1,26199100
0,24914600
0,24738800
1,37746900
1,34617700
0,23809300
1,29944700
0,24879200
0,27537800
0,23860100
1,48998300
1,26193400
0,24503800
1,38800600
0,23576300
0,23551300
1,100256600
1,31962200
1,36875800
1,29440900
0,23676500
1,85248800
1,25399900
1,33051800
0,23656000
0,24173100
1,33070200
0,23327900
0,23586300
1,33350700
0,29046800
0,24969200
0,25167500
1,33246700
1,25491300
0,24489800
1,27931300
1,25809900
1,52135000
1,32399900
1,24150800
0,23356400
1,31931600
1,56928200
0,23507400
1,41511800
0,23368500
1,23452400
0,24018000
0,23275100
0,23585700
0,26577200
0,31727500
0,23215700
1,75014200
0,23290000
0,23374900
0,23437700
0,23694400
1,29740900
0,33184300
1,27544100
0,23846200
1,28402300
1,24372800
0,24304800
0,23838500
1,31328600
0,24888300
1,24244100
0,23377800
0,23510100
0,23216600
1,32521700
0,23656400
1,26243200
0,23536700
1,36407900
1,33074200
1,29104200
1,26356300
0,24358500
1,22863100
1,24326900
1,22448200
0,25501400
1,94618300
1,40136400
0,24638100
0,24805100
1,48620500
1,33614100
0,24223900
0,23823500
0,27033900
1,54421500
0,23798400
0,26028000
0,23406800
1,37126500
1,29980800
1,36404100
0,26802300
0,28604600
0,27394900
0,26620100
1,46297100
0,24885100
1,26890200
1,42739400
0,24718600
0,23265000
0,23503700
0,23277700
0,23396900
1,48268600
1,33835600
1,22721300
1,26757600
0,24628400
1,29683300
0,24101100
0,24583500
1,72073500
1,60305600
1,32529800
0,26407100
0,23829200
0,23689000
1,35209500
0,24265500
0,23766900
1,49017500
1,29036500
1,29346800
1,26607500
1,27468000
1,25616600
0,23256500
0,23473200
0,23668500
1,122345900
1,31861900
1,50858300
1,52505900
1,42790900
1,27260100
0,28985800
1,33282500
1,26191500
1,39261900
1,24636100
1,23918500
0,23618500
0,24353200
1,33045500
1,23855000
0,24778500
1,59243300
0,25022900
0,24734700
0,25037400
1,26381300
0,25523200
1,39027800
0,24362100
1,32471300
1,33346900
0,23781900
1,34179200
1,32483000
0,26005400
1,26511000
1,26562900
0,24676000
0,25932500
0,24674500
1,51613300
1,29152600
0,23789700
0,23558000
0,23412300
0,23430600
1,29427700
0,24676500
1,34567700
0,23320800
1,58291400
1,22196600
0,23513100
1,36934100
0,23458700
0,23753700
1,31244100
0,24444700
1,90936000
0,24363600
0,23408200
1,119844500
0,23296000
1,27375900
0,24394900
0,23263200
0,23493900
0,23337500
0,23461900
0,23220700
1,31848900
1,38855500
0,23403000
0,25066200
0,24567400
1,45737900
1,28192400
1,65719100
0,29745200
0,27069000
1,22883700
0,24173900
1,50690900
1,52803100
1,26005400
0,25047400
0,25191700
0,24790300
0,23770800
0,23372300
1,28771800
0,23784000
1,24955700
1,31739200
0,23472100
0,23201000
0,23544000
1,23282400
0,23771100
1,26411600
0,23253900
0,23280400
1,30409900
1,30845000
0,27735800
1,29051900
1,31141500
0,27334900
0,26440600
1,27634700
0,25554000
0,24883200
0,24771700
0,25168100
0,24812600
0,24796800
0,26364000
0,23285500
0,23431800
1,25021000
0,23874700
0,25881000
1,24366900
1,32067600
0,24757500
0,24004000
0,24256700
0,23758300
0,24031800
0,23966700
1,25583100
1,24090600
1,24205500
0,23487000
1,26499200
0,23297300
1,29886700
1,41793700
0,23248600
0,23471000
0,23598700
0,23374500
1,46144700
1,31715900
0,23470200
1,24794300
1,30360300
1,27956400
1,24972200
0,23772800
1,22369000
1,32611800
1,31033400
0,23760500
1,57346200
0,24429500
0,23979600
1,22479900
0,29458600
1,32306500
1,67945600
1,40094200
0,28250800
0,30610400
0,24527100
1,28401700
0,24605600
0,24397200
1,27406400
0,23499800
1,29740300
0,24991500
1,29606100
0,23876500
1,37604300
1,77928500
0,23366200
1,58995700
0,24565700
1,80464200
0,24835300
0,24282400
1,28399100
1,26904400
1,28522600
1,39717100
0,26652700
0,23984300
1,26873800
1,58952200
1,61942100
0,25246700
1,26765200
0,25104500
1,49235900
0,28416000
0,23311200
0,23639200
1,26932300
0,23625000
1,49643900
0,23645200
1,35818100
0,23579200
0,23402500
1,24832400
1,32894600
0,23567800
1,28519300
0,23371400
1,67528500
0,24194800
0,24225900
0,25818700
1,31081600
0,24244000
1,40529800
0,24211800
0,24260300
0,24621700
0,26262500
0,25227900
0,25403400
1,48853200
1,37619500
1,22159400
0,23254300
1,56152600
0,23701600
0,23346800
0,23280700
0,23553700
1,26147300
0,23583100
0,24123200
0,23295800
0,23397500
0,23261200
0,27549700
0,23530700
1,28459400
1,34111000
0,23408100
0,23433000
1,26063500
0,23416400
0,23541500
1,29539300
1,31895700
0,23549600
0,23247600
1,35804200
0,29473300
0,26003400
1,22366800
1,27492000
0,24445400
0,29810600
0,27904700
1,25225900
1,24651000
1,22950300
1,29135700
1,39151800
0,24020600
0,24620700
1,45794800
1,23435300
0,23796100
0,23468800
1,63309300
1,31510600
1,66937700
1,35329000
1,31114000
1,33183900
0,25382200
1,24461000
0,26038700
0,24874700
1,59286500
0,24315300
0,24465500
0,26048000
1,34369300
0,23621700
1,33239900
1,24122000
1,32863200
0,24751800
1,24660800
0,26931300
1,50295000
0,23426000
1,50361100
1,40092700
1,72618900
0,23472300
0,23629400
0,23445100
1,37357800
1,31375900
0,23428800
0,23293800
0,23456300
0,23296000
1,37125100
0,23705300
1,24924600
0,23365400
0,23577000
0,23540200
0,23453400
0,23591400
1,46861200
0,23246300
1,32937000
0,23299200
0,23687100
0,23327600
0,23496100
0,23340700
1,61269300
0,27562400
1,68394700
0,25366400
1,32061000
1,37428600
1,39360000
1,24338600
0,23973700
1,77435900
0,25198800
0,23691500
0,23516300
1,33165700
1,33598400
0,23241600
1,37397700
0,23383100
1,46671300
0,23444400
1,39053600
1,48245400
1,33811400
1,27787300
0,23679200
1,24654600
1,32871800
1,41207000
1,31273800
0,24362500
1,61548100
0,32082000
0,24248000
0,24756700
0,24709900
1,33565800
0,24598400
1,69215700
1,23207500
0,23610600
0,23437200
1,30132800
1,29164800
1,28922300
0,23273100
0,23700900
0,23546700
0,23312100
1,36529900
0,24800800
1,129691400
0,25445000
0,23866700
1,43544700
0,25753800
1,24979600
0,23204500
0,23296900
0,23608500
1,37801800
1,89784000
1,28303300
1,24836100
1,67840800
0,26039900
1,51455100
1,24355000
0,24197100
1,23836400
1,32380200
1,35200200
0,23866800
1,31908000
1,36924800
1,22229400
1,33256600
1,52556000
0,23546500
0,24637700
0,24217100
0,24071900
1,27180500
0,28610300
1,33795200
1,25347600
1,51674300
1,23203800
1,49979400
1,22376700
0,23908000
1,25403700
1,27793100
0,32423000
1,38694400
1,51204500
1,22488400
0,24432500
1,34155400
1,30494900
0,23266800
0,23532100
0,24660500
1,29367000
1,22650500
1,21854500
0,23543200
1,23779500
0,23299500
1,28177700
1,33297700
1,24997900
1,28715100
1,26916000
1,27465700
0,29700000
0,30082200
1,27995100
1,40459000
0,24402300
0,25832400
0,26968000
1,40374200
1,25457400
0,23798900
0,23820100
0,23893000
0,24247700
0,27872900
0,23369800
0,23893500
1,30752100
1,29788500
0,24073300
0,23743300
0,23569800
1,36149200
1,23388200
1,37218200
1,46191100
0,26419700
0,25598000
1,26094100
1,25461500
1,30339900
1,28148700
0,24234800
0,23789500
1,36730600
1,22147300
1,33613300
0,23403400
1,32039000
0,24195100
0,23638200
1,28831700
0,23563200
0,24368300
0,24368700
0,23402000
0,23782200
1,28079900
0,24488600
1,38722900
0,24294800
0,29066500
1,65205200
0,23755600
0,23994300
0,23777700
1,22174300
0,24141900
1,57006100
1,41579200
1,27182800
0,23847500
1,33322800
1,41262100
1,46283900
1,29844600
1,26579200
0,23801800
0,23660700
1,25290800
1,36563400
0,23496400
1,24828700
1,50767100
0,24129700
0,23222600
0,23346700
0,23314700
0,23340100
1,41164800
1,67376400
1,32031500
0,28463400
1,51825900
1,27737500
0,24827200
0,24718900
1,23540900
1,31851900
0,23285300
0,23582300
0,23213300
1,26324300
0,25258700
1,62230800
1,26918600
0,25587200
0,30398200
0,28481700
1,29389800
0,24560800
0,24659100
1,40745200
1,29686200
1,21997000
1,25451400
1,42276100
1,37019300
0,23394000
1,33554000
0,23409700
1,32369500
0,27420600
1,65121700
0,24470800
0,25170000
0,24130500
0,23834400
1,35739600
0,23957800
0,23624100
0,23827600
0,23229900
0,23736500
0,23689800
1,23801800
1,60504200
0,26634400
0,23548900
1,31857300
1,23689100
0,28455400
0,23903000
1,23221800
0,23494300
1,43010400
1,40915800
1,27363200
1,22173800
0,24019100
1,40202300
1,40531000
1,37144400
0,23652200
1,30617500
0,23509700
0,23736400
0,23901800
1,47675300
0,23767100
1,35330500
1,52229800
1,38646300
0,23862000
1,24446700
1,24070000
1,101026400
0,24250700
0,25967100
0,23353800
1,22259500
0,23340600
1,22162200
1,33707900
1,39731500
0,23541100
1,24148500
0,24016700
0,27782300
0,29460500
1,36298000
0,24719300
1,34171800
0,25032500
0,27629400
1,61943700
0,23991500
1,44727800
0,29214200
0,24154900
1,27402900
1,27306300
1,43035300
1,62636600
0,28554100
0,24609400
1,49169700
1,33785100
1,26314800
0,25172600
0,24251800
0,24459600
0,24329600
0,24293000
0,23697000
0,23505100
1,22491000
1,25162200
1,35378900
0,23757400
1,26162500
1,35743100
0,23439800
0,25180100
0,23537400
1,30796000
1,34153900
0,23569600
0,23420400
0,23358100
1,23342500
1,35913600
0,24041600
0,25114500
0,24301700
1,43208800
1,41103700
1,24194800
1,25967100
1,24652300
1,38799200
1,40191000
1,23928800
1,26479400
1,35842700
1,23501800
0,23711800
1,38506700
1,36639200
1,25438300
0,23748200
0,23651700
1,103915900
1,21872900
0,23361600
0,23471600
0,23773500
1,21935900
0,23862700
1,22086800
1,29817600
0,27475100
1,25379200
1,38855300
0,24247300
1,28107800
0,28699100
0,26854100
0,26067000
1,34493000
0,28299800
0,24720300
0,24914700
0,24732200
1,23411200
0,24716400
0,24684200
1,22317600
1,23411500
0,23903300
0,24555800
0,23493000
0,23777400
1,28128000
0,23872600
1,23938800
1,36155000
0,23306400
0,24707300
0,24474600
1,23501600
1,33447400
0,24604000
1,41236300
1,49471700
0,24383900
0,23829600
0,24279400
1,27004100
0,23676200
0,23527300
0,23586700
1,26031100
1,34981600
1,23265500
0,23453800
0,23925600
1,50687200
1,39922500
1,31030900
1,22982700
1,35152200
0,23442900
0,23214000
1,30783700
0,24949400
0,23587800
0,23715000
0,23839000
1,23976600
1,36840000
1,35937900
0,23311100
1,42175900
0,23418300
0,24655000
1,28252500
0,23324900
1,31782500
1,40443700
1,29314600
0,23630900
1,28680900
1,41787900
1,33743400
1,25128800
1,26445100
1,30010100
0,27163700
1,43051600
1,35146700
1,55921200
1,26961300
0,23942400
1,23411600
0,23728300
0,23749800
0,23226700
0,23771400
1,34315400
1,21875900
1,22015800
0,23406100
1,67056900
1,21949800
0,25300600
1,85640900
1,22098400
0,23450000
0,27546200
0,28972400
1,85558200
0,24338200
1,38417900
0,23622400
1,40917900
0,23538300
1,26657100
0,23464200
0,25216700
0,24466600
1,22317700
1,41080700
1,27964900
0,23783100
0,23304200
1,25234000
1,38173700
0,23433600
0,23320300
1,46733500
1,33653400
0,23385500
0,23410500
0,23423200
1,32462200
1,35326400
0,23437700
0,23326800
1,67547800
0,23686300
0,23414300
1,23207200
1,46897900
0,23450900
1,21850400
0,23765900
1,60011800
0,23858100
0,23441700
0,23402000
0,24491300
0,23429200
0,26605600
0,32832700
0,33367700
0,30458200
0,30144400
0,30147300
1,57165300
0,24326800
0,24728600
1,33885800
0,25011300
0,24519000
0,24411200
0,24321600
0,24405600
0,24225200
1,21964900
1,48702100
0,23478900
0,23728000
0,23669100
0,23389800
0,27935700
1,35847700
1,49946800
1,31294400
0,24110200
1,25115900
1,32597900
1,39070400
1,33905700
0,24485500
0,24634700
0,31417300
0,23481800
1,42984300
0,32607800
1,30578900
0,25155100
0,24702900
0,25661500
0,24682100
1,30041500
1,23441100
0,23502400
1,53909200
1,27778300
0,23445800
1,26547000
1,27358800
0,23281600
0,24254500
1,34247100
0,23775700
0,24877700
1,26950800
0,24090400
0,23938400
0,24865400
0,23897200
1,22301800
1,27869500
0,23883900
0,24627600
1,41347600
1,37260600
0,23603300
0,23422500
1,33904300
1,78489800
0,25312000
1,31712100
1,56911300
0,24458900
0,25858400
0,24212600
1,104571900
1,24853100
0,24713100
0,24754700
1,26525400
0,24399100
1,22662200
0,23834500
1,22662400
0,23906000
1,34930500
1,27443000
0,23776000
1,22176600
0,24301800
0,23505100
1,22610800
0,23331200
1,117977200
0,23208100
1,25377600
1,24045900
0,23491000
0,25863000
0,24843700
1,26700300
1,32358500
0,26383700
0,27928600
1,32233300
1,29296300
1,38165800
0,23483900
0,25115500
1,25960200
1,27024300
1,81548600
1,36517600
0,23751400
1,31600100
0,23400600
0,23817100
1,26723900
0,23578500
1,52555500
1,25692900
0,29419700
1,30712900
1,30442400
1,38631300
0,24661700
1,29085800
0,24332100
0,24306600
0,23902300
1,27121900
0,24044100
1,36148500
0,26732100
1,27496900
0,24978200
1,32375100
1,50803500
1,49736500
0,23278300
1,30995400
1,26479100
1,31687700
1,33441500
1,23855900
0,23499200
1,21887900
1,57452400
0,32928600
1,78210500
1,32390800
1,34332200
0,29479000
1,24368300
0,24550100
1,80981200
0,24219600
0,24352400
1,57058700
0,23779400
0,24176300
0,24114700
1,35227400
1,29631900
1,66801200
0,24089700
0,23520000
0,23406300
0,23766800
1,35349800
1,29550300
1,36555000
1,50213100
0,25492200
0,24205900
0,24217200
1,56893300
0,23495200
1,28696500
0,23458700
0,23347800
1,23283500
0,23275700
1,33831100
0,24646400
0,23771200
0,23978900
0,23842600
1,29339400
0,23309100
1,22309900
0,23408600
0,23354900
1,40047600
0,25415100
1,27801400
1,23520900
0,25063900
1,27036300
1,25098800
0,29286600
1,43329600
0,24699300
1,45424900
1,33015500
1,64680300
0,24166400
1,24986100
0,23585300
0,23319700
1,29389000
1,27780800
1,123329000
1,29791700
1,48311900
0,23952300
1,25835900
1,26529900
0,24487300
1,24216300
0,23952600
0,23828600
1,23919700
0,24274900
0,25725300
1,22741500
0,23530000
1,25069300
1,33409600
1,36498800
0,24539300
0,26269000
1,38439400
0,23531400
1,60830300
1,66878600
0,23619400
1,29197200
1,22180300
1,26887100
1,22272300
1,46970400
1,37943000
1,33291700
1,24524400
1,32723500
1,23882900
0,24339000
1,22437700
1,22479100
0,23335700
1,35726800
0,23436500
0,23521500
1,58375800
0,23504600
1,90206600
0,23956400
1,39888000
0,24436300
0,24230800
1,48920800
1,44214600
1,27330800
1,28686900
0,24159100
0,24845000
1,29751300
1,22067200
0,23362500
1,22311100
1,35066300
0,23851200
1,22175400
0,23361500
0,23511900
1,76205600
1,36203000
1,22098900
0,24448700
0,28579500
1,31753100
0,23801800
0,29151900
0,24979300
0,25341000
1,30810800
0,24668000
1,65067900
1,27647600
0,24341000
0,24181900
0,25326100
0,24260600
1,34168200
1,35344800
0,23316300
0,23473600
1,26264200
1,44084400
0,24046400
0,23434900
0,23282400
0,24601300
0,23490900
0,23553000
1,78902700
1,24486400
0,23451600
1,24313700
0,23488600
0,23288800
1,29978700
1,23772900
1,26152900
1,29022700
1,39159600
0,23296800
1,27866000
0,23867200
1,30808800
0,23424600
0,24977700
0,23304500
1,24527400
0,23827000
0,24250400
1,40854300
0,24347700
1,23236300
0,24190800
0,28320400
1,39589100
1,59617300
1,33655100
0,23843400
0,23306600
1,26061900
1,26415400
1,23479400
1,30037600
0,24126900
1,51350000
1,32936500
0,35117500
1,32457200
0,24880700
0,32010600
1,62604900
0,30533000
1,37524300
1,24516800
1,47816600
0,23987900
1,48659800
0,29558700
0,27288700
0,25984200
1,44407900
1,37418900
1,34359400
0,26104400
0,25063500
1,25217100
1,31371400
1,28009700
1,24470800
1,48889900
0,24038800
1,31856200
0,23913800
1,45036900
1,54953800
1,52237600
0,24247700
0,23352600
0,23558300
1,24086300
1,30847400
0,23949900
0,23819500
1,32530800
0,23348600
0,24541400
1,28697900
0,23376900
0,24982600
0,23280200
1,25820400
0,24045000
1,42321400
1,28496500
0,24232900
1,34939300
1,25081500
1,34284300
0,25262300
1,53362400
0,24212800
1,27022200
0,24226400
1,24498400
0,24366900
0,23725000
0,23264800
1,35499300
0,24518200
0,24450800
0,23285700
0,23621100
1,24675700
0,23971600
1,42747400
0,23801000
1,42220200
0,23453000
0,23365400
0,23286600
0,23443100
1,27849400
1,27980200
1,28663700
0,24842700
0,23281500
1,45371900
0,24294600
0,24280900
0,24260400
0,24231300
1,53636800
0,32941900
1,23652900
1,24825200
1,24966500
1,23132700
0,25342500
0,23766700
1,34006300
1,29632000
1,38920200
1,41829200
0,28570700
0,25700700
1,48388000
1,34368000
0,24503100
1,26027900
0,25337000
0,24175400
0,26920600
0,28821400
1,28322500
0,24707900
0,24824900
0,24875200
0,24751100
0,23874800
1,26150900
1,68931500
0,24549100
1,22708400
0,24750100
0,24170200
0,23360600
1,49793300
0,23616500
1,29402600
1,36749700
0,31085000
1,25986400
1,59887000
0,24645300
0,26312600
1,25868800
1,23780700
0,24474700
0,23372300
1,31529500
0,23301000
1,44568100
0,23450600
1,34364500
0,23445000
1,28810300
0,23410300
1,50168500
0,23528900
1,25436700
1,75565300
0,24030100
1,32299100
1,23717300
1,23460100
0,23739900
1,60931000
0,25041200
1,28231300
1,29744600
1,35148800
0,23953300
1,26125100
1,71402200
0,23962100
0,24231700
0,24313700
0,25401500
1,30036000
1,66263700
1,48724500
0,23356600
1,25734200
0,24049000
1,30484800
1,25237600
1,32727500
1,22109000
0,23507400
0,23485500
1,23732000
1,31303100
0,24277200
0,24466900
1,34814200
0,23991700
0,23757000
0,29121700
0,30370100
0,24450000
1,37512700
1,38612900
0,24929400
0,24744200
0,24681700
0,28355600
0,24752000
0,24246600
0,24235200
0,24384100
1,24519500
1,49397200
1,23289700
1,36482300
0,23372000
1,49167900
1,42102100
0,23373700
1,32273400
0,23496600
1,44321400
0,23295500
1,42068800
1,22333400
0,23834300
1,23556500
0,23606800
1,63118600
1,23605300
1,23041500
1,26245300
0,24315100
1,28029400
0,23333000
0,26858500
1,50523900
1,29651400
1,49716400
0,24026400
1,50076600
1,28938800
1,25128400
1,22303600
0,24018500
1,48862500
1,26481400
0,24481100
1,41356200
0,24689700
0,24437200
1,24703500
1,26107000
0,24244500
0,24119400
0,24302000
1,99791900
0,23346500
1,36496900
1,29505500
1,31971200
0,23719500
0,23889500
1,27569700
0,24554600
0,23414200
0,23405300
0,24057700
1,27284200
1,34466000
0,23710200
0,24942700
1,26101400
1,50377300
1,29484200
0,23919600
0,24315900
1,25111700
1,29251100
0,24004700
1,38722700
0,23754200
0,23256500
1,35974900
1,27842800
1,27194000
1,44764800
1,40120900
1,63577000
1,24766900
0,24807800
1,29217800
1,24584500
1,34392200
0,24737100
0,24466900
0,24437200
1,24645300
0,24427700
1,74059100
0,23754700
0,27382000
1,32791700
0,23348600
1,44115300
1,82354000
0,23511100
0,23482400
1,26501500
1,42485700
0,23355300
0,23518600
1,26584800
0,23287000
1,31382600
0,29928500
0,25760400
0,24278100
1,23225400
0,24233200
1,32530200
1,53764900
1,54953100
0,25680300
1,30518400
0,24951900
0,24449800
0,27158600
1,80578400
1,44606000
1,68386200
0,24331600
0,24792000
0,23789000
1,25813900
0,27908100
1,32384800
0,25917100
0,24493800
0,24313400
0,25256500
0,23811600
0,23802900
1,37530700
0,23512500
1,43682000
0,24805500
0,23713700
0,23308900
0,23407600
0,23621300
0,23335100
1,23271300
1,34708300
0,23459200
0,23365400
0,25022200
1,24786300
1,34285200
0,24871400
1,22795200
0,26029300
0,27599400
0,26983800
0,24666900
1,37684100
0,26813100
1,26000300
1,28911900
0,24357800
0,24884900
1,28222500
0,25025500
1,38068500
1,26170600
1,25442500
0,24151700
1,34591100
0,23267600
0,23550500
0,23499900
1,31923500
1,27483900
1,48718100
1,22311900
0,23283700
0,23578900
1,41222500
0,24704100
0,29048700
0,27675500
0,23588200
0,24917200
1,27805900
1,29522000
1,24758800
1,29267700
1,24337100
1,41147700
0,23453700
1,63443100
1,24654300
1,78507200
0,23746300
0,24001000
0,23993200
1,28426700
0,25290400
0,24891000
0,25229100
0,24489100
0,26627900
1,49097700
0,24548600
1,29850500
0,23854500
1,33292500
0,23700600
0,23333100
1,63022900
0,23218300
1,66145500
1,22116200
1,21838500
0,25066100
0,23823200
0,24884300
1,30019800
0,24412100
1,36117300
1,26541900
0,23224000
1,35517700
1,33074900
1,41797300
1,50393600
0,23721000
1,23946700
0,23866700
1,22743200
1,32973200
1,52506800
1,27841900
1,77487200
0,23670600
0,23317700
0,23468800
0,24252500
0,23459900
1,23199000
1,27048200
1,34322000
1,47395100
0,25091600
0,23596300
0,24732400
1,44077600
0,24977200
0,27930900
0,24776700
0,24508600
0,24259900
0,24242100
1,40747800
0,24554500
0,24257800
0,24019100
1,26755500
1,29119600
0,24501600
0,23802900
0,23836700
0,25598000
1,27119700
1,62453200
0,25891800
1,27075900
0,24222600
1,36695000
0,24237800
0,23633100
0,23450400
0,23958300
0,24242800
1,23774900
1,42451500
1,29074100
1,31402600
1,29149800
0,27091400
0,23382400
0,23983700
1,27043400
0,24287800
1,44107500
0,24430700
1,31840300
1,66891400
0,24269000
1,124319100
0,25200900
0,23818800
0,23744800
1,40369000
0,23873800
0,23403900
0,24249200
1,31452300
0,23490000
0,23644500
0,23432500
1,22477500
0,23306000
0,23300300
1,44894600
0,23303100
1,33289700
0,24029700
0,23614800
1,42909700
0,23518000
0,23697600
1,23503000
0,25859300
1,35050400
0,23514000
1,50688000
1,40470600
1,48069100
1,27627300
0,29766600
0,25709800
1,27132900
0,27175300
0,25228400
1,29176900
1,45694000
0,25061500
1,23029000
0,26191800
0,28709000
0,23898000
1,38814600
1,26314800
0,24389600
1,35222200
0,23630900
1,23208100
0,24019100
1,29167900
1,39384000
1,22079200
1,35128300
0,23697100
1,23674400
1,47476400
1,34342300
1,25452800
1,49195700
0,23928200
1,26014200
1,24724600
1,40726100
1,27703900
0,24314200
1,23985600
1,37641600
0,25017600
1,52146900
1,27658900
1,40144800
0,24149100
0,23843800
0,24843500
0,23786100
0,24058600
1,43304500
1,25941000
1,28866900
0,23435200
0,23342900
0,24240100
1,25189600
0,23406500
0,24376200
0,23447100
1,29940500
0,23272600
0,23388100
0,23352200
1,91746200
1,26926300
0,24427900
1,24823300
1,24225000
1,33346900
0,26249800
1,34006500
0,23464600
0,23394300
1,24946900
0,23592300
0,26098900
1,24944000
1,41100100
1,42229500
1,40952900
0,24512400
1,30213200
1,45858400
0,24322000
0,25294600
1,38179000
0,24515500
1,28430300
0,24065200
1,28148800
1,28238600
1,25870900
0,23426400
0,24695900
1,29207000
0,27099400
1,25831200
1,72005400
1,33928100
1,22364600
0,23943100
0,23734100
0,24008600
0,23376400
0,24057200
0,23299700
0,23556500
0,23307000
0,23492000
0,23250400
1,24054100
0,23481500
1,47806000
0,23506600
1,27498000
1,33689800
1,38988900
0,23575300
0,23449000
0,23488800
1,97866400
1,29939200
0,23373200
1,34070300
1,29003700
1,35847300
0,24867800
0,23254600
1,24897300
0,23273100
0,24240400
0,23808400
0,23365600
1,50530500
1,36234500
0,23906100
0,23416900
0,25015500
1,25305200
0,23346500
0,23393800
0,23392200
1,32305700
1,37217000
0,29037000
0,23420800
1,30300300
0,23707000
1,29489400
1,27350100
1,79045200
0,24584900
1,33129700
1,55238300
1,25503300
1,24463500
1,31231300
0,24264700
0,24160500
0,23299000
0,23322600
1,53760100
1,22196900
0,25196400
1,34527700
1,24232300
1,32965800
0,24059200
1,24191000
0,24496500
1,36462300
0,27719100
0,23885200
0,26763400
0,25728200
0,24756600
1,30190100
1,41806300
1,85851500
0,24810600
0,24914100
0,24137600
1,43284900
1,44764700
0,23565400
1,49319200
1,36229700
1,21914200
1,32916600
0,23231300
0,23459600
0,23409600
0,23372700
0,23510900
1,43143400
0,24420800
1,33238800
1,26904900
1,24239200
0,24230900
1,27498200
1,46054300
1,25372200
1,25345000
0,23479700
0,23777700
1,25325000
0,23793700
1,45193300
1,39585600
0,26107600
1,29194700
1,24102800
0,23895300
1,33998600
0,23410100
0,23513800
0,27717200
1,63467600
0,24206700
1,22792100
1,46969600
1,50886900
1,24480200
0,24687200
1,75282100
1,23918600
0,25225200
0,30390600
0,24400100
1,23750400
1,26663400
0,23758700
1,23686900
1,32184400
1,32710700
1,39011700
1,22148200
1,27853000
0,23753900
1,41694300
1,29704400
0,23345300
0,23319100
0,23755800
1,26829500
1,22546000
1,26372700
1,31844700
1,26119500
0,23921900
1,48497000
0,23408700
1,65692100
1,59000800
0,23347100
1,22693900
0,31191500
0,25908500
1,30899100
1,23968600
0,24314300
0,24621400
0,25359900
0,24689400
1,28715500
1,46284600
0,23763500
1,60557400
1,27637600
1,50416500
1,26224700
0,24129700
0,27489000
0,30080500
0,27076400
1,23474500
1,24730400
1,42866900
0,26906900
1,37625000
1,60902600
0,24926500
1,60063900
1,43970400
1,24326400
0,24098200
0,23509600
1,26641400
0,30776800
1,25986900
0,24588300
0,25343200
0,25442200
1,97009800
0,24251400
0,23788000
0,24221300
1,45839400
0,23788400
0,23857500
0,23983300
0,23747000
1,25554900
1,26378500
1,33957900
0,27814900
0,25475200
1,36845900
1,25213400
0,24851700
0,24643800
0,24420000
0,24420600
1,24436600
1,23805800
1,56768900
1,36534400
0,26112600
1,90587800
0,23358300
0,23357900
0,23439400
1,22954200
0,23257200
1,24499300
1,30887300
1,38106900
1,48641100
0,23467800
0,24819900
0,27980600
0,25496600
0,24299000
1,37678300
0,24290600
1,26890000
0,26383900
1,32050900
0,24639100
1,54743600
0,25018500
0,24518500
0,23861900
0,23675900
1,63113300
1,26472300
0,27476700
0,24470500
1,40372700
0,24161200
1,24165600
1,30457900
0,23319300
0,23860500
1,25545500
1,58630000
0,23631600
1,28642200
1,24482000
1,31556100
1,24679300
1,38257200
0,24280100
0,25149900
1,32606800
1,22781200
1,22861500
1,29533300
1,32619900
1,35475400
0,23853400
0,29947600
1,57082400
0,24284800
1,82463500
0,23995500
0,23883200
1,45421200
0,24878400
1,23287900
1,55755700
1,61934100
0,23275300
1,45463900
0,23396500
1,22872800
1,29476300
0,23846900
1,25946300
0,23851400
0,23788700
0,23744700
0,23606800
1,60098600
0,23445300
1,42692200
0,23252900
0,23436200
0,24177700
1,36238700
0,23440700
1,40583100
1,41505800
1,54644500
0,23502200
0,23427400
1,36300400
0,23404500
1,22162000
1,43416400
1,45938900
0,24223900
0,24213700
1,28061100
0,23333100
1,43506200
0,23285300
0,24990500
0,31977300
0,24574800
1,22655200
1,38830700
0,26429400
0,24704500
1,69467300
0,23895900
1,63590100
0,25371400
1,22314000
0,25028800
0,24903100
1,23403400
1,28235200
0,23751800
1,28032400
1,65844600
0,23681600
1,22014700
0,23335400
0,23550800
0,23368200
0,23410700
0,23521100
0,24174400
0,23715600
0,23381800
0,23320600
0,23341000
1,73518000
1,49410100
1,32750000
0,23354600
0,23880600
0,26536100
1,25340100
0,23851000
0,30926400
1,31234400
1,27242000
0,25068400
1,25320400
0,24188900
1,23784000
1,35392700
0,24329900
0,23829500
0,23789000
0,23784500
0,23751700
1,29405900
1,23480200
0,24523800
0,24605600
0,24870600
1,30295900
0,24765600
1,32060000
0,23467700
1,25779600
1,38511100
0,27399100
1,30032400
1,27601900
0,24291900
0,24356800
0,24477300
0,24199500
0,23240900
1,27806400
1,23043500
0,24044700
1,60682300
0,24061600
1,32948900
1,37678800
0,24044900
1,35226600
1,28384700
1,22006600
0,26202000
1,42471100
1,46537700
0,28680400
1,47549200
0,25021000
0,25366100
1,41048400
1,25632500
0,24305900
0,24059600
1,39326800
1,22267000
0,24577300
0,24081300
0,23687200
1,42970100
0,23323300
0,23333100
1,25069800
1,28398900
0,23361200
0,24034600
1,32491000
0,27122100
1,23300100
0,24286700
0,24593700
1,30738100
1,22387700
0,23923000
1,25711000
1,41565900
0,23674600
1,27931000
1,34208800
1,29555700
0,24864300
1,72352500
1,60721200
1,27806100
0,23916700
1,30869200
0,23744100
0,23575700
1,24379700
1,27511900
1,26681100
1,35169000
1,49736500
0,24001900
0,24237000
0,24164400
1,45150100
1,37157900
0,24597500
1,50065200
1,28879000
1,23911400
1,37839700
1,30221400
0,23380400
1,23381100
0,23445000
0,23257400
1,35123900
1,36369500
0,23966200
0,23716900
0,24157900
1,47381300
1,29333300
1,23550400
1,55461800
1,28231700
0,27803300
1,28289000
1,24469700
0,24751300
1,39060300
0,23783700
0,23827600
1,69400800
1,31666000
1,32455500
1,76638700
0,32259800
0,27915900
1,28857000
0,24863400
1,42789400
0,23575100
0,23554900
0,23881700
0,24399800
0,23369400
0,23451200
1,24517600
0,23297000
0,24360200
0,23453500
0,23378700
1,35149900
0,26638200
1,36246000
0,28318700
1,30150600
1,24670600
1,36353800
0,23686200
0,23777200
0,23855100
0,23749300
0,24881800
0,23451700
0,24657600
1,49016400
0,24268900
0,24535500
1,27242200
0,23765100
0,23400200
1,27240000
0,23349000
1,30017000
1,28048300
1,40125600
1,27789000
1,30552800
1,30829200
0,23833300
1,23665700
1,31758600
1,36137100
1,23397400
0,23316900
1,32786700
0,23473100
1,84631500
0,27344900
1,35127700
1,29091700
1,29485000
0,25855500
0,23808800
1,32295400
0,25459100
1,26215800
1,83663800
0,24247300
1,40598900
0,27022700
0,26152700
1,36870800
0,24235800
1,28235900
0,23788300
1,31298000
0,23907700
0,23530800
0,23377500
0,24835200
0,24107500
0,25201300
0,24659400
0,28259700
1,26394100
1,29761800
0,26118700
0,24515200
0,27693400
0,25135000
0,24823200
0,24848800
1,44309800
1,30463700
0,24716700
1,27860900
1,36933600
0,23391200
0,23916500
0,23664600
0,23708200
0,23331700
1,28330400
1,25286200
0,24449000
0,24327800
0,24245900
0,24370200
1,26532600
1,37910100
0,24383200
1,23305400
1,33744100
1,76015700
0,24766800
1,30827800
0,23890600
1,22835000
1,40209700
1,28704500
1,24627800
1,80914200
0,23753300
1,33938700
0,30215400
1,32908700
0,23941600
1,34112100
1,29044000
0,23797000
1,27686300
0,24038700
1,28691000
0,23368700
0,23426400
0,23373900
0,23384600
0,23805300
1,42187200
1,28021000
1,58901600
1,61679400
1,31666900
1,22756700
0,23919400
0,24037100
0,24016800
1,25636800
1,40755700
1,30023400
1,23702100
1,36878000
0,23394900
0,23420600
1,30524500
0,23375600
0,23350200
0,23496700
1,27868000
0,24994800
1,29466800
1,28717900
0,24215200
1,49663100
1,22438600
0,24983100
0,23937300
0,23733800
1,44189900
0,24758100
1,29353300
0,27832900
0,26094000
1,32617000
1,74990100
0,27249500
1,57367700
1,37193300
1,75823900
0,23478400
1,54674900
0,23311200
1,35932000
0,23261700
1,32058900
1,63771500
0,24084300
0,23363700
0,23595300
0,23383700
1,23375800
1,27586900
0,23488800
0,24847700
1,21931500
1,41951400
0,23456900
0,23397300
0,23436300
0,23469400
1,32500300
1,25519500
0,24283500
0,23944200
1,48171400
0,24399200
1,49201500
1,41141900
0,25603600
1,32960400
0,24471100
1,26067200
1,50557500
1,22368500
1,24009400
1,27183900
0,23399600
0,23429000
1,57087800
1,30558900
1,25152700
1,24315800
0,31327000
0,25939200
1,33093000
0,23619900
0,23335700
1,30615300
0,23442600
0,24588800
1,23497000
1,31722600
1,21938600
0,23734200
0,23328300
0,29794900
0,24854300
0,24125100
0,24311200
1,29857000
1,25809300
1,28951800
1,67662600
1,22709300
1,23928000
1,22263700
0,24335100
0,23522100
0,23466000
1,123698100
1,47315500
1,36229500
0,28217000
1,33187600
0,25173300
0,24828000
0,25062000
1,46839900
0,23466100
1,32685800
1,32583000
0,23381900
1,30264300
1,32176900
1,36250200
1,23550800
1,24059000
0,23464700
0,23406600
0,23282100
0,24254000
1,28906100
1,22826400
1,22291700
1,35717900
0,23512400
1,40964300
0,23403600
0,23792200
1,46218400
0,28074900
0,23685300
1,30625300
0,24245400
0,24753900
0,24234700
0,24333700
1,25383600
1,22853500
0,24840800
1,32565200
0,29516200
0,23564800
0,23593500
1,66424700
1,36794900
1,21853100
0,23492600
0,23289700
1,22056700
1,24916600
1,74526500
1,24773800
0,24176300
0,25147400
0,24519800
1,29462400
0,24229000
0,24243500
1,47177900
0,23452600
0,23580100
0,23879500
1,26194100
0,23427700
1,23960400
1,29219200
0,24273800
1,71052700
1,51877500
0,23478200
1,24299000
0,24410500
1,33574800
1,61072600
0,23405200
0,23429000
0,24441400
0,24760300
1,26296300
0,23416600
0,23357700
0,23379900
1,22141000
0,23490500
0,24072600
1,26076000
1,22173700
1,22065200
1,34318700
1,57119000
0,28212400
1,36256700
1,26267900
0,24747700
0,24682800
0,25165000
1,22264400
1,39232000
1,22179100
1,36674800
0,23247700
1,52267600
0,31681700
0,27152900
1,27392700
0,25706400
1,27255700
1,44113100
0,24397900
1,28064200
0,23887400
0,24227200
1,24923800
1,25208400
0,23560700
1,22014200
0,23416400
1,23730100
0,23472900
0,23420400
0,24646600
1,34376000
0,25525300
0,24053600
1,35852500
0,24442900
1,32444000
0,24229900
0,23619500
0,23649300
1,23599100
0,24113400
0,23585700
1,28937600
0,24477600
0,23551200
0,24408800
1,29565800
0,23312500
0,23511700
1,27546100
0,23395300
0,23404000
1,27088700
1,38499400
0,27514000
0,29312900
0,23798400
1,34047800
1,61809900
1,27494800
0,23185900
0,23572100
0,23580500
0,24941000
1,39810300
0,23311600
0,24710000
0,23393100
1,27151000
0,23499200
1,62623700
1,31509400
1,59448500
0,23951700
0,24326000
1,26130500
1,26513200
1,31185100
1,61072400
1,44214900
1,31072200
1,24293500
1,43782900
1,52770600
0,28643600
1,32153000
0,24932300
0,24708000
0,25165600
1,38006400
0,24399900
1,35804800
1,24108200
1,32003300
1,27498400
1,35700200
0,23612400
1,64761800
1,67308300
1,22845500
1,52407400
0,25452200
0,23692400
1,56322800
0,23826200
0,23932600
1,29735900
1,23369600
1,22912100
0,23341300
1,26372400
0,23792700
0,23849200
0,23756100
1,26986500
1,24585100
0,23446000
0,28052700
0,26321200
1,55219500
0,23352400
0,23245700
0,24084300
1,39591600
0,23398000
0,23339000
0,23450900
0,23309300
1,51258000
1,24777600
0,23754200
0,25232800
1,37781100
1,37161000
1,28453300
0,23592500
0,23425500
1,30498900
0,24474800
0,23302900
1,22120800
1,51563400
1,23726400
0,23871700
1,23505000
0,23347900
0,23287000
1,24631200
1,33836000
0,23728700
0,23371600
1,51304400
0,29630400
1,38167000
0,23350800
0,23474800
1,50451800
0,28928500
0,26598700
1,27261800
1,26953500
0,28163000
1,25999800
0,25278000
1,22613500
0,23681600
1,56372000
0,24781900
0,26130800
0,29265700
0,24715000
0,24782300
0,24805100
1,28951400
0,23419900
0,23732300
1,22127000
1,28814800
1,23281500
1,24625200
0,23377200
0,23476600
0,23351000
0,23544300
0,23223800
1,69001100
1,45630200
1,49004100
0,23318200
0,23438300
1,54776500
1,58205700
0,23422600
0,23320500
0,23942400
1,45656100
1,88284200
1,26887100
1,24767100
1,29571500
1,32586400
1,26481100
0,26294800
0,30041100
0,31238700
0,31873000
0,31923300
1,26092000
0,25252600
1,43551900
0,24323900
1,26741300
1,22139000
0,23273700
0,28028200
1,28825600
1,26104400
0,24183400
0,27570800
0,27269600
0,24278300
0,24383000
0,24166600
1,38230600
0,24538300
0,24547500
1,37495700
1,31702400
0,24970800
1,28977900
0,24743000
0,24931500
0,24297800
0,24720100
1,31125000
0,24486800
0,24388300
0,24706100
1,34963000
1,35540300
1,37283000
0,23958900
0,23395900
0,23612200
1,27758900
0,24904000
0,28671100
1,22827500
1,28120000
0,24756100
0,24285600
1,39940100
1,27907500
0,24221800
0,25054900
1,26732300
1,30455100
1,39678300
1,41157500
0,23418200
1,27462600
1,62046300
1,49099200
0,23287400
0,23692700
0,24965800
0,23415500
0,24370500
1,40686400
0,23880600
1,84706500
0,24420900
0,23456800
0,23727000
1,44430700
0,23372200
0,24071500
0,23704700
0,23426600
0,23383700
1,25025600
1,42132400
0,23810400
1,37772500
1,26013600
1,32576700
1,22169500
0,26539900
0,28541300
0,29974500
0,24583100
1,68579600
1,30554000
1,39600500
1,24763100
0,23413300
0,23327400
1,26558700
0,24652800
1,23427800
1,78157100
1,44467700
1,47470400
1,24569000
0,24617300
1,35844700
0,24248300
1,36140100
0,24778700
0,24240800
0,23784200
0,23785100
0,23995000
0,23883200
1,59629600
0,23671500
0,23506900
0,23638000
1,36338900
0,23311300
1,37143500
1,23834000
0,23600700
1,22096300
0,23511600
0,23498300
1,39445700
0,30497500
0,30379200
1,39930600
1,38157300
0,24933600
1,40622900
0,24961600
0,27527400
1,27026400
0,24401100
1,39900300
1,51108700
0,24631200
0,24949700
1,34312900
0,23370400
0,23587500
0,23761100
1,28435200
0,23685300
1,30657600
0,24099200
0,23785700
1,43591000
1,74882000
0,31393500
0,34041100
0,33597900
1,31324000
1,40955500
0,27347000
1,42807300
0,31653000
1,33199100
1,31350500
0,34675400
0,33572100
0,32848000
1,38950400
0,27828900
0,27379700
1,33217200
0,26611300
0,25006200
1,25879500
0,25026200
1,47704100
0,24862500
1,36674300
1,25883700
0,24384800
0,24992000
0,25580600
1,22978300
1,42559400
0,23897700
1,43708900
0,27072200
1,29392000
1,25815600
0,23332700
1,21953300
1,45808800
0,23430800
0,23577100
1,84583700
0,24735900
0,24038200
1,34303000
0,23897500
0,24289700
0,23841500
1,36923400
0,23791200
1,24606000
0,23782200
0,23978500
0,23770200
0,25902100
0,24121800
0,24685100
0,24404400
1,31265800
1,24252700
0,27577900
0,25400700
0,27527900
1,35341500
1,77159800
0,24919700
0,24972400
0,24371700
0,24326800
0,23599800
1,22218700
0,23354700
0,23794700
1,25392100
1,60110000
0,23433000
0,23289800
1,26996600
1,82196400
0,23744800
1,25368900
1,24215200
1,36663600
1,43634600
0,24186500
0,24376100
1,40171900
1,50990100
0,23335700
0,27412300
1,30492400
0,24351900
1,46005300
1,30682200
1,23549600
0,24739500
0,24193400
0,24773300
1,24044700
1,35698500
1,31655500
0,26354100
0,24388500
1,42890600
0,23943400
1,30831300
0,23734900
1,27456800
1,44272700
1,31634400
0,24276100
0,24287500
1,31338100
0,23760500
1,23744800
1,32839400
1,34685000
1,49116800
1,79209200
1,25013300
0,23370900
0,23346800
1,23551200
1,44396400
0,23649800
0,23921700
1,23350300
1,36547800
1,41257300
1,35265700
0,25132400
1,27955500
0,26998300
0,23249400
0,23296600
0,23487700
1,43550100
0,23995000
0,23813600
0,27505300
0,23352500
1,26567400
0,24606500
1,23691600
1,42261400
1,23032700
1,22361400
1,25146400
1,33942000
1,35625500
0,25723500
1,27526900
0,24842800
0,24783400
0,24839200
1,25577400
0,24173900
1,25292100
1,42835100
1,36469500
1,29757600
1,22328100
0,25630300
1,31680900
1,31965600
0,24598200
0,24388700
1,64062700
0,23828100
1,27578800
1,32652900
0,24454800
1,22891700
0,24562300
0,23549700
0,23583700
0,23368400
1,51801200
1,45803400
0,23854600
0,23797000
1,25054300
1,23824200
1,23077700
1,50289000
1,30910400
1,61107700
1,26308500
1,22188000
1,31510000
1,37630700
0,23819400
0,23894100
0,23991400
1,32206800
1,35414200
1,23550900
1,24621300
1,46066600
0,23417100
1,44247700
1,22863000
0,23376800
0,23560500
1,29210500
1,22358600
1,22033300
0,23426500
0,23234100
0,23262800
0,24437200
1,45781200
1,30843800
0,23343900
1,29525700
0,23728400
0,24070900
0,23729200
1,22725900
0,27326000
0,26254100
1,24775900
1,46985100
0,24367700
1,31747000
0,23769400
1,26728100
0,26534500
0,26460800
1,46723700
0,24260400
0,27906500
0,26622700
1,34060100
1,56995100
1,34324900
0,25948400
0,25037700
0,29955000
0,24820300
0,24757200
1,43829700
1,44749700
1,34046800
0,23903200
0,24355900
0,23509000
1,35255900
1,24081000
0,23794900
0,23738300
0,24924200
1,50519500
1,44554000
0,26037900
0,24340800
0,23468200
0,23370100
0,23477400
1,21943200
1,45095400
0,23747100
1,26056200
0,23289900
1,27544800
1,30456800
1,24534800
1,30209200
0,23317300
0,24193500
0,26801300
1,37889200
1,27058500
1,26049500
1,25955100
0,23532700
0,23544800
1,31134000
0,24045400
0,24982900
0,24809200
1,25113100
0,24379800
1,69175200
1,45406200
1,46736800
1,28572400
0,28706400
1,26913600
1,25632700
1,33260100
1,24177700
1,23964300
1,40555900
0,25558000
1,33478600
1,25545400
1,63161000
0,24248500
0,25740300
1,35697500
1,37393600
1,23732300
1,45769900
0,24551100
0,24514100
1,51551500
1,39236700
1,31629100
1,41256400
1,38680600
1,49766000
0,24296100
0,24302700
0,24343500
0,26436700
0,26477900
1,26100700
1,33616100
1,46367800
0,25055400
1,34085000
1,37523600
0,23283500
0,23772300
1,58943100
0,28314700
1,51665400
0,24667800
0,26215700
1,30281000
1,28058000
0,23719400
0,23402800
0,23325900
1,26601500
1,49115700
1,33596100
0,23481000
1,68000500
0,23741600
0,24178200
1,25590200
0,25109100
1,29314700
0,23429700
1,33257400
1,29643800
1,64777000
1,60211400
1,41576000
0,23774900
0,24180400
1,27070400
0,24276300
1,24509400
0,27524600
0,23486000
0,23381100
1,22558800
1,53829400
0,24542300
1,34004600
1,22270900
1,76452600
0,29020800
0,23814000
1,41134000
0,23495100
1,21859700
1,40632600
1,24436000
0,23871500
0,23912200
1,29020500
1,34750300
1,25941300
0,24292700
1,36782400
1,42292900
1,24248900
1,25588000
0,25277300
0,24884300
0,23793600
0,23803500
1,30064300
0,23584100
1,34236200
0,25859800
1,38931600
0,24520500
0,24320900
1,23533200
0,28575000
0,24424800
0,24257200
1,28277900
1,27366900
1,32989300
1,39418100
1,32081600
0,23409900
0,23449000
1,23136300
0,23460100
1,26329300
1,37289700
1,25727300
0,23959700
1,32509400
1,36876300
1,24917700
1,24534100
0,24286800
0,23485000
1,25249500
0,23389800
1,33868800
0,24643800
1,29351100
0,23562500
0,25667800
0,24276900
1,27172900
1,32579300
1,32156300
0,23572000
0,23310000
0,23743600
0,23806400
0,25325000
0,24083400
1,24722000
1,39346600
1,25421700
0,24387300
1,40254800
0,29582200
1,40238900
0,23731300
0,23805400
1,30247100
0,24526300
0,24081500
1,25656900
1,27588200
1,34059000
0,23684800
1,28345300
1,26760600
0,23773800
0,29325700
1,27177800
0,31080100
1,24053900
0,25799100
0,24249900
1,30150800
1,24558800
0,24370400
1,42863700
1,26980100
1,28220200
0,23715700
0,23768300
1,22021400
0,23310400
0,23407600
0,23317700
1,60528100
0,23291200
1,42666300
1,38824100
0,23965100
0,24452400
1,34468600
1,33257500
0,24378300
0,24518900
1,52632300
0,23787500
1,57665900
1,31776200
1,30884800
1,40366400
0,24128100
1,60050800
1,24654700
1,35694200
0,24288400
0,25920100
0,24330700
1,39268400
1,69117400
1,25178300
1,28174700
0,24076300
0,23756000
0,28135800
1,43138500
0,23314500
1,29811700
0,24429100
1,33094400
0,24329100
0,23660300
1,27634100
0,23847700
1,23436200
0,24394500
0,25128600
0,23753000
0,23820900
1,31856400
1,23681100
1,41405000
0,31104800
0,29951600
1,28254400
0,27394900
1,75583800
1,60947500
1,34796400
0,26570600
1,49365300
0,24692800
0,24267800
1,57529400
0,24286700
1,40943600
0,23985000
1,30796100
0,23780300
0,24656100
0,29299900
0,26051000
1,33899100
0,23924500
1,25367200
0,25701900
1,25449000
1,26523100
0,23354400
1,32846400
1,24621700
0,23981300
0,23952200
0,23805900
1,23062600
1,37094700
1,65867700
0,24318900
1,30155600
1,25308600
1,34848300
0,23891600
1,22375200
1,35179200
1,23184900
0,26621900
0,25069800
0,24797100
0,24868400
0,25901900
1,26652700
0,24681300
1,29342200
0,25453400
1,25889600
0,23310600
0,24596200
0,23367400
0,23919100
0,23427400
1,36383500
1,37439700
0,23328100
0,23764200
1,39340600
1,34601200
1,72296800
1,33742400
1,30214500
1,27122400
1,30305800
1,31245500
0,24864900
1,40957500
0,24173200
1,33915800
0,24403600
1,32766600
0,24098000
1,75458600
1,25548000
1,25584800
1,54899800
1,56526400
1,31929200
0,24317600
0,26693400
0,28833500
1,32031500
0,23614900
1,48968000
0,23886200
1,45001900
0,24624900
0,23723400
0,23772100
1,30884500
0,24584100
0,23949600
1,22556000
1,41021400
0,23401200
0,23561100
0,23948400
0,23402100
1,50838800
0,24545800
1,27558900
0,23967500
1,23113200
0,24216500
1,38930400
0,23687800
0,23359000
1,31727900
1,34733400
1,57248300
0,23192200
0,23235700
1,23411500
0,23534200
0,29946900
0,24571000
1,55216700
1,32064400
0,23687500
1,42425000
0,23808000
0,23476500
1,22337500
0,23834900
1,60186200
1,26580200
0,31589700
0,27236300
1,29622200
1,42631600
0,24541500
0,23195700
1,40548600
0,25150000
0,24253100
1,32671600
0,23811500
1,44640000
1,49997000
1,27276600
1,30399400
1,30557000
0,29041200
0,24951700
1,41564200
1,49259300
0,23877200
1,30436900
0,24871000
1,57474600
0,25050600
0,23598700
1,45500700
0,23766900
1,22405100
1,35711200
0,23832100
0,23990400
0,23614100
1,44593300
1,32024100
1,29306300
1,31674000
0,23423500
0,23465000
0,25006200
1,28692700
1,27328500
1,29422400
1,25127300
0,24189700
1,29897300
1,26441200
1,26361000
0,23293100
0,24169500
0,23430400
0,23339100
1,67304200
0,27504900
0,25751200
0,24313300
0,24023700
0,24827900
0,23930400
0,24393400
0,24582800
1,36280300
1,25329600
0,24186100
1,28515500
0,24039600
1,48627300
1,33072200
1,25296400
1,60347600
0,24018800
0,23478800
1,22141800
1,29351700
0,23775900
0,23902400
0,26681600
1,32040400
0,26972400
0,25424700
1,77233900
0,29603600
1,31890500
1,47368900
1,32794900
0,24729800
0,24465700
0,29503800
1,31687700
0,24290300
0,24891800
0,24602100
0,24855600
1,35889400
1,28249700
0,25262400
0,26252600
1,24462400
1,30058600
1,29304700
1,26070000
0,23381500
0,23544200
0,23979900
1,24609800
0,23664100
1,22262100
0,23507500
1,26217800
0,23402900
0,23715200
1,28366500
1,26689400
0,23651700
0,24460200
0,24285400
0,29228900
0,24212200
0,23443000
1,39326200
1,48904700
0,23391900
1,23187500
0,23505200
1,40367100
0,23435700
0,23313300
1,54174700
1,23075600
1,59375100
0,23774900
0,23770900
1,28833800
0,24660300
1,25164800
1,26226400
0,23374000
0,23678500
1,23744500
1,29574200
1,28265700
1,25022100
1,27648500
0,23302200
0,23445300
1,25040600
0,23421000
0,23367800
0,23571900
0,23263700
1,38145600
1,26408000
0,23459000
0,23589400
0,26320600
1,31720800
1,23674700
1,25101200
1,35469000
0,23737300
1,22272100
0,26822300
0,29680400
0,25041400
1,38495400
0,27511300
1,37164200
0,28474200
1,30976700
0,24289200
0,24269000
0,24433600
1,42440800
1,43337900
1,30846400
0,24739500
1,46996300
0,24344600
1,49968100
1,54510000
1,77096900
1,59053300
1,22739900
1,22154300
0,24080600
1,29030400
1,41690900
1,30990500
1,38447700
1,32324000
0,23327000
1,26397600
1,40946500
0,24310700
0,25175100
0,23722500
0,24096100
1,26487200
0,23456300
1,23603400
0,23567600
1,81632900
0,24802400
1,29004900
0,24263100
1,30943300
0,23285700
1,27230800
1,22126800
1,32789900
1,53790500
0,23452700
0,23436500
1,43707900
0,23681800
0,23712500
0,23565500
1,56568100
1,31022500
0,23342600
1,31354300
0,23540400
0,23345700
1,25054600
0,27804300
1,30620500
0,24030500
0,25064400
1,64846200
0,24355000
0,28364100
0,24072000
1,26821500
0,24467000
1,98202500
1,23775600
0,24321900
0,24815300
1,25421400
0,24233900
0,24373200
1,31982100
1,26594100
0,23600200
1,32297900
0,28179400
1,31730500
0,24900800
1,26199300
0,24790000
0,27522600
1,36617000
1,48313700
0,24854100
1,58292800
0,23657500
1,50081100
0,24101700
0,24434200
1,28993400
1,37685600
1,79050400
0,25273600
0,23567200
1,73227900
1,22791500
0,23981100
0,23947500
0,23382900
1,25756500
1,26330900
1,38268500
0,23990300
1,42590000
1,82830600
0,23652500
1,25928000
1,32507900
0,24700000
1,21921000
0,23459600
0,24885800
1,26068100
0,23457800
0,23361700
1,65849100
0,30547200
0,28629800
0,26926800
1,27156500
1,50133900
1,40786800
0,24263200
1,25641900
1,23390900
1,22807300
0,25528200
1,29988800
1,41915200
0,24688000
0,25315100
0,30647000
1,26320800
0,23484300
0,24500000
1,36136000
1,27672900
0,24280600
0,25643400
0,26927400
0,24491900
0,24325600
1,42105800
1,25968200
0,24260000
1,34261900
0,24238600
0,23815500
1,32483300
1,46616900
1,34877500
0,24265900
1,33563900
1,24452400
0,24061900
0,23496700
1,26676200
0,23673800
1,66443600
1,53702400
0,24866800
1,31426500
1,23432100
1,25142900
0,24720900
1,34480800
0,24820100
1,26004500
0,24181900
1,31128000
1,27592700
1,46249900
0,25335100
0,24454800
1,69206400
1,32710500
1,23950900
1,31400600
1,38359800
1,28590600
0,23593600
1,25964000
1,28390300
1,61821800
0,23714400
0,23411400
1,35517600
0,23944200
1,23862300
1,47474500
1,31004100
1,22228700
1,23614700
1,27844700
1,22994400
1,48661500
0,23795600
0,27033400
0,26421400
0,27629200
0,25286800
0,24487000
0,24281200
0,26193700
1,57542400
1,37801500
1,42778800
1,68329200
1,32020500
1,40914500
0,24774600
0,23691400
1,27925800
1,25519400
1,45513100
1,50660200
0,26522200
1,27842200
1,45780100
0,23638400
0,24586400
1,25004800
1,70917300
0,23788700
1,60514300
0,23527100
1,25274400
1,65279300
1,24645600
0,23464900
0,27147000
1,29009400
1,34555400
1,48649400
0,24332100
0,24890000
0,28769700
0,25345100
1,38343900
0,24688600
1,25351500
1,31009600
0,24197800
0,24241100
0,28595000
1,72400700
0,26171100
0,24039400
1,32120200
0,23845100
1,26545900
0,23712000
0,23360300
0,23369400
1,25915900
1,24604600
0,24407700
0,23973900
0,23726800
1,24748200
1,29879500
1,30781200
1,27689200
1,26140900
1,25423700
1,32663200
1,38988100
0,23856900
1,29338600
0,31393100
1,61897500
1,23475600
0,24717900
0,24727100
0,24636100
1,28043500
0,24012800
1,30170700
0,25081700
1,62048900
0,23778400
1,22550700
1,25217700
1,32069400
0,23771300
1,25172200
1,46546500
1,26312800
0,23642400
1,38613600
1,37343400
0,26049000
1,21953300
0,23711400
0,23629400
1,37856300
0,24431500
1,48028800
0,23613100
1,22176700
1,62393800
1,28122700
0,24040400
0,27523800
0,23822000
0,23815200
0,23879300
0,23754400
0,23645300
1,36455200
1,41789500
1,34633400
0,29033600
1,43214400
0,26088700
1,55177100
0,24399500
1,21944700
0,24097200
0,23583300
1,38135200
1,24707100
0,23740100
1,39140000
1,46602400
1,67290700
0,23740300
0,23329500
1,26298400
0,23406100
0,23509900
1,23660100
1,28427700
1,23496500
1,61232000
0,24563400
0,23910100
0,24272900
0,24279100
1,28234400
0,23824000
0,26788700
1,31233300
0,26690900
0,24999800
0,24775300
1,55009500
0,24232300
1,41036300
1,28761500
0,23361300
1,24497800
1,33245900
1,32151200
0,26684900
0,31994800
0,26589100
0,28504600
1,24498300
0,24235900
1,25671600
1,37364000
1,30539900
0,24341800
0,24049800
1,23975400
0,23800400
1,36664900
0,27219400
1,34449600
1,37937900
1,46580500
1,27697200
1,28191700
0,23371000
0,25055700
0,23336200
1,28060000
1,26185500
1,26132900
1,47075000
0,24211400
0,24385000
0,24465800
1,31210100
0,23793300
1,30631700
1,25648300
1,24725400
0,23853200
0,25706000
1,31679600
0,23851700
1,44612300
1,25814500
1,23416200
0,23976400
1,39269100
0,24052900
0,23677400
0,25998500
1,44966600
0,26778200
1,22709000
1,36661100
0,25582400
0,28353400
1,27449300
1,41203600
0,24764300
1,50877300
0,26206000
0,24970200
1,27341100
0,28877300
1,30372300
1,53604800
1,51182000
0,24481000
1,62467800
0,24025200
1,23870200
0,24213200
1,31541100
1,31400300
0,24016100
1,23327100
0,23350300
1,61176900
0,23370100
1,35072500
0,23641900
1,25690700
1,47167800
1,26651900
1,48833500
1,22331900
1,57940700
0,23702400
1,29687600
0,23452100
0,23447200
1,32894700
1,27051500
0,25027100
0,27535800
0,29247400
1,26345200
0,24369400
0,24557400
0,23254700
1,25430500
1,27718700
0,23272300
0,23347300
1,46423000
1,22046000
1,66745200
1,39020900
0,24500100
0,23855100
1,24223700
1,22256500
0,23968700
0,24193200
0,24285600
1,24426300
0,23744500
1,28288700
1,53346900
1,21996500
1,38738300
1,30583600
0,23702500
1,27323300
1,24367100
1,57867200
1,42381700
1,30939600
1,40995200
0,24188400
0,27868600
1,23842900
0,23743700
0,24140900
0,25383500
0,28441700
1,37043500
0,24398200
0,24997900
0,29160900
0,26144100
0,24237400
1,26467300
0,25183200
1,48714600
0,24682300
1,37722900
1,43970300
0,24804800
0,24093200
1,43793300
1,22249400
1,51421400
0,24075000
1,32123600
0,23925300
0,23937900
1,54879300
1,46506200
0,23695100
0,23769300
0,25768300
1,76381300
0,25482600
1,26997300
0,23206400
1,24922600
1,54177700
1,25444000
1,54544100
0,23600200
0,23682000
1,26411700
1,23183700
0,23782700
0,23955100
1,23636200
0,23812500
0,23977400
1,48823300
1,24112600
0,23750600
1,24953500
0,24029500
0,23658300
0,23297000
0,27927500
1,51048900
0,24397500
1,31987700
1,32363800
0,23226900
0,24227500
1,41354300
0,28368200
1,33954800
0,24276200
0,23758500
1,32574900
0,23321400
0,23369200
1,31399200
1,39021900
1,23456200
0,23974700
1,27123000
1,39728900
0,26975900
0,24455500
0,24215900
0,24259000
1,38057100
0,23717300
1,22551900
0,26682100
0,26378600
1,31906700
0,24696100
1,24378700
1,37387600
1,31644300
1,31215000
0,24752700
0,24692700
0,24680600
0,24756300
0,24506200
0,23577900
0,24611700
1,21874400
0,25403300
0,24916100
0,24395500
1,36067500
0,24444900
0,25319700
0,24303500
1,23023300
1,25509400
1,45637600
0,23829400
0,23600600
0,23706400
1,26299500
0,23625700
0,23529500
1,25796600
0,23446100
1,24418700
0,23493200
1,23235400
1,31158500
1,22174400
1,22117800
1,26623200
0,23282100
1,58478400
0,23441500
1,33001800
1,28910900
1,57250700
0,24415900
1,34980400
1,26206900
1,29035700
1,24656500
1,26213400
1,51044800
0,24061000
1,22067600
1,31051600
0,23618900
0,23284600
0,23353100
0,23365900
1,35362100
1,35059600
1,48816400
1,23840500
1,29267300
1,34251800
1,30700400
1,28606500
0,29088000
1,41161500
0,23817000
1,44200300
0,24618300
0,25682300
0,24328400
1,34887400
0,24401000
0,23948200
1,24878400
1,39216500
1,24352400
1,30616700
0,25348100
0,23956600
0,23454200
0,24309500
1,28720600
1,39036700
0,23945700
0,24106200
0,23946300
1,26097500
0,23393100
1,29493500
0,24073900
0,23315000
1,26465000
0,26291700
0,30127600
1,25400300
0,25653100
0,24860500
1,35046600
0,24188800
0,23381500
1,38601200
0,23859100
1,41416600
1,34856900
0,23384300
0,23366200
0,23424000
1,30114000
0,25606500
0,23710200
1,28991000
1,26436000
0,23749200
1,25232300
1,46220400
1,22917600
1,22785400
0,24411200
1,24300600
0,26973100
1,34278900
1,24567100
1,24856700
1,38554500
1,29880400
0,24400900
0,23878900
0,23327600
1,26132200
1,27169300
1,30982700
0,24077500
0,24275700
1,70456800
1,39102200
1,38918400
1,47318700
1,30665500
1,61050500
1,38640300
0,23518800
1,36382000
0,24786800
1,29229200
1,47315800
1,38307300
0,24047100
1,46133200
1,40760700
0,24002800
1,58633100
0,23286500
0,23683100
1,22295200
0,24185800
1,27563600
0,23611700
1,23688800
1,38197200
0,23684700
1,30419300
1,22466300
1,32809200
0,23449900
0,23327900
1,37271600
1,44973900
0,29471200
1,67055300
0,24432300
0,24284200
1,30546200
0,28287700
0,25895700
0,25129000
0,26964700
1,49425300
0,25663900
0,24285300
0,24292600
0,24242300
1,60592200
1,22010800
1,75801900
1,31407400
0,23791200
0,24012500
1,28048300
0,23527700
1,48930600
1,44528200
0,24853600
0,24312500
0,24242900
1,37908400
1,35686000
0,23857200
1,41614300
0,23462700
0,23878800
0,23327300
0,23307300
1,32236100
1,40230100
1,22149900
1,73281000
0,25910600
0,24883300
1,29286800
1,31253200
0,24967600
1,27246400
1,31866500
1,30955200
1,60302100
1,23859000
0,25023400
1,24597500
0,24004300
0,23594000
0,23306100
0,23391400
0,23224100
0,24472900
1,24346900
0,23725800
0,23345400
0,23682400
1,67145100
1,42968700
1,34497400
0,23441500
0,23866500
0,23662800
1,38161600
0,23448300
0,23337000
1,26547400
1,25188500
1,36649500
1,34691500
0,27379200
1,23760000
0,23755500
1,28938400
1,24174900
1,28502100
0,27348800
0,23341800
1,25660000
1,22353700
1,50215400
0,23778700
0,24555400
1,39988400
0,23730000
1,50160700
1,31913500
0,25003500
1,44221800
0,24520600
1,25887200
0,26232400
1,24303000
1,27444600
1,42854600
0,25470400
0,24177000
1,56285700
1,32584700
1,51147100
1,31793500
0,23549600
1,37485500
0,24255500
0,23943800
0,24041500
0,24144000
0,26373700
1,81259800
1,31528300
1,38341400
0,23719300
1,37570800
0,23721700
1,46756800
0,23432500
0,23453000
1,28898200
0,24302200
0,23261400
0,23560800
0,23348300
0,23517600
1,22047900
1,23465400
1,30448500
0,23257600
1,32843700
1,36286600
0,23555000
1,32578600
1,50715700
1,30466400
0,23519000
1,24750600
1,27489600
1,59688300
1,29518600
0,24327900
1,25375200
1,33853200
1,40746800
0,27264000
0,23460100
0,23638300
0,24728300
0,23700000
1,31906300
1,25096100
0,23242600
0,23477600
0,23624100
1,32040300
0,24810000
1,23728800
1,33787200
1,110158100
0,23191800
1,42357900
0,26931600
0,26849600
1,38663900
1,23004200
1,25201600
0,26288100
0,26027800
0,24228300
0,26668900
1,61459300
0,24698500
1,29333300
0,24360800
1,27169900
0,25784000
0,26794600
1,37880800
1,23763400
0,27111900
0,27528200
1,34267500
1,27539000
0,24336600
0,24212900
1,27411400
1,27900500
1,30266200
0,23954200
1,24168500
1,30234500
1,36446900
0,23330600
0,23948200
1,31241700
0,23985800
1,25293800
1,25355700
0,23859300
0,23743200
1,22464500
1,62561500
0,23242100
0,23354300
0,24526900
1,23604500
0,27517900
1,46971300
0,24362300
0,25342700
1,71851900
0,25529200
0,23425300
1,30477200
0,23866900
1,81009500
0,23429700
0,23391800
0,24146500
1,27717800
0,24111700
1,23222300
1,42378200
0,23532800
1,23708100
0,23320600
1,44270100
0,23327600
0,23839800
0,25518200
0,23787900
0,23839500
0,23806400
0,23744800
0,23289200
1,41006400
0,23870600
1,25160400
0,24795000
1,37599500
0,23665700
0,24255900
1,96835900
0,29327900
0,26057100
0,23246200
0,23929600
0,23961600
1,85963300
0,23429500
0,23491500
0,28213400
0,33597300
0,25635100
1,28855500
0,24665800
0,24844700
1,58400200
0,23665700
0,23885200
0,24374100
1,31303000
0,23573000
0,23437000
1,59778300
1,52637900
0,23335200
1,81373900
0,25690300
0,26012300
1,34671300
0,24471200
0,24326800
1,38761700
1,34113900
0,24064300
0,23944700
0,27702200
0,28990200
0,28606000
1,76230600
1,108094700
0,24030800
1,32758800
0,23786500
1,25022600
1,25309400
1,27268900
0,24047000
1,35137800
1,30121500
0,24426800
0,24302400
0,23371800
0,26479700
1,32474000
1,28029000
0,24522700
0,23841700
1,34009700
0,24169800
0,23852300
0,23907800
1,37151700
0,24513800
0,24836400
0,29402300
0,23871500
0,23737300
1,22637600
0,25292000
0,23804500
0,25421700
0,24223400
0,23572700
0,23872000
1,38750800
1,27058100
0,23709200
1,34679600
1,22064300
0,23726000
0,30041000
0,25946400
1,30127000
0,24309900
1,33785000
1,39215400
1,29998800
1,23144500
0,24302600
0,24960600
1,78846700
1,28541300
0,24678800
1,47481000
0,28504800
1,23220500
1,125389000
0,23428800
1,28667300
1,32944800
1,22175100
0,23370700
1,23097700
1,50544400
1,42084800
1,23464800
0,23497900
1,37503400
0,23720200
1,43558700
0,23489300
0,23602200
1,22425900
1,22400800
1,27698700
1,23379300
1,37585700
0,23510800
1,23625600
1,29129800
1,26755300
1,67428400
0,24738300
0,23375800
1,23229000
0,24266800
0,24259900
1,23474100
1,30370700
1,42850200
0,33152500
0,29862200
0,24818300
0,32688300
1,74489200
0,24778700
0,24199500
0,23790100
1,28806100
1,47864300
0,23892000
1,42786600
0,25636100
1,39113700
0,24398200
0,25220800
0,23855700
0,25782900
1,48962400
0,24157400
0,26543000
0,24295500
1,55004000
0,26724700
0,29985100
0,24062600
1,42692800
1,47924100
1,35865400
0,25330700
0,24301600
0,24097000
1,29892000
0,26243500
0,24137500
0,23762000
0,23751600
0,26051600
1,28298300
0,27850500
0,26284700
1,26252500
0,29007500
1,38075800
0,24781600
0,24718600
0,24417600
1,29514500
0,23604000
1,29470200
1,48912700
1,26634500
1,27993900
1,34393200
1,35471200
1,29883600
0,23450100
0,24641900
1,23201000
1,37900100
1,37124700
1,27105500
0,24195900
1,41827900
1,89124600
1,38213900
1,48666700
1,26412600
1,39056200
0,24125500
1,42816800
0,32733000
0,25906700
1,40482200
0,25023600
0,26529700
0,31451400
0,26290600
1,59341400
1,43082700
1,24190300
1,42628500
1,25294100
1,23253100
1,22313200
0,25941500
0,30501800
0,26922800
0,23820300
1,34840900
0,24693800
0,26313200
0,26081400
1,45401600
1,27216800
0,29699600
0,26766200
1,29325800
1,27801600
0,23993100
0,23768900
1,39846300
1,24083600
1,71943100
0,23736400
1,23529600
0,23839100
1,28748100
1,30608700
1,54112700
1,27006200
0,24223100
0,27663200
0,26358700
0,26503100
1,26896100
1,35699600
0,26847900
0,26186400
1,29978300
1,23365200
1,59541900
1,30784600
1,41176500
0,23629800
1,26292100
1,26191700
1,32128100
0,23374500
0,23704500
0,24304800
1,34209900
1,28076400
1,25832200
0,23818800
1,27144500
1,28907200
1,39985400
0,23669900
1,84659800
0,23646200
0,23689400
1,30709900
1,23417500
1,39306500
1,29324500
0,23595400
1,24644600
1,43641700
0,23484100
1,24509000
1,22323500
0,24604600
1,22775000
0,24299500
0,24210000
0,24193500
0,24294400
0,25682400
1,24457600
1,42966400
1,30388500
1,51615500
0,24826500
0,25228700
1,25483700
0,24428500
1,24170800
1,23470600
1,27528600
0,24091500
0,25176300
0,23746000
0,23756800
0,23996900
0,24083600
1,51755500
0,23628700
1,24853300
0,24918500
0,25572100
0,23432600
1,23808300
1,36494500
1,29741400
1,38592400
0,23849900
0,23492400
0,24563300
1,54194900
0,24130600
0,24341100
1,29151900
1,30068200
0,23567500
0,23680500
0,23986100
0,23265500
0,26968800
0,23812300
1,38281200
1,40357500
1,32772000
0,23355900
0,23675000
1,36811300
1,25066500
0,29011700
1,46232900
1,69879300
1,30737400
0,24798500
0,25123000
0,23789400
1,29002400
0,23468200
1,31253400
0,23552600
1,50046800
0,23482400
1,23330800
0,25176600
1,40969200
1,27671500
0,24613500
1,23249200
1,34514200
0,23782800
0,23669200
0,25318200
0,27688900
0,24306600
1,33224500
0,25989600
0,24509900
1,28662400
1,26151300
0,25126600
1,26130400
0,24045900
0,26677900
1,37623600
1,80133700
0,23662300
0,23433300
1,27653000
0,23411800
1,38861700
0,23535700
0,23294300
0,23777600
1,43780100
0,23574200
1,28638400
0,23308200
0,24404500
0,23635100
0,23917500
1,38763100
1,28760900
1,45720100
0,23909900
1,22169200
0,24397800
0,25687900
0,23255300
0,25158100
1,72424800
1,64137800
0,24271900
1,28864300
1,39252200
1,31218800
1,65490500
0,27673700
1,56707100
0,24448800
1,26981600
1,29429600
0,25812500
1,53381200
0,25311000
0,24385900
0,24206000
1,25936500
0,28834200
1,27365700
1,68709200
1,72818400
1,25965400
0,24186700
0,28400200
1,29488700
0,25138300
0,23965200
0,24537000
0,24117300
1,27300300
1,83665000
0,29080100
1,30026400
1,26981400
1,30329000
1,41737400
0,24255200
0,23780100
1,40186900
0,24305500
0,23503100
1,61822400
0,23402500
0,23594400
1,30300400
0,23256900
0,23507200
1,33413400
1,40678600
1,66234000
1,24061600
1,52150400
0,23377600
1,38526900
1,23773900
1,38135300
0,23333600
1,26986800
0,23257200
1,32827200
0,23514100
0,28002400
0,27128900
0,25842400
0,25984700
1,25191900
0,25208700
0,24866600
1,55964700
0,24559400
1,50972400
0,24568900
1,29569400
1,35939400
1,28876000
0,23274200
0,23373200
1,39482900
1,26061400
0,25072900
1,22216200
1,66101700
0,24268200
0,24348400
0,24183700
1,26411500
0,23644700
1,27677100
1,33116700
0,28222200
1,28978100
1,48341300
0,26923600
1,24179500
0,24487500
1,46373100
1,28071300
0,25611500
0,23525900
1,37013900
1,47695100
0,24908800
0,26466900
1,39291500
1,24826000
0,24857600
0,24816200
0,24761800
0,24413000
1,30640600
0,24169600
0,24346400
1,39552100
1,56659800
1,29198300
1,31007800
0,24217700
0,26883900
0,24568800
0,24172600
1,48627700
1,30746100
1,38422400
0,24234600
1,51625500
1,37301800
1,30436800
0,23684100
1,22251600
0,23285700
1,50985900
1,31311400
0,23376800
1,54631600
1,49425200
0,23759900
0,24013300
1,55470900
0,23614200
0,23360200
1,43154200
0,23551900
1,25350900
0,23895700
1,24495600
0,24806100
0,24218700
0,24322200
0,24268400
0,24234300
1,65570900
1,48589200
1,23286700
0,26067500
0,28309900
0,26508200
1,23227500
1,87536400
1,35706700
0,27457600
0,24466100
0,23725300
0,23795900
1,22266700
0,23694000
1,23843900
0,23595000
0,23343100
1,52507300
1,68583900
0,25289500
0,25564700
0,24800100
1,64529000
0,28460200
0,27599500
1,41968600
0,24831300
1,26561000
0,24024900
0,24107100
1,23075800
0,24180500
1,22885600
1,27976400
0,24646900
1,27214900
1,29874900
1,40077700
0,24252800
1,28724500
1,24692000
0,23910200
0,23398100
0,23421500
0,23550700
1,25981200
0,23331300
0,23504400
0,23655300
1,25566600
1,62218000
0,23784400
0,23879900
1,51750100
0,23507400
1,30721900
0,23543400
1,21895000
0,24516800
0,23427200
1,53768000
1,31391600
0,24203400
1,47713400
0,24075900
0,23602300
1,27655300
0,23491900
1,27605000
1,47756400
1,79658800
0,24280800
0,24306600
0,24632800
1,31129300
0,30377000
0,23434500
1,26430000
0,23730900
0,23586100
0,23509800
1,24640800
1,70218000
0,23305100
1,87241400
0,23735800
0,23929100
0,23634900
1,47339200
0,35000300
0,27277700
1,34796600
0,24785600
0,24604700
0,24048900
1,22821000
1,29431800
1,24824400
1,41850100
1,25126400
0,24142800
0,24544700
1,33539300
1,45178400
0,23405500
0,23447800
0,24487200
0,23470400
1,30850300
0,24111100
1,28931500
0,27200000
0,24662400
1,27356300
0,24644500
0,24577400
1,43783600
1,27684100
1,29005400
0,23519500
1,55827700
1,22115200
0,23658800
1,42025300
0,24443700
1,28804600
0,24251100
1,27350900
0,24009000
1,27802600
1,23862100
0,24084500
0,23406800
1,22273300
0,23837400
1,25051400
1,35925800
0,29981800
1,34018200
0,33065800
0,28695400
0,29712600
1,32805900
1,24658500
0,24391600
0,24603200
0,24339600
0,23856200
0,23766100
1,37104300
1,22987500
0,23367100
1,24454900
0,23820300
0,23380100
0,23545900
0,23408400
1,26407800
1,23299800
0,23375900
1,27162500
1,28903500
0,24195900
1,24469000
0,24064100
1,22492900
1,40216300
0,24862100
1,23035200
0,24438500
1,29270900
1,35132500
1,33062800
0,24690700
0,29342900
1,22794400
0,25872700
1,47161200
0,24454300
1,47936900
1,40769600
0,25049400
1,21979800
1,22179800
1,41893500
1,41142300
1,45749000
0,23344500
0,23816100
0,23431800
1,32986800
1,25227600
1,55671700
1,35065300
1,29221000
1,43509500
0,24426500
0,24448900
1,23428100
1,37917300
1,26048800
0,24349600
0,23563000
0,23518500
0,23410500
0,24592800
0,25752500
0,24983200
1,30568400
0,28100000
1,28469300
1,24697800
0,24929000
0,24228200
0,28241100
0,23590800
0,23297300
1,22102300
1,24751000
0,24004800
0,23472700
0,23497100
1,32472500
1,32068300
0,23554900
1,62463400
1,22292600
1,32009800
0,23203700
1,25736000
1,29964400
0,24612900
1,47285500
1,23906100
1,22600700
0,23358600
0,23625000
0,26809400
1,37716600
1,22066800
0,24482000
1,67649700
0,29862500
0,26821000
1,28185300
0,24709100
0,24263800
1,26448200
1,26359900
1,36020800
1,74687400
1,24588700
0,23908900
1,23590800
1,27684700
1,22345200
1,31672600
0,23888900
1,35853500
1,22125000
0,23602200
0,23481100
0,23577000
0,23811800
0,23749700
1,27429000
0,24595600
1,71775900
0,23668800
1,83840000
1,24769900
1,27814800
1,25419700
0,25115600
0,27532400
1,30774300
1,57671500
1,41043000
0,23879500
0,24121300
0,24783500
0,24321000
1,23284000
1,29008100
1,38471400
0,24402600
0,25316700
0,24330000
0,25827000
1,40093200
0,25149300
0,23505600
0,23552100
0,23680600
0,24127500
0,23613400
1,23166800
1,27361500
1,25895200
1,57951500
1,46819500
0,23711900
1,61147700
0,23709700
0,23659800
1,37128600
0,24183900
1,29376300
1,28497500
1,30771200
1,34343500
0,30354500
1,48564100
0,24701200
0,24745500
0,24927900
1,25135900
0,23439400
0,23369200
1,23370500
0,24465000
1,29922100
1,26316100
0,23473700
0,23601000
0,23431200
1,26338800
0,23886300
0,23660200
0,23488000
1,28991900
1,42274100
1,23344500
0,24222200
1,23058700
0,24271600
0,23483200
0,23755100
0,23496100
1,45156200
0,23294000
0,23423200
1,24675400
1,25817000
0,24597300
1,73266900
0,24086300
0,27907000
1,77759700
0,25027800
0,24237200
0,24058900
0,23787700
1,26227200
1,39840700
1,31127900
0,24338900
0,24107500
1,56726500
0,26136000
1,24459900
1,24042200
1,37460100
1,28944200
1,50658700
0,26038100
0,25437900
0,24419500
0,24325700
1,22953000
1,32064000
0,24070400
1,28238600
0,23670000
0,23479900
0,25061900
1,29101000
1,29477100
1,22246900
0,23444800
0,23707900
1,41041800
1,23272400
0,23788400
0,23739900
1,35594200
0,29315900
0,26477300
0,24255200
0,23746000
1,39683000
0,24596100
0,24710600
0,24309800
0,24114100
1,24956800
1,25253900
1,29525000
1,23958100
0,24738800
1,35353600
1,45167200
1,24282000
0,24379500
1,28430600
1,56069000
0,23855700
1,58825600
0,23478500
1,56717100
0,23589100
0,24998000
1,45789600
0,26636300
1,36297400
1,25370600
0,24195200
0,24628200
1,34717800
1,49857600
0,23339700
0,23318700
1,22787000
0,24602000
0,23661700
0,23566800
1,24506100
0,23962100
1,27927600
1,24699800
1,26842700
1,22266700
0,24033000
0,23817800
1,29817800
0,24363300
1,35672900
0,24258900
0,23587300
0,23694400
0,23477100
1,52923200
0,23485300
0,23539500
0,24941600
1,61275700
1,37129700
0,23484900
0,23425800
1,61104000
1,38388600
1,32496800
0,23626400
1,26289500
1,31303400
0,23236100
0,23882700
1,27796000
1,53496300
0,25577400
1,24500100
0,24383000
1,22984100
1,28247200
0,23493100
1,24587400
0,23475500
1,26936600
0,24257800
0,24410700
1,28766900
0,24456100
0,23845300
1,29313000
0,24266000
0,23709400
0,23996500
0,23773600
0,23779900
0,24839500
0,23205300
1,22554100
1,38313100
1,28225800
0,25577600
1,26364000
0,23963500
1,53819500
0,34322900
0,33655600
0,31380500
0,25731900
1,36886900
0,24263300
1,41967300
0,24258800
1,34227700
1,26636300
1,25254100
1,52280300
0,24759900
0,24842800
0,25536500
0,24305000
0,25731300
0,26921900
0,25689400
1,25823500
0,24406600
0,24772000
0,24093300
0,25332500
0,23875300
1,22484000
1,46087000
0,23534000
1,24554700
1,42627600
1,30648700
1,23865000
1,43083600
1,25916200
0,23779400
0,23767100
0,23538100
1,21835400
1,22474800
0,23279900
0,24904100
0,23350800
0,23471400
0,23256700
0,23553900
0,23411900
1,24925400
0,23700200
0,31409200
1,28272000
1,26773700
1,40744700
1,32455800
0,30837200
1,33756400
0,24718900
0,24821600
0,24672000
1,26904600
1,28594300
1,69011400
1,24853100
0,23369200
0,23377500
0,23972200
0,23549100
0,23297000
0,23365900
0,23997400
0,23340500
0,23423500
0,26316600
1,63015100
0,24150600
1,77945100
0,23295600
0,23422400
1,31959800
1,22563200
1,22115600
0,23309400
0,23326700
1,22391300
0,24242700
0,23999800
0,23499900
1,27705700
1,39218500
0,24362800
0,24159600
1,26368200
1,27781000
1,38514700
0,23482600
0,23651400
1,26112200
0,24293400
0,25397700
0,23572900
0,23378200
0,23892400
0,25888200
0,23611100
1,26711200
1,24121800
0,24344400
1,61595800
1,24259200
1,25713500
0,23678000
0,23519000
1,41241600
0,23568400
1,34649800
0,23551300
1,27847400
1,43275500
0,23687800
1,27679000
0,25243700
0,24572700
0,23997500
0,24564900
0,27633600
0,25157800
0,29264000
1,37008500
0,24279900
0,24484100
1,29336700
0,24839700
1,32865400
0,25018500
1,22892900
0,23977700
0,24035000
0,24030900
1,34605700
0,26194000
1,28420800
0,23923500
0,23940700
0,24067600
0,23849000
0,31088400
1,26057900
1,34387600
0,25163600
1,31015000
1,26304200
1,26731700
1,27491000
1,58796300
1,25724200
1,26082500
1,42376000
0,24003800
0,25244700
1,27096800
1,39682000
1,39298200
1,34675300
0,25927300
0,25706800
0,25410000
1,79456100
1,30217300
0,24923700
1,42183200
0,27627400
0,25345800
1,35452600
1,33079300
1,24697400
1,27252800
1,56187700
1,24281400
1,27949900
0,26702100
0,24192200
1,23479600
0,24405500
0,24886100
1,34193100
0,28421600
0,24557500
0,24263200
0,24619600
0,25921000
0,25037600
0,24839900
0,24821500
0,24823100
1,29751000
0,24704900
0,24519400
0,24345200
1,30663300
1,70618500
1,95033400
0,28340300
0,26401600
1,29583200
0,27587700
1,55697200
0,24707500
0,24971500
0,25623900
1,26497200
1,31272300
0,25005200
0,24986700
1,57882800
0,24907500
0,24798400
1,66211700
1,31933100
0,26223400
1,51734900
1,27127900
1,31756900
1,26105000
1,29226200
1,36932300
1,30142100
1,25214200
1,41971000
1,23528500
0,26347200
0,24837500
1,27947000
0,24839100
1,40034900
1,25355900
1,57625900
0,24561000
0,24487100
1,24494000
1,25671300
1,23669900
0,24862800
0,28414800
0,25456400
1,83226500
0,24960500
1,22778200
0,24353100
0,24491200
1,38147500
0,24331200
0,25330800
1,29808900
0,24364200
0,24561200
0,24370500
0,24443900
1,42783600
1,37979200
0,24567600
1,35544100
0,24472300
1,36212600
0,23749300
1,42942500
0,26227500
0,26701300
1,46849700
0,27341600
0,25453800
1,24446500
0,24850300
0,27484600
0,27172000
1,31455200
0,27726000
1,31111900
0,26127400
0,24775000
1,29371400
1,37020300
1,62057500
0,24433100
0,24118500
0,25827000
0,23956700
0,26719200
1,29117600
0,25243400
0,24300400
0,25089800
0,26545700
1,26043200
1,30448100
0,25083800
1,22617800
1,25005100
1,28321400
1,26762100
0,23781400
1,52379700
0,24151600
0,24783900
0,24357800
1,44834500
1,34713300
1,25515700
1,47963900
1,35464400
1,77469200
1,83732300
0,24664500
0,24776900
1,34749000
1,40359200
1,29302400
1,49548100
1,29793200
0,31773100
1,30050800
1,49982500
1,41462700
1,48276100
0,24491400
1,60582400
1,40864600
1,33833600
0,30229700
1,43525100
0,24325700
0,27280900
0,27120000
0,28950100
0,26478700
1,44455000
0,29746600
1,42181600
0,30657600
1,44615500
1,33228200
0,27516100
0,25020900
0,29501800
1,62121100
1,45909000
0,24669000
1,28691300
1,65692300
0,30868200
1,28573800
0,28866000
1,69230600
0,28660100
1,38977800
0,24494600
1,30929500
0,24514800
1,29089500
1,26252500
1,42145400
0,24406300
0,23893000
1,23832900
1,35571500
1,22677900
1,34308700
0,23452200
0,23568400
0,23566900
0,23577700
0,23677500
0,23402200
1,22541800
1,30596900
0,29438000
1,29894100
1,24308000
1,25916000
0,24221600
0,25006200
1,48569700
1,29722900
0,24618300
1,41172000
0,24424700
1,24332500
0,24756100
0,23579200
1,62266900
0,23321600
0,25606800
1,41473900
0,23333900
0,23257900
0,23613200
0,23607200
1,128772500
0,27776300
0,26860000
0,28471900
0,25656800
1,27288900
1,24656500
1,33689200
0,24705400
1,27639400
0,25768000
1,31512200
1,24789200
1,28648400
1,22991700
0,24125500
0,23928800
0,24074500
0,24314300
1,27489000
0,23899000
0,23631600
0,23675900
0,24134500
1,23338600
1,27652100
1,25363000
1,29309600
0,24640900
0,24297500
1,56062900
1,29874100
1,62200100
0,23786600
1,30825300
1,31333700
1,22987300
1,32302200
0,23509400
0,23659400
0,23608800
1,22706100
0,23416100
0,23859100
0,23809100
0,23357400
0,24319000
1,30624100
1,37202300
1,26576200
0,23953100
0,23934500
1,22536400
0,23973000
1,41331600
1,29701400
1,23475400
1,37515500
1,24541700
1,43773100
0,23537200
1,30039700
1,32153500
0,23275300
1,27421100
0,23819800
1,25130800
1,23712700
0,23572400
0,23690800
0,24612000
0,25957600
1,36135600
0,24540400
1,125792900
0,24758600
0,24856600
1,24822500
1,24510200
1,42428200
0,26383800
0,24612300
1,100798500
1,31442800
1,63024100
1,23147000
0,23457500
1,25102600
0,23355100
1,32761200
1,39446400
1,21852900
1,42897800
0,23563300
1,28177300
0,26375900
1,48813500
0,23894600
1,26564400
1,61130700
1,50360000
1,26525300
0,23395300
1,23824300
0,23752000
0,23747500
1,63669600
0,24140100
1,26818500
1,25538300
1,26703200
0,23732500
1,41145400
1,32520400
1,30735700
1,23420100
1,24963300
1,24777200
0,23781500
1,23564600
0,24821300
1,21762300
1,39171400
1,69548700
1,48471100
0,23257400
1,25080100
1,41821600
0,23486900
1,57005000
1,28829100
0,24175800
1,22249900
0,23623700
0,23663500
1,30012200
0,25631200
1,35046700
0,23817600
1,32740600
1,40810000
0,28239000
0,26473800
1,39807400
1,25104400
1,56619300
1,28988200
1,24887400
1,24646200
0,25334200
0,24722500
1,30744300
0,24081000
1,36736500
1,36655300
1,39381900
0,23840700
1,28441000
1,26793300
1,25565500
1,28770000
0,23597700
1,23591200
0,23941400
0,23472000
1,23478400
1,27025900
0,23565500
0,23452500
1,41986600
0,23849100
0,23653500
0,23791400
1,23474200
0,23576300
0,24264700
0,24118400
1,48138600
0,23926200
0,23995900
0,23772200
1,23473000
0,23859300
0,24742000
1,55891700
0,23369700
1,22299500
0,23257400
0,23974800
1,44503100
0,25000300
1,38382300
1,65974400
1,24821200
1,115117800
1,30738600
0,23500000
0,23848700
0,23374000
1,41426300
0,23533200
0,23316400
1,28017300
0,25844500
1,23689200
0,24242500
0,24209300
1,95553300
0,28349900
0,23678800
1,22913400
0,24482400
0,24425400
0,24663500
0,23909400
1,23841700
1,46453700
0,25792500
1,30024300
0,24372300
0,24339800
0,24845300
1,24676400
1,34888200
1,26108600
0,23852800
0,24175200
0,23760700
1,33886000
0,23893200
0,23496200
1,22210500
0,23517500
0,23868300
0,23906800
0,28654100
0,27182100
0,24960100
1,27144700
0,24910800
1,40715200
1,72564500
0,24730900
0,23441400
0,23370900
0,23463100
0,23751900
1,30058100
1,38172800
0,24624600
1,34002100
0,23385900
0,23328900
0,25077100
0,23249000
1,24912000
1,26776800
1,22435400
1,27810400
1,36509000
1,53648300
0,24141300
0,29159200
1,52887700
1,36358200
0,23456200
0,23909500
1,29204900
0,23319600
1,40814900
1,31394000
1,32729400
0,27182900
1,74110100
0,24677600
0,24404000
1,25959700
1,23869500
1,30465100
0,24093300
0,23921900
1,35064100
0,23382200
1,33042400
0,23399000
0,23296600
0,24299100
1,57473500
0,23784900
0,28214200
0,30478300
1,31898100
1,24422900
1,29696700
0,26031000
0,29219700
1,86731000
1,40805900
1,55686500
1,28455100
1,51911300
1,48221200
0,23373200
1,29912300
1,23423600
1,25276000
1,27112000
1,26313500
1,29950900
0,26061700
1,83563800
1,32253500
0,24203300
0,24467200
1,34027200
1,59733700
1,38054300
0,24021700
0,23942500
1,23468000
0,24015400
0,23920800
1,41110000
0,24664100
1,42880600
0,24657500
1,39234000
0,23911800
0,23747100
1,27049300
1,61397200
1,31120800
0,23358400
1,35954000
1,23124800
1,30775300
0,25562500
0,24783900
1,43156700
1,36058600
0,23967900
1,23810100
1,46935900
0,23595600
1,34776100
0,23715400
0,24065500
1,60879100
1,33642200
1,38428100
0,23902300
1,22828700
1,77209200
1,96052500
0,23706200
1,25473300
0,24834200
0,24994800
0,24602900
1,38123600
1,70648000
0,24090800
1,31933300
1,31955000
1,31359300
1,39193500
0,26690600
0,23905600
1,31453600
1,22485200
0,24274200
0,23435600
1,23587200
0,23311900
1,52329800
0,23451600
0,23338700
0,24322900
0,23434300
1,23301200
1,23558000
1,25005300
0,24349600
1,31131900
1,26920100
0,24254800
1,22392000
1,38792600
1,31805700
1,24077400
0,24243100
0,23409300
0,24729300
1,28942000
0,27901300
0,28620100
1,50169500
1,29359200
1,32821600
1,29461000
0,25380600
0,24244800
1,22981900
1,55768100
0,24216700
0,24043500
1,29748700
1,32471500
1,27402100
0,23916100
1,36906400
0,23916400
1,26307000
0,23774900
1,41817700
1,57988000
0,23513600
0,23552300
1,86003900
1,26228600
1,28401800
0,23366200
0,23932900
0,25889500
1,30732100
0,24595900
1,74730300
1,29993400
0,24272300
1,23435700
0,24201000
0,25334600
1,40334400
1,27160600
0,23525400
1,24841900
0,23599700
0,23471300
1,40985300
1,46501200
0,23635300
0,24594300
1,22195500
1,31329600
1,48049400
0,24024500
0,24010600
1,30733000
0,23660200
0,23643100
1,22461500
1,29504500
1,23572600
0,23975200
0,31185900
1,35851100
1,41751200
1,24821700
1,25082300
0,24129700
1,40512900
0,23939900
0,23538000
1,23492600
1,24313600
1,55907700
0,24225200
1,40715000
0,24848500
1,35692500
0,24270900
1,52007900
1,35250100
1,23093300
1,63018800
1,39143200
1,35379800
1,31439900
0,23723000
0,24095700
1,37323200
1,31797200
1,65466200
1,24138300
1,32465200
1,23649200
1,32253500
0,23652400
1,49012300
1,63209200
0,23628000
1,35040400
0,28412300
0,24601600
0,24952300
0,24533300
0,25669200
0,24797200
1,41196000
0,24352500
1,23019100
0,24211300
0,23231500
0,23232600
0,23364200
1,31151900
1,45693800
1,25996400
1,28618800
1,22425600
0,23463700
0,23530100
1,25357500
0,23478500
0,23234700
1,26224900
0,23343200
1,41163500
1,25182700
1,23177000
1,28818200
1,43725200
0,23987200
1,30636200
1,31198500
1,42287200
0,23536500
1,31605300
0,24090200
0,23401500
0,26862100
1,39806900
1,55629500
1,24905600
1,23119600
1,39230600
0,23624000
0,23622300
1,35038400
1,33273400
0,23548500
0,24003600
1,24047400
0,23916100
0,23928100
0,24147400
1,30139400
1,21897800
1,28075700
1,23307700
1,26622400
1,24790600
0,23258100
0,24950200
1,48919300
0,25851900
0,23391400
0,23541500
1,23204700
0,26823000
0,24286600
0,27426300
0,24244800
0,24207300
0,25006100
0,24402900
1,32986300
0,23593800
1,50607700
1,59262400
1,47800200
0,24761700
0,24751400
1,29230800
0,24260900
1,40220900
1,22640300
0,25290700
0,31951500
0,26926200
1,25592300
0,24204000
1,29445400
0,23912900
1,63676900
1,22772500
1,71280000
1,25446100
1,26447100
1,64463200
1,24652300
1,41497900
0,23571800
1,29619300
1,24807600
0,23662800
1,40413200
1,28143300
1,25281400
1,23025400
0,25730400
1,25363800
0,24162700
0,26155600
1,68816400
1,34651500
1,26190700
1,38045500
1,31448900
1,39008100
0,24454300
0,24456700
1,24840900
0,24548200
1,24345800
0,24394300
1,25342400
1,41867400
0,25725600
0,26100500
1,39470300
0,23672500
1,27906100
1,27907000
1,22483700
1,35197900
0,23563100
0,23596300
1,25680300
1,30703800
1,51073600
0,23337000
1,27323100
0,24900100
1,33136200
0,26020900
0,25302900
1,25030400
1,28573900
0,29373300
0,25955200
0,25046800
1,37554100
0,24772400
0,25064800
0,24767600
1,23277700
1,30592100
1,24203500
0,23978600
1,60282400
1,34196200
1,33994400
1,28367700
1,28166500
0,23202000
0,23622200
1,38435400
0,23647300
0,23411400
0,23785000
1,33249700
0,23534200
0,24884100
0,23821900
1,32749100
0,23913100
1,23100500
1,27657400
0,24393800
1,23664400
1,66036500
1,26526400
1,27369400
1,47199700
1,39726000
0,23722800
1,29470900
1,48081100
1,51622600
1,27580900
0,23613100
1,38334700
0,24288100
0,23790500
1,22819200
1,24009300
1,40501100
0,26472900
1,24005500
0,23245200
1,32011600
0,23285900
1,32997500
0,23368000
1,29246100
1,44150200
1,39989900
0,23351500
1,31657200
1,56971600
0,23976400
0,25255300
0,23845200
0,24015000
0,24568800
1,27193900
1,27366100
0,23482800
1,74869300
0,28925100
1,48748700
0,24304800
1,22811700
1,24371200
0,25044100
0,24089300
0,23469000
1,24969300
1,25709500
1,36430700
0,25283900
1,33620000
1,23309200
0,24437000
0,28457200
0,26721300
1,28524500
0,24395500
1,32951100
1,29625700
0,24633700
0,24334800
0,24490000
0,23821100
1,38457200
0,23694900
0,24254300
0,24179600
0,24392900
1,24191400
0,24254300
1,54430500
1,25401600
1,28181900
1,22774600
1,31952100
0,23743000
1,32158900
1,25417700
1,34425600
0,24262300
1,27288900
1,27745200
1,25032500
0,23826300
1,22488000
0,23839100
1,34817100
1,30596000
1,29843400
1,31652400
0,24101900
0,23452900
0,23609400
1,23716400
1,61286700
1,45006300
0,23875000
1,30461700
0,25231400
0,24092000
1,53890100
1,26567800
1,22318100
1,28875700
1,54514400
1,38827800
1,51865200
0,23486900
1,27034500
0,23221500
0,23364500
1,49492000
0,29098700
0,28062900
0,25177900
1,26235100
1,40297200
1,58382700
1,42995100
0,24407600
1,34160100
0,23483200
1,23897200
1,24723600
1,28488600
0,24818900
0,24522100
1,23345600
0,25755700
0,27344800
0,25018200
1,68646400
0,24187600
1,26810100
1,44007700
1,62164100
1,25075500
0,24283600
0,24336600
1,46355800
0,23543400
0,23881800
0,23334100
0,23368500
0,23260100
1,34019000
1,22258500
0,23733700
0,24523500
0,23389600
1,30932800
1,61757600
1,50884600
1,27611300
0,23616900
1,48966400
1,25131100
0,23755400
0,23847300
1,83469000
1,65294300
1,24563200
0,23412100
1,24895500
0,23228000
0,23925000
0,23386700
1,25497700
1,41229700
0,23305900
1,101534800
1,34716900
0,23406000
0,23472700
0,23225800
1,35471200
1,30109300
0,27160600
0,31158000
1,39644600
0,29102300
1,22543700
1,31036400
1,30932700
1,40628400
1,26145500
1,29371500
0,24276400
0,24161600
0,23861800
1,68095400
1,41267900
1,37717100
0,23900300
0,24045900
0,24722600
1,44863500
0,24252000
0,27458000
1,24847800
1,61614100
0,23448600
1,30188100
1,32463300
0,23431200
1,59551400
0,23271000
1,26973100
1,31653700
1,68552800
1,52164500
0,27707300
0,27148100
1,27481700
0,25015100
0,24353900
0,24964600
0,24275900
1,28992800
1,29541500
1,22380100
0,23323700
0,23339000
1,30810900
0,24015300
1,26651500
1,24489500
1,23961300
1,34440000
0,23907800
1,26013700
1,47958700
1,38349700
1,36704300
1,49193600
0,23889400
1,40604900
0,23437400
1,56187900
0,26123200
1,28143500
1,36319900
1,32748900
0,26144900
1,23613500
0,23530700
1,23050600
0,27228500
1,35925700
0,25262600
0,24499900
1,29842400
0,24215000
1,25036300
1,23076400
0,24218500
0,24469400
1,61762800
0,23674300
1,44748600
1,25069600
0,24217200
0,23628900
0,23303000
1,27648300
0,23315700
1,25203200
1,26613800
0,23550600
0,23409800
1,29123300
0,23256400
0,23323200
1,49274200
1,33394500
1,22079200
1,22162000
1,33525700
1,40292300
0,23400500
1,22139100
1,27710900
0,23830300
1,58245100
1,27821300
1,50262100
1,26214500
1,57395200
1,37419800
1,41875600
0,24348000
0,26298100
0,27239000
0,24651000
0,26373700
0,24188100
0,24416400
0,24159300
0,24214800
0,24238900
1,35914300
1,26552900
1,23392000
0,23366900
0,24206000
0,23528300
1,54520800
1,33513600
1,23482500
0,23846400
1,31353000
1,22634200
0,23444800
0,23477300
0,23625300
0,23752600
1,52065600
0,24907200
0,25496000
1,27065600
1,39820300
0,28466700
1,38016100
1,29011100
1,45067100
1,85264500
1,51772200
0,25961100
1,65687900
1,38305300
0,24748500
1,87433000
0,24334500
1,29553100
0,26800700
1,27313500
1,32787700
0,24327700
0,26999800
1,33058700
0,23943600
0,24055800
1,26664600
0,23964200
1,29544800
1,77527300
1,39581300
1,50541800
0,24192600
0,23641300
1,37933400
1,45749900
1,26200800
1,22930500
0,23778300
1,22697300
0,23632100
0,24010500
0,24033500
1,39698300
1,53574300
0,23552000
1,52319700
0,23888400
0,28946000
0,25414400
1,27648200
0,26212500
0,25139200
1,45658100
1,36783400
0,26922000
0,28940900
0,31740000
1,54293900
1,30875400
0,24670000
1,54880000
0,23573700
0,23828600
0,23589900
0,23826100
0,23692000
0,23642500
1,23773800
1,78886700
1,30578000
0,24637600
1,37250700
1,131332500
1,27259800
0,23594600
0,23397700
0,23698900
1,24815500
1,22455000
1,29429600
1,43302300
1,50588200
1,34942300
0,23660800
1,61467300
0,25150700
1,22165800
1,29497900
0,23564700
0,23489300
0,23776600
0,23878500
0,23861100
0,23766400
0,23818400
0,23398400
0,23494300
1,33371000
1,35600800
1,48648500
1,23514600
1,28636000
1,37543200
0,23434600
1,48078900
0,23185700
0,23611600
1,26451500
1,61932100
1,58290100
0,24155800
0,25429600
1,27684300
0,23879000
1,37793900
1,24712100
1,29667100
1,45142300
0,25063100
0,23569000
0,24101300
0,24279200
1,71860700
0,23777200
1,23898800
0,27998800
1,43333500
1,36271700
1,28509500
1,48638200
0,26680500
0,25892400
1,23697300
0,25788100
1,25332500
0,25417400
0,24480700
0,24415700
0,24356500
0,24740200
0,24368200
0,24294500
1,31869400
0,23965800
0,25236300
0,23720300
0,23667300
1,24720300
0,23664200
1,22508700
0,23478000
0,23582100
0,23418600
1,25331000
0,24179900
0,23939300
0,25184400
0,23770500
0,23802300
1,32780100
1,25765000
0,23441300
1,28846800
0,23974700
1,44017500
1,51165300
1,25037900
0,24341300
1,26607500
0,23665900
0,23432800
1,25108100
0,23241000
1,47280600
0,23394400
0,23223500
1,38444600
1,36157100
1,28970400
0,23306200
0,23500400
0,24152900
0,24645700
0,26104300
0,23247500
0,25362400
0,26928200
0,28965500
0,27245500
0,23379000
1,42192400
0,24799800
0,24069000
0,23923700
0,24021400
0,24854700
0,26629900
0,23490800
0,23447100
1,50849000
1,53473000
1,43215900
1,27117500
0,27920400
1,23211500
0,24670800
0,24489100
1,36538800
0,24207200
0,23975200
1,28838000
1,24171100
0,25962900
0,27472300
0,24476900
0,24392700
0,24515400
0,25328800
1,52785600
1,24392600
1,40734000
0,23768000
0,23320400
1,39968500
0,26381400
1,34507500
1,26017000
0,24960000
0,26602700
1,39235700
1,33677100
1,38675500
0,23347000
0,23285100
0,23278500
0,23291500
0,24800100
1,33918300
0,23546800
1,72299800
0,29731700
1,35295700
1,84822200
0,24598200
1,25761900
0,24074900
0,23517700
0,23295700
0,24781800
1,36559200
0,23454200
0,23390600
1,26931200
1,26597000
1,26245800
0,23354700
0,23365400
1,22826800
1,35023200
1,22895400
1,29138200
1,34301800
1,65151500
1,39326600
0,23590900
0,23269600
0,23496600
0,23335000
1,28470200
1,47913400
1,32671700
1,22916000
0,23873200
0,24142500
0,24485100
0,24357200
1,23272500
0,24400100
0,24040400
0,23903300
1,73223400
1,22404200
0,24408000
0,23417800
1,53521900
0,25232800
1,25240300
0,28457400
0,24405200
0,24655700
0,25122800
0,24282200
1,56699300
0,24323400
0,23926900
0,24086800
0,24005800
0,24446800
1,25995300
0,28945700
1,66078000
1,32792000
0,25789900
1,36142200
0,25454300
0,25113700
0,24263200
0,24368700
1,28444600
1,50556900
1,36558600
0,23676900
1,27282100
1,28874600
1,22424300
0,24141900
0,23216900
0,24548500
0,23485900
1,37022100
0,23477600
1,119561900
0,24315900
1,24492100
0,23382800
1,33319900
0,23200100
0,24086900
1,24961600
0,23600600
0,24116900
0,23492900
0,23667900
0,23550400
1,40085700
1,23099700
1,27650400
1,34150500
0,27577400
0,25076200
0,24334500
1,27422900
1,26453200
0,24420400
0,24546900
1,28539600
0,23875500
0,24517000
1,22732900
1,115515300
1,24910600
1,34094200
0,23798000
0,27953500
1,40205600
1,28434600
1,24534800
0,25003700
1,26097500
0,24351800
1,40684700
1,26059900
1,23196600
0,23686100
0,23710000
0,23415600
0,23538200
1,33021700
1,25724700
1,45901000
1,30757500
0,25492000
0,23556300
1,25447500
0,24313000
1,52198400
0,23890400
0,27264200
1,28289300
1,24767100
0,23248700
0,23823200
1,52587400
0,24891700
0,23449400
0,23374600
1,26522000
1,22767500
1,27964400
1,25496300
1,51542100
0,30947100
0,28284100
1,30344700
1,25406500
1,22919100
0,24417600
0,24455000
0,23852100
1,27412800
0,23376400
1,42322300
1,46067900
1,30546800
0,23862700
1,22330200
1,46023100
0,28225900
0,25930700
1,25522700
1,33733700
0,23804800
1,37648000
1,22544500
1,25392400
1,23433100
0,23335100
1,38513300
0,23320200
0,23464200
0,23504400
0,23490200
0,23437000
1,30645900
0,23971300
1,28978500
0,24941500
1,57832800
1,23937800
0,24181500
1,35354400
0,27185800
0,24786500
0,25330400
1,38378100
1,24094100
1,26345900
1,28729600
1,42283800
1,31893300
1,82610700
0,23802700
0,23474300
1,42401700
0,23647900
0,24070000
0,23542000
1,33602000
0,23600400
0,24064000
1,38410300
1,49542300
0,23757400
0,23721400
1,22402200
0,25221100
1,35637500
1,41919500
1,25819700
1,31865700
0,23993000
0,23993500
0,23890500
0,24190200
1,32509700
0,23830900
1,28386900
0,26528600
0,27414500
1,33372500
0,26173500
0,25463400
0,26596000
0,27420900
1,27454600
1,35736100
1,140106400
1,24790100
1,70412900
0,23569300
0,24076300
1,26712300
0,24085700
0,23969500
0,23892600
0,23974800
1,24594900
0,23893600
0,23479000
0,24614500
1,30024000
1,34909400
0,24006600
0,23848900
1,29314200
1,23891200
0,23757400
1,30118800
1,26503600
0,23300100
1,28825000
0,29622400
0,28805800
1,34645500
0,24501700
1,48515800
0,25319600
1,78913200
0,23974800
0,23728800
1,31302600
0,23298200
0,23757200
1,101158900
0,24740400
1,29100700
1,45769100
0,23615200
0,23877700
0,27245600
0,27517300
0,25642300
1,27094800
0,23694700
0,23814400
0,23732700
0,23970100
0,23892900
1,32134900
0,23737100
1,25216100
1,31865900
0,23308200
0,23440800
1,24948200
0,23365000
1,28000300
0,23340700
1,30634900
1,27290500
1,29577000
1,24157900
0,27531500
1,44241400
1,25794500
1,26992400
0,24374800
0,30867800
0,23780400
0,24833000
1,37359300
0,24044900
0,23830000
0,24010600
0,23641500
1,23266400
0,23309900
1,30177400
0,25228800
1,27128700
0,28420800
1,24468800
0,26574200
0,24273600
1,23555400
1,26244400
1,30972800
0,25387200
0,24433600
0,24296400
0,23668100
0,23433900
1,28535900
0,24387900
1,29559700
0,23824800
0,24098100
0,27321900
1,29388700
1,26876800
1,64105900
0,24859000
1,57129200
0,24306800
0,23951400
1,36143800
1,29936500
1,25677100
0,24018600
0,25252700
0,23550500
1,43396300
0,23640600
1,27291200
1,37667900
1,27931400
0,28015500
0,24927000
0,24352500
0,24450900
1,38285400
0,23912800
1,32078600
1,49486500
1,31547200
1,27177200
0,23360000
1,25279600
1,31705200
0,23337400
0,23515800
0,23888600
1,23141000
0,23462100
1,45810800
0,23695800
1,24960500
0,23474400
0,24338100
1,33699800
1,48578500
1,72421100
1,28596400
1,33159300
0,23433300
1,21968200
1,25627500
0,24052100
1,65736100
0,23775000
1,37738400
1,22306900
1,24094100
1,25006700
0,24255900
0,23258900
1,32708700
1,32505900
0,24863000
1,38335300
1,35459300
1,93549200
0,24566700
0,24376700
1,55875900
0,26844800
1,35600600
0,26464500
0,26012700
1,49790000
1,30213800
0,25405900
0,24334100
1,30103600
0,23770500
1,53062100
1,75538300
1,36401800
1,34496400
0,25586100
0,24671200
0,24540000
0,25172300
1,23756200
1,76367800
0,24071100
0,23338100
1,23102400
1,22020100
0,23204900
0,23390900
0,23314000
0,23847000
1,30075200
1,36728100
0,23384800
0,26398200
0,27393200
0,26499800
1,40406400
0,24588100
0,24826000
0,24280400
1,27701900
0,23848200
0,24002600
0,23765000
0,24060600
1,23841700
1,30899600
0,24432000
1,29619200
1,23390400
0,23526600
0,24885500
1,26147200
0,25929700
1,52531700
0,24535100
1,26902500
0,24332300
0,23564500
0,23544900
1,47692000
0,23785200
0,24118200
0,24528000
1,34581400
0,23923600
1,23186500
1,28121700
1,22426600
0,23778200
0,23676900
0,23401700
1,36490700
1,26820700
0,23518600
1,58119500
1,55347800
0,26591300
1,50237600
1,50466800
0,27672900
0,29870700
0,28714100
1,46948900
1,39605300
1,24863100
1,33357900
1,43027400
1,26561800
1,28347900
1,25424200
1,52467600
1,31875000
1,47449200
0,23731100
0,26546900
0,26193400
0,27296700
0,25718400
0,24426300
1,43406800
0,26482500
0,24315700
0,24322000
1,24474300
0,25274400
1,24178700
1,27146100
1,54623700
1,26191700
0,24645300
0,24903200
1,28658500
1,34833500
0,24933400
1,27006600
0,24390800
0,24323500
1,22967700
0,24280300
0,23878800
1,27321600
0,23274100
0,23331500
0,23197800
0,23587400
1,34512600
0,23440900
1,24158600
1,30220500
0,23362100
0,23373000
0,23412600
1,30546600
1,48042200
1,25881100
1,34045500
1,25901200
1,32223300
0,23913400
1,59924500
0,23923900
1,42283400
1,44370600
1,32203200
0,26430300
0,26541400
0,31179800
1,77869600
0,24881100
0,25086900
1,43775900
1,43027800
0,24022500
1,23893000
0,23701000
0,27495000
0,26748700
1,55908400
0,25130900
1,37440900
0,24837500
1,62155200
1,26971700
1,26722300
0,24473800
0,24502000
0,26057900
1,98020600
1,58723200
1,31442500
0,23766200
0,23874600
0,23449800
1,27071000
1,81581000
1,35273100
0,24318700
1,50281100
0,24710100
0,23580100
0,23998700
0,23426700
1,23987900
1,41194600
0,24307400
0,23933000
0,23481300
0,23526900
0,23645400
0,23630900
1,60674300
1,42692400
1,22355100
1,28191700
0,26598000
0,23875000
0,23978200
0,23947100
0,24019500
1,24866600
1,45824800
0,25247600
1,32275700
1,51839900
1,23832300
0,23919400
0,24564000
1,25798200
0,24799200
0,23599400
0,23713600
0,24230600
0,24293600
0,24733500
1,35593200
1,25606900
1,27497300
1,22918400
0,24180600
1,32847200
1,27689400
1,32887700
0,24263200
1,49746800
1,27391300
0,23700700
0,23519100
0,23339600
0,23483400
0,23480000
0,23360900
0,23660000
0,23462300
0,23537800
1,79651600
0,24346600
0,24527300
1,23141300
1,26222900
1,40636100
0,23621700
0,23624000
1,23672200
0,23544300
0,24717400
0,27170300
1,29317300
1,29897000
0,27487900
1,30545300
0,25227700
1,23718700
0,24848200
1,64483500
0,25482200
0,24016400
0,24540200
0,25080900
1,55999000
1,27290800
0,25176600
0,27984600
0,29475800
1,42978000
0,31512400
0,27311900
0,24179100
0,24586000
0,25056500
0,24016100
1,24149300
1,27183800
1,25319500
0,23705200
1,22088600
0,23640800
0,23637700
0,23525200
0,24620600
0,23971000
1,25694700
1,22726100
0,24252500
0,24354900
0,24288000
0,24444100
1,38966100
0,23988000
1,23606700
1,54545000
1,37402700
0,26747700
1,74634500
1,39976200
0,24734500
0,24332600
0,24242100
0,25101200
1,27797800
1,22623900
1,25836600
1,42232000
1,25240700
1,29855400
1,32099700
1,28380000
0,24210600
0,24393600
0,23344600
0,23573800
0,23492100
1,23270800
1,58505500
0,24496600
1,30941500
1,40293100
1,34659600
1,29667200
0,23334300
0,24362100
0,23255700
0,23482500
1,40447500
0,25518500
1,37840400
0,24261400
1,26438300
0,25254100
1,24263400
1,35107200
0,28854900
0,25097000
0,24742300
0,24719500
1,37650200
1,27437500
0,26180300
0,23332900
0,24317900
1,37180600
0,23524600
0,23419600
0,24235000
0,23313600
0,23510100
0,23245500
0,23463600
1,24582400
0,23771100
1,77294400
0,25680400
0,24644700
1,36529000
0,23523600
0,23898300
1,29063500
1,24346100
1,31109300
1,21963200
1,35492400
0,29846400
1,39038000
0,26030700
1,54513000
0,26939200
0,24568500
1,68453100
0,24560100
0,24422600
1,28486800
1,34462900
1,27272800
1,28566500
1,28351000
0,23646400
1,28451200
0,24287000
0,24339700
0,24215400
1,22638700
1,23454500
0,23293100
0,24323200
0,23803400
1,33653700
1,89603200
0,25524100
1,39284500
0,24015700
0,24343100
1,34120000
1,25575200
1,29714300
1,26422700
0,23291500
0,23411700
0,23376600
1,34187100
0,23317200
0,23349100
1,39528600
0,23399000
1,33047300
0,23469400
0,23279600
1,26441700
0,24092600
1,35857200
1,28790700
0,23583800
0,24423100
1,47102300
0,23778200
0,23575700
0,24525900
1,36900600
1,34414300
1,34580600
1,31358600
1,49701000
1,28626000
1,31063100
1,65871200
0,24735200
0,24271400
0,23843800
1,37722700
0,23447700
1,30165500
0,23384900
1,44847100
0,23469000
1,30247200
0,23664700
1,34779200
1,41527300
1,29077100
0,23981500
0,24448900
0,24282700
1,31582900
0,25858100
0,24497500
1,22964200
1,40919200
0,24160900
0,25181000
1,35107900
1,52350100
1,29701100
0,25032500
0,24218700
1,23890500
1,23306300
0,23976900
0,23274700
0,23325600
1,60340200
1,63400500
1,45812100
1,33944500
0,23672200
0,23557200
0,23443900
1,26254700
1,84090700
0,23659200
0,23788700
1,75821400
1,29443400
0,23667300
0,23661100
1,27269700
0,23413100
0,23487700
1,28988000
1,33638900
1,67363400
1,39960900
1,41175700
0,24334800
1,27056600
0,25413300
1,43140300
0,23522500
0,23258700
0,25267800
0,23346600
0,31009700
1,50354800
1,29476700
0,24830000
0,27612900
0,25576500
1,60409400
1,26391200
1,28744800
1,46115000
1,29955500
0,24762000
0,23583500
0,23318400
1,60137800
0,24945200
1,24739600
1,42617000
1,32793500
0,24663600
1,43612000
0,24404700
0,24256000
0,24530000
0,24396800
0,23467900
1,42131000
1,52513100
0,23421100
1,31996100
0,26004900
0,24357700
0,23743600
0,26865300
1,24886700
1,30472800
1,41957400
1,38543100
1,30112600
1,24781300
0,23392000
0,23610800
0,23687100
0,23617100
1,45189400
1,24135200
1,34472400
0,23837800
0,23727300
0,30051800
1,23469000
1,22924100
1,55639600
1,68651100
1,38176600
0,27367000
0,28101200
1,33872400
1,52932000
0,23858700
0,24160800
1,27079100
1,23655100
0,23782600
1,31454300
0,23443500
1,27893400
0,23342600
0,26327900
1,51026300
0,24163500
0,24266800
0,24163600
0,24174700
1,22576300
0,23588900
0,23469400
0,24492600
1,77151500
1,30228900
1,35761500
1,37970600
1,30447100
0,24949800
1,24919000
0,27647200
0,24807900
1,52272200
1,97154700
1,40256700
0,24393100
0,24269700
0,24392000
1,28311400
0,24033200
0,23858100
1,24316700
0,24198300
0,23816200
0,23718600
0,24019400
0,23596000
1,68447900
1,32540100
1,46186800
1,39740800
0,23826600
1,33433900
1,41109700
0,23576400
1,22859300
0,26608000
0,24859700
1,24296600
1,43211400
1,22295900
0,24741600
0,24008500
0,23779100
1,31223500
1,35293400
1,50682600
0,23877200
0,23313800
0,23343700
1,23605300
1,21987400
0,25095200
1,33468900
1,24801300
0,23607100
1,42247500
0,23277000
0,24152400
1,27696200
1,27228200
0,23333500
0,23247800
1,34668400
1,24044000
0,23595700
1,22212500
1,22998600
0,24294400
1,22458800
0,24539600
0,23481300
0,23607200
1,36284100
0,26327600
1,36487500
1,27932100
1,24433600
0,25038300
0,24700600
0,24372300
1,117993300
0,24878200
1,38188800
0,25449400
0,24921000
0,25736600
1,29087400
0,25418000
0,25429400
1,30699100
0,27979700
1,27132600
0,27215700
1,24212300
0,26467300
0,25338000
0,24854500
1,26403100
0,24357400
1,24666400
0,24398000
1,23584100
0,23938800
0,24130500
1,25703500
1,29466400
0,23245600
0,30846200
1,24293400
0,23432000
1,24146500
1,48686200
1,29604900
1,24104700
0,24399900
0,24280300
1,72750300
0,23284600
0,23679500
1,22251700
1,28566600
1,23061000
0,23973900
1,44369100
0,23241200
1,36399000
1,41536100
0,23520800
0,23335300
1,22221500
0,23275400
1,91392500
1,67634700
1,30049000
1,22202700
1,47113600
0,27512300
0,23487500
1,25180400
0,26451100
0,26516100
0,24402300
0,25256300
0,24253500
0,24288100
0,24353400
0,24312900
1,43748400
0,27869600
1,25104900
1,25021900
0,23753500
0,23890500
1,38099500
0,26418000
1,23262700
1,27529200
0,24861700
0,24619300
1,34261700
1,25753000
0,24437700
0,24313800
0,24221400
1,30382000
1,31422200
1,24683700
1,24998700
1,38486300
0,25259500
0,23739900
1,27031200
1,33855300
0,23943200
1,22284200
0,25944400
0,24106600
0,24524400
1,86480400
1,65099500
1,60652200
1,26591700
0,27631500
0,24236800
1,74137200
1,32114700
1,37747700
0,25068700
1,38522700
0,25210700
1,34896800
1,32663200
1,37818100
0,24250900
1,40195000
1,25777100
1,23344800
0,26545300
0,28418400
0,23893400
1,31680400
0,23993700
1,23560400
1,27419900
1,29137700
0,26505400
1,58172600
0,28888600
0,25985200
0,29754400
1,47162200
0,27146300
0,29266700
0,29945700
1,38360000
1,26640800
0,27722000
0,28372500
1,26316800
1,35497000
0,28247300
0,27586800
0,29195000
0,28266900
1,28033100
0,28796100
1,30180400
1,25111100
1,33577600
1,24436500
0,28739400
0,26870600
0,25721900
1,37718100
0,27164000
0,27155100
1,33229700
0,29847200
1,32249200
1,40434700
0,26569100
1,44409800
0,27697800
0,27611900
1,23539100
1,28081200
1,47683500
1,23512700
1,69271000
1,40587900
0,29536400
1,31037100
0,29461800
1,27328400
0,26911500
0,25703200
1,50280700
1,43084800
0,24139300
0,24225700
0,24283400
0,24290600
0,25452900
0,24314700
1,29328400
0,24215400
1,29600800
1,31593600
0,23378700
1,29219900
0,23514800
0,24326600
0,24339200
0,30082100
1,37821500
1,23143200
0,24327000
0,24136000
1,33720800
1,24104100
0,23710700
1,46177600
1,41125500
0,24194700
0,23937600
0,24294500
1,36945300
0,24651500
0,23530300
1,43395800
0,23909700
1,37234800
0,24259200
1,30719800
0,28391000
1,85264800
0,24318400
1,31379800
1,46190200
1,33452900
1,61514200
0,24360700
1,30382100
0,25247500
1,27344400
1,22770200
1,28672200
0,24225700
0,23926900
1,39884500
0,28166900
0,25385000
1,34079100
1,27775800
1,23311700
1,61645800
0,23463200
1,25019400
1,24668400
1,23452700
1,46400100
1,45808000
0,23296100
1,44360700
1,23436500
1,33635600
0,23424600
0,24085600
0,23350000
1,25185400
1,22262400
0,24140700
0,24065500
1,28539200
0,28086900
1,23830400
1,23025500
0,23479200
1,36798500
0,25625000
0,25350000
0,24183300
1,37222700
0,25858300
1,39902300
0,25738000
1,48406000
0,24761700
0,25506700
0,24853100
1,23170900
0,24948800
0,24745100
0,24350500
1,23379100
0,23975300
0,25095200
1,53437900
0,30971300
1,123512300
0,24525100
0,23744600
0,28298200
0,26707100
1,45784200
1,24860400
1,25704000
0,24823900
1,30141300
1,39659700
0,24536500
1,27435700
0,24365900
0,24300800
0,23615100
0,23319000
0,23805800
1,22063700
1,44113400
1,31266200
0,24409700
0,23520200
0,23302300
1,120074400
0,23502100
1,22765100
0,23453900
1,38839000
0,24277300
1,45067300
1,45129600
1,22530800
1,43154100
0,24149000
1,33438700
1,25496600
0,24035600
0,23937900
0,23866600
1,83541000
0,27420500
0,24685000
1,41840900
0,25001600
0,24445900
0,24492700
0,25694900
1,29190500
1,39630100
0,23814000
1,34704800
1,26636700
0,24374800
1,26551600
1,38104600
0,25610600
0,24838600
1,31806700
0,25209900
0,26394700
1,47264200
0,27172100
1,74222100
1,41240700
1,31851500
1,22886000
0,23628600
0,23503000
0,23353000
0,24955700
1,35904800
1,31234300
1,27314900
1,51407500
0,25209900
0,25184300
0,24672000
1,73309300
0,27531500
0,23826500
1,26710200
1,40409500
0,23514400
1,23238800
1,43368000
1,22087100
0,23233200
0,24316600
1,29192800
1,71917700
1,30725300
0,23822200
0,23450000
1,29228100
1,30463700
0,24024400
1,71513500
1,68083900
1,32536700
0,23256900
0,24235800
1,23222800
1,25598500
1,39038300
0,24603300
0,24406600
0,27505600
1,28050800
0,30031500
1,33625600
0,24405000
0,24287500
1,24409500
0,24617700
1,26431800
0,23576200
0,23237700
1,48581800
1,34014200
0,23439500
0,23340100
0,23716800
1,28180300
0,23604900
0,23743500
1,26079200
1,36912900
0,23697500
1,22505900
1,26557500
1,53329200
1,54352500
1,29243100
0,25828600
0,23550500
1,41263000
1,28715200
1,41519700
0,24699000
1,49747200
0,24890500
0,24231900
1,37660900
1,35406600
0,30342000
0,27299900
1,40149700
1,24015900
0,24872500
0,24616900
1,28690300
0,26107700
1,27271300
1,46681900
1,33982800
0,23847000
1,50331500
0,24594600
1,22486800
1,44352000
0,23475600
1,41699600
0,23406600
1,25465900
0,23345100
0,23596300
1,35905800
0,24467300
0,23798200
0,24322800
0,24200500
1,28866600
1,33049100
1,26694600
1,50159400
1,28328600
0,24754000
1,31251000
0,24355000
1,51111900
0,24998800
1,41982900
1,22077000
1,24911800
0,23912200
0,23246500
1,24856300
0,23225800
1,22763800
0,23295900
0,23298000
0,25247100
1,39821200
1,59770700
0,23180700
0,23575100
1,31158800
0,23289800
1,40510800
0,23437500
1,29315700
0,27337400
1,41519300
1,32253800
1,22611800
1,22863900
1,24805300
0,23471800
1,31739700
0,23775000
1,60955400
0,29788500
0,29639300
1,31682200
1,53839900
0,24712800
0,24603600
1,42036100
0,23981100
1,24181200
0,26185300
1,37251200
0,25537900
1,49287200
0,24305600
0,24565300
1,31550400
1,29343800
1,22967500
1,30893700
1,33848500
1,35836700
0,23673600
1,29704900
1,45664700
0,23982400
1,22590100
0,24262000
1,50800600
1,62171500
0,25574400
0,24097000
1,60749200
1,24760300
1,27161400
1,39334700
1,42698400
1,36051900
1,43187700
1,22634300
1,34593800
1,32075500
1,36962400
0,23421600
1,57679300
1,38538800
0,23974100
0,26000600
0,23856300
1,25961500
1,28136400
1,23768600
0,25289900
0,23462900
0,24310600
0,24388700
0,23882700
0,24218800
1,28319600
1,34774300
0,24154900
0,23795500
1,33014700
1,31939500
0,24052400
1,56194200
1,37517500
0,23728500
0,23804400
0,23818800
1,28456200
0,31959500
1,43639800
1,23322500
1,89968200
0,23314400
0,23353600
1,21946800
1,25925900
1,23842900
0,23446600
1,21852200
0,23365000
0,23426000
1,26388700
1,40442200
1,34192600
0,24145100
1,23069600
1,26084100
1,43712300
1,34831500
0,24696000
0,24303100
0,23451800
0,23969100
0,25171100
1,48482800
1,64660400
1,46775100
1,56289100
0,23668500
1,23125200
1,22265400
0,23573500
0,24089600
1,51519200
0,23455500
1,26615100
1,25595200
0,23529300
0,23992100
0,24244500
1,25585300
1,24563000
0,23310000
0,23353900
1,32882000
0,23445500
0,26050500
1,45046200
0,24618700
0,24521300
0,24386800
0,24615100
1,27605500
0,23993100
1,36513000
0,24153800
0,23578900
1,24200200
0,23606200
1,27496300
1,37988300
0,26871700
1,27844600
0,23605900
0,23659800
0,23900200
0,24208800
0,24615300
1,28601300
0,23493000
1,41453300
1,33963400
0,29278200
1,25004800
0,24514200
1,39363000
0,24363700
0,24702700
1,44366300
1,32386900
1,30316300
1,29666300
1,53447100
1,28023000
0,24654000
0,24288000
0,24434400
0,24456100
1,44063400
0,23518100
1,35457500
0,23446000
0,28686100
0,23886100
0,25469700
0,24626400
1,37738300
1,24742000
0,24162100
0,23732800
0,23746600
0,24872200
0,27839800
0,24287700
0,26683600
0,25807800
0,25111600
0,27223500
1,41813700
1,32123000
1,36721800
1,42220400
0,28247400
0,24248100
0,23408100
0,23687200
0,23654500
1,26008600
1,28680100
1,27366300
1,42205300
1,37650500
0,24350800
1,23509600
1,24137700
0,24062700
1,55215900
1,44241400
0,27590500
1,43661200
1,32485900
0,24969900
1,28725000
1,28519600
1,47589200
0,23959100
1,33870300
0,23710900
0,23892400
0,23392700
1,38898500
1,26720400
1,28097300
0,23315300
1,25633000
0,27786400
1,49588800
0,24388300
1,22942400
1,26216400
0,25027000
0,24430400
1,27308000
1,32186200
1,35985000
0,24399300
0,23602800
0,23892900
1,43209900
0,25067400
1,38741500
1,30937900
1,25344800
0,26849600
1,59480800
1,25999400
0,23503200
0,23842000
1,24580100
1,22070900
1,38963700
0,23516300
0,23253200
1,37899600
1,32223900
1,42556900
0,24163500
0,23545000
0,23532300
1,71318200
1,47440200
1,29825300
0,24347500
0,23756400
0,24110100
1,26756400
0,26546200
0,26279700
0,25688500
0,24929400
0,24883400
0,25521400
0,24316500
1,23149700
1,51069900
0,26934400
1,52465200
1,38476500
0,24356800
1,28211800
0,24510300
0,24135300
0,23570700
1,26610900
0,23634600
0,23391800
0,23539600
1,35355200
0,23527700
0,23604700
1,25428000
0,23714800
1,34607100
1,75668100
0,23686800
0,23749500
1,63303900
0,25520900
0,24761500
0,24872600
1,26084800
0,25725200
1,30229100
0,23974900
1,23148100
0,23854200
1,35648200
0,23525300
1,29842000
1,61030100
0,24934300
1,47483200
1,27062700
1,24455200
1,32760500
1,40340400
0,23278700
0,23691500
1,23518500
0,23447800
1,54183000
0,24184800
0,23276000
0,23405700
0,23426400
1,37887200
0,23400700
0,23399200
1,42736800
0,25018100
1,51102400
0,24235200
1,27375300
1,25749500
0,24404100
0,23948800
0,23832600
0,24426900
0,23859300
1,30554600
1,22176000
1,39914300
0,23540300
0,23786100
0,23736800
1,37988000
1,37360300
0,24036900
1,25858400
1,23475400
1,54600100
0,25024600
0,26943700
0,25174500
0,26947100
1,43975300
1,26035900
0,24310600
0,24432900
0,24325100
1,91831500
0,23399600
0,23408300
0,24668800
0,25186800
1,38782900
1,64149400
0,28955000
1,51631100
0,23803000
1,29943700
1,29398900
0,24683300
0,24007500
1,22865600
1,24166000
1,28807200
1,42145300
0,24246600
0,24304800
1,25787900
1,34730500
0,23604300
0,23233900
0,23287600
1,24730600
1,24879200
0,23388700
1,27650200
1,24775100
1,39210500
0,24819700
0,24575800
1,23146000
1,24734600
1,48810700
1,36203900
0,24404500
0,24529100
0,24302600
1,34720300
1,24500500
1,24121300
1,28865800
0,23812600
0,26440300
1,46138800
1,58360700
1,54236200
0,28858300
0,30979100
1,33841000
1,28390200
0,23318300
1,53396300
1,30970700
1,24901000
1,27635200
0,23300100
0,27705600
1,35739000
1,31261900
1,25986100
1,24716300
0,24074500
1,28495600
1,28466500
0,23992000
1,56184600
1,25811600
1,33263200
0,23975400
0,23887100
1,34031800
0,23737600
1,22287300
0,24156500
0,23525900
1,23682200
1,31141100
1,34078800
1,58676000
1,31395100
0,25440300
0,24863600
0,24682600
0,25214600
0,24640300
1,87313000
1,30821600
0,27342400
1,44238200
1,55544600
1,27586400
1,26052800
0,23791500
0,23701200
0,23990200
0,23738200
1,26187300
0,26508500
0,27600200
1,28373400
0,24290700
0,24308900
1,37168600
1,27806500
1,27583200
1,53158700
1,26061000
1,39428100
0,23669200
1,33877200
1,27848200
0,23674400
1,80034000
1,23884100
1,28089700
0,23566900
1,39989500
0,23345000
0,23196700
0,24127800
1,29479900
0,23553100
1,49167500
0,23839000
0,23953800
0,23795400
0,23754100
0,23407800
0,23564300
0,23560100
0,23523200
0,23892800
0,23842900
1,58853900
0,24056900
1,25770000
1,22241000
1,23765800
1,24135400
0,24887200
0,23489700
0,23747800
0,23548600
0,23889500
1,35132400
0,23503800
0,23446900
1,43741500
1,29328900
0,29862000
0,28361600
0,25548900
1,35298900
1,30736200
0,24951100
0,29103900
1,29422400
1,37364800
0,28017700
1,34829100
1,46729000
1,29770300
0,24262700
0,24370000
0,23537200
1,28266700
1,31590900
0,24459400
1,29652700
0,24371900
0,24494100
1,36893100
1,47176200
1,25735100
1,36374900
0,23571800
1,38666900
1,22873900
1,41678300
0,27467100
1,31466300
1,26796800
1,22829400
1,65538100
0,24009900
1,26725100
0,23984400
0,23518100
0,23523200
1,34663100
1,35922100
0,25132900
1,46881100
1,40499200
1,32375300
0,23205900
0,23466100
0,23434200
0,23896100
1,39883500
1,41782900
1,26449200
1,56021400
1,22207100
1,58210000
0,23522500
0,23789400
0,23377500
0,23731100
0,24105000
0,23504800
0,23497300
1,22140500
1,41969200
0,25652800
0,26759200
0,23794800
0,24340400
1,33561200
1,28017100
1,25245800
0,27632000
0,27105100
1,24987400
0,24413000
1,26233100
0,24673100
1,24553800
1,24387000
0,26213300
1,28645000
0,24331600
1,32959700
0,26261500
1,23236400
0,25075000
1,45432600
0,24384100
0,24600700
0,23822700
0,23544200
1,23416600
1,22702200
1,22125100
1,26429200
1,23731800
1,26414700
1,29977300
0,24365600
0,27243600
0,26336000
1,44654600
0,26660500
1,32820600
1,49895300
0,24389700
1,32220000
0,23571100
0,23507300
1,31896000
1,45768000
1,27237000
0,23892400
0,23888700
0,24003200
0,24537200
1,36788400
0,23440900
0,23897600
0,24906000
0,24576100
1,29360900
0,24242700
0,23859100
1,28764500
1,25244600
0,25667700
1,26079300
0,23892500
1,52157200
1,27032500
0,26254600
0,24340200
1,28245600
1,22790200
0,23957400
0,27640000
1,35917300
1,39295400
1,32409600
1,60653000
0,24237400
0,26332700
0,24542300
1,47343900
0,24505900
0,24309400
1,24367800
1,38342600
0,24352700
0,24213200
0,24309600
1,31956300
1,25283000
1,23820900
0,24636800
0,24291000
1,24677800
1,32657400
0,23728600
1,64169700
0,23739000
1,38071900
1,36295900
1,23275600
0,23232900
0,23211400
1,22089400
1,30984000
1,81877200
1,36282100
1,23634300
1,24027500
1,28717300
0,24555200
0,25127900
1,27184600
0,24580100
0,28110600
0,24874300
1,39753900
1,22922100
1,24489400
1,30929200
1,31186500
1,31264200
0,23340900
0,24182300
1,47344300
0,23535700
1,45970500
0,23566000
0,23602000
0,23562000
0,23674000
0,25043100
1,43467600
1,23472600
1,24579600
1,27351300
1,23754700
0,23377400
1,39153800
1,34202400
0,28138400
0,24041800
1,96072900
1,40202300
1,36737400
0,24023600
0,24409200
0,23641700
1,28281200
1,87080200
1,23465500
1,25070000
1,27559900
1,37374800
0,28695500
1,24441900
1,30153900
1,23082400
0,24926500
1,29339700
1,27402900
1,104662100
1,22427600
1,31990900
1,21888700
1,77580100
1,48969900
1,32217500
1,40937200
1,31054000
1,43578700
1,30892000
0,23564600
0,23540600
0,24534300
1,36688500
1,22574000
0,23613200
1,38469800
1,42851900
1,27960800
1,33990300
1,26383400
0,24908000
0,23847400
0,24153300
1,52741400
1,22097600
1,28280400
0,24154000
1,30287500
0,23509100
0,23796900
1,58412000
1,25149800
1,34598000
0,24918500
1,25714100
1,36126400
1,36605800
0,24470600
1,26044700
1,43297000
0,24239900
0,24385400
0,24283100
0,24477500
0,23751600
1,26062200
1,23612200
1,24849900
1,35897000
1,23762900
0,23525200
1,48627000
0,23740600
1,31350600
0,27725300
0,28226500
0,24168000
0,23874300
1,26061500
1,49012500
1,44014500
1,41569800
0,24903500
1,29109400
0,24608900
0,24010600
1,82737100
0,23803000
1,43004200
1,22700300
1,35896100
1,30065100
1,31677700
1,25460400
1,43910100
0,23642900
0,24468600
0,23274900
0,24006100
0,23490400
1,28746800
1,30808300
0,24402700
0,23619500
1,33238400
1,28236600
1,31075100
1,44958600
1,42184700
0,23674400
1,23406100
1,31383400
0,24428000
1,38525800
0,23476100
1,34066400
0,24664300
1,24903100
0,23232800
1,37634200
1,27617700
1,31425400
0,23720400
1,27627900
0,23404300
1,27618500
1,68516300
1,27597500
1,29366800
1,34520500
0,28365200
0,27229000
0,26121200
0,24880500
1,37853400
1,37515000
0,24340700
1,34673900
1,47299400
1,33009300
1,24337300
0,24276000
0,23649300
0,23812700
0,23572000
0,23809700
0,23280000
1,25174000
1,27504300
1,23781800
1,49556200
1,44588900
0,24495300
0,24309800
0,24618500
0,25172500
0,27310000
1,25152200
0,23912100
0,24107400
1,62592800
0,23464300
1,24198600
1,46404500
1,39608800
0,23879700
1,25363300
1,28227600
0,23953800
1,30019500
0,23369500
1,49041800
1,33923000
1,43885500
0,23798300
0,23556000
0,23505300
0,23552100
0,23955400
1,34098700
1,37775700
0,23751400
1,24719500
0,24552600
0,23855200
0,23652600
1,22481200
1,24680900
1,43291700
1,59982500
0,23568300
0,23596000
0,23407000
0,23540300
1,30504300
1,25550300
1,33646400
0,24241300
0,25591000
1,48905600
1,23540600
0,23325500
1,22187100
0,23308900
0,23496900
0,23235700
1,26049000
1,32129400
1,25303500
0,25195000
1,31533800
1,40003600
0,32431400
0,32304700
0,31960800
1,57939700
0,30991900
0,33805600
0,31089400
1,58461200
0,32541300
0,32454800
1,32142900
0,36329200
1,40867600
0,33147900
0,30279600
1,44084600
1,78517300
0,35471200
1,74759100
0,35547700
1,40857200
1,47489100
1,51973400
1,57218000
1,41637700
1,61944300
1,32757500
1,36555000
1,44595200
1,28827900
0,33634300
1,35495300
0,34014500
0,27226600
1,75274300
1,58142500
0,26822900
1,82861000
1,28072700
1,31997300
0,25035100
0,26368100
1,44258500
1,42728800
1,87405700
1,29010900
1,33562600
0,23784700
0,23528300
0,23405500
0,24073700
1,40261300
0,23249400
0,24015800
1,30333900
1,22100100
1,62183100
1,99450600
0,24640100
1,41421300
1,25076700
1,23884100
0,27932100
0,33106400
0,27147300
0,27150300
0,25723500
0,27754000
1,42013200
0,25166000
0,24429600
1,31573600
1,28419400
1,59101200
1,38290300
0,23874200
0,24223200
0,23781700
1,30947000
1,23952000
1,23266300
0,25071800
0,23825400
0,23324400
0,23870600
0,23594900
1,24430900
1,23559900
0,23465500
1,30640200
0,23564100
1,47653000
1,56857100
0,24859900
1,36780800
0,23226200
0,23420900
1,22205700
1,28629200
0,24237900
1,36523500
0,23520600
1,44493300
0,25216500
1,26369200
0,27545700
1,26477600
1,29561000
0,24643200
0,23989700
1,26389700
1,23620200
1,25620700
0,23751400
1,21895600
0,23309300
1,43528500
1,23206600
1,32316400
0,23252100
1,38921000
0,25041400
0,23487900
0,23508800
1,31884800
1,33913500
0,23483700
0,23880700
0,23813700
0,23689000
0,26189500
1,68239000
1,24650700
1,37104800
0,23514700
1,23229200
0,23498700
1,32102500
0,26831200
1,27958100
1,40573400
0,24309300
0,24353300
1,34929100
0,25533000
0,25495800
1,24208500
0,24360000
0,24775400
1,25327900
1,32155900
0,23494000
0,24396500
1,37909400
0,24551100
0,23246300
1,46059900
1,36008900
1,23056000
1,72730300
1,33914100
1,24337700
0,24330500
1,44781900
1,29481400
0,30048100
0,31866900
0,26682100
0,28200800
1,31472600
1,38167500
0,24803400
0,25173200
0,24891100
0,24034600
0,23918100
0,23683400
0,25180800
0,25050600
0,25531900
0,23911000
0,24155200
1,35253600
0,24072400
1,29277100
1,63913800
0,23432900
1,23800000
1,22043100
0,24047900
0,25158300
0,23530300
1,32849800
0,23567800
1,47626700
0,23615500
0,23540200
1,98651100
1,61866100
0,25649800
1,30141200
1,22780300
0,23451100
1,36020500
0,23902100
0,24150900
0,23854100
1,36393000
1,53131000
1,35551800
0,26203700
1,23389800
1,31338100
1,26695600
1,61580500
1,22863900
0,24368300
0,24439900
1,25639400
1,26758800
0,26221900
0,23521400
0,23366200
0,23366500
0,23389300
0,23447700
0,23669800
1,24833800
1,22039300
0,23456100
0,23180700
0,24374500
1,35114000
1,29582600
1,29036300
0,25088200
1,27392400
0,27918500
0,28155400
1,35159600
0,25755300
0,24216000
0,24788000
1,26147900
1,32120400
0,25210600
1,33151800
1,36944300
1,23723600
0,23760800
0,23685700
0,23831100
1,22629300
0,23920200
0,23314300
0,24356100
0,24990600
0,26132100
0,24128800
0,23634200
1,54055900
0,24223400
0,24311400
0,24457300
0,23859200
0,23270200
0,23471200
0,23254700
0,23607800
1,171693100
0,23488600
1,31956800
1,27988700
1,25147900
1,31833000
1,39531400
0,24497000
1,23109900
1,38622500
0,24130300
0,23982500
1,23794600
0,23927700
1,48507400
0,27196200
1,50709200
1,42131600
1,36922900
1,22979800
1,27195800
1,47890700
1,30469900
1,23181600
1,45058600
1,26353900
1,27718600
1,24919700
0,25284900
1,22969000
1,41527900
1,30675000
1,48601900
1,24456700
1,55571100
0,24170600
0,24096300
0,24497800
1,28476800
0,25230100
1,28453800
1,22266700
1,31723800
0,23672400
0,23871200
0,23692700
1,34867500
0,24172200
0,23312800
1,30267700
1,24713900
0,23446500
1,32483400
0,23567800
0,23555100
0,23564900
1,38824100
0,25818800
1,33145900
0,27154400
1,26192200
1,38118100
1,42954600
1,22820600
1,57323500
1,55208200
1,72036800
0,24017000
0,24310800
0,23777600
1,42778400
1,29543100
0,25159500
0,24651800
0,24057100
1,32125500
0,23814700
0,23953500
0,23851700
0,24517200
1,29553800
1,25138300
0,23822800
1,78300200
1,36566900
1,47218600
0,24203600
0,24562800
1,46534700
0,23740700
0,23833800
1,43041900
1,25950100
1,23285000
1,21956300
0,26739500
0,24487300
1,41966600
0,23496000
1,25054200
0,23533600
0,24311400
0,26776600
1,46967000
1,46124100
0,25084600
1,26386800
0,25572900
0,24682800
0,24249100
0,24384100
1,24304100
0,24810000
1,75725900
0,24282300
1,25520300
1,22579200
1,47488900
0,24370600
1,25045400
1,32751800
1,40444800
0,23456700
1,75601200
0,23631600
0,23623100
0,23487800
0,26275700
1,30327200
1,23098400
0,27780400
1,27374000
1,30305100
1,44788400
1,74266300
0,25191400
1,78047000
0,23753000
1,54208400
0,23921600
0,23892400
0,23427600
1,22045800
0,23338600
1,30766500
1,35933800
1,24204700
1,40580500
1,27839900
1,44802700
1,29741900
1,28160800
1,52655200
1,28593700
0,25227700
1,27005900
1,64071900
1,25801000
0,23941800
0,23739100
1,62567000
1,23763000
1,47279500
0,26838200
1,23653000
1,23429700
0,24512300
1,27119000
0,24678400
0,23546000
1,26058800
1,41808000
1,54033400
1,25820700
1,27489900
1,32758000
0,23864400
1,25626900
0,23794600
1,24715300
0,23279800
0,23577600
0,23582400
1,32226400
0,23580100
0,23219300
0,23453900
1,23286200
1,36118600
0,28535400
0,28434700
0,24438100
1,38620400
1,25484100
0,24191200
1,22853000
1,29182800
0,23896400
1,36757200
0,23466500
0,25167400
1,25788700
1,26504000
1,93216700
0,23982400
0,23903600
1,41174500
0,23287700
0,23552200
1,41381600
1,26020500
0,23722100
1,68216700
0,23526600
0,23282500
1,36212200
0,25905900
0,27922100
0,24534600
1,40751700
0,24357500
0,25819300
1,27212700
1,35581300
1,34843900
1,24178800
1,44293600
0,24905200
0,24182500
1,43863400
0,24102200
0,28902700
1,23030400
1,48076800
1,49459600
1,48541900
0,23941500
1,29562400
0,23524900
0,23561400
1,28502100
0,23384300
1,23818500
0,23430800
0,23405300
1,75158900
1,39085600
1,40591200
0,23421300
1,51678100
1,53327100
0,23876400
1,46598800
1,61954100
1,28474000
1,105407500
1,26780300
0,24450200
1,42625100
0,23511000
0,23270800
0,23214400
0,23392800
1,41879300
0,23488700
0,23829300
1,28929800
1,24395000
1,26423600
0,23309800
0,24141300
1,33062700
1,25290000
0,23364000
0,23234600
1,27499100
1,38839200
1,27381700
1,55777000
0,23826300
0,24138600
0,23714500
1,25782900
0,23783900
1,26463500
1,34179000
1,30809300
0,26868700
0,27696400
1,27670500
0,26455900
1,39259200
1,26386700
1,35855200
1,32094200
0,24430200
0,25047500
1,30843000
1,42936800
1,30807400
1,26177600
0,23709200
1,29221800
1,22523100
0,25291100
0,24688200
1,27853900
0,24535500
0,24322900
1,40263200
1,79028600
0,23278000
1,54576700
0,23508100
1,39842900
0,25205800
1,25632400
1,25265600
0,23251500
1,28605500
0,23337900
1,57924400
1,31226900
1,23074200
1,46684700
1,41077600
0,23501300
1,29054400
1,66564700
0,24016000
1,27360200
0,23469000
1,51944200
0,24377900
1,28443600
1,46033000
1,94454200
0,23938500
0,23580800
1,38786300
0,23321000
1,31093600
0,23246200
1,24685900
0,23220300
1,44199600
1,26704300
0,23943900
1,42092300
1,32927100
0,23873900
0,23973300
0,24359100
0,24372600
0,24267500
1,29233500
1,65920300
1,30322400
1,40635700
1,29776400
0,27703500
1,36509800
1,24791800
0,24457500
0,26051000
0,25507900
0,24858400
0,24825700
1,35098600
1,34731400
1,27199100
1,42827600
0,27819200
1,27761700
1,33805600
1,26074600
0,24259400
0,24382900
0,24192200
1,23866100
0,25132400
1,50308400
0,23513800
0,24294800
1,42926900
0,23472000
1,26719500
1,39202500
0,24743600
0,24343900
1,47085400
1,49984900
0,24044600
0,23901300
0,23960000
0,25056100
1,44979900
0,24694800
0,24475400
1,26055600
1,35632000
0,23938400
1,24046700
1,22754700
1,62838000
0,23579000
1,29995700
0,23615500
1,23661300
0,23664700
0,23610700
1,84894900
0,23254800
0,23797200
1,33669800
0,23263100
0,23483700
0,23295400
0,23336400
1,41901800
0,24452800
1,25718000
0,23705200
1,38983600
1,26185000
1,30281300
0,24335900
0,27511800
1,46348600
0,24232200
1,22925100
0,24984800
0,25654300
1,23569900
0,24751400
0,25242000
1,36175800
0,24142100
0,24431700
0,24532100
0,24240300
0,24447100
0,24223700
0,23784800
1,54637200
1,36269200
1,27080400
0,26029800
1,30387200
1,31122800
0,25952800
0,24811400
0,24938800
1,29854000
1,39583100
1,32695200
1,41266700
1,31183000
1,48129200
1,36909300
1,27464400
1,38883400
0,23580700
1,42145100
1,37545900
0,23453800
1,33641600
0,23640100
0,25753200
0,23350500
1,43402300
0,24207900
0,24841600
1,25842700
1,33455200
1,59373600
0,23233300
1,33109600
1,25515100
1,22108100
0,23440300
1,31396700
0,27797700
1,31489300
1,30740900
1,25690700
1,22706700
1,27343800
1,30567300
1,29654000
1,26148200
1,24320700
0,27178800
0,24893700
0,24840900
1,48960500
1,27609600
1,49362900
1,39824600
1,36835800
0,24744800
1,33120100
0,24391500
0,24212400
0,24714900
1,25001600
0,23878500
1,92374900
0,24256200
1,36391600
1,43600900
1,38815800
1,24615900
1,26516800
1,40566900
0,23863500
1,24390600
1,31221600
1,25692700
1,27676400
1,27939000
0,23486300
0,23666200
1,58961400
1,24098700
0,23955100
1,22289900
1,26252200
1,22278100
0,23582600
1,24971500
1,35515200
1,29540500
0,23762100
1,32694200
1,70325800
1,71919900
1,47627100
0,25780200
1,40849800
1,29871100
0,25069900
1,25790500
0,24072300
0,24029500
1,29616000
0,24185400
1,50233000
1,74029800
1,35589000
0,23290900
1,26125100
0,25559300
0,23983700
1,27409600
0,24504200
0,24196600
0,24372900
0,24397700
1,31109100
0,24238900
0,23384600
1,56721100
1,26260600
1,41879900
1,35101100
1,38221800
0,28015500
0,24595000
1,28131400
1,24163900
1,27171000
0,24137700
1,37231900
0,25416600
1,50147000
0,23499600
0,23812800
0,23439300
0,23631900
1,25344600
1,31632300
1,28800600
1,41089500
1,27768000
0,23855400
0,23658200
0,23417700
1,26193800
1,26482800
0,23816700
0,23401700
0,23348900
1,29133300
0,24731300
0,24822000
0,24575500
1,38354400
0,24317900
0,24479200
1,26360900
1,26694700
1,25070200
1,29530800
0,23833900
1,24010200
0,23748900
1,39668900
0,23748200
1,53811400
1,45133900
1,38913800
1,49284400
1,25328000
0,25125500
0,25387700
1,74679700
0,24411400
1,33133300
1,66589000
1,52342100
1,28958000
0,24590900
0,24279700
1,31697700
0,24992300
1,24226500
0,24261100
0,23463600
1,45763100
1,28624500
1,27248400
1,49283900
1,31275400
0,23664500
1,28818000
0,23302000
1,28207400
1,27607100
0,27134000
1,23446600
1,22835900
0,24211400
1,23442700
0,24719100
1,39858900
0,23943400
1,24148400
1,39387800
0,25229500
0,23844500
1,28334700
1,25428200
0,24029500
1,49351700
1,25412800
0,23683600
0,23550800
1,29309800
0,27215700
0,25289200
1,22436900
1,97400100
0,24005300
0,25321000
0,23226200
0,23409600
1,48296500
0,23417600
0,23604300
1,22260300
1,27541200
0,23322200
0,23414000
1,22700300
1,53764400
0,24087000
1,41538400
1,26387600
1,47354800
0,23480500
0,24139900
1,36335100
1,32628300
0,23544400
1,33406000
0,24845100
1,25258100
1,34704800
1,51434500
0,23598900
0,24205600
0,24848800
0,24486400
1,39781100
1,27811400
1,29538500
0,23391600
0,24229900
1,23957000
1,35696100
0,23639100
0,29545800
1,33805300
0,26751100
1,24851800
1,38331900
0,25293000
1,31313100
1,46456000
1,36654700
1,39047400
0,24628800
0,24392500
1,34004500
1,26888200
1,53254100
0,24392700
0,24251600
0,24297100
1,23212600
0,24120600
1,26570200
0,23566600
1,36984600
1,35675600
1,49378900
1,28100400
1,21959100
1,22351200
1,24953200
0,23719000
0,23745400
0,24012100
0,23458700
0,23754500
0,23905000
1,22787200
0,23856200
0,23925600
1,37984300
1,22322100
0,24350400
1,28059900
1,71737200
0,23219700
1,22082000
0,23354600
0,23956900
1,28838300
1,33996100
0,23841200
1,59322500
0,23789400
1,52822900
1,28896900
0,23370300
0,24814100
1,34719900
1,25369300
1,37355900
0,24249700
1,25012900
1,45225700
1,38293400
1,35297700
0,23663300
1,25286500
0,23501400
1,57884900
0,23227000
1,21821800
1,22176000
0,23207800
1,24138100
1,22019200
1,99585400
1,35992700
1,40387300
0,26986400
0,28147300
0,28075800
1,25260200
0,24702100
0,24798300
0,24786000
0,24746100
0,24988800
1,28218300
1,44444000
0,24532700
0,23423500
0,24585100
1,28159800
0,23209200
0,23683900
1,28125300
1,23710800
0,24085400
0,23320000
0,24403800
0,23214800
1,31885900
1,24855600
1,44019300
0,23284900
1,23421200
0,23201100
0,24051500
1,22167200
1,57200500
1,48455600
0,23529100
1,48602000
1,29845900
0,24042300
0,24195000
0,23357800
1,26735000
1,73918400
0,24259800
0,23645500
1,26199300
0,23350200
1,24457700
1,70469700
0,24162600
1,34467100
0,24322700
1,34900300
0,24259800
1,32299600
1,72129000
1,30444500
1,41785100
0,23283500
0,25598500
0,23244600
1,24372400
1,36146400
1,28957500
0,26020600
0,28301300
0,28218600
0,26587500
1,26399500
1,28877600
1,27144200
1,67579600
1,45305700
1,38391000
1,26290000
0,26925900
1,29824800
0,23742800
0,25997200
1,38559100
1,29629200
0,24325800
0,24351000
1,69771300
0,25523200
1,39316700
0,25012300
1,26190300
1,32931400
0,25912000
1,62414100
0,24955700
0,25631200
0,23744400
1,27164000
0,24034500
1,69170000
0,23506200
0,23296200
1,51648600
1,30430900
0,23617900
1,24663800
1,25602600
0,24229200
0,25724700
1,35364200
0,23765900
1,41516000
0,24989300
1,36735700
0,24042000
1,30623400
0,24328700
0,24248800
1,32307300
0,23954000
1,30893700
0,23656800
1,29044100
1,22074700
0,23311700
0,23972400
1,32827600
1,59011400
1,23366500
0,23505400
1,23903800
1,26572600
0,23440100
1,23520400
0,23442300
0,23947000
0,23759100
0,23443300
0,24503500
0,24917700
1,24696400
0,23654900
0,24223300
0,24409700
1,23432800
1,29359400
0,23977700
0,23402000
1,24487300
1,39360600
1,38993700
0,23476500
0,29659700
1,27607400
1,22903900
1,38496800
0,25032800
0,24895000
0,24446100
1,45797200
1,37558300
1,28341300
0,23822700
0,23386700
0,23393700
1,57887200
1,34160400
1,39557600
0,32089300
1,33364600
1,26707900
1,23810000
1,34997200
1,29723600
0,24768100
0,24557300
0,24675900
0,24740300
0,25016800
1,26245100
1,35795200
0,23361200
1,31536800
0,27213800
1,35302600
1,26179400
0,25527400
1,60736400
0,24619500
0,24526200
0,23869200
0,23744600
0,24774300
0,23486200
1,47013700
1,34644400
0,23679400
0,23289200
0,24041800
1,27602300
0,23259400
0,23459300
0,23380200
0,23563500
1,29324600
0,23293800
0,23438800
1,39827800
0,24179700
0,24491900
0,23452200
1,22852500
1,37190700
0,24273200
0,24315200
1,24186000
1,32589900
0,23453700
0,24767400
1,24250100
0,24958300
0,23684500
1,23200800
1,30123000
1,28240800
0,23949100
0,23783400
0,24290300
1,24114700
1,50058000
0,24311600
1,24263000
1,22938400
0,24268100
0,25033400
0,23705500
0,24286600
1,34104700
0,23842100
0,23718700
0,23763300
1,25763100
1,38268900
0,23286700
0,23577600
1,34503800
1,44349400
0,23518500
1,22572500
0,24267900
1,28750300
1,29999800
1,37539700
1,22874200
0,24077700
0,26877600
1,31078800
0,29366000
1,25433600
1,30972900
1,61183000
0,24648800
1,33117400
0,24168600
1,22968600
1,25610300
0,23752400
0,23383300
0,28409700
1,29888100
0,25831800
1,30265800
0,24401500
0,24487500
1,38179700
0,24299700
0,24062200
0,27412600
1,37170600
0,25800700
0,25074800
1,23749200
0,24021400
0,23815200
1,35469000
0,24326500
1,69827200
1,29565100
0,23333600
1,48287500
1,54040200
1,53485300
1,28551800
1,24735800
0,23470700
1,30135000
1,32504100
0,23508800
0,23556400
1,84249300
1,51146600
1,53307100
0,24196400
0,24310900
0,24549400
1,22964400
1,28029200
1,53703600
0,24872500
0,24900400
0,24646300
0,23847000
1,47615200
1,34243300
0,24219500
1,32578400
1,24721800
1,55524600
1,25951500
0,24191400
1,40761500
1,22084100
0,26129500
1,30894700
1,35088600
1,36950700
0,24281000
0,24193500
0,24370500
1,27404600
1,56644000
0,23727000
0,23750800
0,24737100
1,57715400
0,23300200
1,22102800
0,23493400
0,28825100
1,28130000
0,29946600
0,24553300
0,28049200
0,25496000
1,31044000
0,24765400
0,24877200
0,24645800
0,24851100
1,22361100
1,28877800
1,32436800
1,41479500
0,24519900
1,48975800
1,86839200
1,92977700
1,52535800
0,23490200
0,23395600
1,30080800
0,23643300
1,27180000
0,24193900
1,24156000
1,31660500
1,31605400
1,61360700
0,29194100
0,24163300
0,23935100
0,25645500
1,32207600
0,24422600
0,24229800
1,26472400
0,24389600
0,24247000
1,30718200
1,47958400
1,34803500
1,30565300
1,55067000
1,34952600
1,29829200
0,25429100
1,25881100
0,24625300
0,24457600
0,24310400
0,24153400
0,23242300
0,23705400
0,24429500
0,23772900
1,38542000
1,38625500
0,23798700
1,31677300
0,23721200
0,24124000
0,23808800
1,28713300
1,70243600
0,29027100
0,24566800
0,23398000
0,23723000
0,24385600
1,34319900
0,24220100
1,36852900
1,23865400
0,23670000
1,42855400
0,23461900
0,24062500
1,23526300
0,23699800
1,26189900
0,23504300
1,42494300
1,25852400
0,23725100
1,22039700
1,24939900
0,23265700
1,42091000
0,23433400
0,26100200
0,28024000
0,33166200
1,36089500
1,34624200
1,47542700
0,24481300
1,37045000
1,28845800
1,27979200
0,25641500
0,24706400
0,26840600
0,25647000
0,24486800
1,28134300
1,32873700
1,30858300
1,28863100
0,24502600
1,23778800
1,28602400
1,24965300
0,24266200
1,28195400
0,23437300
1,39221500
0,23661000
1,26037500
1,34395800
1,31995200
1,25756200
1,55625000
1,56262500
1,25489000
1,30855100
0,23562400
0,26211300
0,24128000
0,23492400
1,26105500
1,22604300
1,32132600
0,28256200
0,24523200
1,32156300
1,22758600
0,23403600
1,23543300
1,39417300
0,23670400
1,28234700
1,34010600
0,23527800
1,26901800
1,48591700
0,24063800
0,23575300
0,23372600
1,27430700
0,23478200
0,23405300
1,23582800
0,23715200
0,23405400
0,23367800
1,27598200
1,38619200
1,22393000
1,54515100
0,23698900
0,23514300
0,23930900
1,60785200
1,53993300
0,26765100
1,36920600
1,35146300
0,25321000
0,27093100
1,65568800
0,24852800
0,24768000
1,28145100
1,25759500
1,36632600
0,24597700
0,24310300
1,26047100
0,25260100
0,24666400
0,24264000
1,32210800
1,22840400
1,29863400
1,56578600
0,26866100
0,25463900
0,24390600
0,24395800
1,24154700
1,28352600
0,23461900
1,32597300
1,22751700
0,23670000
1,24758900
1,32070700
0,23584000
0,23392400
0,23897700
1,24630600
1,27190300
0,27262700
1,24218100
1,37854000
0,23647600
1,42599200
1,29742000
0,24265200
0,23453700
0,23834000
1,43911600
0,24152300
0,24332700
1,23227000
1,25504300
1,33002700
0,23747500
1,32664400
0,23771600
0,24071900
1,27705500
0,23293500
1,32866900
0,23392500
1,54304600
0,23492500
0,23574200
0,23336300
1,66032100
0,24853800
1,35045700
1,31077300
1,83694900
0,31181000
1,54424600
1,35255800
1,28976800
1,26718100
1,29750400
1,31665100
1,27185900
0,23743600
1,31700200
1,70518800
0,27420300
0,24545700
0,24399800
0,24220500
0,24256900
1,90327500
0,27021400
0,24320700
1,23269900
1,24419100
0,25277400
0,26480100
0,25623200
1,24659500
0,25071200
0,24354600
0,24825700
1,39953200
0,24712100
0,24242300
1,48625000
0,24930500
0,24263700
1,39749100
0,24309600
1,37737500
1,52472400
0,24468900
0,23440200
1,27937400
1,36662900
1,25574400
1,23205000
0,24246800
1,44484200
1,23320900
1,30325800
0,24088100
0,23794600
0,23476500
0,23363900
1,33266900
1,27840800
0,24096000
0,23962700
0,23935600
1,22860000
1,31599700
1,35544800
0,24459500
0,24113400
1,38926200
0,23881900
0,23800800
0,24276600
1,26637700
0,27644200
0,25377000
1,48071600
0,24202500
0,24282800
1,74314300
1,40500500
1,23318200
1,41287500
0,24588600
0,23763200
1,26985600
0,24086500
1,64843900
0,23729400
1,48836000
1,63577300
1,38073800
1,31936200
0,24643200
0,24235100
1,23463300
0,24430300
1,25153400
0,24298800
0,24208700
0,24360100
1,25134300
0,23460400
0,23459700
0,24428300
0,30481000
0,29447800
1,41233400
0,27121200
1,45388100
0,24840300
1,29228200
0,26526300
1,36139700
0,25501800
1,39591900
1,55228800
0,23889800
1,22597200
1,25293700
0,23798500
1,23744600
1,64230800
0,23546300
1,42007800
0,23652600
1,34931300
0,23974300
0,23960300
1,27728400
1,59842800
0,23829400
1,24464700
1,47048700
0,23479600
1,25119700
0,24279300
0,24745400
0,25006100
0,23202400
1,25838300
1,28622500
0,24268000
0,24335900
0,23441000
0,27620100
0,24918300
1,24886400
0,24138600
1,31896400
1,36585000
1,22750400
0,23370000
1,25461000
1,23157900
1,33342900
0,23812700
1,70979000
1,33144200
0,23639300
0,29859100
1,58011200
0,25211300
0,24332100
1,23082100
1,64071700
1,42932800
1,33298000
1,25535900
0,24408300
1,37424800
1,33192100
0,28635400
0,24424500
0,24279100
1,22921200
1,27690300
0,23793100
1,33234400
0,23315700
0,23639100
1,31936100
1,23546600
0,23698100
0,23483700
1,42576200
0,23946500
1,23474200
0,23739300
1,37342700
1,26151100
0,23223400
0,23733700
0,23307300
0,23837000
1,27990000
1,42729000
0,29337400
0,25000700
1,27575800
1,24198300
1,67659000
1,38297100
1,27688000
1,28610600
0,26964200
0,26509200
0,24786500
1,23340800
1,41694700
1,24292100
0,23438700
0,24712700
0,27017800
0,23286900
1,37120300
1,23277100
1,23423500
1,42631000
1,26228500
0,24420200
0,23269400
0,23476500
0,24094900
0,23553900
0,23405000
0,23288000
1,36396900
0,23676900
0,23217400
1,54974000
0,24167600
0,24575800
0,24784600
1,40017400
0,26217900
1,43347400
0,23865200
0,23812500
0,24129200
1,30692000
0,27306400
1,23752100
1,28513400
1,36535700
0,24321100
0,23891500
1,22320200
0,24837700
0,23202000
0,23680900
0,23733300
1,24062600
1,29865300
0,23741700
0,23539000
1,55233900
1,68924500
1,32248600
0,23411100
0,23409500
0,23223000
1,26640500
1,27181000
0,23381900
0,23309900
1,22062500
0,24385700
0,23252600
1,25465500
1,41996400
1,43425700
0,23354900
0,23498400
1,32674700
0,26831800
0,31153900
1,93792600
0,28039900
1,22955700
1,28406000
1,57319300
0,23339300
1,49894100
1,29362800
0,23286800
0,23347400
0,23561000
1,36369300
1,29990600
1,37437000
0,24889300
1,23136000
0,23878000
1,34664700
0,23347300
1,26353500
0,30002000
1,26506600
1,22818600
1,24684800
1,28386200
1,54332900
0,23464000
0,23320700
0,23397400
1,45878000
0,28769400
1,43612700
1,29433400
1,59239800
0,24549700
1,29383900
0,23689600
1,27970700
1,23325500
1,48177600
0,27204600
1,46494100
1,28051300
1,29305300
0,23740100
0,24819900
0,23469500
0,23397700
1,29362600
1,24914800
0,23872800
1,23380400
0,23563300
0,23452600
1,33370400
1,27577000
1,36479900
0,23390200
0,23673600
1,25547800
1,22107800
0,23438800
0,23476900
0,23556300
0,24580000
0,25259100
1,27386700
1,90789100
1,24189100
1,29575900
0,24030100
1,33986200
1,39451100
1,41617700
0,30214400
0,29009800
1,51278900
1,30242500
1,43441500
1,25086800
1,76798100
1,43795900
0,24178200
1,28197000
0,24581400
0,26195200
0,27617600
0,26883900
0,25428300
0,24877900
0,24735000
1,47323400
0,24188200
0,25149800
1,23390700
1,31783900
0,24330600
1,29765300
0,24338500
1,26308900
1,31019900
1,40329300
0,24622800
0,25689600
0,25466900
0,24900700
1,29915100
0,24589300
1,29086600
1,54134000
1,45203900
0,23193800
0,23447400
1,23406500
0,23363100
1,27813300
0,23254200
0,23844600
0,23290100
0,25824000
0,28100900
1,87660400
1,60785400
1,26994700
0,23461200
1,37667500
1,24593100
1,34305000
1,41240200
1,38579400
1,44762400
0,23286500
0,24034200
1,36534100
1,48027500
0,25150500
0,23762300
0,23536200
1,45360400
1,31906000
0,23322000
0,23710800
1,50375700
1,80817900
1,27057000
1,26544200
0,23502200
0,23330200
0,23665500
1,22970300
1,41894100
0,23414300
0,23882600
0,24398300
1,24279200
1,68090200
1,90000300
0,27748000
1,46582800
0,27216100
0,24809500
1,75974500
0,24424400
0,24867800
0,24501100
0,30365200
1,45267400
1,52891900
1,26543500
0,24725300
0,24434800
0,24429600
1,23124000
1,41317600
1,35083100
0,23515200
1,38478100
1,26499300
0,23670700
1,55611800
1,33713900
1,40324900
0,24372600
0,26183900
0,25982200
1,32132600
0,23586900
1,24016800
0,27936100
1,27760800
1,26382700
0,23363200
0,24162300
1,23930400
1,25352300
1,66986100
0,27091700
0,23623500
0,23601000
1,55815700
1,34280500
0,24338900
0,23371000
0,23212600
1,37681700
0,23297500
1,32105200
1,28513300
1,26851100
0,23334400
1,29649100
1,32642500
1,26261200
0,26319700
0,27368900
0,24202600
0,24481700
0,24230900
0,23802600
1,61168100
0,23456800
0,24366200
0,26335900
1,56913300
0,23826600
1,27944900
1,26333100
1,28914400
1,31691400
1,26410900
0,24338600
0,23837400
0,23617200
1,23540000
0,23482100
1,22274000
0,23687600
1,23490300
0,27042800
0,27241000
0,24510900
0,24496300
0,24661000
1,25872700
1,37918600
0,25840400
1,26580400
1,45106100
0,29796300
0,33641000
0,31241400
0,26031200
1,27702600
1,25777100
1,28906300
1,27403000
1,29751100
1,31922300
0,28263100
1,26957400
1,22200300
1,25127700
1,30742500
0,30603600
1,33885500
0,24576800
1,36508700
0,23822500
0,23978200
0,23873200
0,23883100
1,64233000
0,23472400
1,27708800
1,35192900
1,52126900
0,23567700
1,34774600
0,23411900
0,24039200
1,24914800
0,23388900
1,29131700
1,29003400
1,47501900
1,30186500
1,31446400
1,31184800
0,24769900
1,25732500
0,24473900
0,26925500
0,24512400
0,25726700
0,23490800
0,23502800
0,24152600
0,23755500
1,25059000
1,32453900
0,24343100
0,23412700
0,23642400
0,23465900
0,23757200
0,24050200
1,55333300
1,35636500
0,23582700
0,23252200
0,24189800
1,29966000
0,23499700
1,34705600
1,53252500
0,24196800
1,24283600
0,24440000
1,50029100
0,23790100
1,29823400
0,23914700
0,23240700
0,25166600
0,23976000
1,50792200
1,36201100
0,28158400
1,75959800
1,24410900
0,30432900
1,45669300
1,32304000
1,23149000
0,25048900
0,24509600
1,45583400
0,23547900
1,35086200
1,45097200
1,26861200
1,71709600
1,26308100
0,23511500
0,24469400
1,23961900
1,29051700
1,27211700
0,23293200
1,31862200
0,27138700
0,27856300
1,34794900
0,25502300
1,65603600
0,24657300
0,24229400
0,24370800
0,26960000
1,25752100
0,24702000
1,48362300
0,23453800
0,24739100
0,24559500
1,56211500
1,35163300
0,23532800
0,23633900
1,26465100
0,23479900
0,23516900
0,29379900
0,34088100
0,31063900
0,34432500
1,65751900
0,25761500
1,23365300
0,25509700
0,26192600
1,38181400
0,37951300
1,62331700
1,29079000
0,25513300
1,44577500
1,35821700
0,24254300
1,38759900
0,24125600
1,22574800
0,24519500
1,33640100
1,26922700
0,24800200
0,24427200
0,24242400
0,24337700
0,24338000
0,24285600
0,23250500
1,24112300
1,25639300
0,23508100
0,23415500
0,23229600
0,23441600
1,47820200
1,34390300
1,83444300
1,34288700
0,24564100
0,27389900
0,29445500
0,25842300
0,29129800
0,24888600
1,32850400
1,32474900
0,24538500
0,24357800
1,25535500
0,24271100
1,41879400
0,24093600
1,70176600
0,24361000
1,42431500
1,43300100
1,38779100
1,27292800
0,23790400
0,24689500
0,23803800
1,40102900
0,23946500
1,24372600
1,28267600
0,23516200
1,28642600
1,34292100
1,27307700
1,26659600
1,29537700
0,23677900
1,32994200
0,23765700
0,23983700
0,23371900
0,23649900
1,27912300
0,25058900
1,49422700
1,23502700
0,24378400
0,24463500
1,62502200
0,24827000
0,24673400
1,44329700
0,25641200
0,24338300
1,28559600
0,23252900
1,37826300
1,40791000
1,43309200
0,23764500
1,23371500
1,29916900
1,26585600
1,41423400
0,23468700
0,23339000
1,22065900
0,24102300
1,22063100
1,22336700
0,23810400
0,23256500
0,23634300
0,23551700
1,33398000
0,23323100
0,27551900
0,26805100
1,36009000
0,24390600
1,27214300
0,26063800
1,30034500
0,25743400
1,60594200
1,36240600
1,73267300
1,39084800
0,23489100
0,23409300
0,23531200
0,23997300
0,24318600
1,59822400
0,23898500
1,25598500
1,24867400
1,23915800
1,29189500
0,23217600
0,23389400
0,24068000
1,23521000
0,23235400
1,80192000
0,25818500
1,32360000
0,23882700
1,35148700
1,32610600
0,24168700
1,22927800
1,31952700
0,24265600
0,23646000
0,23527500
0,27027700
0,30052700
0,24845700
1,48359500
1,40836100
0,26495000
1,22820000
1,23034200
1,34621300
1,29215800
0,24261800
0,24247300
0,23460100
0,23697600
1,30623600
1,30014500
1,32917600
0,23296800
0,23392900
1,29761300
1,29260400
1,32117500
0,23322600
1,23853300
1,25008100
0,23682800
1,22084500
1,70048600
0,25860600
0,23935300
1,22914600
0,24415900
0,24321700
1,27671600
1,32247900
1,34341000
0,26458300
0,23830100
0,23841600
0,24260800
0,23742200
0,23530700
1,27989500
1,37344600
1,34800300
0,23739000
0,24169500
1,22249700
0,23488400
1,41326100
1,29018400
1,24550100
0,23553700
1,24879200
1,34566100
0,24284900
0,23453500
1,26069900
1,30498100
1,24482100
0,25929800
0,30082400
1,42515900
1,83753300
0,24345900
1,24676700
0,24197800
1,28079700
1,35639500
0,30755400
0,23462700
1,78514900
0,23754600
1,75247400
0,24479400
0,24168100
0,24665900
1,37164000
0,24054800
0,23814200
0,23764600
0,23826600
0,23640300
1,26803500
0,23418000
0,23481000
0,23974000
0,23626800
0,26586900
0,23702500
1,44431900
1,37103000
0,25084200
0,23344900
1,58844100
0,25191000
0,27595600
0,24239500
0,24483200
1,72633100
0,31144400
1,27883500
0,23926400
1,31035100
1,34114900
0,23457700
0,23262800
0,28052900
1,30257200
0,23801100
0,23968000
0,24066400
0,23783500
1,54277100
0,23664400
0,23288500
0,23267500
1,25030400
1,26051900
1,24155800
0,25519800
0,25821400
0,23564800
0,23357900
1,48381700
0,23784300
0,23728400
1,32038000
0,24458100
1,44085300
1,51333300
0,24540900
0,26376700
0,26910600
0,25433900
0,25249200
0,28905900
0,25664900
0,24688100
0,25078000
0,24999900
0,24208200
1,35397700
1,27524100
0,24065600
0,23279700
0,24344000
1,23719800
0,24809300
1,38107000
1,29227600
0,24144500
1,22892900
0,24433600
0,24512200
1,28683500
0,24601700
1,28212800
1,30086700
0,23769900
1,57729800
0,23568500
1,31961600
0,23716000
1,27926100
0,23886600
0,23950000
0,26970600
0,24995000
0,24575400
1,34919000
1,34555400
1,43618900
1,29509500
0,24269900
0,24688300
1,25894800
0,26108000
1,24233300
0,23889100
0,24248000
0,23357700
0,23895300
0,23279100
0,23384800
0,23239400
1,27938500
0,23546800
0,23276700
0,23718900
1,27467700
1,26568300
0,23624000
0,24004900
1,33311900
1,45137400
1,22971500
0,23658000
0,23591000
1,30058400
0,23496700
1,46660600
1,61568500
1,23608100
1,51341000
1,24844600
1,25031600
1,47583100
1,45333500
1,26704500
1,23358600
0,23691800
0,23276800
0,27771700
1,27900500
1,44917300
0,25003600
0,24456900
1,30687400
0,24159300
0,24481100
1,24312900
0,23754900
1,23616600
0,27599900
0,30020900
1,36278000
0,24558600
1,35856300
0,25175700
1,24126700
1,23561600
0,28457100
0,25317600
0,25860400
0,25106800
1,36665800
1,56210500
1,28431100
0,24352000
1,24732400
1,86855100
1,22439700
1,35198800
0,24281200
1,29974800
1,24480700
0,24467800
1,66725300
1,24637600
0,23216700
1,21973000
0,23507400
0,24214500
0,23443100
1,27716300
0,23267900
0,23378800
0,24067300
1,21943200
0,23259700
0,23527100
1,37536500
0,23412300
1,30354800
0,23499600
1,63304900
0,25465400
1,22098800
0,24485800
0,28319900
1,23801000
0,24387700
1,65722600
0,23616300
0,25343400
1,43358800
1,33255500
1,50847400
0,23886700
1,33314200
1,41053000
0,23569900
0,23668400
1,28616300
1,37069700
0,23458000
0,23476800
1,59253900
0,23267900
0,24505700
0,23418300
1,31817300
1,24665900
1,72945600
1,27009300
1,80624500
0,24884800
0,24684300
1,22807400
0,25048700
1,27080800
1,40749500
1,28478300
0,25127500
0,26864700
0,26162200
1,48652500
0,24484300
0,24301600
0,24489900
0,24514700
0,24155000
0,26187300
1,30622900
1,23209000
1,33577400
1,22513200
1,25310700
1,23661100
0,24235200
1,26147600
0,23469100
0,23290600
1,26940800
1,40374700
0,23869100
1,45622700
0,23472000
0,25221600
0,23382400
1,54362900
0,25130000
1,41126100
0,24389300
0,26197600
1,24385000
1,38064500
0,23776500
1,25393400
1,33501400
1,35559200
0,29407900
1,58148000
1,42659700
0,23870600
1,28754000
1,23922300
0,23251500
0,23347600
1,33044300
1,34177700
0,37144900
0,31643000
0,32509100
0,32150900
0,32748200
1,64830300
0,24368600
0,24991100
0,24277200
0,23965600
0,23509300
0,24661000
0,25742200
1,24819500
1,25142500
0,26507500
1,27819800
1,34891800
0,26559300
0,26804300
0,25380700
0,24174100
1,36037800
0,29439000
0,24018400
1,54223700
1,45628300
1,28894700
0,23784800
0,23213100
1,23473100
0,23416400
1,50914200
1,29749700
0,24269500
0,24593100
1,43715200
1,35147600
0,27248300
0,29357500
1,45084200
0,28566000
1,34666000
0,27981500
0,26593100
0,25974100
0,24487900
1,45734100
1,71966600
0,23488000
0,25577100
1,59774300
1,22839900
1,34620300
1,24942900
0,23903000
1,32642200
1,22811400
1,28565600
1,34399600
1,45442400
0,23521200
1,35125700
1,36079000
0,23571700
1,30381600
0,23294200
1,22099400
1,62135600
1,30994900
0,28372100
0,26193300
0,23832400
0,23808000
0,23842900
0,24121400
0,25474100
1,37042700
0,23720900
1,42918900
1,23417900
0,23809900
0,23707900
1,38987200
1,43952800
0,24784800
0,28320400
1,61557300
1,27205200
0,24232500
0,24002200
1,35516000
0,26059300
1,29249500
0,24138700
0,23858100
1,25046300
0,25597800
0,26761600
1,27257700
0,31283700
1,31749400
1,28662800
0,26244100
0,28418400
1,60478600
0,30762900
0,33125200
0,33221900
1,40573300
1,52033500
1,39314100
1,32978000
0,28553200
0,29901600
1,60759400
0,29089100
0,28776500
1,87237100
1,52170700
0,26932600
0,26446900
0,30652000
1,44121900
1,29340300
1,25638400
0,26172400
1,48589600
0,28865200
1,31352500
1,34164900
1,86759500
0,25828200
1,65077500
0,29343400
0,26464900
0,25954500
0,26281100
0,25610200
1,44452400
1,40532600
0,29988400
1,33848800
1,25847700
0,28011800
0,31163200
0,28935400
1,30432800
0,24822800
1,30530500
0,24825000
0,24683800
1,50587100
0,24260600
0,24415300
0,23988500
0,23773500
1,28369100
0,23695800
0,24270100
1,23295000
1,59429400
0,23866300
1,26359500
0,23931300
1,41744100
0,23559000
0,25040400
0,25235700
0,25042000
1,45053200
0,24432000
0,23939000
1,49695000
1,41858500
0,24402400
1,46764600
1,33041000
1,46148800
0,23983300
1,24122600
1,36634800
0,23844800
0,23459800
0,25282500
1,26261300
0,23739900
1,31064700
0,23958700
1,23162800
1,25790900
1,67100400
1,30226600
1,47563600
0,23393800
0,23686500
0,24060600
1,22102600
0,23456200
0,28563300
1,32056800
1,27994000
1,25041100
0,24708700
1,39648900
0,32539000
0,35672700
0,33493300
1,37247600
0,33237200
0,32346500
1,29709800
0,31515900
1,36992400
1,31078600
0,29969100
1,34576000
1,39505800
1,61883900
0,24792100
0,25140300
0,24832600
0,24710000
0,23850500
0,23922300
0,23843300
1,29923800
0,23482200
1,101582500
1,39518300
0,23998000
1,31056700
1,23164400
0,25311900
0,24421600
0,23371100
1,32323300
0,24464000
0,23670300
0,24006800
0,23781500
1,47141500
1,36111600
0,23814600
1,34042500
0,23408800
1,28087100
1,37639300
0,23501800
1,23552800
1,52887400
1,50140000
1,21825600
1,23236900
0,23246200
1,53937100
1,23316400
0,23541800
0,23536800
1,36966100
1,23334800
0,24149900
1,27505900
1,25408600
0,24065100
0,24177900
0,24345700
1,28682300
1,24251000
1,27803900
0,23519600
1,23700300
1,52211700
1,26554000
1,45674300
1,50746100
0,24718500
0,24663100
1,23222300
0,24336200
0,25422600
0,24307200
0,24161700
1,29747800
1,38961400
1,23716400
0,23502900
0,23246400
1,33261400
0,28360800
1,80052200
0,24411800
1,34207000
1,45143800
0,24248000
1,24780700
0,26036500
0,24685500
0,24516800
1,25552300
0,24443300
0,27896300
0,23516300
0,23910400
0,26802400
1,23985300
0,23406200
0,23799500
1,35231400
0,24199200
1,29039300
0,27644600
1,25652400
1,51498500
1,28192300
1,44181800
1,22298700
1,22039100
0,23431400
1,26481800
1,24696900
1,33737100
0,23401100
0,24191600
1,43037800
1,25114900
1,22094700
0,23634200
0,23551900
0,23368700
0,25583100
1,35160100
0,24040500
1,71290700
1,41611300
1,51884200
1,37246600
1,24037700
1,38743000
1,31181900
0,23430200
1,33225300
0,27423300
1,32227100
0,24386600
0,24328100
1,34349700
0,24506600
1,41672700
1,22054100
1,40356500
0,23374700
0,23603100
0,23472600
1,40598800
0,24795400
0,23260600
0,23572400
1,23336400
0,23391500
1,39174300
1,29513500
1,25832000
0,30552600
1,26623000
0,26710300
1,29057400
1,46041000
1,89640800
1,48797100
1,33309800
1,24206300
0,24912500
1,24104900
0,23356600
0,24507700
1,28572400
1,35255700
1,28905000
0,24058600
1,25968500
1,54730600
0,23432500
1,48072000
0,23552800
0,23210200
1,23835500
1,58684000
1,34136100
0,31853500
1,69148100
1,31435900
1,45685900
0,25851200
0,24407700
0,24320600
1,72923800
0,23706400
0,23629100
0,23943200
0,25916700
0,32603800
1,40111600
1,32082500
0,33725100
0,29390500
0,30692800
0,31284300
1,52310500
0,24386000
1,28745000
0,24257200
0,24246300
1,23510700
1,38977200
0,23197300
1,24731900
0,24263000
0,23489800
1,43528100
0,24484800
0,24428300
1,54471700
1,30253800
0,26097100
1,44410500
0,26067600
1,45359400
1,46720500
1,71584600
1,31305100
0,29025400
0,25338800
0,26016000
0,27771900
1,57596600
0,24803000
1,44869900
0,24808200
0,23926800
0,25573200
1,26320300
0,25594600
1,34965700
1,30488100
1,30879400
1,27640600
1,39389600
1,22152100
0,23417700
1,23672600
0,23647600
0,23467500
1,34542600
0,24135200
0,23755500
0,25595500
1,29157500
1,23579900
1,31400800
0,24484900
0,23978400
1,23685800
1,22136400
0,24829300
1,34590600
0,23616000
1,28047900
0,23813600
0,23936500
0,23513800
0,25625300
1,31375300
0,24337200
1,38435000
1,32845700
0,23649100
1,24851300
1,23095200
1,23922200
0,23300400
1,34490400
0,23372800
1,21952300
0,23404900
0,24220800
1,31242800
0,23501800
1,49282400
1,30204700
1,22163300
0,23629000
1,25853200
1,87431400
1,38686800
1,24677200
1,32245800
1,88622100
1,26441900
0,24728700
0,24517800
0,25279000
0,25074600
1,24743100
1,40705000
1,23159900
0,26778400
0,29543700
0,26631500
0,24354000
1,55939700
0,23865600
1,36302800
0,23899300
1,63312600
1,28240100
1,29422000
0,23506900
0,23560000
1,24941800
0,23321400
0,23469900
0,23319800
0,23773500
1,37400000
1,73460700
1,86069300
1,25548000
0,26718800
1,28507700
1,36383300
1,40157700
1,24838300
0,24244600
0,28353600
1,35542600
1,35893700
0,24598200
0,24241400
1,24226800
1,42746500
0,23975900
0,24206200
1,25301100
1,66505200
0,24325500
1,29385700
0,24471100
1,27635100
1,22160400
1,52770100
1,87994900
0,24424200
1,29627900
1,59913600
1,29237900
1,40733500
1,22916400
0,23689900
0,23467400
1,24998700
1,86837000
0,31600100
0,26605800
1,26149000
0,24246800
1,29183100
1,34984600
0,24407600
0,24390300
1,24001000
0,23513500
0,23409500
0,23532500
0,23368500
0,24254300
1,37698500
0,23533000
1,22280500
1,24834300
0,23403700
1,29264800
0,23646400
0,23441800
0,23714000
1,29399000
0,24280400
0,24539400
1,25948400
1,35707700
1,39265900
1,33842000
1,26022700
1,22708500
1,25371700
1,54451500
0,25022200
1,29160500
1,39716200
1,40798000
1,26562000
0,26516700
0,24206600
1,25815700
1,27583800
1,33385800
0,23865700
1,25521500
1,28876000
0,23381500
1,22521400
1,48954900
1,22611300
1,24792700
1,22888100
0,31105400
1,50181800
0,24730400
1,29666200
1,33205600
1,43237600
1,31174100
1,32487200
0,25345100
0,23667000
1,22593400
1,31503200
0,24610400
1,29716800
0,26330900
0,24621400
0,24370000
0,29952300
0,31317200
0,27721000
1,44110500
0,24489900
0,23898900
0,27441200
1,25941800
1,27931300
0,25790000
0,24380200
1,33402500
0,25597900
0,24670500
1,31323500
0,24479600
1,50422500
1,45302800
0,23685800
0,23390300
1,47363000
0,25197300
0,23763300
0,23755000
0,23918900
1,29836500
0,28314700
1,36604300
1,26397200
1,42850400
0,23751700
1,35723700
0,23570600
1,38980500
0,23601600
0,23567800
0,23459200
0,25833900
0,27382800
0,23964400
1,24495100
1,43995500
1,22873800
0,23676900
1,50202100
1,77617600
1,38511700
1,61724200
1,44052800
1,91626600
0,24786700
1,30558100
1,39766400
1,62520600
1,61346700
1,25659500
1,25630600
0,28186600
1,30165800
1,38816000
0,25746700
0,23531000
1,22273100
1,38760600
1,35233600
0,23688800
1,44999400
0,23204900
1,70897800
0,23365400
1,32618600
0,28092700
1,75578700
0,24229600
0,24680000
0,26249400
0,24100000
1,22393100
0,24368600
1,45162900
1,28501300
1,23080700
1,28003300
1,44219400
1,30407200
1,27361800
0,24504800
0,24277200
0,25036600
1,30738700
0,23731800
0,23778800
1,27223600
1,32456800
1,39057300
1,27461200
0,26360500
1,41693000
1,33039200
0,23987800
1,56116400
0,24186300
0,23955700
1,23991900
1,28644200
1,29662100
1,32814700
0,23587700
0,23210900
1,71785600
1,23388700
1,23364400
0,24350600
0,23450500
0,23324600
1,33667200
1,55891700
1,24977700
1,28838000
1,25544000
0,24030000
1,28006600
0,30807000
1,50552200
1,37371400
0,27944700
0,31241000
0,24912800
1,47625900
1,29791100
0,27243300
1,25338500
1,42306300
1,35448300
1,37061500
1,32684000
0,23618800
1,82507200
1,35253500
1,44879800
1,26932200
0,25163200
1,53046100
1,33282300
1,47482700
0,23859800
1,30564500
0,23519200
1,43721200
0,23526800
1,47510700
0,23764500
1,33375100
1,26541800
0,23468500
0,26806200
0,27876100
1,50193600
0,26701000
1,28939300
1,22951200
0,24309100
0,24294200
1,29532800
1,24409500
0,23462600
1,50853100
1,36911100
1,23480400
0,23255600
1,24807800
1,28979600
0,26458800
0,26209700
0,24828100
0,24403800
0,24250700
1,22783200
0,24054800
1,32483000
1,72664000
1,24051900
0,25843100
0,27017800
1,29980500
0,23866800
0,23966300
0,23771800
1,29593700
0,23366800
0,23326800
1,26882000
0,23498300
0,23409500
1,25295900
1,22263600
0,23397900
1,24924400
1,25024700
0,23673400
0,24142200
1,38071000
0,23575700
1,21944300
0,23627600
0,23422500
0,23590100
0,23457300
1,33762800
0,23483400
0,24062500
0,25906800
0,24666900
0,26858600
1,33394700
0,25455400
1,31952800
0,24398700
1,27116300
1,54585400
0,24809400
0,26170900
1,24481000
0,23932900
0,23933500
0,23873200
0,23734800
1,23963900
1,29565400
0,26673200
0,24086200
0,24252500
0,23796300
0,26427900
1,27187500
1,22871500
0,24304600
1,25635900
1,22263300
1,25861000
0,23369100
0,23646100
1,28375600
0,23558900
0,23518800
1,30552000
0,23771900
1,24573200
1,43121500
0,24949800
0,23702100
0,24596800
1,25013800
0,23707400
0,23539800
0,24937200
1,37646900
0,23420400
1,35649600
1,27089500
1,44282300
0,26345200
0,23395300
1,34572000
0,24498900
0,23940400
0,24245200
0,28273900
1,24516200
0,24206500
0,23744700
1,22753500
1,24155600
0,23313400
0,23295900
1,39656300
0,24580400
0,23452200
0,23420100
1,41700100
0,23352800
1,23111000
0,23618500
1,23237500
1,34144100
1,36270200
0,25399000
0,24109300
1,55105300
0,23515400
0,23509200
0,23579800
1,55746100
1,40049900
1,33892800
1,32432200
1,31362900
1,37628800
0,26101800
0,25486800
1,31571200
1,93858100
1,34980000
1,42139000
1,21998300
0,23485200
0,24468200
1,28077800
1,30586200
1,27933000
1,48671600
1,26430800
0,24823300
0,24170100
1,51096700
0,26177900
1,45008400
0,24267300
1,27527100
0,23497800
0,23376700
0,24133100
0,24537400
1,30873300
0,23710100
0,23625500
0,24974100
0,24194100
1,40419000
1,30197500
1,44057700
1,56384400
0,28659000
0,25718400
0,23354100
1,41583200
0,23803500
0,23385800
1,26343200
1,29489400
1,26108300
1,23352000
1,29741800
0,23571600
1,68898400
0,23680300
1,33815700
1,25060200
0,25177200
1,36247100
0,23874300
1,49129800
0,23286000
0,23713000
1,37395900
0,23539700
1,54045100
1,32532200
0,23613700
0,23728900
0,30370500
1,33481000
0,24250500
1,57349000
1,40630700
1,28268500
1,23347000
1,46182200
0,26473900
1,49878000
0,24825400
0,24240500
0,24254300
1,32086400
1,26163500
0,23400400
0,23357200
0,23449600
0,23233900
1,43852900
1,57152900
0,23819500
1,22277200
0,23601100
1,44258700
1,30201100
0,24679000
1,24053800
0,24687900
1,26144200
1,44396900
0,25106500
0,23749500
0,23340300
0,24251900
1,45414000
1,30993600
0,23336700
0,23459700
1,71239500
1,31429500
0,23378300
0,23318200
0,24022200
1,26222900
1,34594700
1,37516200
1,48079600
0,23439900
1,23545500
0,23451600
1,24454100
0,24594200
1,41066900
0,25187400
0,23808800
1,43595100
1,28639100
1,22101800
0,23715800
0,23573900
0,23156800
1,27588500
0,23246100
1,40086100
1,25608400
0,24320400
0,28005900
0,27476600
1,36693200
1,37415200
0,33426200
0,26957500
0,25304400
1,57924200
0,24654400
1,30425900
1,26951000
1,58865500
0,24405200
1,37944600
0,24199500
1,36918400
1,56479500
0,25752200
1,34889400
1,28896700
0,23911400
0,23480100
1,35966100
1,22106900
1,25005400
1,38076600
0,23456200
1,37023000
0,23980400
0,23816600
0,23530100
0,30236500
1,37274300
0,26382000
0,25223800
1,61646500
0,26243300
1,23621100
0,23853900
0,24032600
0,23788100
0,23693500
1,44940800
1,46252500
1,29875000
0,23565100
1,24959500
1,27639800
0,23487800
0,23452600
0,23686000
0,23359700
0,25349100
1,36812000
0,23819000
1,35136100
1,23122200
1,29567900
1,34044500
1,42508000
1,30405500
0,23461800
0,24308600
0,23660700
1,43279900
0,25376500
1,29516600
0,23807400
1,33663200
1,24184200
0,24054600
1,30421700
1,34902000
1,26830200
1,29697300
0,23707000
1,44995700
0,28488700
0,24572700
0,23905300
1,32152700
0,24683300
1,29749100
0,23905400
1,26365800
1,22278000
0,24452900
1,27162600
1,29235000
1,26921200
1,27734600
0,23477400
1,22063200
0,23493800
1,56364400
1,26744500
0,23524000
1,30765200
0,23584600
0,23657400
1,29074200
1,29404200
0,23963200
1,34261700
1,24671100
0,25211600
1,31221900
0,32442500
1,46773800
1,55953800
0,26002500
0,25336700
0,25211000
0,24817500
0,24165400
1,23622000
0,23940900
1,31517500
0,23527000
0,23787400
1,54159600
1,59637800
1,36471600
1,24793600
1,36536500
1,49338500
0,26509300
0,25998100
1,23704300
1,37904200
1,28781600
1,62569900
1,44434600
1,23141800
1,30866600
1,28248300
1,31970600
1,54028500
1,52453600
1,30254600
1,28387300
0,31579400
0,27964600
0,24098300
1,31846600
1,33751900
1,35091100
1,30051700
0,24356300
0,26429400
0,27243400
0,25389600
0,24811100
0,24750900
1,42270600
1,26436700
1,38737500
0,23485200
0,23236600
0,23372500
1,79639200
1,74594800
1,48890300
1,32431100
1,35755400
1,22715400
0,26736800
1,31463400
0,23761000
1,22334700
0,23794200
1,46614400
0,23270200
1,44736800
1,26291400
1,22053900
1,27724100
0,23365300
0,23358200
1,35992300
1,53519800
1,60871800
0,23903400
1,32999000
0,23907400
0,24745800
0,26023000
1,38852700
1,30426700
0,24345100
1,78527100
0,25942900
1,63694500
1,41833000
0,26471200
0,24680900
1,34314300
1,34032600
0,24525900
0,24359700
1,34996900
0,23984200
1,28947900
0,24742300
1,29166600
1,55644100
1,22726700
1,38414900
0,24613000
0,25455200
0,25139400
0,24726800
0,28690600
1,30200000
1,52622700
0,24171000
1,31686100
1,39358600
0,23736300
0,23842200
0,24923100
0,23812600
1,50004000
0,24890300
0,26238300
0,26065700
0,24877800
0,23908400
0,24097300
0,23710200
1,51032900
1,22122900
0,23452600
0,23406200
1,27738600
0,23917600
1,32864200
1,37046200
0,24589200
0,24489900
0,24516700
1,27513700
0,23888600
0,23704300
1,24961200
0,26035100
0,23806800
0,23884400
1,22371300
0,23774300
0,23408500
0,23445600
0,25606900
1,26568300
0,24245700
1,30065900
1,33148300
1,24650100
0,23670700
1,21934800
0,24136300
1,64711700
1,74028200
0,23449200
1,22563900
1,23411600
0,26720200
0,30465100
1,27704600
1,41997900
0,24512900
0,23746900
0,23789600
1,34252200
1,39714800
1,38104900
0,30574500
1,53110500
1,28798100
1,46151600
1,26156400
0,24503200
1,29999000
1,39690600
0,24683100
1,55075100
0,24913600
0,25014600
0,24689500
0,24895800
1,23895200
1,24331400
1,69163800
0,24504100
0,25314800
1,51167200
1,84086800
1,69150400
1,38768100
0,23280400
1,23431600
1,34145100
1,53072100
0,23467600
0,25601000
1,29274500
1,30926100
0,24276000
0,24260000
0,24154300
0,23595700
1,61387200
0,23837700
1,24154400
0,23366300
0,24375200
0,23671600
1,33118700
0,23615900
0,23330200
0,23837000
1,32763800
0,23678100
0,23934700
1,57961200
0,23358000
1,22517300
1,25619500
1,45320200
0,29674400
1,40076400
0,25858400
0,23262300
1,28720400
0,23365000
1,38784000
1,35065100
0,24398800
0,24282600
0,24292800
0,25405900
0,24648900
1,22856900
1,40731900
0,23903700
1,28553300
0,24294800
0,23953000
1,58587400
1,30123100
1,21913600
1,26331800
1,27431200
1,25583000
0,26620000
0,25583000
0,27042200
0,30665600
0,25696000
0,25261900
1,31629800
1,28023500
0,24671400
1,28168700
1,23712800
1,28624900
0,23342500
1,64328100
1,28433500
0,26863700
1,44085500
0,23844900
0,23614400
1,30633200
1,42127100
0,24087700
0,23996700
0,23710600
0,23931400
0,23292800
0,23375600
1,35197000
1,40340100
1,32810800
1,34531200
1,24041800
1,30595600
1,29896200
1,23261500
1,25576900
1,36568500
1,38807900
1,26278600
0,23562500
0,23911500
0,23353200
1,30047200
1,27561100
1,87138100
0,23859700
1,34009700
1,34655900
0,23844200
0,23704800
0,24228000
0,25135500
1,26666200
0,23307100
1,39144500
1,61328400
0,23755000
0,23313700
0,23298800
1,54739600
1,31251100
1,28420700
1,23683300
0,25196100
1,27042000
1,24632200
0,24559500
1,24209800
0,23886400
1,30282000
1,46303400
1,22021400
0,29120300
1,28646000
1,69284100
1,23659100
1,39027800
0,24228700
0,23940900
0,23821000
1,28242700
0,24015500
0,24094000
0,23716000
0,23421300
0,23714400
0,23550000
1,50735400
0,27261900
0,23531800
0,23323400
0,23955700
0,23682000
0,24048700
0,23757900
0,28471700
1,22335700
1,34680800
1,70846800
1,72862600
1,25028600
0,24040100
0,24290700
1,94685300
1,26828800
1,40267500
1,30499500
1,23779300
1,24303100
1,23854500
0,23866100
0,23823200
1,31670900
0,23508200
1,23480600
0,23330700
1,27886400
0,24449700
1,28410700
1,39397100
1,36286700
1,82393500
0,24318100
1,52580600
0,23349700
0,24175400
1,46665300
0,23788700
1,32535300
1,23895400
0,23593700
0,23460900
0,25203800
0,24802200
1,30851700
0,23450200
1,22177000
0,23750900
1,28968300
1,37606900
1,29350000
0,25750900
1,51051500
1,39754800
0,24939300
1,26289400
1,25228800
0,24158500
1,26244700
1,31711400
1,29145600
0,24761600
0,23564000
0,23352300
0,23385400
1,25601300
0,24384400
1,42144300
1,39272800
1,24940700
1,30390200
1,37771400
0,23369600
1,27875600
1,24720500
0,23554700
1,36896800
0,23618400
1,42013900
1,33243400
0,26892100
1,60341900
1,95965500
1,54486200
1,29866500
0,23640000
1,23720500
1,56018800
0,23506800
0,23330000
0,24463300
0,29460000
0,23469600
1,34463700
1,28359200
1,31387000
1,40207900
0,24245700
0,23417500
1,40991400
1,33841600
1,24353700
1,23739000
1,28762300
0,25450700
0,24144100
0,27959400
1,32975100
0,25478300
0,24980100
1,23844300
0,24702400
0,23637100
1,31322500
1,73701500
1,29163400
1,25188700
0,23314200
0,23405700
0,23846100
0,24035600
1,28173600
0,27719800
1,32017300
0,23836600
1,27820600
0,24704800
1,35301500
1,35150100
0,24341600
1,24330300
1,46572900
0,23432000
0,23377300
0,23226600
0,23517000
0,23845600
0,24450000
0,23463600
1,24106500
0,23480500
0,23598300
0,23367900
0,24169300
0,24195500
0,23940600
0,24478900
0,23759300
0,23275200
1,45153900
0,23676100
0,23703000
1,69621400
1,62132900
0,24454500
1,49006400
0,23525700
1,33586100
0,23600200
1,38734000
0,29053800
0,25727000
1,29652400
1,35929300
0,24292800
0,24352800
0,24210900
0,23457200
0,23222000
0,26159100
0,30939200
0,24843200
1,73469000
1,25646400
1,39897600
0,23835200
1,43427100
0,23794800
0,23344500
1,23627800
0,23695900
0,23444900
0,23266800
1,30063200
0,24409200
1,48047200
1,34014300
0,23467600
0,23396000
0,23577600
0,23674000
1,29886600
0,23351700
0,23526700
0,24802600
0,24628500
1,53033600
1,40475400
1,74029200
1,38734500
0,23965000
0,23720300
1,24732400
1,42187700
0,23727900
1,22274700
0,23295900
0,23444200
1,51452300
1,39112300
1,40384800
0,23483000
1,27889100
1,31818100
1,29608300
0,23349200
0,24854000
0,23604600
0,23239300
1,26720900
0,23837800
1,40491600
1,47149500
0,23474800
0,23356100
1,24185500
0,23840300
0,23965300
0,25054100
0,27503700
1,56471800
1,54851200
1,38937000
0,23709500
1,24179200
1,23498300
0,23497500
1,22364100
0,23558500
1,23100800
0,23581000
0,23197400
0,23474400
0,24570100
1,38269000
0,30399500
0,25195000
1,36781500
0,24762300
1,23199300
0,24243500
0,27260400
1,59809400
1,24904000
0,24039100
0,23767800
1,26451700
1,31504200
1,35381700
1,23801400
0,24937300
0,24215400
1,49332000
1,66291800
0,24404900
1,65569900
0,27660900
1,27667900
1,37492600
0,24345700
1,28496900
0,24051600
1,41257400
1,25332000
1,24556800
0,23272100
0,23366400
0,23499000
0,28210800
0,23472500
1,25067600
0,23445600
1,23906400
0,23413500
0,25642400
0,27131400
1,52917700
0,23863100
0,24056300
0,23674400
0,23633700
1,23570200
0,23482900
1,38012800
1,32749100
1,23872900
0,23235100
0,24916500
0,26661000
1,32363900
0,24467400
1,42406500
1,29249400
0,24161400
0,24156600
1,28478100
1,30687600
0,23383500
1,68263500
1,34970900
0,25239100
1,33397600
0,23572400
1,49633800
1,27886900
1,44349600
1,25454900
0,27728300
1,39649000
1,35052500
1,42890800
0,23717400
1,24744900
1,24099600
0,23416600
0,24345200
1,30520200
0,23449900
0,23443100
0,23899200
0,24233600
1,34507000
1,45349600
1,45414300
1,40034900
0,28151000
0,29660600
1,29654800
0,24908600
0,26305800
1,39189300
0,24753400
1,36217700
1,32544100
1,30911100
0,24904600
0,24292700
1,24054200
1,27074600
1,67793200
1,45819100
1,22622800
1,55857500
1,29114300
1,67240500
0,24737200
0,24077300
0,23530900
1,57817700
0,23771100
0,28630600
1,52714100
0,24434200
0,24359000
0,24298600
0,24115700
0,24471900
0,23541800
1,58618400
1,38257200
1,36747400
1,60658800
1,22099300
0,23522900
1,64097000
0,23647200
1,35066000
1,32771300
0,27989700
0,23717100
1,22324700
0,23556100
0,23303100
0,23263300
0,23577800
1,28216700
0,23234200
1,26339000
1,30850400
1,26523800
1,23998400
1,39855800
1,27926700
1,29168000
0,24266100
0,24895400
1,29902600
0,23204000
0,23680400
1,38654800
0,23342800
0,23247900
0,24018400
0,23256400
1,44706000
1,22399100
1,117174300
1,27550100
1,23245000
0,24702700
1,31455700
1,31686100
1,50529300
0,24151500
0,23866700
1,29450100
0,23775000
0,24036000
1,23779000
1,46698100
0,24432200
0,23295600
0,23418900
1,22475400
1,27902100
1,22857400
0,24814500
1,74621900
0,24272100
1,23406600
0,24892500
1,25589000
1,33963500
1,38011000
0,23250600
1,51986900
0,23901200
0,29643500
1,34099200
0,24364300
0,23854100
1,27966200
1,28178300
1,32841600
0,24775400
0,23382600
0,23351400
0,23323200
0,24107100
0,23568000
1,24719800
1,34249600
1,22280600
0,23323000
1,34755200
1,61219300
0,23415300
0,24054400
0,23823300
1,32501000
0,24379600
1,37537200
0,23645900
0,23506200
0,24230800
0,26760400
0,24813500
0,23863000
0,23660600
0,23490000
0,23265700
0,23453700
1,35506700
0,23469000
1,31717500
0,23357600
0,24460600
0,24286700
1,31072000
0,24225000
0,23344600
0,24180400
1,55541600
0,29987600
0,29304200
1,38341500
1,29348300
1,60179900
0,26883100
1,58293400
0,27427900
1,25416000
0,24472300
1,24130300
1,24471700
0,27178900
0,25871600
1,27082100
0,23706900
0,24546800
0,25628600
0,29919200
0,27275400
1,24965800
1,24660400
0,24736500
0,24068300
1,65568800
1,21868300
0,23517000
0,23809700
0,23719700
0,23280800
1,21989100
1,57983900
0,23298100
0,23443900
0,23358700
1,23413100
1,21943400
0,23596900
0,23242800
0,23642400
0,23314600
1,31496900
1,33272200
0,23581700
1,32378600
1,42043100
0,24423300
0,24295100
0,23988200
1,40415900
0,23313100
0,23403100
0,23227300
1,28425700
1,34239000
0,23581100
0,23353100
0,25886800
0,23942100
0,23304300
0,25058200
0,23298900
1,37263200
1,33503600
0,23639300
1,41964100
1,26210200
0,23478400
0,24001300
1,33286100
1,27468400
1,26089900
0,23446800
1,37201500
0,28448100
0,28261900
0,24382900
1,39576200
1,25863500
0,24719100
1,24085500
0,24225200
0,24376800
0,24445400
0,24780700
1,37830000
0,28974000
0,24669500
0,26407500
0,24923300
0,24450700
0,24204300
0,23789000
1,36994600
0,24057800
0,23565300
0,24189500
0,23396800
1,29898100
0,23420200
0,27644100
1,35422900
0,27985100
0,24866300
1,36622700
1,67706000
0,25247100
0,24828200
1,23858800
0,23573700
0,23794800
0,24084800
1,28886100
1,32244400
0,23312000
0,23685600
1,30477000
1,25580500
0,24184100
1,22994000
0,23725300
1,26671600
0,23306700
1,26170100
1,28969000
0,27368000
0,23484900
0,23434500
0,23593600
1,23878500
1,26764800
1,32204600
1,38148100
1,22479300
1,58262500
1,46568800
1,30908600
1,30093500
1,45043800
0,23454000
0,23265900
1,35161200
1,23535200
1,32132600
1,37621600
1,51956300
0,24778000
0,24213300
1,61115200
0,26502400
0,24499100
0,24313100
0,24421300
1,40861800
0,24803100
0,25335700
0,26016500
1,23303000
0,24483800
1,60656800
0,24247300
1,26296200
1,22741500
0,24929500
1,24749700
1,25153500
0,26195900
0,23980400
0,23973600
1,52691700
1,25389600
0,25688300
0,25181600
0,24028000
1,26397700
1,44731500
1,35125100
1,58979600
0,23472200
1,54846200
0,23933000
0,23224900
1,41848200
0,24341600
1,32140300
0,25474800
0,24180200
1,29666400
0,24145800
0,24347500
1,55151600
0,26970200
1,29851500
1,27820400
1,28317500
1,47697600
1,30806600
1,36948000
1,37900300
1,23126000
0,24362900
1,22381600
1,68092800
1,50023300
1,74600100
0,23640200
0,23443800
1,27214900
0,23328900
1,46458800
1,23353100
0,23321900
1,29543300
1,39726500
1,27833800
1,32351000
0,24897600
0,30425000
1,37367200
1,39279200
1,25448100
0,24490100
1,40160200
0,24318500
0,24228300
1,25743700
0,23960400
0,23705200
1,38173600
1,41398200
0,23435300
0,23517800
0,23754600
0,23567800
0,24146100
0,23458000
0,23251300
1,34221800
0,23650200
1,27034100
0,23236800
0,24097400
0,23368600
1,26140900
0,24933900
0,24955500
1,61358400
1,57295100
1,28045300
1,52133400
0,23568800
0,23826200
0,23853500
0,24866500
0,23906700
1,22433900
0,23911500
0,23460200
0,23703100
0,23452800
1,79989200
0,23555900
0,23323700
0,23491100
0,23471400
1,34907800
1,27931400
0,26526900
0,25148300
1,30849100
1,24649900
0,24687500
0,24973900
0,28127000
0,29382000
0,23900100
0,23249100
1,22120100
1,23687700
1,33530300
0,23845100
0,23705300
1,26474100
0,23819700
0,23804000
1,46289000
0,23513000
1,27789600
0,23883700
0,24052500
0,24582400
0,28296800
1,28936800
1,37338100
0,24904900
1,27156700
0,26363200
0,24291800
0,24604400
1,29722200
1,47497000
0,24195400
1,71809500
0,24134700
1,39978000
0,23688300
1,24775100
0,23872900
0,27682800
0,29180900
0,26040700
1,22642500
0,23717100
0,25290100
1,40302700
0,23758600
0,24654900
1,47097800
1,24309000
0,24103300
1,60956900
1,23259500
1,33808600
0,23720300
1,76542700
0,23364400
1,37694100
1,25733900
1,29810300
0,23462400
1,34933100
1,43285600
1,23995600
0,23245700
1,22075400
0,23395600
1,26928500
0,23415100
0,23343700
0,23316300
0,23577900
1,25333100
0,27132900
0,23611400
1,28788700
1,49024400
1,31477700
0,25601700
0,23911900
0,24342600
1,49362000
0,23999200
0,24157600
1,28394600
0,23472200
0,23759800
0,23608000
0,24205000
1,26108800
0,27194200
0,33066900
1,54147600
1,24318000
0,25122800
1,40696000
1,38160700
0,26941700
1,26524000
0,23885300
1,25692300
0,25043300
1,25015000
1,33187600
0,23744100
0,23767700
0,23967100
0,23873200
1,23975300
1,33022700
1,24650800
0,23758700
1,44995300
1,34521400
1,29902200
0,24368800
0,24444800
0,24627900
0,23882700
0,25075300
1,33199400
0,23488800
0,23832300
0,25198500
0,23931900
0,23987300
1,33689800
1,53585900
0,23368700
0,24432500
1,26590600
1,36128400
1,24960600
1,32558700
1,49252700
1,29078100
1,39508400
0,24132500
1,22688300
0,23537900
0,23687800
1,53584600
1,23227900
0,23627600
1,23680300
0,23559800
0,25000200
1,53363000
1,29093900
1,24534000
0,24307500
1,61470600
1,34476800
1,26545000
0,24692100
1,45337000
1,51063000
0,24501200
0,27205900
0,23931900
1,50288300
1,24659300
1,52988700
1,26427700
0,24380400
0,26638500
1,41796700
1,34669400
0,30955300
1,30635500
1,40820500
1,27694900
0,27961800
0,29817100
0,24911600
1,52397000
1,40912400
1,23935700
1,49003200
1,28747800
1,32199100
1,38257200
0,23698900
1,37556100
1,29433300
0,25195400
0,23801600
1,28577800
0,23443000
1,23351800
1,44207500
1,45961500
1,26456100
0,23330700
0,23459700
1,69952100
0,23525000
1,29489300
0,23402400
0,24123000
1,31719300
0,23359900
1,22383000
0,23367100
0,23945700
1,26578300
0,30978500
1,51845200
1,40013300
1,48789900
0,24289000
0,24351000
1,24675300
0,23698700
0,23775500
1,33487300
0,24192500
1,40952800
0,24433600
1,39775100
1,65841800
1,27416300
0,24726200
1,42556700
0,24243400
1,39127600
0,25400000
1,34730600
0,26828900
1,35625100
0,24403500
0,24968500
1,23595200
0,32429100
0,29419100
0,24361600
0,25467100
0,28766200
1,37257500
0,24239400
1,23863400
0,25191000
0,24988500
1,22795900
1,34096500
1,39391100
1,22404400
1,22656900
0,23461900
0,23568500
1,29369500
0,23493600
0,23960300
0,23373300
1,80634800
0,32223900
1,34059600
0,25455000
1,23284800
0,24586300
1,49855000
0,23255700
0,23456100
1,36028000
0,23465300
0,24063500
1,53972800
0,23339800
0,23836300
1,65831100
0,27104100
0,24210800
1,35529200
0,23799800
1,28277600
1,40331600
1,45853400
0,24316600
1,42513900
1,22005300
1,34519500
0,24301200
1,23916000
1,41582500
0,23447100
1,38421800
0,23673800
0,23928200
0,29726500
1,36744500
1,36989700
0,24162000
1,53305300
0,23937900
1,25366500
0,23421600
0,24028600
1,24736100
0,23409100
0,23639700
1,42451700
0,23480700
1,23708800
1,34594700
0,23453500
0,23436800
0,25324900
0,23932800
0,23212600
0,26252400
0,25358800
1,30663900
1,57515700
1,25159500
1,53405800
0,24277700
0,25278900
0,24321500
0,24099200
0,23399500
1,54212000
0,23287300
0,23404800
0,23740300
1,29757500
0,23369600
0,23666200
0,23452300
1,61102100
1,68883800
0,28862100
0,24748500
1,31846600
0,24660800
0,23826200
1,27569400
0,23941900
0,30027700
0,27330800
0,24506200
1,27485200
0,23745800
1,36176500
0,24314800
0,24565800
0,23909000
0,24805500
1,28703800
0,23597200
1,23672000
1,32274900
1,25267900
1,33054900
0,23488400
1,24176600
0,23788100
1,23283000
1,22798200
0,28569400
1,25176300
0,23371700
0,24312600
1,33392900
0,24553400
0,23930300
0,24095800
0,23383900
0,25279200
0,23856200
0,23718100
0,23817200
1,32368600
0,23608200
1,61395600
1,45636900
1,33481600
1,36557300
0,23697100
0,24312900
0,24270400
0,24363600
0,24086600
0,23743000
0,23609800
1,35739000
1,27525800
0,24285100
1,41260600
1,45283600
1,33572000
0,24226200
0,24082100
1,24090800
1,23779200
1,33509600
0,23613800
0,23531200
1,26644700
0,23705400
0,23733900
0,23468900
1,37563200
0,23813700
0,24157400
1,40611300
1,44190700
0,23790700
0,24687300
0,24407900
0,29254000
1,33985700
1,32284300
1,46012300
0,28062800
1,55888200
0,23969400
1,52347100
1,44103800
0,25093800
0,24476200
0,24367100
1,33947500
0,23575400
0,23566800
1,77134600
0,26153500
0,26967900
1,34821200
1,50488500
1,38824100
1,87936400
1,39405800
1,25164300
0,23213400
1,29643500
1,32489800
0,23514200
1,39952700
0,25217900
1,43381000
0,24499600
0,24383200
0,24361200
1,31128100
0,23912900
1,23875400
0,23708300
0,23505000
1,24332300
1,24757700
1,30216300
0,23687100
0,24352400
1,61693300
1,27285600
1,23341000
0,24268500
1,47965100
1,28046900
1,38281600
1,39410600
1,28140000
1,32554600
0,23491800
1,26033600
1,29715100
1,24112600
1,50261100
0,23877100
0,23529700
0,26709500
1,24552200
0,25744500
1,25100600
0,23847900
0,23917500
1,23851000
0,24266900
1,46443500
0,23694000
0,24420900
0,23272600
1,32965800
1,24837300
0,23399100
1,41587000
0,23418200
0,23214300
1,27504900
0,23949500
0,23905500
1,35524200
1,26280100
1,51380300
0,24764600
1,59656900
1,34959200
0,27815800
1,53759300
0,24732400
1,32348500
0,24626600
0,24662300
1,35804000
1,30142300
0,27638100
1,23738300
0,23683400
1,22901400
0,24495600
0,24367600
1,79903700
0,23439700
1,25050000
0,23574100
1,29661000
1,46313200
0,23524700
1,28265900
0,23460300
1,24422600
0,23274600
0,24118200
0,23495800
1,21905900
0,26491400
1,34368000
1,23229200
1,34421900
1,70775100
0,24393100
0,24235800
1,26962900
1,32892900
1,54978500
0,23433700
0,23567400
1,22302700
1,38134200
0,30310000
0,26735700
1,24366800
1,31795100
0,24509600
1,36190200
1,80024000
0,23953000
1,37596200
1,22790300
1,42672300
0,23789300
0,23993200
0,23742000
0,23719800
0,23888200
1,22559100
0,23379900
0,23531800
1,58601900
0,23773200
0,24272400
1,59170700
0,23605600
1,32161200
1,33991500
0,23550600
1,34596700
0,23679400
1,61765600
1,22752800
0,23784800
1,23239300
1,29977600
1,24588300
0,24299600
1,28177500
0,23571600
1,22845800
1,54672400
0,23524800
1,25442500
0,23425100
0,23235300
1,31733100
0,23735400
0,23260800
0,23500000
1,27664400
0,26266500
1,30248400
1,36245200
1,33709600
1,36068800
1,22690100
0,23541500
1,22323600
1,47358500
1,28215400
1,25864900
1,31920900
0,24425800
0,24841300
1,27666500
0,24361700
0,23842300
0,24818200
0,24674900
0,23753100
1,43043500
1,24549000
0,23788200
0,23785800
1,28829100
0,24435700
0,23470300
0,23527700
0,23441100
0,24272400
0,23520100
0,23744400
0,23458400
0,25138800
0,23638400
0,23459200
1,22395600
0,24328500
0,23674500
1,21820500
0,23623600
1,26334200
1,51362300
1,40011100
1,22425300
0,23853000
1,25716700
0,24187200
0,24851500
1,24786500
1,56723800
1,25038200
1,45890900
1,25261800
0,25288100
0,24051000
0,26602800
0,24332200
1,29817500
1,22711300
1,48875400
0,23961400
1,43291800
0,23544600
1,33172500
1,33401900
1,26563700
0,23731000
0,24873100
0,23868500
0,23614500
0,23304100
0,23768500
0,23982500
0,23223300
0,23668600
0,23800800
1,30092100
0,23305200
0,23403100
0,23236500
1,30475500
1,22603600
0,25117000
0,30290000
0,29843800
0,24336900
1,35258200
0,26981400
0,25050700
1,28368200
1,27185700
1,32882500
1,26394900
0,24333900
1,63194600
1,35402500
1,24240800
1,30121000
1,28755400
0,24651100
1,28043200
1,24571300
0,23412700
1,44427200
0,24913600
1,22361900
1,60033000
1,22246900
0,23754400
0,23395000
0,23641200
1,38923400
1,34334900
1,40065200
1,36923400
1,34722800
1,54483300
0,25977500
0,29335600
0,27370400
1,44190600
0,26432500
0,24455000
0,31195800
0,25041200
1,32737700
1,35478100
1,31788000
1,22273900
1,49296900
0,23454400
1,24131300
0,23414500
0,23318600
1,31953800
1,53090600
1,56154400
0,23184500
0,23332600
1,45625900
0,23288500
1,29094800
0,23208600
1,47552200
1,36410000
0,23302700
0,23337300
0,23391800
0,23574000
1,22063300
1,22182800
0,23483900
0,25054000
0,23726900
0,23560600
0,25194100
1,26824100
0,26192200
0,27215800
1,34058900
0,24653500
1,27205100
1,40819700
1,23183800
0,24393000
0,24326100
1,42400300
0,24182000
0,23563900
1,66473100
1,47024300
0,23914800
1,43441600
0,25019400
1,39404500
0,25082100
1,37920400
1,37894400
1,37655200
1,56692600
1,34725000
0,23266600
0,23808900
1,73736300
0,24337500
0,23897600
1,30003000
1,22310400
1,33368300
0,23874500
1,28828100
1,25120900
0,24470400
1,35749200
1,31140200
1,34868400
1,25308000
1,21825100
0,24116000
1,30599200
0,23308500
1,55561700
1,28496300
1,24966900
1,23635700
0,23606100
1,42580700
1,35884700
1,67294500
1,23762600
1,55895100
1,50413900
0,23507300
1,21977300
1,34778600
0,24524600
1,41507100
1,44743100
1,27321700
1,28372600
0,26006400
1,22185100
0,23243400
0,24478500
0,27707500
1,29840700
1,27188600
1,40285300
0,24337600
0,24631300
1,63442700
0,23690900
1,26055200
1,40687900
0,23881200
1,25721400
0,23922700
0,23908700
0,26690500
1,64353800
0,24873000
0,27097400
0,23710500
0,27214800
0,30197300
1,28596200
0,24847500
1,50293400
1,23291900
1,27731500
0,24784800
1,31453500
0,24451700
0,24464700
1,42124700
1,45809500
0,23564800
0,24191000
1,25735200
1,53843700
1,23117500
0,23938800
0,23874500
1,71078500
1,60131100
0,23626000
0,24551900
0,23865400
1,28010900
1,39104600
1,26675100
1,27947800
1,23179900
0,23303800
0,23437200
1,49978700
0,23571700
1,40752500
0,24187500
0,24125300
0,23783500
1,27810700
1,31989900
0,24414100
1,37942800
0,27327800
1,63746000
1,34251700
1,26654900
1,29147100
0,25810700
1,22851200
0,23993100
1,22640900
1,68317000
0,24258300
0,24519800
0,24187200
1,35486900
0,23572100
1,21881500
1,54694400
0,26394700
0,26289500
0,28688900
1,40772800
1,40790900
1,23880900
1,61947300
1,26369500
1,34702800
1,47683600
1,22840800
0,24526300
0,24262400
0,27739200
1,27555400
0,23650300
0,24302600
0,23370800
1,25006900
0,23559900
0,23554000
0,24483200
1,30324700
1,27459300
1,34202400
1,27672500
0,24612700
1,22439200
1,35466200
0,23346400
1,23521500
1,57570900
0,23420400
1,23650700
1,26396500
1,39688900
1,27508800
0,23254100
1,81099900
0,24756800
1,70497200
0,27097900
0,25250400
1,34256600
1,24512200
0,24334500
1,36541100
0,26596300
1,37800900
0,23390600
1,23172200
0,23219500
0,23462700
1,53396900
0,23880400
1,23745900
1,38216800
0,23551200
1,24749600
0,23711400
0,23456000
1,46904000
0,29773600
0,27255600
1,25096500
0,25171700
0,24250400
1,43585700
0,24199000
1,29530100
0,26966100
1,25154700
1,42094500
0,24301800
0,24508100
1,36201900
1,30703500
0,23459900
1,22758900
1,65746100
0,27346500
0,23798500
0,25861700
1,33206400
0,23858600
1,27115200
0,23976000
0,24686100
1,61751700
0,23399600
1,105988400
1,24859200
0,23318100
0,23451500
1,35024900
0,23395500
1,43028000
1,45895700
1,32110500
1,25860100
1,24614500
1,27642000
0,27696200
0,30306600
0,24943600
0,25399200
0,24891400
0,26121600
1,27939600
1,63377700
1,32006200
0,25931600
0,23800300
0,23783900
1,25776200
1,34356500
0,23464600
1,49468200
1,26812700
1,29788700
0,25583900
1,30049200
1,21915700
0,23952200
0,23330600
0,27389500
1,40123100
1,28626200
0,23336500
0,23398600
1,32265800
1,38513500
1,34721300
0,25254500
1,23598000
0,24230700
1,29917700
0,25401900
0,24219000
0,24651100
1,46558700
0,24656900
1,35748400
0,26078600
1,46908700
1,57524300
1,26598800
1,25451200
0,23731200
0,23286600
1,23498700
1,30189100
1,41945600
0,23394600
1,28326600
0,23594700
0,23484100
1,41330600
1,45376500
0,23785500
1,50600900
0,23787500
1,23534900
0,23798100
1,22652000
0,24187800
1,28886000
1,23768800
1,34752900
1,39917600
1,27672200
1,32026500
1,32425700
0,29084700
1,35543800
1,26754400
0,31002700
1,60533600
0,30832700
1,33830500
0,24211300
1,35597000
1,27288100
0,23903100
1,49340100
1,95168500
1,25038400
0,23523400
1,26477000
1,49474000
0,29338700
0,24217100
0,24716600
1,31994700
1,32551500
1,25523100
1,31065000
0,23274700
1,22954300
0,23801100
1,31527200
1,59933100
1,49182900
0,24776400
1,23513300
0,25519200
0,24546300
1,24757500
0,26138600
0,26535700
1,39611000
0,24252700
0,24694200
0,24481200
0,24084800
1,26990800
1,39373100
1,24599400
1,43993000
1,41795700
0,23410600
1,26452000
1,21882500
0,26834100
1,28519200
1,40159500
0,23513700
1,23673800
0,23230300
1,39644200
0,23215800
1,56188700
1,29966700
1,22570800
0,23569600
0,23261000
0,23997300
0,25283200
0,24701400
0,24120200
0,24444200
0,24348800
0,24511700
1,30750500
1,63326000
0,24839500
1,59204800
1,28597700
1,31907400
1,21845600
1,27730000
0,23365200
0,23595100
1,47345700
0,23231800
1,91052500
0,23358800
0,23251400
0,24334100
1,23203400
1,48747700
1,33323500
1,26934800
1,81185700
1,49673200
1,36521400
1,31060900
1,27625100
1,35535500
0,24890700
1,31021600
0,24451300
1,36258200
0,24679700
0,24361600
0,24948800
0,24485000
0,25176400
1,22874300
1,38335200
1,22549200
1,32860600
1,23734000
0,23231900
0,26246000
0,23418200
0,23354800
1,23446800
1,29164800
1,51679800
1,27709200
1,96934000
0,23497100
0,23263100
0,23784800
1,45086000
1,23467400
1,26423800
1,56543200
1,42158800
1,32227600
0,24314000
0,24309500
0,23512000
1,52536300
1,47387300
0,25095600
1,35559400
0,24119200
1,26563800
1,33502300
0,23897500
1,25635300
1,23605000
0,23732200
0,23627200
0,23452700
1,33924200
0,23514300
1,64300100
0,25109500
0,23251900
1,42695500
1,33380900
0,23411700
0,23480800
0,23776100
1,23486900
0,23660000
1,52633600
1,29301900
1,26802500
1,23840500
0,24256100
0,24320400
1,58877500
1,26708100
0,25805700
0,25864600
0,26510300
0,25173800
1,25865000
0,25233900
0,24365500
1,36816200
1,27506600
1,26362500
1,59849300
0,24328100
0,24054200
0,23668500
0,23973900
1,84731100
1,49422300
1,128837200
1,37551400
1,23138000
0,24767700
0,24665200
1,38858500
1,61848800
1,55345300
0,24343000
1,29314100
0,27340100
1,35705500
0,23744900
0,26985100
0,25920700
0,23467200
0,23280200
0,24009800
0,23523900
1,65465600
1,23863500
1,28185400
1,55074000
1,28960400
1,35375900
0,23538600
1,25059800
1,67674300
1,26047500
0,23824000
1,41890800
1,45466600
1,29004000
0,23270100
1,32131500
0,28312600
1,24513200
0,24463900
0,24427900
0,24659400
0,24085700
1,33019100
0,24764300
0,24605900
1,27640600
0,23875500
0,24142000
0,24532300
1,22457800
1,57826400
0,27252600
0,24196200
0,24306600
1,118514500
0,23943800
1,24646700
1,30325500
1,34314700
1,29617800
1,33986400
1,66103900
0,23591900
0,23569000
1,28673700
1,25736000
1,33485800
0,26093300
0,24443900
1,29435800
0,24707500
0,24894800
1,29105000
0,24274600
1,86491300
0,23952600
1,38809700
0,23819600
0,23188300
1,23733200
0,23348200
0,24961500
1,34632500
1,22421000
1,22474800
1,58427600
1,36802000
1,41271200
1,47220100
0,24219700
1,33118500
0,23922400
0,23986000
0,23854800
0,23859800
1,31646400
0,23762200
0,23896200
1,64133800
1,33797900
0,26597000
1,23297300
0,24377900
1,22809500
1,38596600
1,24808100
0,24740800
0,25051300
0,30645600
1,50965000
0,24117100
0,23858100
1,34662800
0,23849800
1,22243500
1,60593200
1,66652900
1,32708700
1,28106500
1,29167400
1,34192800
0,24764800
1,23373200
1,29060800
1,34946000
1,41487800
0,23543000
0,23747000
1,30609300
1,37253600
0,24046700
0,25362000
0,23727800
1,36094700
1,33432400
0,24554200
0,23622900
0,23400700
0,24726300
1,48904600
0,23782800
0,23560900
0,24375300
0,23802700
0,23980400
0,23676400
1,48063300
0,26983000
1,25427800
1,23261100
1,22029200
1,27758200
1,29654300
0,23516700
1,24411900
1,32747400
1,37461800
1,76727300
0,24879800
1,36496700
1,37464400
1,28082800
0,23698200
0,23462500
1,26785700
0,24589700
0,24117700
0,24413000
0,27696200
1,34802600
0,24305400
1,74204700
0,23557800
0,26358200
1,37148300
0,23581400
0,23536400
0,23305300
0,23222600
0,23363200
0,23280400
0,24278500
0,25424400
1,25354500
0,24027600
0,24528200
0,24135600
0,23911000
1,24078400
1,32494200
1,60563000
0,31812300
0,27342600
1,44130500
0,24418500
1,24454100
1,31586900
1,27843600
1,29238400
1,49863200
0,24027200
0,24720600
0,23840700
0,23847000
1,46325300
1,48674500
0,23921700
0,25702900
1,35293800
1,36881900
0,23593200
0,23535200
0,23277200
0,23331100
0,23416700
1,22108400
0,23527600
0,23288200
0,23250400
0,23694600
1,25086000
0,23248700
0,23422100
0,23252700
0,23402900
0,24149200
1,32075100
1,33925200
1,24830700
1,23672500
1,46353000
0,23377100
1,52090000
0,26554200
0,30665800
0,23887700
1,57374500
0,26982300
1,24938600
0,24442100
1,28643500
0,24351000
0,23997500
1,42007900
1,23266100
1,25417200
0,23436100
1,34244600
1,26574200
1,24340400
1,22088600
0,24329200
1,50527500
0,26554000
1,50181600
1,48663900
1,24015400
0,23750100
0,23443300
1,40423100
1,45980400
0,23534800
0,23590700
1,47697500
0,28779900
1,42645100
1,56099800
0,25339500
1,24120400
1,33648800
0,24999900
1,31956600
0,30605000
0,24442900
1,24970700
0,25263100
0,32716300
0,31042600
0,28317200
0,24721000
1,41172500
0,25795600
1,54100200
1,29011100
1,22975700
0,26491500
1,35002400
0,24795000
1,55537400
1,23970100
1,32700500
0,28897700
1,91830800
0,24197000
1,27100300
0,24415800
1,26575600
1,33632700
0,24148300
0,25100000
1,47912300
1,30717000
1,40314200
1,27922500
0,24793600
1,39810200
1,26331000
0,23775600
1,31168300
1,34931300
0,27093600
0,23456000
1,46528400
1,47976800
0,23874800
0,23351100
1,42957000
1,30936300
1,23636500
0,29094000
1,30947000
1,41726900
1,24707100
0,24809800
1,26252000
1,58100000
0,23745500
1,26608400
1,58883200
0,24385600
1,29963700
0,25793900
0,24958000
0,25361800
1,25328000
0,24403500
0,24673900
0,24273600
1,23129600
1,26284200
1,55952800
1,56652600
1,23720700
1,22305900
0,23854100
0,23628000
1,35954200
0,23279000
1,37330400
1,28334100
1,22170900
0,23604200
0,24422200
0,24260300
1,53402000
1,30939400
0,23500600
1,28470700
1,34517300
0,23258200
1,24542700
0,25479100
0,24242800
1,42709700
1,26042900
0,27779800
1,31048700
1,48123500
1,31690100
0,24815200
0,24727500
0,24962100
0,26089400
0,27484000
1,68014900
0,24741200
0,24968000
1,23340000
0,24857300
0,24695600
1,34722800
1,24637800
0,26433900
1,23938700
0,24708600
0,26944100
0,25364100
1,31346900
1,38123000
1,52196100
0,30756500
1,45236700
0,30824000
1,40826200
0,32546700
0,29517800
1,33793200
0,28603200
0,28684600
0,24855800
0,28005200
1,97416000
0,32948300
1,31674600
1,28515600
0,29353700
1,38351900
0,25205700
0,24390400
1,22731700
1,63792500
0,23825800
0,23601900
0,23483900
0,23716500
0,23386900
1,22547100
1,23055900
0,23296000
1,35926600
0,23563900
1,25450500
1,33738400
0,23615300
0,23643000
1,29491100
0,25353500
1,22951400
1,30025600
1,27068400
0,24300800
1,38062000
1,34933000
1,31174300
1,38558300
1,28198700
1,55420300
0,24552400
0,24419200
1,44024800
0,24587900
1,36814200
0,23454300
0,25387600
0,24338800
0,24253500
1,22940100
0,23759000
0,24838700
1,44385200
0,23448200
0,23950500
0,23399200
0,23579600
0,23369900
1,30012200
0,23503900
0,23293700
1,32237700
0,23534300
1,52770500
1,66635500
0,26705600
1,29089700
1,36297000
0,27222400
0,24306100
1,36472200
1,24448900
0,24992000
0,24246000
0,25567000
1,42159700
0,27403100
0,27654300
0,26360400
0,24390000
1,30838400
1,27380500
1,62428200
0,23963400
0,23945100
1,24045100
1,26999200
0,27058700
1,30170000
1,24430500
1,22505500
0,25086600
1,24779700
0,25940200
1,39228200
0,24859100
0,25784400
1,27913300
0,24317300
1,27240500
1,25805100
1,35725300
1,28740400
1,24160100
0,24575800
0,24346300
1,27981600
0,24425600
1,42986200
0,24474300
0,24245200
0,24263000
1,22609900
0,24064500
0,23642200
1,23655900
1,62889900
0,23956900
1,25315300
0,25153500
1,22880100
1,48767100
1,25266100
0,24295400
0,23538600
0,23323800
0,24099200
1,24012500
0,23678200
1,41248000
1,30000400
1,25863700
0,25645500
1,22839500
1,43800400
1,32525700
0,24400400
0,23575300
0,23697400
0,23904300
0,23675500
0,23638200
1,23182600
0,23410600
1,24325300
1,26895500
0,23265300
0,29927000
1,92754200
1,22666500
1,30378100
0,23977700
0,25599700
1,39332300
0,24604100
1,26115400
0,24271400
1,37192500
0,25380700
0,23996100
1,56871700
1,31594900
0,23826300
1,25038000
1,22944400
0,24417900
0,26176600
0,26897100
1,38098000
0,28381600
1,38712700
1,40226700
1,24978800
1,32843200
1,25919700
0,24866000
0,25739500
1,40845700
1,22861400
0,24720100
0,24249300
0,23671700
1,44723000
1,29683400
0,23629700
0,27761200
0,26334100
0,23898200
0,24260100
1,30019900
1,28859300
1,22406500
0,23495200
1,25134700
0,23438600
0,23282800
0,23285300
1,26934700
1,27020300
0,23422400
1,30326600
0,23744900
1,33679000
0,24301100
1,32018900
0,23888500
1,24402400
1,42140300
0,23271900
1,22301000
0,24326300
1,27953100
0,23472800
1,27623100
0,24016800
1,22120200
1,26725100
1,27225500
0,28155200
0,24378700
0,24466000
0,24542100
0,24032300
1,32104200
0,28612800
1,43744600
1,29473600
1,25703200
1,32481400
0,24218100
0,27545000
0,25154300
1,52753600
0,24513700
0,24262700
1,23200200
1,42494800
1,24030300
1,42559900
1,35646000
0,24507500
0,26011800
1,29728200
1,76516800
1,42329100
1,36044700
0,26539500
0,24774000
1,24200400
0,25048100
0,27641700
0,28193900
1,42932600
0,24209100
0,23430200
1,26832500
0,23349200
0,23867500
1,42875500
1,22222600
0,23509300
1,22268400
0,24090000
1,27867500
0,30249900
0,24567100
1,47669300
1,27630300
1,35963500
1,46763900
1,24273600
1,32307600
1,33444900
0,24773300
1,37227000
1,22143400
0,23518500
1,53520800
1,23476800
1,70615600
0,23408600
1,25412400
1,26781500
0,23392900
0,23606600
1,26513200
1,24510700
1,23536300
0,23454800
1,38334900
1,23678700
1,29072700
1,38162400
0,23540000
0,23793400
0,26592900
0,23626900
0,23875100
1,33777500
1,35688000
1,32059300
1,30430900
1,47019200
0,25165200
0,24365900
0,24311400
1,41908900
1,43876600
1,48709000
1,42333400
0,23707300
1,41272000
1,23844600
0,27725900
1,39460200
1,79443800
1,36989800
0,23558800
1,40087600
0,23411700
1,37583900
0,23653300
0,23478900
0,23919100
0,23510700
1,42896300
1,32100800
1,26305400
1,42637500
1,25006500
0,23450800
1,23725400
0,23299900
1,27459800
0,24599000
1,38184300
1,39755100
1,48222800
0,25005900
1,29122000
0,24318700
0,23738000
1,40606700
0,24577000
1,43137000
1,58269900
0,26013200
0,23388300
0,23620800
0,23592800
0,23308700
0,23622100
1,25455700
0,25081500
1,22673600
0,23421400
1,35801600
1,25334100
1,26773700
1,39838000
0,23410700
0,23386000
1,48742600
1,36060500
1,26308100
0,23567900
0,24190600
0,26284500
0,24124700
1,24429200
0,26234300
1,30867100
1,43861500
1,31199900
0,24657300
1,23605700
1,27479600
1,31063800
0,25452100
0,24011600
0,28091500
1,26908400
0,24893100
1,26821200
1,28702400
1,46783400
0,23863000
0,23954500
0,23909900
1,26981600
0,23474000
1,39538700
1,35757900
0,24277300
0,23641300
0,23619900
1,26941700
0,23642800
1,44195600
0,23339400
1,26354800
0,23341200
0,23645100
0,25810700
1,29149500
1,24660400
0,25451400
0,30118600
1,23251800
1,28681700
1,27377100
0,25904700
0,25258600
0,24617200
0,24763900
1,61105300
1,29626400
1,51571900
1,58208100
0,23886600
0,24150600
0,23833700
0,23867400
1,46138300
1,33884800
1,23626500
1,24143700
1,32493300
1,22017500
0,24741900
0,29379100
0,23982700
1,33502300
1,25501000
1,71060700
1,32240000
0,24404800
1,41377600
1,23033400
1,37011900
0,23565400
0,23706800
1,28263000
1,36644000
1,62190700
1,24610000
0,24197900
0,24842900
0,28579000
1,29446900
1,27578800
0,24678800
1,26804700
0,24217300
1,28934800
1,29553500
0,23681300
1,38067800
0,23662000
1,34653800
1,27932800
0,23402500
1,63089800
1,22710700
0,23299800
1,21810000
1,22111300
0,23225700
1,22513600
0,24594600
0,24251800
1,22900300
1,29194300
0,30950300
1,61944300
1,26256400
1,39887600
1,26514100
0,24817200
1,23469400
1,26013000
1,30078300
1,42245600
1,26759100
0,23508500
1,30636800
1,46629100
1,32239100
1,22500700
1,28664500
0,23773600
0,23483300
0,23552600
0,23527400
1,52680300
0,23441000
1,46676100
1,57838100
0,23570600
1,27687200
0,24717700
0,26110900
0,24365200
0,24451900
1,30353500
1,44443600
0,27023000
1,33488500
1,29201000
1,28332700
0,24854200
1,143117700
1,44439700
1,30389900
1,47512700
0,24722400
1,30788000
0,24575300
0,23768400
0,23983000
0,24094800
1,32317600
0,23801300
1,35943600
0,23899800
0,23441700
0,24103200
1,23550000
1,29405000
0,24148400
0,23558400
1,23966500
0,25672600
1,27798000
1,90662700
1,34588500
1,62776200
0,23462100
1,69679900
0,23937900
0,23958300
1,32588000
0,25466100
0,23728600
1,22521700
0,23970400
1,26514700
0,23618300
1,23985100
1,23324500
0,23733300
0,23727400
0,23599900
1,22096800
1,48170800
1,39130000
0,23545600
0,23708200
1,42147300
0,29350300
1,26343400
0,24825400
0,24683700
1,23393100
1,26529100
1,26150800
0,23759500
0,23801600
1,24332400
1,22628600
0,23896300
1,31161300
1,22047000
1,32945000
1,23677400
0,26161100
1,64060500
0,23855400
1,39896400
0,23267000
1,95221000
0,29656400
1,23003700
1,30843700
1,27059600
0,24182000
0,23815100
0,24074800
1,34195700
1,23326700
0,25652100
1,37504300
1,45604300
0,24368500
1,38046400
1,44163700
0,25785300
1,27312300
0,24450500
1,23120000
1,22775100
0,23712400
1,22813500
0,23882600
0,24651700
1,27759100
1,38025500
1,33741400
0,24493400
1,24134300
1,25380000
1,36358900
1,46621000
1,31946300
1,47309900
0,23995800
0,23551800
0,23835800
0,23408500
1,30458200
0,23583700
0,23487400
1,51757000
1,27992000
0,24036000
1,24294500
0,24215800
0,23707700
0,23456300
1,31376000
0,23604700
1,40835500
0,24382200
1,47748500
1,56719200
0,23334300
1,35415300
1,41108100
1,30378100
1,52881900
0,23444000
0,23339800
1,23610300
0,23214400
1,23421800
0,23354200
0,23857300
1,93296200
1,48202300
1,29713000
0,24385400
1,24353000
0,23724900
0,26041300
1,49333800
1,34074400
1,24673800
0,24515400
1,34901900
1,74887400
0,24335900
1,28782600
0,24923900
0,26759600
0,26303400
1,93763900
1,45521700
0,24720500
1,43282800
1,27964200
0,23932000
1,28842600
1,65708900
0,24326000
0,24551100
0,30101000
0,31135100
1,46498000
0,24369100
0,24203600
1,40799200
1,53317400
1,22079900
0,23467400
1,27142300
0,24430300
1,24927400
1,37331400
0,23873100
0,24419400
0,25364100
1,43829600
0,25082800
1,38742200
1,23261300
0,24078900
0,24773800
0,24718500
0,24328800
0,24570100
0,24289200
0,25004700
0,23884200
0,24162800
1,23659800
0,23652800
0,23477800
1,22311700
0,23432200
1,29770400
1,34039300
0,30174900
0,29452500
0,25666000
0,26430700
0,24379000
1,25802200
0,23836600
0,24609400
0,25176800
1,35363600
1,72649200
0,23202800
1,63026800
0,28068600
1,41884300
1,57476500
0,27964300
0,29402200
0,31927600
1,48946500
0,24535200
1,23477200
0,24544000
0,23712500
0,23931500
1,33003000
0,23542900
0,23490200
0,23462100
0,23887700
0,23316500
1,23125300
1,36050200
0,24100600
0,23505400
0,23263900
1,26223700
0,23352100
1,25331900
0,24106800
1,31957200
1,31499800
0,23281800
1,31309800
1,39456300
1,34056900
0,25002500
0,25066000
0,25369600
1,23947200
0,24129000
0,24074700
1,46711900
0,26433600
1,34584900
0,24966100
1,25438100
1,27864400
1,39855400
1,34601800
0,24034000
1,23533900
0,23850600
1,23880100
0,23739800
1,22074300
0,24445900
0,23968300
0,24190200
0,25199100
1,25438500
1,57751400
0,24853400
0,24079700
1,39252400
1,24543600
0,23312600
0,23786200
0,23422600
0,24017400
1,24155700
1,22165100
0,23550900
1,57131300
0,25137200
1,26799900
0,24276100
0,28710700
1,29706400
1,27445800
0,23732400
0,23982300
0,24486600
1,23342200
0,24318700
0,24629800
1,33681900
0,24248500
0,24258500
0,23898100
0,23468300
1,23504800
1,39231100
1,21946200
0,23348900
1,22553400
1,28845900
1,34724600
1,31173200
1,23442800
1,29473800
1,33502800
1,26607600
1,32996300
1,33334100
0,24045000
1,22271700
0,23727900
0,23339200
0,23295600
1,23273300
1,23671500
1,26749300
0,23686400
0,24572900
1,64276700
0,25565000
0,30071400
0,27299200
0,24673800
0,24712900
0,24699200
1,31233900
1,32190400
1,33218800
1,27027700
1,31668200
0,23591300
0,23946700
0,23409000
1,42808100
1,23647400
1,32456400
1,27024600
1,62381900
1,52380700
1,22865800
0,24022000
0,23509400
0,23665200
1,39074100
1,30982300
0,23582300
0,23623200
0,26136500
1,26639900
1,26869200
1,22704700
1,29011000
1,26247700
1,41382800
0,23840000
1,53367200
1,62573900
0,25509700
1,31986800
0,24406000
0,24802700
0,25157800
0,25143100
1,30402500
0,24123400
0,23836200
1,36220800
0,23995200
0,23602800
0,23455400
0,23495700
1,26007700
1,45098500
1,39553200
1,39330400
0,23426500
1,25528400
1,50572100
1,28788300
1,48077800
0,23873400
1,58085300
1,27064200
0,25488800
0,23841100
1,28449500
0,26109700
0,25166500
0,23409100
1,44733700
0,23887600
0,23197300
0,23345400
1,62715400
1,37001400
1,24359800
1,46288500
1,27487000
0,23788600
0,27178200
0,34405800
1,39958200
0,24291800
0,25089900
1,35688500
1,31018300
0,23840700
1,40213600
1,73505400
1,28722400
0,24856600
1,26485300
1,24522600
0,24696500
1,26741300
0,23575000
0,23551500
0,23671200
1,36719500
1,33110700
1,23692700
1,35689200
0,23633800
1,26451500
1,44449500
0,24011400
0,26219700
0,27141000
1,33630100
0,24542200
0,24356500
1,25843000
0,24690600
1,42550400
0,23760100
1,47760400
0,24340400
1,29590400
1,53618100
1,22279500
0,23301000
0,23365700
1,23218500
0,23517400
1,28533500
0,25004300
0,23247500
1,40834600
1,67486000
0,24174000
1,54255700
0,24025500
0,23957900
1,31232000
0,24374200
0,24130800
1,25572000
0,23989500
1,41773900
1,42567700
0,24193100
0,23761100
1,26987700
1,43110600
1,22262000
0,23345800
1,21926400
1,25322100
0,25872700
0,24410100
1,51711600
0,24340100
0,24356100
0,24638600
0,24268400
0,24839500
0,23590700
0,23402000
0,24230000
0,24928800
1,54293900
0,23872900
0,24352300
1,45320500
0,27432600
0,26828900
0,29721100
0,25484400
0,24311100
1,28750300
0,25524300
0,24652300
1,37965300
0,23664200
0,24531300
0,24726300
1,22937500
0,23688600
0,23938700
1,22360600
0,25015700
1,68232900
0,26355200
1,34600000
0,25473100
1,25043800
0,24584100
1,41853900
0,24418300
1,38583500
0,23241600
0,24340600
1,23317700
0,25920800
1,36983900
0,23911100
0,24731200
0,24088300
1,25879900
1,47715800
0,24550500
1,24586900
1,44294800
0,24632400
0,24132100
1,32958000
0,23959600
1,28750500
0,24032000
0,23474900
0,23253200
1,23879100
0,23746200
0,29033600
0,23358600
0,23653800
1,54074100
1,45637500
0,29362500
1,23873100
0,23379500
0,24136900
1,30051200
1,34348600
0,24092500
1,44858300
0,23474200
0,24344000
1,31513100
0,23430100
0,23737500
1,26415800
0,23963900
0,23847400
1,31097800
1,71716400
0,23568100
0,24366200
1,53955700
0,23926300
0,23687400
0,23269300
1,22112700
0,25411700
1,29777800
1,26980500
0,23937500
0,23846600
1,67314100
1,22566400
1,23498500
0,24518600
1,29053100
1,35385100
1,38367300
0,32423000
0,24529700
1,45133600
0,24690000
1,25553300
0,27712100
1,24028600
0,25658300
0,24808100
1,35368500
1,25447900
1,41459400
1,58660800
1,30757700
1,23374100
0,23998500
1,42145700
1,21787700
0,23366800
0,23291000
0,23336900
0,23360500
0,23497300
1,46925800
1,35513900
0,23627300
1,72003600
0,25218000
0,23911100
1,23300900
0,28336200
1,36917300
0,24722400
0,24328100
1,29881300
0,23812400
0,23412000
1,38625600
1,23723900
0,24848000
1,24476900
1,23705000
1,60728300
0,24041300
1,31813100
1,37387100
0,24414600
0,23938900
0,24085100
1,33847800
1,38541000
1,24632400
1,25011900
1,90370900
0,23525900
0,24478300
1,23952500
0,23533700
1,22279500
0,23707100
1,23778300
0,26974200
1,30286800
0,24208000
0,23572100
0,23448400
0,23793600
0,25238100
0,23499200
0,23337300
0,23402200
0,23785000
1,40648800
0,28135700
0,24531200
1,35505700
0,24379700
0,24775900
1,53646300
0,24907800
0,26623000
0,25828000
1,39687600
1,39921700
1,32546000
0,24629200
1,47415000
0,23323300
1,55325300
1,27709600
0,23770500
0,23553800
1,31181500
0,23384300
0,23272500
0,25068500
0,23861300
0,24055900
1,25874900
1,34185800
1,35049300
1,40860300
1,22943900
1,53392000
1,27098000
0,24816500
1,38083300
0,23727100
0,23770000
0,23929900
1,41659700
1,35729400
0,24194100
1,30603000
1,21957400
1,22244500
0,24019200
0,23521100
1,26147600
1,46375600
0,23561500
0,23214400
1,58315300
1,21842100
0,24614100
0,23306800
0,23857600
0,23590500
0,23381300
0,25780900
0,29248900
0,26259500
1,24251000
0,24293700
1,24284200
0,24285200
0,24753900
0,24412200
0,25702700
0,28618900
0,29259600
1,28124600
0,25247100
0,24845800
0,24710100
0,24873700
0,24106300
0,25938300
0,27220600
1,25730300
0,24517500
0,24268900
1,38065500
1,42619000
0,23837100
0,23709400
1,31212800
0,24987200
0,23435700
0,23409100
1,28625600
1,28281100
1,42003200
1,28359900
1,35141200
0,23401200
0,23312300
0,28175200
0,29101700
1,33215300
1,62669400
0,24751000
1,22698100
0,24084100
1,59872400
0,25649300
1,34299500
1,69767100
1,33150300
0,24707700
1,23262300
0,24227000
1,98382900
0,23970000
0,24000200
0,23713700
1,22286100
1,22511900
1,38925000
1,57952000
0,24154000
1,29948200
0,24588000
1,26606400
1,47639600
1,36910000
1,36462300
0,23687800
0,23542400
0,23532800
0,24742200
0,23890900
1,28029000
1,28449200
0,24477400
1,42772900
1,25571600
0,23439200
1,26677800
0,24237500
1,28169000
0,23973000
1,22739700
1,27131800
1,39974600
0,23618600
1,34602000
0,27569400
1,45689900
0,24564700
1,38014500
1,57284900
1,34496300
0,24174800
0,23734400
1,32291500
0,23353800
0,26174500
1,28484600
1,30334300
0,25305100
1,42551500
0,24241500
1,24141600
1,22632100
0,26895200
1,25226900
0,24310400
1,26011700
0,24250400
0,24752200
1,25856300
0,23726100
1,62993000
0,23944400
0,23949600
1,32873700
0,23613600
0,26995500
1,60150300
0,25562400
1,25157100
0,24723900
0,24735600
1,37546200
0,24598600
0,24906200
0,24293900
0,23451500
0,23426700
1,26274000
0,24488900
1,43713600
1,24270100
1,26138000
0,23745000
0,23426700
0,24049100
0,23516900
1,41340900
0,25486200
0,23451600
0,23613100
1,23680100
0,23626700
1,37520300
1,31795400
0,23549000
0,23180000
1,26392100
0,24330700
0,24308500
1,52881500
0,23895300
0,23524600
1,29351600
0,23790800
1,39900300
0,23525600
0,23375200
0,24175500
0,26217000
1,26222700
1,49965100
1,40795100
0,23801700
0,23973400
0,24346500
0,25084600
0,24387100
0,24241900
0,23884000
0,27138500
0,25902300
1,24983200
1,43013900
0,24057600
0,24903000
1,25384300
1,33836200
0,23846500
0,24583500
1,28995300
0,24394900
1,30789800
0,27958600
1,29167500
0,29327500
1,51259200
1,26134400
0,27019400
0,26595900
1,30806000
0,24252300
0,24190900
1,31559200
1,67551300
0,24383900
0,23588400
1,57215700
1,48894300
1,23640800
0,23432200
0,23450800
1,38885700
1,27708300
0,23202400
1,30783600
0,31333600
0,23601100
1,27957400
1,30883100
1,59783700
0,28263000
0,29348300
1,39358500
1,52641800
0,25613100
0,25944200
0,24701600
0,23993600
1,26768200
0,24164600
0,24730100
1,31360900
0,23952500
0,23786400
0,23800000
0,23706600
1,25613000
0,24134700
0,23200600
0,23725500
0,26012600
1,22001600
0,23267800
0,24447200
1,39912900
0,25823400
0,24392400
1,46070300
0,24250400
1,38264300
1,32252200
0,24062000
1,38995100
0,25287000
1,28262600
1,36290400
1,82501000
1,37351400
1,46883000
0,25217600
1,22902300
0,24322300
0,24349800
0,24349000
1,30003000
0,23556600
0,23681000
1,25373800
1,41065300
0,23627100
1,30850800
1,26089500
1,48823400
1,23431600
1,39089600
0,23332500
0,23299300
1,35519300
1,34719800
0,27744700
0,23846800
1,35364000
1,27962500
1,31564200
0,23588000
1,65152500
0,24794800
1,65884700
0,23979100
0,23991700
1,29846200
0,23815900
0,23991500
1,33916700
0,27884600
1,53443600
0,26719700
1,29715900
1,48400900
0,24869500
1,49053300
1,37179200
1,27470000
0,24370700
0,24669600
1,39972900
0,24269700
1,25143500
1,30462400
1,23555200
1,25650300
0,23242900
0,30592300
1,36191800
0,24042900
0,24225600
1,28877300
0,25977500
1,96103800
1,37476800
1,25463900
1,38632500
0,23946600
1,43740800
1,28451600
0,23990400
1,37865900
1,31884800
1,22099900
0,23402500
0,23501400
0,23551700
0,23457900
0,26386100
0,23633900
0,23272900
1,34422900
0,23377400
0,23485900
0,23448300
0,23563800
1,43078000
1,31132200
0,23571800
0,23627300
1,41348300
1,30185300
1,29105600
0,23440700
0,25172300
0,24143500
0,25130500
0,23928900
1,61448300
1,25722400
1,42276400
0,24928800
1,24109200
0,24633600
0,25293200
1,59962300
1,42659300
1,29337600
1,30279600
1,23585500
1,62511100
0,23615600
1,44323000
1,36728000
1,25120100
1,30955000
1,23622200
1,32403300
0,23620900
1,25826100
1,22407600
1,36272700
0,23852300
0,23607600
1,38085000
1,32200500
1,27610100
1,31263900
0,28793100
0,32189400
1,36800000
0,24872000
0,24951200
1,65360300
0,24532100
1,54315600
1,62489100
1,49823600
1,34243900
0,23781000
1,70266500
1,21951200
1,38758000
0,23364900
1,31954800
1,25349900
0,23233800
1,21876000
0,23243600
0,24076500
1,26014200
0,24123500
0,23524600
0,25054500
0,23471200
1,22490500
0,23620500
0,23406500
0,23979600
0,24923300
1,62022100
0,24055400
0,24415200
0,24353800
0,24225400
0,24015200
1,23909400
1,27977200
1,26684700
0,23630300
1,27375300
1,24011400
0,23631900
1,27251200
1,37070100
1,46572100
1,29594900
0,23372700
1,25773700
1,27642400
1,23607800
0,23732900
0,23460900
1,27157500
0,23478100
0,23408100
1,22837600
1,37822300
0,23593300
1,25396500
1,23437100
1,56059700
1,25963300
1,24363900
0,23756600
1,46862400
1,60577100
0,24374000
0,24286600
0,26449100
1,39098500
0,27644900
0,24539300
1,34355700
1,35651000
0,30273200
1,67762000
1,48412700
0,23997000
0,23765000
1,28321000
1,76702900
0,23860800
0,25041800
0,24425500
1,31375500
1,25561100
1,32676800
1,22561900
1,35464200
1,32389400
0,24054500
0,24163600
1,29586300
1,45037500
0,24624300
1,47560400
1,54902200
1,32053200
1,30681100
1,22575100
0,23617000
1,22548000
0,23705000
0,24054500
0,23341300
0,24716700
0,23439400
1,54843600
1,23405700
0,23899500
1,33764700
0,24611600
1,39723100
1,44320300
1,25533200
0,23738700
0,23926300
0,23698400
1,39863600
0,24157700
1,22423800
0,24634700
1,26597000
1,31856600
1,27296300
0,23593800
0,24723900
0,24759600
1,39585100
1,43028700
0,24576300
1,26947800
0,24407500
1,32780000
1,27220000
1,42857600
0,23255700
1,42420100
1,50966900
0,25050300
1,51960300
1,32442400
0,23752400
0,24413400
0,23955500
1,27949200
1,22793000
1,29959600
1,26217900
1,25196000
0,23649500
1,99925200
1,33710000
1,31307000
1,28218600
1,28783500
0,23321400
0,23733300
1,45979000
0,23630600
0,26967800
1,30523100
0,24280700
0,24250700
0,24532800
0,24745100
0,24821800
1,30708300
1,45134400
0,23653800
0,23761300
0,23506100
1,52702200
0,23988300
0,23585200
0,23941500
0,23404600
1,26845600
1,54624500
0,23373700
0,23267300
1,23474200
0,23326500
1,26342100
1,36852300
0,23673600
0,23371700
0,23673700
0,23303100
1,55033500
1,23296400
0,24867500
1,42550600
0,23212900
0,23638100
0,27537800
0,26696100
0,23761200
1,30149500
1,55578900
1,28692800
0,24407100
0,23596300
0,24435900
1,30748100
0,23639000
1,30355500
1,24694900
0,23185700
1,36006400
1,62857100
1,23922100
1,40090100
0,24292800
1,43769200
0,23806900
1,25792300
0,24515300
0,23675800
1,34676600
1,30715200
0,23533700
0,26601700
1,28684300
1,28692900
1,28273700
1,58716200
0,23937600
1,25179800
0,24385200
1,23664900
1,58818100
0,24217900
0,23902700
0,23893800
1,34876200
1,36794600
1,28918800
0,29933600
0,26214200
1,38734300
0,24938200
0,25522800
1,23243200
0,24794000
1,27102500
1,31331900
1,32221100
1,25682600
1,35397600
1,27018500
0,24908700
0,23729000
0,24102800
0,24083000
0,23859000
0,24280300
1,23361500
1,81036600
1,43493800
0,23704300
0,23586600
1,26767300
0,27751900
1,26989900
1,37644400
0,24716300
0,24286300
0,24360500
0,23836900
0,24950600
1,30444500
0,23447600
1,22753800
0,24068300
1,26934700
0,23959600
0,24007900
0,23622700
1,34113100
1,21989900
1,41098500
0,23678900
1,31361800
0,28337500
0,26210000
0,25286800
1,24174100
0,24482600
1,27971000
0,24482200
1,47823900
0,25446400
0,23762200
0,27705500
1,28882800
0,26067200
1,24868600
1,25471200
0,24810800
1,23955600
0,24820300
0,24306000
1,26844300
0,24061100
1,27062700
0,23668100
1,31224400
1,22081600
0,23733600
0,23712600
0,23721200
0,23433600
1,35333700
0,24057000
0,23577900
0,23905000
1,37403500
0,23478600
0,23524100
1,26395500
0,23665800
1,25350400
1,41754100
1,40816500
1,25978500
1,22012400
1,52305000
0,23368300
0,30004600
1,58787100
0,24655400
1,33547900
1,29900900
1,39284700
0,30722700
0,25477200
0,24783700
1,27758200
0,24870800
1,27222000
0,25027700
0,27485600
0,23322900
1,33811600
0,24054800
0,23993300
1,22477000
1,37580700
1,46957900
1,59946800
1,26316100
0,24189300
1,30712600
1,37093000
0,23771700
1,28284900
0,25088800
1,42664500
0,27082800
0,26627900
0,24522800
0,24390100
0,24271300
1,35023600
1,39606300
1,40591600
1,28239500
0,24550900
1,32430500
0,23675900
1,22678400
0,23501500
0,23602300
1,27991000
1,24346300
1,24798300
1,49120700
1,59004900
1,22266100
1,56519100
0,23467300
0,23198500
0,23360200
1,21972700
0,23354700
1,34169900
1,29293500
1,35455600
0,24183800
0,23869500
1,32258800
1,45111500
1,30138400
0,23563400
1,30583700
1,29160900
1,28123200
0,23577100
0,24418400
0,25395900
0,24337900
0,24695500
0,24291000
1,48206800
1,23757200
1,34107600
1,31436300
1,57883900
0,25306500
1,78519500
0,24346300
1,52847700
1,23167100
1,83600300
0,23889700
0,23415000
1,32245600
1,24174000
0,24592700
1,26644200
0,25554800
0,23721300
0,23375300
0,24472800
1,32526300
1,40328000
0,24414000
1,33168200
0,27750500
1,25745100
0,25250400
0,25827600
1,26578700
0,26767400
0,25082900
1,32510000
0,26537300
0,25354600
1,30610300
0,26737400
0,24188800
0,25143700
0,24773400
1,25534500
0,24942900
1,45445200
1,31495700
1,27085300
1,41830700
0,24300400
1,34691200
0,23428300
1,26019300
1,24628900
1,66544800
0,23856400
0,23804700
1,23747600
1,45900500
0,23636800
0,29801300
0,29374500
1,32557300
1,35280800
1,22932100
1,25115600
1,68060400
0,32912000
1,43899600
1,45107000
0,24839000
1,74439700
0,23987800
1,34026200
1,22415900
1,24941200
1,22058000
1,40018700
1,22208400
1,24160400
1,29841900
1,48287800
1,39683300
1,47970900
1,23904100
0,26269400
1,46812700
1,22946000
1,32990300
0,24116300
1,22647200
1,36863300
0,24032200
1,23972700
1,25976500
1,35914900
0,31117600
1,27017900
0,26341800
0,24900300
1,23151900
1,25069900
0,24610700
0,24177900
0,24188300
0,23667300
1,91724600
1,34018200
0,23762200
1,30541500
0,23253100
1,47367800
1,22242700
1,27534200
1,41648100
0,24455500
1,25958000
1,32760700
1,32366900
0,23592200
0,23906900
1,30162600
0,24721900
1,27336900
0,25243900
0,23343500
1,23026200
1,25467100
1,57482600
1,32054100
1,34212200
0,32057600
1,42466400
1,32197600
0,24267600
1,41258300
1,33206700
0,24295000
1,30490800
0,24742800
0,24830500
1,32812400
1,33408000
0,23913300
0,23731400
0,24277500
1,28384300
0,25080000
0,23953800
0,25993100
0,32169200
0,30331400
0,31737100
1,23911400
1,26986800
1,27939000
0,24794100
1,28675500
1,29152700
0,23299300
0,24377800
0,25012600
1,55326200
1,24325200
1,50777000
1,24874200
1,62479300
0,23803500
0,27983800
0,26368600
0,25007800
0,25909100
1,79692100
0,25613500
1,35027800
0,24821500
1,25967300
1,52655600
0,24125200
1,26220700
1,23485000
1,26542900
1,30024100
1,44050100
1,38510500
1,25744500
0,23610400
1,69486200
1,39634100
0,27895800
0,24453600
1,32548200
1,54274400
0,23408700
0,24143300
1,28282000
0,24859600
1,44574200
0,23689000
1,45999200
0,24473400
0,24452000
1,42557400
1,49623400
0,23544400
1,23461900
0,23869800
0,23541900
0,25854600
0,23887200
1,29676600
1,66029200
1,27382700
1,29477600
0,24548700
0,23671500
1,36462600
1,22279600
1,36741000
0,25035500
1,31322700
0,23764800
1,31721100
0,24406700
1,22999700
0,24313800
1,48489000
1,27360100
1,60624900
0,24010800
0,23977800
1,35446600
1,26966300
0,24003600
0,23894900
0,23582100
1,51285800
0,26487100
0,24066900
0,24355300
1,82249600
1,22328900
0,24062400
0,24445000
0,23789900
0,23520200
0,23703600
1,26522800
0,23627500
1,43737500
0,23507900
0,23216600
0,23678800
0,24197200
0,30695900
0,27928400
1,28366500
0,24320000
1,79046500
0,24035600
1,25037000
0,24594500
0,26081100
1,24267100
1,40468000
0,24315400
0,24247600
0,24352300
0,23872400
1,51104300
1,46349700
1,42848200
1,54380800
0,23210500
1,53542500
1,61286400
0,24158500
1,25492800
0,23399100
0,25240800
1,22971900
1,32875700
0,24457800
0,23454500
0,25142100
1,37385200
1,57783600
0,24270400
0,23985300
1,34646900
1,24256100
0,24067000
0,23730500
0,24421100
0,23820600
0,23783300
0,23537500
0,23241800
0,23648100
1,28746900
1,33050500
0,23655300
1,66783500
0,23733400
0,23396500
0,23673200
0,23653000
0,30041500
1,24958800
1,61826700
1,37564000
0,24939200
0,24188400
0,24048800
0,24263600
1,58999400
0,23661000
0,25172100
1,42880400
0,26366500
0,24911000
0,24265100
0,24038200
1,23565200
0,23423800
0,24036800
0,23540700
0,23598600
0,24460200
1,25261300
0,25139800
0,25684600
1,31663500
1,25948800
1,44187000
1,31805000
0,24251700
0,24517200
0,24679600
1,23366800
1,52150200
0,26944900
0,28000300
0,24461000
0,23453700
1,32730000
0,23484700
0,23904300
0,23877300
0,23533600
0,26460900
1,30089600
0,24118500
1,29387000
0,23832000
1,43855800
0,24305300
0,24621900
1,39255600
1,24768100
1,34918400
0,26992100
1,37525100
1,32683600
1,23564400
0,23376600
1,23988800
1,23227600
0,23592800
0,23285300
0,23775200
0,23381200
1,47850400
0,23366900
0,23415400
1,34926000
0,23314400
1,37042000
1,51777000
1,26189200
1,40125400
1,41164900
0,25724600
0,24476800
1,27393900
1,63711600
1,43594800
0,31331200
1,35361900
1,40732600
0,23783100
1,51761100
1,30193600
1,53219900
1,108720900
1,27842300
1,27127800
1,41575800
0,24384500
0,23956800
1,24470500
1,21786300
1,27298600
1,37290300
0,23646600
1,34839500
0,23893900
0,23245400
1,54357800
1,28044300
1,22117000
1,26652100
1,97713800
1,30383700
1,47360100
1,39325100
0,24293800
0,23969700
1,44399200
1,36033900
1,27435700
0,25235200
0,24737000
0,24814400
0,23637100
0,23520300
0,23654200
0,23441300
0,23575100
1,38665700
0,23532100
0,23644500
1,57587700
0,23417500
0,23350100
1,26974900
0,23932500
0,23519400
0,25410500
1,33372800
0,23495700
1,34736700
1,22029800
1,50771600
1,29406300
0,24040900
0,23466400
1,61262900
0,29271800
1,47128800
0,24844100
1,32071900
1,32824400
0,24719400
0,23783800
0,25191400
0,25342400
1,26849900
1,24712100
0,24540900
0,26309100
1,116636400
1,50684500
1,22132300
1,34954600
1,33185000
0,23837000
1,24998000
0,23780600
0,23482900
1,27747100
1,33488700
1,22187500
1,29146100
0,23518800
1,27373800
1,26780200
1,68682200
0,24115700
1,44717000
1,28097300
1,22965900
0,23380900
0,23635500
1,23212800
1,27396400
1,51133300
1,24125100
0,23548400
1,22402000
0,23546600
0,23699400
1,44573700
1,24676600
1,50231900
0,24551800
0,24949600
1,27619400
1,23582700
0,23934800
0,23452800
0,23762200
1,32904400
0,24684400
0,23873600
1,47424500
1,26191100
1,29618000
1,30754000
1,23250800
1,65320300
1,22120100
0,24198700
0,24474100
0,24391900
1,33795000
0,23400500
1,61338800
0,23934000
0,24364100
1,32329400
1,106061300
1,58713400
0,24003500
0,23466900
1,23657100
1,34894100
0,24450100
0,24273200
0,23972400
0,23248800
0,23551200
1,54162800
0,23612300
0,23415000
1,68204800
0,23357100
1,34957900
1,51025100
0,26012100
1,46223300
1,70158000
1,43579400
0,24242700
1,26555800
1,34839300
1,42281800
0,23379600
1,37493700
1,33817600
0,24040700
1,41673600
1,31652600
1,60923700
0,23565700
0,23555300
0,23650400
0,23535300
1,25649400
0,23523600
1,30071000
0,24272700
1,72026400
1,35036600
1,26484000
1,43781100
0,23323800
1,42382700
0,25524600
0,24077100
0,23856800
0,26104000
0,26269900
0,24430400
1,27620200
0,23756700
1,45265000
1,27936500
1,23632600
1,48795200
0,27464200
1,32378900
1,38374500
0,24697200
1,31715200
1,29115800
1,43443800
1,32097400
0,24153400
0,24678900
1,36802600
1,55776100
0,24146100
0,24048400
1,26338100
1,29242600
0,23512700
0,23877800
0,23456600
1,41583000
1,34643300
0,25290800
1,26378600
0,24162500
0,24401900
0,25626800
1,23059000
1,24077300
0,23910500
1,27777500
0,23972400
0,23419800
1,37560600
1,36015400
1,36377000
1,42955700
1,32238300
0,23297100
1,45196200
1,29202800
0,24413500
0,23584200
0,23389000
1,23497000
0,23490200
0,24683400
1,54478600
1,49426900
1,37708100
1,29521300
0,23754000
0,24051500
1,24240500
1,26746100
1,39562100
0,26066100
0,23785100
0,24344200
1,35754400
0,27213400
0,27691600
0,23622300
0,23622400
1,23298700
1,29440400
0,23652100
1,37006000
1,22072600
1,28179500
1,35475500
1,23330300
0,23551300
0,23751100
1,55209300
0,29511600
0,28119300
0,24989900
1,24751700
1,25979100
1,32589400
1,30860300
0,24876200
0,24414100
0,24417800
0,24465700
1,25880500
1,31805700
0,23518300
1,48643400
1,31807900
1,34394600
1,24294500
1,23134700
1,33162600
1,24203200
0,24327600
0,23627200
0,23570600
1,31293400
0,23530000
1,33743100
1,32851600
1,25333300
1,23679500
0,23410200
0,23789800
0,23421800
0,23605800
0,23794400
0,24184700
0,23551300
0,23900300
1,23870300
1,23951700
1,41509100
0,23379000
0,23668100
1,27545200
0,25177000
1,56332600
1,30853100
1,22222100
0,23659600
1,37765900
1,34061100
0,24200800
0,23415200
1,65085200
0,24821300
1,24777600
0,30216800
1,32281600
1,25890300
0,29067200
0,26787800
0,25847700
0,31028300
0,24273000
1,23114100
0,24446000
1,24183400
0,24325400
0,23871400
0,23847400
1,28311400
0,23586800
1,44523900
0,23392000
1,25446100
1,22301800
0,24628700
0,26108800
0,24964200
1,26225200
1,22810400
0,25457000
1,29093400
0,24167800
0,24172700
1,33079800
0,24180500
1,24597700
0,24163800
1,35322500
0,24242600
1,36789300
0,24246600
1,41638200
0,24015800
1,59916000
1,92557600
0,23950200
1,28693200
1,39596400
0,24668900
0,23705700
1,34869900
1,35932700
1,22345800
1,40414700
1,37786300
0,23199000
0,23436900
1,23270500
1,27787300
0,24000900
1,26293200
1,24059300
0,23419900
0,23615400
0,23361800
1,22356900
0,23491800
1,42233600
0,24303000
1,32578600
1,21965800
0,23982200
1,24023000
1,22814300
1,27680600
1,40885200
0,25608400
1,53293500
1,31726200
0,24014400
0,23535300
0,23480600
1,34662800
0,23578400
0,23438500
1,30565100
0,23889700
0,23607000
0,23493700
1,99686000
1,27078900
0,24271300
0,24432700
0,24559100
1,77436900
1,58208700
1,27938000
0,23425600
0,24448300
1,29193900
1,50534300
1,27436000
1,41586800
0,24338700
0,26251800
0,25628900
0,23808500
0,23857500
0,23796600
0,23439400
0,24499100
0,23554800
0,23659600
0,23687800
0,23473000
0,23792200
0,23394200
1,25830300
0,23981100
1,31210900
1,27257400
1,23708300
1,47977100
0,24396300
0,24787000
0,24660100
0,24866300
0,24826500
1,35688700
1,106929900
0,23320700
1,35080500
1,64979200
0,23642800
1,60816100
0,24638700
1,42283700
1,43409200
0,23895000
1,27697600
0,26075000
1,43348400
1,28314200
0,24324300
0,24332600
1,89285200
0,23414600
1,28358500
0,23573700
1,31605200
0,25014000
0,26752500
1,31709600
1,31929200
0,24581200
1,26976800
0,24429900
0,24361400
0,24409700
1,29554300
1,41722000
1,33044100
1,35847200
1,44511300
1,43574200
0,26630000
0,24388200
1,26059200
0,25093900
0,30700000
0,29298700
1,25190000
1,23151700
1,31418700
1,52885700
1,30156300
0,23911300
0,24024200
0,23311000
0,24166500
0,23413200
0,23680400
1,38455700
0,24008400
1,23726500
1,23819600
0,23563400
1,25229900
0,23698500
0,24433100
1,43146200
0,23597000
1,28126900
1,40872800
0,23439100
1,37984400
1,34169600
0,23770400
1,24134000
1,24833200
1,22908300
1,24419100
1,28988000
0,24244200
0,23649600
1,23850600
1,25072200
1,39006300
0,23802400
1,65748900
1,23276200
0,24788400
1,29578300
0,24716800
1,47647400
0,24342100
0,23984700
0,23760000
1,25466700
0,24128300
1,30598500
1,29839000
1,23453300
0,23366000
1,27181300
1,53230600
0,24239100
1,25088000
1,35128500
1,32575900
0,23517800
0,30297000
0,25222300
1,31237200
0,24242400
1,27419100
1,37324400
1,33283600
0,33825300
0,29111900
1,24850700
0,24877000
0,27510800
0,26013800
1,33803400
1,24025700
1,37328100
1,39509600
1,61616400
1,22466700
1,27567300
0,24051700
0,23916600
1,27072300
0,23669200
1,46945600
0,23642600
1,22519700
0,24966600
0,24479700
0,23568600
0,23964900
0,24034100
0,23942000
0,23994600
1,35350800
0,24485300
1,23865900
1,24005100
0,25064000
0,24429500
0,24326500
1,24416000
0,23554500
0,23756700
0,28280000
0,23580600
0,23833900
0,23816600
0,24517200
0,23911000
0,23794700
1,33107400
0,23553200
0,23463900
1,25250200
0,23573800
0,25543400
1,31769800
0,25792600
1,27201600
1,28943400
1,35162500
0,25522300
0,26979900
1,24928900
0,25951300
0,25017100
1,29962200
0,24657200
1,22222700
1,43311100
0,23533400
0,24471500
0,23710400
1,54889700
0,23969100
0,24536000
1,28570100
0,25422600
0,23734200
0,23534400
1,32501700
1,29654700
0,23654000
1,25015300
0,23682900
0,23298500
1,69716700
1,22276300
0,24365300
0,24449700
0,24698900
1,25834900
0,24098400
0,24210900
1,45163600
1,37431800
0,23764200
1,27889300
0,23754300
1,47529900
0,24943100
1,30434900
1,41099100
1,25583900
1,39309500
0,24272600
0,23986200
0,24964900
1,25748000
1,43738500
0,24286700
0,24288700
0,24876900
1,25274700
0,26935100
0,27692100
1,25439500
0,24461600
0,24687900
1,67794900
1,48636000
1,24958100
0,25037900
0,24447400
0,23707700
1,31275500
0,24040100
1,43310300
1,22283500
0,23379000
1,31756600
1,29870900
1,29374600
1,27011100
1,24635900
1,23926700
1,24889200
0,24357600
1,47292500
1,36618000
0,23175100
0,29539200
0,23875400
1,40617300
1,39796100
1,28556500
1,44327600
0,24137500
1,74571400
1,37780500
0,28554900
0,27337300
1,60823800
1,39510600
1,47146600
0,25077100
0,25377500
0,24446900
0,24455300
0,24269100
1,23351800
1,30902000
1,33552000
0,24151800
1,26900900
0,25193500
0,24286900
1,63651700
1,22724100
1,35780700
0,23915800
1,30036900
0,23987600
0,24235200
1,105789100
0,23469100
0,24402800
0,24145500
1,25421500
0,24957600
0,24230700
1,27496700
1,47707300
0,23526100
0,23493200
0,23865100
1,48351600
1,26315100
0,23740000
0,23503700
0,24573100
0,23665400
1,37405500
0,25198900
1,23589200
1,66600000
1,40264200
0,24274900
1,41576700
0,24231000
1,41269100
0,23329400
1,60990100
0,24320900
1,25769400
0,24502100
0,23680800
0,24450100
1,84181800
1,39734100
1,22842300
0,24047100
0,23964700
0,24050000
0,23865300
0,25405900
0,26466700
0,23728400
0,23770900
1,44861300
1,28958700
0,27589400
0,26592000
1,31422700
1,33185500
0,27774800
0,25659500
1,41326300
0,24794000
0,27014000
1,25036900
1,26119900
1,51902000
1,33368000
0,25699000
0,24423500
0,24339700
1,22809900
1,32843300
0,24967900
0,23745200
1,75285300
0,23876600
1,25957200
1,32529400
0,23308400
1,23375300
0,23302800
1,36779600
1,55722000
1,37611900
1,46409200
1,43546300
1,34621000
0,23204900
0,26865200
0,26717100
1,40499600
1,35298300
0,24335300
0,24830400
1,34304800
1,65463000
0,23893700
0,24919200
0,26157400
1,59180700
1,35209800
1,42896700
0,24404000
1,34898100
1,46756600
0,28197200
0,24262600
0,23923900
1,40014600
1,23797000
0,23728800
0,24727800
0,24242700
0,23716500
0,23645300
0,23320700
0,23569700
0,23320300
1,29169300
1,33545500
1,26460300
0,30459100
0,26788700
1,25055800
1,30409500
1,46485400
0,26780500
0,27209400
1,45070800
0,24834800
1,26758400
1,27689100
0,24480200
0,24447500
0,24344400
0,24308500
0,23875400
1,37558400
1,35215000
1,22378700
1,38202400
0,24777900
1,48754300
0,23227800
1,57979500
1,62047900
1,29575600
1,28395700
0,23789600
0,23966200
0,23798400
0,23624300
0,23303400
1,34591700
0,23294400
1,24516000
0,23807200
1,24459200
0,28337200
1,45255800
1,34153800
0,24290400
0,23958200
1,34147500
1,40327300
1,28984500
0,23934500
0,23777500
0,23715900
0,23461700
1,53432900
0,23836700
0,24289400
1,33390000
0,23552400
0,23394900
1,32152600
1,25192800
0,23355000
0,23450200
0,23329100
1,56215800
0,23623800
1,22014500
1,22287100
1,29960000
1,29196600
0,23575800
0,23369700
0,23529700
1,75851500
0,23559900
0,23703800
1,25062800
0,23616600
0,23432500
0,23612800
1,30927400
0,24435300
0,27287100
0,26650100
0,24848500
0,24314000
1,30059200
1,34710400
0,24828700
1,23611300
0,24561900
1,22391000
0,25621800
1,38653800
0,23494400
0,23301400
0,23302400
0,23225100
1,47521900
1,38635900
0,25581600
0,24548300
0,23315300
1,40718000
1,34285700
0,25966200
1,28992800
0,29988700
0,24782500
0,24829900
0,24658300
0,25559600
0,28103700
0,24905200
1,30611700
1,35837500
0,24420500
0,26099900
1,34816700
1,47021400
0,25069900
1,22679200
1,30786100
0,23440600
0,23268100
0,24105900
1,53177400
0,24743400
0,25627800
1,29349900
0,23853000
0,23837800
0,23451600
1,32897500
1,57398200
1,23691300
0,24172400
1,23544100
0,23341100
1,31146800
0,23629400
0,23479500
0,23399000
0,23933500
1,35251800
0,23445000
1,22142800
1,84292000
1,39232200
0,25146400
0,25853300
1,60171400
1,62566100
1,23430200
0,23514600
0,32083800
0,31817600
1,33543400
0,31011200
1,35276800
0,26290500
1,24353400
0,24337600
1,31603500
1,22771000
0,24557700
1,22839700
0,23961700
1,25162300
1,26579200
0,23947800
1,38334300
0,23307200
1,21917400
0,23381100
1,24109300
0,23778100
1,23244300
1,23618800
1,24469200
0,23519400
1,27325900
1,29032300
0,24350000
1,27747500
1,25282000
1,35563500
0,23737600
0,23843600
0,23926600
1,31953300
1,27882000
1,41872000
1,34009800
1,29286800
0,26477500
1,33426500
1,23582400
0,23788300
1,26411000
0,25809800
1,44376500
0,24732200
1,52940900
0,24749100
0,26952600
1,22995100
1,35164800
0,23746400
1,35758100
0,24569700
1,45868800
0,23773600
0,23375400
0,24108400
0,23474800
0,23334700
0,23536200
1,39878500
0,24247600
1,69293700
0,24430600
1,45043600
1,30088700
0,24211400
1,24514300
0,24077900
1,34852600
1,68511500
0,29063700
0,27909000
1,37889300
0,24357400
0,24601800
0,24261000
1,33218100
1,22553000
0,23854800
1,31762200
1,37687800
1,28411700
0,23533600
1,26086100
1,43287300
1,24602100
1,39628700
0,23363400
0,23591300
1,36328300
1,33339800
1,31945800
0,25254700
0,24750000
0,24283400
1,31572000
0,24330300
1,21968900
0,23463500
1,23891500
0,23192900
1,34601500
0,23665600
1,34560000
0,27448300
0,26417400
0,25509400
0,23992200
1,41429800
1,25977900
0,24385500
1,36321600
0,23432500
1,23909400
1,33019800
1,26138200
1,47014900
0,24394700
0,29948400
0,25071500
1,22988900
1,61979400
0,24751200
0,24946100
1,53605200
1,22898900
0,25470400
0,23938500
0,24267400
0,24504600
1,25573900
0,24482700
1,60333900
0,23387600
0,24094000
1,31976400
0,24907200
1,22111700
1,46334000
0,23814000
1,24359800
0,23495900
1,29836300
1,23833200
0,23374100
0,28586900
0,25334600
0,24345700
1,29557200
0,24564100
0,24602500
0,24893300
0,24376800
0,24671100
1,26906400
0,23906300
0,24049600
1,35225300
1,44948000
1,25154800
1,30622400
1,36745600
1,36223100
1,37379700
0,24266800
1,39073000
1,22680200
0,23518300
1,29210500
0,23841400
1,22736200
1,44091100
0,23852700
0,27410600
0,29397000
0,23801500
1,29869600
1,40594400
0,24181000
0,23780000
0,24181900
0,23922500
1,25877500
0,23247900
0,23394100
0,23285000
1,23362000
0,23644800
1,22040400
0,24024200
1,26461400
1,22065100
0,23409300
1,27641900
0,23348100
1,27589200
1,42405800
0,23802500
0,23372700
1,49667300
0,24509200
1,37048500
1,25650000
0,24039200
1,25369500
1,29595800
1,22659300
1,25098300
0,23648900
1,23119900
0,23734300
0,25182200
1,52726000
0,23674200
0,23700000
0,28731700
0,26671100
1,49854400
1,30039000
0,24647200
1,24091800
0,23451900
0,25880000
0,29444500
1,28503600
1,28352400
0,24451800
1,29174700
1,70180700
1,49224200
0,23944100
1,22152800
1,35938600
1,34558300
0,24327700
0,24393600
0,24395400
1,78291000
1,27154900
0,23856200
0,23781100
1,23148300
0,23657700
1,43598500
0,23538800
0,23629900
1,23729100
1,23531000
1,22845600
0,23491300
1,37988300
1,23194100
0,23325800
0,25781600
0,23353600
0,25110300
1,23974900
1,57231700
1,25222600
1,35144100
1,22812700
0,23696300
1,25385200
0,23800000
1,39414100
0,23845300
1,30228600
1,25510600
0,24299400
0,24306700
0,24347500
0,23724300
1,25428700
0,28925000
1,38987600
1,38810400
0,23327900
1,32696000
1,56473200
1,24293300
0,23423200
0,23756600
0,23853400
1,36246600
1,26916300
0,23777300
1,51944200
0,23650600
0,23326600
1,29600100
1,39499200
0,27249200
1,30615400
1,79938800
0,25739800
1,30712400
1,24260300
1,73731300
0,26722800
1,39522200
1,44818300
0,24302500
0,24508000
1,27008000
0,24780100
0,23622400
0,23390300
0,24425400
0,23610300
1,33681100
1,22573700
1,26763900
1,22248800
1,21878900
0,24123400
0,24270700
0,23719700
0,23336900
1,24517800
1,41119700
0,23251400
0,23599400
1,40593600
1,22807400
1,29705600
1,39476600
0,23535300
1,63886600
0,23451200
1,24970200
1,29942300
1,30423700
0,25661600
1,25656600
1,31109300
1,82145200
1,28787100
1,104936700
0,24252300
1,44351000
1,36281500
1,43737300
1,48727300
1,25945900
1,35808300
0,23763400
1,37347100
1,29964600
0,23195700
0,23373900
1,23238700
0,23338700
0,24122100
1,50702300
1,32010900
1,37302400
0,23574500
0,24737100
0,23429100
1,21813300
1,23721600
1,53634200
1,33912100
0,25527200
0,24567900
0,24995700
0,26375200
1,33472500
1,50007500
1,39057300
0,24365200
1,26601400
1,23940700
0,24021700
1,24475200
0,23560600
1,23468100
0,23776300
1,31273500
0,26150600
1,28549600
0,26741500
0,24594400
1,24817600
1,59735900
0,23955100
0,23379700
1,28553800
1,77224700
0,23475100
0,23530900
0,23697100
0,23341800
1,22844400
0,25844100
0,24451000
1,41019000
0,24232900
0,24457200
0,24203400
1,25676200
1,31692900
1,34165000
0,24872000
1,45516500
1,26391700
0,25220400
1,34406500
0,26222500
0,23273700
1,36008900
0,23912700
0,23957300
1,50785600
1,24459200
0,23241900
1,33556500
0,23305700
0,23407600
1,22792800
0,24414000
1,28491500
0,23352300
1,31628300
1,31879300
0,24077700
1,22557700
1,23862400
0,23685900
1,31352400
0,24859300
1,51110300
1,36299100
0,25898800
1,22853900
1,23548000
0,25755300
1,34819100
0,24665500
0,25111900
1,33344900
0,24508100
1,37567600
0,28235400
1,28089000
0,23661300
0,24653700
0,23907000
1,25855300
0,23742100
1,30177200
1,35262100
1,28379500
1,29592000
1,30414400
0,29424900
1,31624800
0,28788700
0,25852700
0,24819400
0,24917000
0,24787300
1,31252900
0,23904600
0,25400700
1,27090800
0,24377700
1,37128800
1,24324700
1,24927100
1,37020900
0,23761700
1,59842400
0,24610100
1,47050300
1,27683700
1,35826900
0,24126900
1,22135300
0,23540900
0,23467000
0,26259200
0,23736600
1,27015000
1,24349500
1,28600500
0,24007000
0,26356100
1,23303600
1,25099800
1,35505500
1,25228800
1,29679200
1,21974000
0,23268700
0,23456700
1,25214100
0,23629700
0,23767300
1,52825000
1,62139400
0,28284600
0,24321100
0,24670200
0,27799500
0,27688600
0,28691800
1,25524600
0,24718200
0,24880700
0,24783400
0,23869400
1,54084300
1,29483800
1,39829000
0,24404200
1,30487000
0,23870300
1,36065700
0,23829100
0,23900300
0,23458400
0,23699200
1,31711100
1,46396500
0,23531500
0,23621400
0,23554200
1,23447700
0,23670700
0,23704200
0,23469900
0,23570500
0,23499000
1,40950100
1,22537600
0,23983300
1,23827700
1,43853900
1,32431400
1,24339800
1,32661900
0,25285400
1,56709100
0,23750600
0,24445700
1,34430100
0,24261300
0,24270200
1,40023300
0,26970200
0,26383700
1,43106300
1,37329100
1,44580100
0,25241500
0,24741500
0,24611400
0,23626900
1,22952400
0,23439900
0,23417700
1,27861000
0,23361800
1,21910500
0,23633000
0,23492800
0,23234500
1,27286100
1,28494800
1,33932800
1,31277400
1,40637700
0,23666200
0,23804000
1,45238900
0,24019400
1,23750800
1,47240500
1,49678100
1,42972000
1,43511000
0,23561700
0,23707000
0,23875600
1,72490900
1,25337700
0,24110700
1,24667000
0,24496200
1,39667500
0,24291700
0,23944400
0,23967700
0,23745500
0,23939500
1,22012700
1,39697100
0,23205000
0,23572700
1,26556500
1,25523200
0,24776500
0,23859000
1,55520100
1,23444900
1,65002300
0,23282200
0,23657900
1,26865800
0,23461300
0,25036000
0,23769100
1,31776200
0,23731000
0,25243300
0,23752000
0,23580600
1,39220800
1,23511700
0,23526600
0,23511100
0,23614200
0,23536600
1,31994400
0,23489300
0,23681400
1,42864800
0,27496100
0,28371300
1,60850100
0,24384000
1,30042400
0,24832300
1,23334200
1,23754600
1,37316800
0,23738400
1,23655500
1,27821000
0,23659100
0,23560800
0,23281100
0,23491600
1,28008300
0,25981300
1,25860900
1,24405900
1,71206500
0,24248200
1,24548900
1,23133500
1,32315300
0,24638400
0,23902500
1,58784000
1,61406600
1,66920500
0,26319700
0,25176700
0,24476600
1,77234200
0,23882000
1,33792600
0,24110600
0,23988800
0,24193400
1,35455600
0,24561900
1,28659900
0,24153800
1,48736200
0,23503200
1,28986700
0,24116700
1,53475100
0,31866100
0,30100700
0,24775000
1,34121900
0,24512900
0,25643100
1,22931000
0,25892900
1,23037400
0,24019600
1,29218400
1,56899700
0,23582600
1,38838400
1,27565500
1,28737000
1,31671400
0,23320000
1,25561400
1,46926300
0,24563400
1,72246000
0,24619500
1,29173700
0,24361800
1,54114600
1,83793500
0,24046500
0,23927100
0,27422700
0,24930700
0,24424100
0,25936100
0,24620200
1,22966600
0,24401400
1,43840700
0,24533500
0,25347100
1,56549400
1,30108600
0,28064800
1,31304700
1,69776500
1,22859500
0,24864100
0,24367900
1,26731500
0,23885700
1,29814000
0,26704400
1,23309400
0,24413000
1,25732800
0,24911400
0,25188100
0,24599100
1,48184600
0,24291400
0,23876300
0,23828900
1,26718400
0,23773000
0,23656400
1,31868000
0,24283800
1,30584600
0,23559900
0,26184500
1,34559300
1,33422000
0,23415900
0,23539600
1,57594200
1,23997900
0,23659300
1,23450400
0,23475000
0,23475000
1,39918700
0,23601300
0,24282700
1,24703300
1,44816700
0,23224800
0,23455600
0,23292400
1,30967400
1,26532300
0,23486000
0,24230600
1,33378200
1,34667900
1,24122000
0,27937400
0,23337900
0,23454400
0,24543100
1,36400700
0,23510100
1,36074000
1,58868900
0,24424600
0,24164400
0,23845600
1,25829100
1,22046300
0,24853300
0,25132900
1,42930000
0,23344900
0,23500500
0,23429900
1,30191700
1,45944900
1,24424100
1,58363500
1,51925700
1,28243000
0,28092900
0,24611400
0,24696100
1,49146000
1,27010100
0,26861400
0,26266300
1,40669100
0,24234800
0,24329400
1,23559000
1,39546800
1,24989900
0,23517300
0,25146900
1,38145000
0,23870400
0,23752800
0,23630800
0,23223100
0,23648400
1,24776300
1,29294000
1,30268100
1,28910300
0,24087200
0,23685000
0,23501300
1,37129100
1,26210600
0,23573000
0,25374700
0,24162200
0,23491900
1,22862700
0,24554300
1,27351200
0,24466900
0,23855500
0,23376700
0,24237700
0,24434100
0,26352700
0,24300800
1,25044400
0,24373800
1,39143300
1,29674500
0,23944200
0,23694300
1,26031000
0,23483400
1,23519100
0,24316100
1,26942400
0,24672300
0,24342200
0,24366200
1,47891600
1,35518600
0,24907700
1,23094500
0,27349900
0,27836500
1,22841600
0,24180600
0,23977800
1,45186600
0,23492700
0,24152500
0,23898500
0,23310100
1,32972700
1,31568700
1,21850400
0,23599500
0,24194100
0,23919200
1,25788100
0,26455600
0,24321100
0,24178800
0,24295100
0,23912400
1,24007500
0,23390500
1,35459600
1,36116600
1,27507600
0,24424600
0,24651000
0,24508000
1,53445200
1,30387400
1,35440600
1,22680000
1,49187600
1,31863300
0,23607800
1,32937500
0,32001200
0,24861100
1,21815600
1,27288000
0,24672700
1,34883700
0,24846700
1,26361700
1,34522500
1,21869400
0,23615700
1,22813200
0,23426700
1,35594400
0,25570100
0,23788400
0,24120000
1,26449700
0,25956200
1,36212100
1,65574100
1,38211300
0,23253100
0,23954200
0,23680200
0,26257200
0,26566500
0,23740100
1,34801900
1,67288100
0,23478000
1,39539600
1,34067200
1,56287100
0,23486900
1,31608100
0,23693700
0,25911500
0,23445300
0,23600000
0,23784000
0,23737000
0,23895400
1,31548700
1,33681200
1,25698700
1,23996000
0,24842200
0,24396500
0,24379600
1,27255900
0,23582100
1,27278800
1,26310700
1,30656000
0,23647700
1,28873300
0,23352000
1,30724200
0,23393600
0,31941100
0,29244100
0,25077700
1,33647500
1,27638200
0,24970200
0,25044700
1,24486100
1,40025000
1,55417500
1,41229800
0,23739400
1,46645700
0,24971300
1,37093800
1,28178600
1,51128200
1,27997800
1,31032800
0,25452800
0,26139300
0,24882800
1,27698000
1,36584200
1,22912600
1,41621100
1,31044400
1,28207400
0,23600400
0,23792700
1,38261200
1,23371800
0,23580400
0,25507100
1,31366600
1,24280500
1,40811100
1,26906500
0,24274100
0,24270900
0,24340700
1,31890300
1,21787300
0,23304200
0,23310900
1,31789300
0,23984000
1,27274800
0,23422900
0,23393500
1,28147100
0,23416400
1,45583600
0,23293400
1,24415900
1,29089400
1,47175000
1,29656700
0,23807300
1,31823500
0,24375900
1,62961700
1,22898600
1,60044600
0,24753800
0,23894300
0,24158500
1,33668500
1,23954000
1,29763500
0,23588100
0,23884200
0,27008200
0,27912100
1,44882600
0,27091300
0,27451900
1,54592700
0,24150600
0,24320900
0,23934500
1,32730500
1,25015300
0,23703900
1,55568700
0,23874500
0,23680700
0,28305400
1,44577500
1,28563700
1,34385300
0,24191000
0,30852400
1,24150300
0,23332900
0,23686700
1,29104000
1,90242200
1,55179200
1,48916800
0,24307500
1,26825900
0,24378000
0,24701300
0,24344800
1,24283400
0,23980100
0,23496400
1,51496500
0,24611400
0,24882400
0,24930000
0,25158200
1,29706700
0,23470400
1,22252800
1,39146900
1,23371600
0,23725600
1,53567600
1,47894400
0,25325500
1,65529500
0,24340500
1,65948500
1,41173400
0,24425400
0,23931000
1,22449300
1,45259900
1,36319900
0,23414400
1,53531200
1,47785200
1,32914500
0,28387100
1,24056500
1,36907600
0,26247800
1,34464000
0,24474000
0,24370900
0,24304200
0,24750200
1,30998800
0,24465300
1,48486000
1,56964200
0,24904200
0,24086700
1,27792100
0,23626000
0,23867100
1,52759500
0,23810800
1,23423700
1,25236900
1,30038800
0,24146800
0,23273400
0,23716700
0,23433600
0,23642300
1,36035400
1,40317700
0,26214900
1,33490800
1,27428600
1,24409000
0,26946600
1,57035900
1,23214900
1,29278800
0,23392900
1,25722800
1,43022500
0,23459600
0,26324600
0,28165300
0,26000800
1,33393000
0,25408600
1,22970800
1,25981600
0,26679700
0,25193100
1,24711100
1,24452600
1,40663300
0,24110800
0,23593500
0,24045100
1,30621800
1,30950000
0,23271000
0,23341200
1,23513500
0,23860700
0,23325100
1,29140500
1,25823500
0,23771900
0,24748100
1,27494200
0,23300900
0,24759900
0,23374000
1,22066400
1,26372100
1,47880200
0,23504900
0,24031400
0,23379400
0,23382500
0,23249700
0,25796500
1,42190800
0,24753600
1,25569600
1,28897500
0,24781400
1,32522000
1,100654800
1,44686400
0,26393700
0,27657300
0,30319700
1,35022300
1,33708300
1,33715800
1,23555000
0,23793400
1,34990200
1,30891200
0,28691300
0,24679800
0,23683600
1,30057800
0,26022000
0,27511600
0,24302900
0,24286700
1,22183400
1,24418300
1,25599700
1,33177800
1,72003900
1,28196800
1,33613100
1,49354900
1,24723000
0,24341800
0,23905000
1,28423300
0,23788400
0,24465500
1,24255900
0,24561500
1,24799000
0,24193000
1,22522300
1,25241000
1,25745300
0,23875600
1,47947800
1,40393000
1,31364300
0,23589100
1,28571700
1,38669600
0,23499700
1,39631900
1,22249200
1,50393000
1,30063900
0,27571500
0,24934500
1,37077700
1,46682200
1,24690600
0,24711300
0,24094700
1,53684900
0,23735200
0,25513900
0,25929100
0,29073800
0,26654400
1,28860800
0,24302600
0,24841700
1,23346900
0,24138900
1,65439700
0,24753200
0,23995200
0,23923500
0,23924000
1,47060300
1,36686500
0,23617400
0,23816100
0,27248400
1,44330600
0,23990800
0,24488600
0,24348400
1,40013200
0,23858300
0,23620500
1,39296000
0,23588500
0,23768800
0,23868400
0,23679800
0,23712600
1,29602200
1,44765600
0,23357000
1,30233200
0,23533700
1,43869400
1,40396900
1,38803700
1,22579500
1,23283300
0,24726700
1,33031300
1,47961700
0,23520100
1,52894700
0,23599200
0,23457400
1,34858900
1,22648600
0,23653200
0,26149100
1,23980600
1,26298800
0,24645400
1,25226400
0,25713800
0,23800400
0,23366000
1,31640500
0,25488900
1,33185800
0,23704700
0,23942700
1,43625200
0,26046600
1,25398200
1,46285400
1,39289000
0,24987100
1,23578100
1,52413300
1,26619800
1,33853900
0,29487100
0,27222100
1,22340100
1,35852000
0,24677200
0,25213800
0,24422100
1,26992800
0,23948500
1,37755500
0,23889400
0,23362000
0,23654100
0,28736400
1,28942300
0,25780400
0,24287700
1,37883100
1,27526700
0,24692000
0,23406700
0,24359800
1,37738800
0,23390400
0,23343600
0,24030100
1,26845200
0,23444900
0,24301700
1,65662900
0,24053900
1,62453400
0,24005400
1,30891300
0,23558100
1,41229400
0,23566400
1,27171800
0,30864800
1,45558800
0,26705800
1,32166300
0,25006000
0,24494700
0,25549500
1,32655600
0,23932200
0,23569200
0,23416800
1,21887600
0,23678500
0,27462300
1,35479300
1,30601500
1,33500800
0,23883800
0,24026500
0,24556600
1,34956700
1,23139300
0,23627500
0,23892900
1,32868900
0,23812200
1,23395700
0,23288900
0,23228500
0,23535300
0,23183900
1,38295200
1,24947900
1,24075200
1,27056400
0,23212200
0,24549900
0,23669700
1,33686500
0,30902300
1,28550200
0,29779800
0,24693600
0,24624900
1,27787200
0,24311100
0,24408500
0,27626000
0,24329700
0,23787500
0,24622900
0,23946900
0,25973800
0,28392300
1,50771300
0,24932900
1,30954800
1,36966100
1,25405800
0,23567000
0,24305600
0,23685000
1,27408700
0,24264100
0,24202200
1,46620500
1,39555100
0,24283300
1,30956500
0,24538700
1,29947600
1,32374200
0,23899100
0,25333500
0,23848100
0,24303400
1,41582000
1,33645600
0,23804100
1,38422200
0,23744300
1,23951300
0,23703100
1,46248100
0,23519700
1,32998300
0,23706200
0,23846800
1,37203400
0,23492300
1,41735400
0,23394700
1,24910700
1,27647300
0,23535400
0,24497700
1,39506300
0,24180700
0,23817500
0,24107100
0,24352500
1,64466500
1,26144000
1,23363800
0,23460100
1,35144000
0,23524800
1,39432700
1,23643600
1,34088100
1,22124400
1,29434900
1,34571500
0,23748200
1,55270600
0,27917700
1,24749400
0,25584200
0,24176900
0,26448400
0,29366300
1,35640600
0,24242000
1,26171900
0,23367900
0,23445900
1,34433800
0,31616700
0,28488800
0,24162600
0,28007800
1,28776500
0,24461600
0,24452700
1,23487300
1,57991700
0,24069000
0,23205800
1,22615700
1,24787800
1,30563900
1,22530200
1,23488000
1,29627700
0,23336800
1,77169800
1,22654800
1,31688100
0,24117800
0,23245800
0,23854300
0,23724800
0,23768000
0,23823100
0,24857700
1,33410500
1,120969700
1,22934500
0,23605500
1,25016200
0,23426000
1,22938600
0,23333600
1,29296800
0,23717600
0,23316500
0,24201700
0,28561000
0,23777000
1,46863400
0,24907400
1,47837300
1,26036600
0,24773400
1,44718200
0,24207500
1,23454800
0,23294300
0,27554900
1,22182600
0,24598500
1,35135000
0,23672800
0,23224700
0,23786000
1,29091700
1,29873700
1,24544400
0,28853100
1,85283400
0,24650800
1,37838600
1,31087200
1,52662000
0,24734600
0,25154400
1,28076100
1,46568900
1,40107400
1,25111900
1,34558300
1,22145300
0,23600600
0,24308700
0,23570700
1,27828700
0,23565700
1,24686700
1,31758700
0,23315600
1,40038300
0,23427900
1,59740700
1,27953200
1,23819000
1,30038700
0,23322100
1,21860900
1,32442600
1,28275900
0,24821100
1,46939600
0,24739300
0,24803200
0,24810000
1,23484000
1,52374700
1,51497800
1,63485500
0,23519400
0,23996600
0,23848400
1,25544100
0,24354700
0,25081100
1,58539300
1,27820400
1,28113100
1,26146100
0,24022500
1,34542900
1,59814200
0,23278400
0,23755400
1,27836100
1,37899900
0,23667200
1,43838700
1,35308500
1,32101700
0,25550700
0,25024300
1,38283600
1,60287800
1,61260000
1,30517900
0,24570000
0,24170400
1,35864000
0,24206100
0,24345600
0,24228200
0,24373100
0,24390600
0,24330900
0,23701900
1,29720600
0,24660100
0,23528700
0,24160300
1,36279100
0,23447800
0,23390900
1,32294800
0,24194100
0,23955800
1,23991600
1,56866700
0,24588200
1,36037000
0,23898700
0,23904100
0,23941700
0,23753700
1,32316200
0,24410400
0,23348700
0,23661300
0,23728400
0,23795200
1,29273100
1,33261900
0,24430000
0,30852200
1,37702000
0,27196200
1,38761700
0,24503200
1,28448900
0,24640100
1,27977300
1,27671600
1,33261100
1,27695800
1,30882900
0,24011300
1,26116400
0,23803900
1,22085800
1,41646400
1,56259400
1,39050500
0,23672600
1,34735200
1,24140900
1,25376800
0,23952200
0,25266300
0,23488300
1,25594600
0,27223600
0,26317400
1,38255000
1,23434200
1,56602800
1,52370900
0,24140500
0,25232500
0,28651500
1,37305700
0,24370300
0,24792300
0,24780100
0,24891100
0,24913900
1,22766500
0,24170700
1,22656100
1,34357100
0,23421100
0,23838700
1,27418400
0,23192300
1,22037900
0,23397800
0,23364200
0,24436800
1,54497400
1,93709800
1,26361100
1,33717800
1,50744800
0,24630500
0,30297100
1,67866700
0,23882200
1,23498900
1,26221700
1,32899800
1,37563600
1,28542300
0,23511800
0,23555000
0,23834600
0,23773700
1,34816100
0,24325700
0,23391400
1,43666500
0,24051800
0,23291600
1,25239200
1,25713700
0,23314000
0,23744600
1,43302700
0,23851500
0,24179700
1,24238600
0,23939000
1,43504100
1,37494500
0,23428700
0,25277000
0,23517600
1,22231000
0,24061900
0,30091700
0,29123500
0,25442000
1,46855600
0,24803000
0,24737700
1,32917600
1,40607700
1,35299400
1,38450000
0,23733000
0,24080700
0,23751700
0,23917400
1,26956900
1,27874300
0,26709900
1,25644900
0,26090600
1,25843000
0,24801900
1,23030900
1,38430200
0,24387500
0,24256100
0,24422900
1,30675600
0,23440300
0,23418300
0,23361200
1,27245400
0,23392700
1,28847600
1,43729400
1,32179100
0,24899400
0,24216600
0,23890300
1,45356200
1,23062900
1,22341000
1,24024800
1,27192400
1,38257500
0,25317000
1,38879700
1,33170500
1,27110600
1,67536800
1,26369000
1,25594600
1,33163900
0,24379000
1,22642200
0,23587000
1,37875900
0,23445700
1,46201800
0,23636200
0,23524400
1,61433700
1,41351400
0,23250000
1,55014200
1,22144500
1,45243700
1,29363900
0,30427000
0,30799000
0,26505600
0,28938200
1,32376300
0,25410900
1,27846800
1,25575300
1,24877200
0,28033600
1,37337000
0,24982800
1,30086900
1,23217300
0,24623400
0,24660100
1,32637700
0,28584700
0,23699600
0,23477800
1,87660300
1,26836400
0,24228000
1,33145900
1,83521900
0,23862400
1,58501700
0,28770000
0,30067500
0,30813600
1,26741400
1,37165900
0,25289700
0,26494900
1,25794600
0,24907800
0,24681200
0,24928000
0,24002600
1,27020400
0,23385500
0,23231600
0,23392000
0,23277400
1,37092500
1,58830900
0,24066900
0,26798200
1,28743600
0,27224700
0,25468800
0,24226300
1,48289700
0,24217900
1,25933800
1,29049300
0,23395100
1,40410600
1,22671600
0,24269200
0,24059700
0,24019700
1,33752200
1,47496800
0,23958400
0,23677300
1,41229200
1,43649200
1,37150000
1,41497900
1,24888600
1,27032200
0,23958900
0,25148200
1,36761700
0,24141900
0,24054500
1,41984300
1,26770100
1,29185400
1,34698400
0,24483500
0,23258900
0,23412400
0,23305300
0,23393900
0,23468100
1,26190700
0,23325400
0,25082200
0,26235600
0,29501800
1,30991100
1,31478100
0,24164300
0,24351800
0,24647300
1,30599300
0,23829600
0,24630300
1,25122400
1,26262700
1,65761700
0,25001800
0,24906500
0,24829400
1,78621500
0,23238400
0,23402200
1,28035200
1,23646300
1,22801600
0,23981700
0,24609400
0,23198700
1,61601500
0,23993400
0,23248500
1,47568900
1,26700800
1,46176600
1,40114800
0,23898500
0,24214900
1,37315100
0,23526200
0,23619200
1,33983800
1,59879900
1,25504400
1,39003400
1,24116900
1,28518500
0,28428800
0,26040200
1,24553900
1,22845400
1,24421500
1,27501400
1,89123800
0,23912900
0,23767200
0,24132900
0,23701800
1,29532700
1,42351900
1,34505600
0,24322400
0,23538600
0,23495800
1,23284200
0,23644800
0,23460900
0,23556800
1,34901400
0,24216700
1,26417900
1,26951500
1,24237100
1,27066200
1,25450500
0,23866200
1,26461700
0,28709000
0,27538300
0,25925500
1,33191800
1,28524400
1,37256400
1,41009500
0,24752100
0,24585000
0,27217300
1,47939500
0,25442200
1,36049400
0,26860900
1,42992400
1,27633100
0,24804100
1,25445900
0,24644800
1,34391500
1,31679700
1,23661500
0,23699700
1,32875100
0,23474400
0,23640600
0,23445000
0,24162600
1,90843700
0,23876200
0,23994100
1,22701400
0,23679500
0,23355000
0,23974500
0,23831400
1,22379400
0,23559900
1,23808700
0,23514900
1,30119900
1,33518900
0,23572500
0,24237200
1,48096700
0,24236200
1,24219200
0,24227100
1,25794900
1,22731300
1,27131200
1,50453500
1,26918500
1,42513400
0,24055100
0,27905300
1,49641000
0,27569100
1,35658900
1,29305500
1,72504200
1,24517900
0,24133500
0,23319600
1,21895200
0,23558800
0,23285200
1,31312500
1,24971400
1,24077300
1,65470800
0,25226000
0,28944800
1,52510200
1,36162000
1,27043400
1,30244200
0,24748900
0,24875800
0,24368100
1,59698600
1,28697400
0,29024800
0,26196800
0,23552900
1,29654500
1,50691400
1,93502300
1,52798200
0,23910300
1,22845000
0,23711700
0,23514600
1,33285100
0,23283500
0,23418100
1,36875100
1,22968500
0,23826800
0,23465700
1,44403600
1,43514900
0,29728000
0,27411900
1,35909000
0,25291100
1,28544200
1,23268000
1,34158000
1,24304300
1,29166600
0,25651100
0,24231300
1,28009500
0,23511400
0,23723200
1,57941800
1,26780800
1,52423900
1,55447500
1,29367800
1,33037000
1,31994400
0,23559400
1,27469300
0,23612400
0,23598400
1,26346000
0,25042600
1,32589100
0,24867200
1,36807800
0,23846900
1,22507500
0,24103400
1,36810700
1,24749700
0,23732600
0,23705400
0,23798700
0,25332800
0,23828900
0,31167000
1,30705300
0,24369500
1,37305300
1,81555500
0,24305100
1,29563800
0,23741600
1,45363200
1,22811500
1,23160900
1,26342700
1,25024900
1,23759900
1,44296000
1,36710600
0,23494100
1,25388700
1,31765500
0,23456500
0,23412800
0,23226000
1,31509900
1,35850500
1,21844000
1,26971400
0,23470200
1,38544500
0,26855800
1,65759200
0,25764400
0,27059000
1,27395300
0,25389100
0,24329200
0,27127700
1,66518300
0,24886500
0,24650600
0,24247800
1,30452100
1,27726700
1,29305700
0,23452700
0,23431200
1,23696100
1,28498400
1,40098000
0,25115000
0,23611800
0,23761500
1,24701100
1,27381900
1,25392900
1,25086200
0,23795800
0,23539000
0,25005600
1,40133000
1,22328500
0,23646100
0,23683500
0,23747800
1,23451300
1,33941000
0,24010400
0,23497000
1,32986100
0,23556100
1,31843700
0,24480900
1,26150400
1,35023100
1,63944100
1,33176900
0,25865000
0,24792200
0,24855500
1,25371300
0,23918000
0,23673400
1,32258500
1,22772900
0,25964300
1,47118600
1,22108600
1,26172300
0,23428400
1,32377800
0,23446300
1,28471700
1,33483500
1,24532700
1,23149800
0,23293600
0,23422700
1,32191300
0,23472600
0,23412900
0,26385900
1,31574000
0,25188600
1,28688700
0,24685800
1,36287200
0,24733700
0,24792300
1,26903400
1,33934200
1,40743600
1,25873700
0,23734500
1,40701700
1,22120400
0,23632900
0,23476100
1,49245800
0,24142300
1,62982700
0,23476800
0,23726300
1,38310400
0,23541000
1,27848000
0,23540400
1,32015600
1,24659500
0,23864300
1,26384900
0,23352400
0,23283000
0,23382500
1,22077300
0,27712900
0,30647900
1,84435800
1,47518000
1,29769000
0,23485800
1,58387500
0,23429700
0,27324800
0,23274200
0,23360300
1,28181000
0,23403100
0,23442500
0,27758200
1,36287900
0,23288300
1,36519900
1,31219000
1,23475200
1,48770700
1,35304400
1,35807500
1,51977600
0,23981100
0,24876900
0,23956300
0,23816300
0,23997700
1,45135900
0,23374800
0,23868500
1,34769800
1,25896600
1,27021700
0,26462100
0,27178700
1,48704200
0,24434200
0,24255900
1,30680500
0,23319900
0,23712100
0,23422700
1,43473200
1,63188700
1,42499100
1,22268300
0,23455600
0,23907400
1,30148800
0,23518100
0,24414700
1,34956000
1,40442300
0,23970700
1,24348300
1,29895400
0,23610300
1,23257300
1,23622000
0,24247200
1,31368600
1,37526800
1,26817000
1,40580000
1,28135200
1,30444000
1,24984300
1,33160800
1,28528700
1,63336600
0,25869600
0,28620000
0,25056200
0,24503200
1,27940200
0,24571500
1,25956400
0,24372100
0,23959900
0,23607100
0,23594900
1,58774600
1,33720600
0,30638300
1,38010000
1,24857700
0,24307700
0,24437900
0,24724500
1,43656300
1,34995200
1,29961000
0,24397200
1,32955800
0,24757000
1,41155600
1,26128000
1,31872000
0,23454600
0,24354200
1,27091100
0,25621500
1,30734200
1,23068900
0,24433000
1,48062500
0,24301400
0,24589900
0,24022200
0,24252600
1,36024700
1,25473000
1,31828200
1,38589800
1,52533000
1,41944300
1,25458200
0,23622000
1,30310000
0,23364600
0,23483900
1,29719900
0,23543600
1,40086100
1,23441800
1,24776000
1,31515000
1,22331700
1,28179600
1,27592200
0,23557800
1,64517900
0,27465400
0,25845500
1,21916100
0,24673100
0,24471700
0,24840100
0,24698300
0,23635900
1,23816100
1,32639200
1,26658400
1,27083100
0,23347700
1,35659800
1,24544800
1,25787000
1,33291200
0,23531300
1,26408900
1,29336700
0,23322500
0,23295600
0,23500400
0,23282500
0,23394700
0,23274900
0,23290600
1,29992300
1,33988800
0,25391500
0,24343300
0,24316800
0,24161000
0,24576200
0,23653700
0,23812400
0,27786900
1,25932800
0,27820200
1,39797100
0,24605700
0,24450100
1,25920300
0,25397300
1,96821800
1,36891400
0,24893500
1,30995800
0,23559200
0,23517100
1,39109200
1,43854300
0,23406100
0,23847400
1,27679700
0,23334100
0,23309600
0,23352000
1,23698100
0,23256900
0,23448200
0,23548300
1,27302000
1,26844500
1,28745000
1,49762800
0,23919400
1,22620300
0,23434600
0,23595700
1,44294000
1,57153600
0,23512000
1,29449900
0,24184800
1,56853900
1,29629500
1,48816200
1,31053900
1,30415800
0,23588700
1,29120400
0,23493600
0,23524000
1,72093000
0,23623900
1,47266300
1,21845200
1,24862800
0,23265100
0,23651000
1,21980700
1,28081300
0,23320800
0,23678400
1,22566000
0,24252300
0,23589700
1,30641300
1,26511600
1,37260600
0,26988600
1,34997500
0,24569800
1,37820400
0,24819200
0,24368400
0,27169900
1,44054400
1,24622700
1,23377800
0,27387800
1,25237200
0,24712800
1,29843500
1,68119500
1,43203700
0,23530200
1,38837000
1,23546000
0,23745100
0,23445600
1,42431800
1,30181100
1,40569000
1,32916100
1,33347900
1,29958100
0,23498400
0,23339300
1,54099500
0,23467900
1,57283700
0,23681300
1,22597200
0,23397900
0,25326800
1,31104500
0,23678700
1,43269400
0,23740700
1,62082600
0,23222500
1,27343300
1,34244200
1,52084300
0,30936000
0,25097900
1,27255000
1,25624500
1,24376100
1,50947500
0,24589700
0,23700000
0,23647400
1,24612300
1,71698000
1,33357600
0,24164500
1,41568800
0,23649300
0,23490100
0,23515800
0,23518800
1,22972300
1,26335200
0,23406300
0,24208500
1,51884500
1,38287600
1,29843400
1,63229300
1,45443900
0,24448200
0,24467000
0,25181900
1,56081900
1,29088700
1,26179900
1,25702400
0,23617000
1,43447400
1,27736500
0,23303900
0,23378600
0,23406100
1,53502400
0,23333500
1,61683800
1,27628900
0,23699000
1,23759000
0,23485100
1,37739500
1,29471900
0,23596600
1,71788100
0,26406900
0,26263700
0,30504400
0,29503700
0,27062700
0,24696500
1,23907800
0,23292900
1,62330900
0,24284800
1,24382000
1,25454600
1,24072600
1,26699500
0,23620200
1,21862600
0,23254000
0,23598500
1,79379200
0,24194900
1,23886700
0,23908300
0,23752400
1,23349800
1,28814700
1,35021800
0,24680400
0,23252200
0,23517600
1,23522700
1,25822200
0,23227100
1,27270000
0,23886500
0,23312800
0,24048800
0,26268500
1,25557900
1,27277100
1,23064800
1,24272600
1,37616500
0,24147000
1,36692400
1,57366600
1,25522300
0,24953200
0,25022500
1,28482800
1,41227000
1,43508500
1,28225200
0,24044800
0,23940900
1,26427600
0,24676900
0,23422200
1,62333400
0,23493100
1,28835100
1,26247700
1,22462600
0,23561800
0,23632800
0,23489400
0,23452600
0,23613600
1,40487600
0,23679400
1,29685000
1,23778400
1,39906000
0,24781700
0,24365800
1,46637000
0,27258300
0,24335200
0,25398000
0,28310300
1,25103900
1,35991300
0,24736500
0,24863100
1,28680800
0,24440400
1,30366000
0,24232100
0,23516500
1,29561700
0,24193100
0,23876000
1,23679000
0,23516000
0,23640300
0,23312400
0,23370200
0,23449000
1,43269800
0,23390700
0,23308200
1,60372300
1,43627700
1,24540500
0,24116500
1,51481800
0,25307300
0,27122600
1,70719600
0,24293700
0,23913300
0,23583600
1,48983400
0,25627600
0,29868300
0,23708800
0,23831300
1,26773900
0,30991100
0,30195100
0,28434000
0,28344700
0,27986700
0,26982100
1,49089400
0,25906700
1,29083200
1,28828100
0,23455100
1,25986500
1,47709000
0,23737700
0,23300700
1,34981900
0,23295400
1,21926300
0,23505600
0,23547300
1,36850700
1,30105700
0,23342100
1,28554900
0,31252700
1,57553000
0,23516300
0,23487300
0,23360700
1,60311400
1,47734000
1,38839200
1,40471500
1,28549500
1,26435300
0,23890600
0,24532300
1,25400400
0,23786200
1,31810100
1,33981400
1,39084700
0,23329500
1,22271200
0,23281100
1,31326800
0,23596400
0,23453300
0,23689600
1,26569700
0,23457000
0,23672400
1,47141700
1,24828600
0,29035900
1,27872900
1,36248900
0,24670400
0,24723600
1,29124100
1,35255200
0,23341600
1,26720200
0,23497200
1,25040700
1,96084700
1,30691900
0,24250000
1,22292400
0,23190400
0,23953900
1,25597400
1,49211100
0,24400500
0,23858500
0,23855700
1,34535100
1,38497400
1,24135600
0,23935100
1,30150800
1,24047600
1,46526500
1,26360900
0,23684600
0,23629900
0,23739000
1,27630700
0,26055000
0,23623000
0,30512400
1,27908200
0,24270300
0,25274400
0,23243300
1,37459100
0,23782300
1,31507300
0,24878700
1,32472100
0,23511100
0,23670200
1,37297900
1,29143600
0,23275900
1,33684500
1,49050800
0,23336700
1,60702100
1,42177200
1,60316100
0,28493000
0,23296000
0,23639100
0,23278200
1,53968700
0,23210800
1,38772700
0,24925300
0,24751100
1,43881300
1,45486300
1,24606300
0,26509100
1,28018400
1,30958000
0,24367500
1,24334800
0,29233800
0,25122400
1,54663900
1,29360300
1,35216300
1,24858200
1,31000400
0,24411300
1,36133300
0,23481200
1,66928800
1,27089600
1,23909800
1,24400500
0,30911700
0,25606800
1,24430200
1,27588500
0,24452300
0,24667000
1,32112400
1,24585900
0,24874100
1,31739200
1,28025100
0,24406200
0,24188200
0,23788400
0,23722600
1,22456500
1,51759400
0,23971800
0,23500500
0,24062500
0,24597700
1,41959000
1,38165700
1,23506900
0,23344000
0,23370500
1,21848100
1,24637400
1,21884000
0,24010200
0,23413700
1,39038200
1,27833400
1,51291100
0,23348200
0,23403200
1,29500500
0,23973300
1,45820300
1,32846500
0,23624500
0,23976400
1,28124700
0,24350500
0,24226100
1,25634400
1,29324600
0,25216800
0,24594200
1,27941000
0,26143500
0,24930900
1,65234800
0,24272700
1,48337200
1,33805100
1,28262200
1,33070500
1,28686100
1,30560500
0,24621500
1,47567400
1,26684600
0,23975300
1,38943000
1,41459800
0,23505000
1,23416700
0,23624300
0,23531300
0,24662200
0,23469000
0,23508200
1,27546600
0,23473200
1,28197900
1,37878300
1,44147100
1,37986500
0,25381500
0,29546400
1,74805700
0,24806500
0,25010900
1,36259600
0,24893500
0,24544900
1,23097400
1,26375700
1,41674300
1,23628800
0,23600800
1,48008700
0,24211000
1,30863100
0,23282400
0,23345100
1,31491900
0,23517500
1,27825300
0,23512600
1,23244500
0,23532000
0,23248100
0,23992800
0,23253800
0,23326900
1,33446200
0,23393100
0,23385600
1,28143500
1,25218000
0,23748900
1,53502700
0,23575700
1,41082700
0,24346800
0,24560500
1,36604000
0,24605600
1,22100800
1,26713900
0,23771800
1,34158000
0,23454600
1,60116600
1,24418100
1,45553700
1,32449300
1,23616100
1,44180100
1,68040900
1,33794300
1,23651600
1,49453100
1,25194300
1,60869300
1,25020300
0,23756600
0,26590700
1,22783700
1,33475300
0,24275800
0,23721200
1,37195700
0,26053800
0,26353400
0,24940300
1,29142400
0,24586900
1,34719200
1,33250000
1,27544000
0,26157100
0,28903100
1,73512000
0,24742200
1,23450000
1,24394900
0,23519100
1,115647000
0,23653000
0,23641800
1,22574800
0,23512200
0,23977100
1,22311700
0,23995500
1,37023300
1,42864100
0,23516400
0,23802000
1,34177800
0,23997800
0,23823300
0,23607500
1,27415500
1,35180900
1,36775800
0,24395200
1,30467700
1,30608200
0,23538000
1,33459300
1,36282900
0,24582300
1,36959200
1,30730000
0,23279800
0,23258200
0,23667100
0,27051100
0,26127100
0,24717100
0,23398300
1,35803000
1,32835600
0,24296800
0,24379600
1,26180700
1,57894100
0,23974800
1,36653700
1,39624500
1,33431500
1,26282000
1,28872100
1,30673700
1,26749000
0,24475000
0,24743800
1,25788900
0,24275100
1,52910300
0,24013300
1,51717100
0,31210400
1,35946300
0,26585000
1,23309700
1,36952800
0,25070200
1,28709700
1,45673100
0,24180000
1,29640200
0,23762200
0,23401000
0,23405800
1,23214600
0,23335100
0,23231400
1,25672200
1,37140500
0,23500500
0,24059200
1,42744800
1,27101600
1,38661200
1,22621900
0,23811000
1,34582100
1,30222200
0,27179700
1,69976000
0,32388800
0,31160100
0,32063400
1,30345200
0,28405500
1,26242100
0,24421300
1,34843000
1,35901200
1,22257300
1,26705900
0,23778800
0,24066900
1,63853600
1,25861600
0,24359300
1,27393300
1,26071400
1,37709400
0,23427200
1,67969000
0,24851000
1,32025400
1,37475900
1,51043500
1,37230700
1,27560800
1,27424300
1,35210400
1,23638700
0,24353000
0,24194800
1,31521300
0,24084300
1,33422600
1,75796100
1,35274300
0,24251100
0,23774900
1,67017900
0,26598200
0,26450100
0,24490400
0,24553600
0,24753000
0,24134100
0,24140000
1,29344800
0,23990700
0,23711600
0,23524200
0,23931700
1,50849700
0,23521700
1,42735900
0,23534500
1,32969300
1,48439400
1,33101400
1,32024300
0,25378800
1,29289600
1,26711600
1,30213400
0,24421500
1,26199900
1,111108400
1,25484700
0,26149200
0,27935200
0,24746700
1,48622600
0,24552400
1,23653500
0,23463700
0,24100300
0,28396500
1,27648100
0,24341300
1,41380400
1,23844500
1,22626800
0,24164800
1,30122800
1,29188600
0,25903500
1,25498500
1,36851300
1,22591800
0,23704200
1,26439300
1,27979000
1,23106200
0,24714700
0,24489300
0,23972600
0,25201900
1,24979500
0,25226900
0,25948900
1,29974900
0,25089700
1,23062200
1,32561100
0,24593100
0,25239900
1,32363200
1,61228300
0,29984300
1,30955400
0,24336200
0,24723400
1,39375900
0,25159900
1,35291100
0,24414800
1,27717500
0,24489400
0,24330900
0,24255700
0,24316300
1,25703200
1,27259500
0,23297400
0,23362800
1,32413600
0,23185200
0,24718800
1,30669200
1,26002500
0,24592500
1,50014900
1,23586800
1,27029300
1,35436100
0,23628800
1,55871800
0,27352000
1,29287900
0,23256100
1,23619600
1,57853800
0,23295200
0,23297900
1,23296400
0,23231300
0,23468600
1,22092500
0,26716400
0,24831000
0,23280900
0,23673800
1,23300800
1,42281800
0,24168300
0,23975600
0,24106500
1,70113300
1,22449700
0,23412100
0,23507800
1,30269300
1,44529600
1,28378800
0,23799600
1,26212900
0,25138700
1,43573600
1,26209400
0,25252900
0,24709400
1,49901000
1,27144000
0,24094300
0,23386800
1,22117900
1,45706800
1,25086700
0,23677600
1,31899500
0,23906100
1,37081900
0,23430400
0,24160300
1,26307300
0,23401400
0,23538400
0,23775400
0,28639300
0,26899200
1,70257800
0,24278100
1,66833600
1,46783200
1,22719300
0,24596900
0,24659200
0,23989100
0,24247700
0,24255500
1,43176100
1,46638000
1,27595500
1,35052300
1,27626500
1,23359900
1,25172200
1,40740900
1,37794900
1,59233100
0,23442500
0,24076900
0,23478000
0,23187100
0,24810700
0,29923600
1,28278500
1,77073500
0,24343400
0,24140000
0,23459300
0,23591300
1,31974900
1,38766900
1,42465700
0,25030800
1,30701400
0,26272100
0,23790100
1,52952300
1,34254200
1,31403200
0,24563700
0,24390800
0,25297400
0,27104900
1,28619600
0,25585800
0,24287000
1,80207700
0,24349500
0,25038500
1,40282600
1,23307000
1,22907300
0,23579500
1,33338100
0,23641500
0,23684500
0,23214200
0,23543900
1,21875500
1,22790400
0,26482500
1,61505900
0,25124900
1,23257900
0,27943500
0,24506400
0,24533200
1,48376700
0,25600100
1,29541200
0,24262900
1,25977600
1,25563700
1,39736100
0,23412200
0,23283300
1,54939000
0,24386400
1,30166900
1,52461100
1,68010500
0,29315900
0,31115700
0,30990500
1,40170200
0,24231900
0,26881300
0,25406500
1,42577700
0,24468700
0,24277500
1,34583600
1,27140200
1,40067600
0,23375600
1,60422200
1,55678900
1,30441000
0,24011200
0,24415200
0,24296500
1,39772100
1,33654200
1,24874300
1,56784200
0,28658900
1,37112700
0,25991200
1,33182200
1,60926500
1,22516400
1,26576600
0,23816800
1,29233300
1,47266800
0,24029400
1,47241800
1,23446900
0,23797400
1,31338900
1,29549100
0,23555500
1,38546900
0,23507700
0,23505200
1,29402600
0,23597600
0,23467400
0,23919100
0,23797600
0,24606800
1,31878800
1,39430200
0,24397300
0,27919900
0,25313600
1,24843000
1,23542000
1,24906600
0,26769600
1,30137100
0,25004400
0,23854000
1,89987600
0,23671000
0,23706200
0,24022300
0,23526200
1,22060100
0,23861700
0,23591600
0,23432100
0,23521700
1,29362400
0,23826100
1,38260100
0,24775500
0,24396300
0,24239800
0,24086900
1,41790500
0,23510100
1,25729800
0,23848700
1,38529400
0,25418100
0,24234200
0,24734100
0,24375100
0,24296400
0,23955100
0,23488800
0,23488100
0,23286200
0,23788100
1,28660400
0,24522800
0,25530700
1,29494800
0,23290800
0,23294500
0,23389200
0,23506100
1,25103500
0,23240500
0,23983400
1,22230500
0,23584400
1,36720000
1,28326500
1,36208800
0,23535100
1,34638700
1,29236600
0,23658600
1,24983900
0,23318000
0,23203900
1,38097700
1,40849600
1,25326400
0,25271400
0,23527700
0,24683400
0,24439400
1,42042600
1,43997000
0,25908300
0,23526800
0,26423000
0,32622300
1,44731900
1,35871400
0,24516800
1,35539600
0,28117900
0,24762300
0,24723200
1,62363700
0,24275100
0,23381200
1,36640900
1,64387100
1,22066100
1,46815600
0,24833200
1,56379900
1,24368500
0,23516100
1,30739600
1,27022000
0,25553100
0,24687200
1,23005800
1,42343500
1,37125900
1,47514900
1,27782200
1,26804400
0,23549500
1,22860400
1,26188700
0,24460800
1,46149300
1,38787200
1,27894000
0,23846500
0,23675300
0,23397100
0,23373000
0,24378600
1,23507000
0,23946200
1,24439800
0,23241900
0,23687000
1,51875100
1,27983700
1,48748200
1,44159200
0,23250100
1,43530400
1,26534300
0,23290300
1,32065800
1,54660100
1,45081600
1,49315600
0,24345800
1,24142000
1,24869600
0,23587900
0,23452800
0,23180700
0,24058600
1,23917100
0,24309400
0,27170100
0,24219300
1,37352700
1,60186800
0,24409700
0,24753300
0,24593600
0,24090500
1,47244200
0,23835300
1,22322700
0,23256100
1,33705300
0,24613500
1,63401300
0,23591100
1,29800300
0,24341900
1,48753300
0,24082300
1,47433500
0,25210900
0,23908700
1,26037100
0,24338100
1,24332900
1,22885600
1,26569600
0,32084500
0,23210400
0,24081800
0,25572800
1,34993300
0,25995900
0,28125400
0,26389400
1,45416700
0,23804600
0,24032700
1,75236500
0,23528700
0,23633300
0,23422000
1,39884000
1,30035100
0,23282800
1,36583100
0,23819400
0,23307700
1,22188100
0,23251400
1,28771400
1,28971200
0,23360100
0,23566200
1,40279800
0,25210400
0,23694000
1,41725200
1,40927000
1,75775400
1,24858500
0,23771600
0,23986300
1,40196200
0,24034800
1,23003500
1,31665000
0,24537100
1,39726000
0,23478400
0,23928700
0,23869900
1,32982800
1,34421300
0,25092200
0,23776300
0,24137800
0,24774400
1,102391700
0,23541700
0,23581500
0,24241100
0,24382400
0,24288200
0,24195700
1,22230100
1,29617900
1,39340700
0,23682500
1,27817100
0,23789900
0,24028800
1,30259700
0,23291600
1,32783000
0,23386400
1,57043000
0,26004500
1,59114300
1,28442700
1,58877500
1,56192400
1,36009200
0,24748900
0,25002700
0,24742300
0,23425600
0,23685500
0,24108300
0,23634700
0,23539000
1,22973900
0,23428300
0,23690000
0,23557100
0,23542200
1,34180300
1,30235400
1,29485800
0,24041300
0,24724200
1,23719800
0,24372200
1,41959500
0,24339500
0,23575600
0,23329700
0,23519800
1,26051600
0,23492900
0,24459800
0,25744300
1,42998100
0,25565900
0,28362800
1,29438500
1,32740500
1,22911400
1,27771900
0,23810200
0,24013000
0,24015800
0,24465800
0,23974100
0,23815100
1,33861200
1,111502100
0,25514100
1,56256100
1,60068500
1,28255100
0,23378700
1,23830200
1,31727300
1,27053700
0,27987900
0,24554400
0,24253100
0,23890500
0,23751700
0,23925700
0,23651700
1,48372800
1,33737900
0,28563900
0,27448700
1,45307100
1,46967500
0,23299500
1,42715900
1,24594800
0,23222400
1,22933300
0,31487600
1,26231900
1,45814000
1,76467200
1,51029800
0,24224500
0,24237800
1,68349100
1,25256200
0,24030500
0,24047800
0,24166400
1,39985300
0,24292600
1,25395100
1,29517500
0,24905900
0,30529500
1,78572700
1,28042900
0,23639300
1,26579700
1,43789400
0,23641100
0,23431900
0,23486500
0,23824400
1,28661200
0,23447300
0,23216300
1,28552700
1,22648900
1,21829400
0,23680100
0,23521900
0,23658200
1,65880300
1,27243800
1,23593000
1,85030900
1,47062900
1,37165800
1,57425600
1,33037800
1,42454700
1,25369100
0,23829800
1,26550200
0,23963700
1,24787900
1,34442200
1,22028800
0,24949000
0,24541700
1,28630700
0,25879600
1,22148900
1,36758500
1,21879800
0,23439000
1,32084200
0,23278200
0,23822600
0,23265000
0,23430600
0,23403300
0,23520300
0,29321100
0,26547700
1,29905500
0,23429900
1,30050400
1,24384200
1,35101400
1,39273300
0,24244000
0,24920300
0,24305200
1,26632900
0,24866400
0,24717600
1,27187000
1,27462300
1,43641300
1,24124200
1,59501800
0,26656400
0,27101900
1,28083700
0,28003400
0,26265600
1,24885500
1,35249200
0,24900700
1,28425100
0,24778400
0,24795300
1,36238200
1,27411400
0,23386400
0,23392600
0,23387700
0,25993700
1,50817100
0,26787800
1,32580900
0,26127100
0,24235300
0,24541300
0,25023400
0,24878400
0,25961000
0,25209000
1,51606600
1,30468900
1,37403200
1,33538900
0,24610700
0,24032300
0,24295900
0,24276200
0,24716500
0,24382500
1,35524900
0,23934900
0,29269400
1,27365000
1,24870400
1,31835500
0,25981900
0,25114100
0,24747900
1,54178700
1,31249100
0,24584800
1,32064200
1,39445900
1,27337000
1,95065100
1,25529500
1,32526600
1,24501100
1,67571500
0,24272300
0,24309400
0,24768400
0,24295700
1,28668900
0,24365300
0,24184600
0,23924300
0,23728000
0,24026600
0,24189800
0,23294400
1,31634300
0,23372400
1,39787900
1,38207900
1,45954300
0,23557600
0,23792000
0,23797200
0,23813900
1,43010900
0,23494700
1,35463800
0,23517200
0,23321500
1,36839800
1,26050300
0,23374300
0,25764500
0,24373000
0,31244100
1,24792700
0,24556900
0,27711000
0,26618500
1,39464200
0,24449100
0,24371700
1,38745700
1,25180900
0,23649700
1,32756600
1,45256200
0,24702500
1,23143600
1,24705700
0,25063800
1,38640100
1,62803500
0,23808200
0,24791700
1,31571200
1,23522000
1,41295300
1,27455800
0,23427200
1,52874400
1,28575300
0,23917200
1,26000200
1,21957100
0,23268000
1,26545100
1,24200300
1,29972000
0,24122200
0,24405700
0,24051800
1,49273000
0,24208600
1,32620300
1,38986300
1,53458300
1,26977500
1,52852800
1,44920400
0,23388800
1,62663100
0,23675800
1,59464900
1,37488700
0,23327200
0,23255600
1,25905900
0,23531600
1,27431300
1,26484600
0,23606200
1,49368700
1,31839700
1,42230800
0,23386600
1,58328200
0,26668400
0,25839700
0,24331000
1,25306200
0,24354500
0,24521000
1,25986900
1,24490500
0,23892600
0,23762400
1,35606600
1,23477000
0,23660500
0,23674700
0,24141400
0,23680400
0,23530000
1,35583800
1,52829700
0,25249600
0,24863600
0,26567300
0,26151500
1,28203800
0,24747700
1,53986000
0,23836700
1,36511300
0,24005200
0,23427100
1,26929100
0,23340000
1,29705500
0,23665500
1,23269600
1,26452100
0,23411800
0,24177800
0,24027100
1,35847600
1,25828200
1,27196400
1,27652700
1,41795400
1,47786900
0,23546100
1,23773800
0,23900800
0,23532400
0,25519600
0,23318500
1,24845700
0,23289200
0,23328800
1,43382300
0,32151200
1,34370100
1,23549700
0,24241500
1,30464800
0,24158500
1,45279700
0,23535800
0,23270100
0,23307500
0,23343500
1,32285100
1,34282700
0,23272900
1,23447800
1,28397300
1,25310700
1,25419200
0,23569700
1,25787800
1,44019700
0,24251800
0,24658500
1,23337700
1,25658300
1,42261500
1,22342400
1,25111100
1,40926600
0,23450600
0,26782900
0,23456400
0,24692400
0,25182700
0,23893300
0,23745400
0,23524500
0,24609400
1,52751400
1,28673800
0,28738400
1,26972900
1,23700900
0,24175200
0,24284400
0,24279900
1,30111400
1,25621700
0,24527700
0,23699100
1,28701800
0,23308400
0,23264000
0,23838500
0,27070900
0,24589800
0,24277000
1,22764800
1,41869800
0,24482800
0,24325400
0,24215400
0,23378500
1,23261200
1,41907800
1,36648400
1,86727400
0,24772900
0,26907600
0,24803600
0,23980600
0,23373000
0,27513800
1,29577400
0,23543000
1,23690500
1,57951300
1,42007300
0,23726200
1,32176400
0,23269700
1,25890500
1,36508100
1,23156900
0,23230400
0,23456000
0,23326600
1,32960000
1,26156500
1,33982800
0,29947500
1,23611400
0,24201800
0,24451300
1,37267600
0,23517800
1,24799200
1,26285500
0,23317400
0,23977700
1,26583400
0,24479600
0,23773600
0,24779200
1,24960400
1,27210700
1,40073300
1,23241700
1,21930000
0,25357500
1,54703900
1,35545100
0,23337400
0,23454200
0,23327700
0,23540600
0,23252900
0,30318800
1,33188100
1,47385000
0,24432600
1,45926500
0,24322900
0,24029400
0,24834800
1,44847000
0,24699600
0,24467800
1,32461100
1,25322800
0,23450200
0,23695300
1,24701300
0,25012000
1,46492500
0,24810300
0,23475500
0,23804800
0,23781600
1,45944100
1,37783900
0,25371600
0,28367700
0,28679600
0,29144600
0,24299000
0,24447000
0,24590000
1,24703500
1,32016200
1,29200900
1,28276900
0,24371300
1,24853000
1,37939700
1,28903400
1,34725000
0,23969700
1,31555400
0,24211800
1,26810700
1,114804800
0,24224800
1,35622900
1,30258400
0,23766800
0,24938200
0,23264600
1,31482400
0,23848200
0,23817200
0,26719100
0,24063800
1,34261900
1,37021900
1,63148400
1,52866600
0,25191100
0,24701200
0,23512800
0,23366200
1,29017400
1,34051000
1,34627100
0,23362300
1,26196900
1,32638900
1,29434800
1,44608900
0,24715100
0,25090100
1,33205900
0,25177400
1,26829000
1,36151500
0,24426900
0,24368800
0,24240000
0,24415600
1,65585800
0,24087600
1,26950400
0,24047600
1,48678600
1,26212600
1,22392900
1,22190300
1,40753200
0,25387100
0,24133800
0,24015600
0,23786900
0,23817200
0,23612400
1,22643600
0,23736000
0,23549700
1,26293700
0,24325700
1,22259800
0,23587400
1,28887200
0,23470500
1,52035200
1,22012900
0,24348400
1,30353100
0,24968600
1,26434100
1,36225200
1,47182800
0,24330300
1,57264100
0,23791000
1,21814500
0,24450700
1,51165800
1,27617500
1,38972200
1,24782700
0,24773700
1,28652400
0,26095100
1,23748500
1,40921900
1,23884100
1,31999300
1,26264600
1,23807800
0,23254200
1,27887300
0,23348400
1,27762600
0,23290400
0,23379600
1,25702400
0,23366900
1,39514500
0,23385100
0,25930100
0,24872900
0,25044700
1,58368500
0,25086400
1,35732600
1,24290800
1,24663700
1,23213500
1,31517800
0,23639700
0,24434000
0,23614200
1,30405200
1,38249300
1,74063500
0,23219500
1,23041300
1,23860300
1,43511500
1,91930200
0,23922500
1,25212900
0,23903400
0,23564800
0,24299400
1,44568900
1,31844600
0,23391500
1,40583200
1,26756600
0,23991300
1,40538000
0,24245300
1,31548700
0,25470100
1,40046300
0,24371600
0,24627800
0,24360000
1,27572900
1,62207600
1,23959000
1,23816700
1,28418500
1,30603300
1,45648700
1,25451700
0,24324700
1,32741500
1,100167700
0,24645300
0,24998500
1,42346000
1,31849400
1,24325400
0,23317100
1,29087300
1,53337200
0,24307000
0,24508700
0,25336700
1,32022100
0,24888600
1,32517900
1,35885600
0,24898200
1,23078600
0,24165800
0,24340600
1,46657200
0,28523500
1,66337800
1,26060900
1,51340200
0,23978100
1,46999900
0,24014700
0,24175600
1,23052200
1,69725600
1,34547100
0,23731100
1,28432100
1,26921100
0,23528300
0,23733100
1,29160400
1,23871000
0,24099800
0,24265100
1,23959700
0,23896800
1,32376000
1,24930100
1,43973500
0,23933500
1,26409500
1,45838300
1,34143000
1,34682500
1,41037700
0,24446300
0,24388000
1,29265900
0,24138800
1,22615400
0,24975800
1,29855600
0,23420300
1,26521300
1,34632500
0,23774500
0,23420600
1,51126800
0,31146800
0,25640900
0,23547900
1,25860800
0,23484300
1,23236900
1,33902400
0,23221900
0,23300900
1,23346600
1,34997900
0,23543200
1,29047900
0,24366900
1,45077300
1,38011100
1,79201700
1,24630100
1,32474400
0,23262000
1,26835200
0,23486700
1,22342500
0,24070200
0,23763200
1,26551200
1,40819700
1,32826500
1,32966300
0,24629500
0,25372500
0,24426300
0,24532300
1,41405300
0,24113600
1,25411700
0,23821800
1,26801000
1,30336900
1,30189000
1,31570400
0,23320900
1,47830600
1,23953300
0,23329500
0,23352400
1,33219500
1,26175800
1,25353400
1,44272100
1,25741400
1,31328200
0,23639300
1,24367800
1,35418200
1,22756800
1,43408700
0,25333000
1,29614800
0,23974900
0,23808400
0,23960700
0,25308600
1,24205200
0,23880300
0,23917200
0,24464800
0,24232800
1,33771300
0,26813100
0,23743400
1,30276200
0,23855400
1,31758100
1,33506100
1,29027600
1,25462000
0,23862400
1,23320900
0,23282700
0,23533200
0,23220100
1,59275400
0,24278100
0,25208100
0,24466800
0,24189500
1,39221100
0,23285800
0,23832800
1,30049700
1,23458800
0,23295300
1,34223900
0,24167800
1,38822200
1,45143600
1,26212400
1,41753100
0,26533500
0,28024200
0,25965100
0,24402700
0,27319700
0,32347500
1,34148400
0,24701900
0,24615600
1,35351700
1,28695900
1,34604100
1,30557000
0,24434900
0,24942300
1,50481200
0,24651500
1,26466900
1,23643000
0,25340900
1,40816600
1,24309500
0,24209600
0,23418300
1,57710300
0,29354700
0,25385400
1,43912600
1,23773300
0,24276000
1,36808100
0,24809800
1,24323900
1,42660500
0,23210200
0,26260600
0,27048900
1,63402900
1,27535900
0,24263400
1,26325700
0,24258700
1,22247600
0,23231000
0,23756400
0,23232300
0,23594300
0,23385300
1,40345300
1,65106400
0,24814800
0,24831500
0,24575000
1,39141500
0,24414300
0,24378000
0,23742300
1,23749300
0,23788600
0,23416700
0,23651200
0,24191700
1,24358700
0,24124700
1,22711200
1,23894000
1,22847800
1,23833700
0,23569500
0,23698300
1,22368700
0,23574500
0,24145100
1,27273800
1,32204100
1,62893700
0,26403200
0,23705900
0,23712400
1,39126100
0,26806500
1,25939400
1,46771800
1,25703600
1,24790400
1,22151300
0,23417000
1,36085700
0,24276300
1,52116800
1,30933400
1,28394600
0,23484900
1,43438500
0,23450900
0,26522400
0,27225500
1,24703500
0,23548500
0,24345100
1,36441000
1,44633500
1,53197200
1,27453100
0,24940200
0,24943600
0,24636100
1,37152000
0,23295800
1,41829300
0,23452400
1,26443100
0,23243100
1,25257300
1,39301000
0,23215700
0,23334800
0,23338800
0,23365100
1,25112900
1,27226700
1,32212500
0,25315400
0,24156100
0,24248100
1,22854100
0,24159000
1,23381600
0,23415100
1,26368800
0,23347200
0,23214300
0,24190300
1,36395400
1,56743300
0,23723800
0,23940000
1,46258300
0,23446400
1,25854300
0,23808600
0,23708100
1,23437200
0,23406600
1,34053400
0,25200700
1,26258000
1,64195100
0,23967400
0,24841200
0,23806200
1,29019000
0,23655100
1,38041900
1,77813700
0,24674100
0,25358000
0,24710800
0,24411800
0,24444900
0,24065500
0,23697200
1,33834000
1,24101800
1,28734900
0,24693100
0,29128000
1,65235700
0,24821700
0,24835000
0,25184000
1,29124700
0,28131100
1,41353300
1,48943700
1,65892700
0,24822100
1,53959300
1,25062600
1,37040500
1,35208200
1,34147100
0,24027700
1,29067600
1,24701800
0,23735400
0,23725900
0,24465300
0,25689400
0,24145200
1,23039300
0,24166400
1,30206700
0,23615500
1,24382500
1,22076000
1,29801800
1,33614400
1,27379000
1,25083500
0,23929800
1,26888500
0,23968100
0,24032300
0,23644900
0,23783800
0,24357400
1,36641200
0,25640000
1,35414100
0,26240100
0,29461000
1,24490100
0,24222200
0,24172200
0,23969300
1,22598200
1,23864200
1,36825500
1,31961900
0,23456300
0,23436200
1,42646500
1,38378500
1,39604200
0,24025300
1,33397100
1,30650700
0,24649800
0,24453200
0,24462600
1,28374500
1,36473600
1,22645700
1,46006400
1,41523300
0,24839500
0,24224400
1,32689000
1,29289400
0,24299200
0,24057600
0,23579300
0,25605100
0,23562400
1,22035800
0,23605200
0,26376900
0,29920500
0,31850600
1,26893000
0,24407000
0,23697700
0,23436300
1,42714600
0,23206500
1,57961700
0,23728000
1,45383700
1,24520100
1,22242300
0,23988100
0,23756900
1,22178000
0,23183900
1,30086400
0,23353300
0,23347400
1,28421700
0,23562600
1,28905600
1,36475400
0,23810000
1,25873300
1,27805000
1,27137600
1,52981400
0,24675800
1,26303400
1,50117300
1,37384800
1,24724800
0,23382200
1,22245300
0,23432700
0,23371900
1,63297200
1,30189100
0,23394500
0,23205800
1,72575400
0,23261700
1,24355200
1,25097600
1,37796200
1,24163400
1,33995000
0,23440700
1,22221700
0,23427200
0,28438100
1,39230500
0,23970200
1,24019800
0,26780900
1,36390300
1,22941000
0,25528900
0,24329600
0,24569100
0,24327700
0,23545000
0,23575600
0,23495800
1,22296000
1,36592200
1,25745800
1,30009600
1,25993400
1,22789400
0,23704800
0,23418700
0,23192300
1,39118800
1,36191600
1,25329000
1,26789300
0,31560100
0,24152500
1,27741900
1,28593900
0,23852700
1,77684400
1,47732200
1,22059400
1,34221800
0,23453500
1,29019900
1,48523800
1,23828600
0,23922600
0,23943100
1,28591700
0,24381100
1,48856100
0,24639000
1,39957600
0,24256500
0,24539200
1,46454300
1,26808000
0,24635200
1,25086800
0,24711000
1,27094400
0,24771200
0,24337500
0,24048900
0,23807300
1,33865200
0,24564600
1,24282900
0,24530800
0,23883800
1,26291300
0,23822400
1,31890600
1,28096800
0,23339300
1,27334800
0,23297300
0,24069700
1,23899400
1,31841500
0,23228700
0,23324400
1,36974300
1,41524700
1,25007800
0,24386200
0,24452700
0,24733700
1,23171600
1,23027700
1,34366200
1,33579900
1,44873900
1,53120900
0,24896500
0,23808600
1,52206400
1,30511600
1,30125400
0,23364700
1,24969600
1,24021500
1,39897400
1,33257700
0,23275800
1,58028600
1,23150300
0,24002700
0,23989000
0,23511000
1,24029100
0,23465300
1,33007600
1,35624800
0,24194400
1,36240500
0,23670700
0,23560600
0,23866000
1,42181400
0,23259800
1,40103600
1,27763800
1,28188800
0,23409600
1,33208600
0,23412000
1,33503500
1,29536700
0,23510500
1,48395100
0,24187700
1,30726500
1,43499900
0,24227800
1,45827900
1,35604700
0,26989100
1,37596700
1,27771900
1,106803200
0,23542100
1,36051400
0,23416800
0,23542600
1,44275400
0,28199000
1,46537100
0,29235000
1,40319700
1,28855700
1,33844800
1,56206200
1,53134200
0,23402900
0,24347400
0,23549600
0,23832300
0,23844300
0,23985400
0,24151300
0,23617500
0,24309200
0,23997500
1,50903200
0,24324000
1,22437200
0,23931900
0,23878700
0,23880600
0,23640200
1,22577700
1,31989600
1,21940500
1,24825700
0,23600400
0,24445500
0,24360200
1,25641800
0,24814100
1,28610200
1,22527300
0,23554300
0,23479000
0,24156500
1,27924200
1,23585100
0,23601200
0,23570500
0,25481000
0,24043400
0,23560800
0,23258000
0,26263400
0,26870500
1,28655700
0,23789200
1,32281500
0,23777800
0,23790000
0,24286900
1,37559800
0,24055300
0,27811600
1,30728400
1,30543200
1,29692900
1,46422100
0,23688400
0,23742900
0,23950900
0,23709900
1,22505300
0,24116600
1,26196300
1,31887000
1,33692700
0,23923800
0,24594000
1,61289000
1,25387400
1,48275700
1,26737100
0,27418500
0,24681400
0,24178000
0,25359800
0,28818500
1,27676700
1,38622700
1,42164500
1,82687000
0,23880400
0,23841400
0,24188400
0,24206300
0,25750900
0,23460700
0,23844000
1,35504400
1,22468700
1,23079200
0,23919100
0,24170400
1,43554600
0,23854800
1,22771800
0,23799800
0,23965900
1,34962200
0,24307900
0,28810100
1,32805600
1,52158500
0,23544600
0,23402500
1,27184100
1,63598700
1,48315400
1,42183200
1,30365500
1,42023800
1,68809800
1,22514800
1,32711300
0,23397400
1,83466400
1,54243900
1,27636700
0,23389400
0,23347300
1,21916900
0,23281400
1,50120900
1,26563800
0,23312600
1,34446900
0,23405400
0,23268100
1,24336500
0,23444100
1,47369700
0,26443200
1,32526200
0,24227000
0,24133500
0,24271300
1,53675400
1,22923200
1,23700800
1,52079500
1,22722000
1,26126300
0,23730500
1,36809800
1,32109600
1,50903000
1,28813400
1,26293600
0,24933000
0,24999100
1,28779500
1,24402500
0,25398900
1,24296000
0,24365600
0,23807000
1,22631400
0,24460600
1,34341700
0,24068200
1,27775900
0,24139200
0,23764100
0,25381500
1,26541500
1,26450700
1,55639700
0,23264000
1,27252600
0,23963200
1,24776200
1,30286000
0,24676300
1,26374200
1,46486200
1,61603000
0,23491700
1,47251500
0,23588300
0,23558000
0,24232500
0,23344500
0,25324500
1,46116100
0,23692300
0,23865500
0,24147300
1,30792100
1,47238200
0,23494400
0,24018500
1,40125800
1,65141400
1,31825300
0,23390700
0,23339100
0,23216800
1,24868000
1,38298600
1,29933600
1,23802000
1,28001300
0,24274100
0,24532300
1,38632000
1,22131700
0,23424900
0,27166900
1,42800200
0,23525500
0,23632800
0,23578100
0,23857600
1,28558400
1,66629300
1,25476700
0,29350800
0,26584300
0,24958100
0,24504500
0,24463100
0,24338200
0,24524000
0,23798100
1,25821500
1,30595000
0,23823800
1,39776200
0,23947200
1,36038100
1,44581000
0,23623600
0,23574600
1,48413400
1,47552600
1,32264100
1,34084700
1,28182300
1,32385200
0,26707400
1,40031700
0,24754100
0,24803100
1,65481900
0,23343500
1,83848200
0,23527300
1,47297100
0,23823100
0,23255700
1,23177600
0,23379100
1,27691000
1,23468900
0,23368100
1,43052800
1,35564900
0,23834700
1,60761900
0,24461200
0,23381300
1,29863000
1,25750600
1,32986000
1,44830600
1,32669000
0,28372700
0,24260800
0,24418900
0,24839300
0,24811800
0,26556100
0,29335400
1,38896300
0,23510300
0,23685900
1,23962600
1,23639900
1,51252700
0,28852300
1,21943400
0,23588000
0,23369100
1,25840000
0,24247900
1,61308400
0,31059700
1,27050000
1,63559700
1,54055000
0,24057300
1,31394300
1,38045900
1,24373000
1,40559800
0,23578200
0,23238900
1,37444000
1,23824200
1,49673700
1,30535700
1,32670800
0,24645800
1,51956700
1,29986700
0,23616200
1,65315200
1,24769000
0,24021200
1,47947500
1,34472400
0,23882900
1,22561000
1,39504800
0,23953300
1,22070500
0,24296300
1,55033300
1,26354800
1,26557800
1,47950100
1,40336000
1,24836000
0,25316100
1,49901200
1,33242000
1,28750500
0,25497400
1,23150600
1,27749400
1,23655000
0,24287000
0,24584300
0,24886400
1,28355700
1,28318600
1,29528400
0,23976300
0,23471400
1,26762300
0,23397200
1,29602000
0,25413300
0,23462300
0,23548500
0,23324400
1,34426800
1,44105200
1,23748600
0,23439100
0,23402100
1,37930700
0,24239100
0,23707500
1,28569900
0,25087900
0,27938800
1,28267300
1,70172200
0,24819200
0,24411400
1,72517300
0,26918700
1,32074500
0,24201400
1,54070100
1,24667400
0,24262000
1,48554900
1,22995100
1,35809700
1,23475300
1,26523800
1,25427800
1,28050600
0,23576200
0,23415700
0,23471100
0,24200700
0,24399000
1,35091100
1,45738600
0,23727500
1,26216400
0,24953400
1,25251700
1,24381200
0,24123800
0,23857400
1,46084600
1,22773700
1,32923000
0,23885400
1,41024600
1,30773200
0,25827000
1,76775300
0,24495500
1,32679300
1,36569200
1,43551600
0,25386000
1,30443400
1,40429100
1,63277900
1,38439100
1,41171600
0,23277500
1,43702900
0,23775300
1,32204000
0,23378700
0,23453000
0,23720800
0,23885500
0,24717600
0,25714900
0,23232800
0,23497000
1,47073600
1,30500000
1,25302200
1,80813400
0,35130700
0,31077800
1,60133000
0,24610200
0,24294200
1,48841900
0,24136800
0,25718300
0,27536600
1,36521300
1,36533100
1,35465200
1,22360400
1,28232400
0,23968000
1,30719000
0,23759300
1,25588900
1,48322300
0,23737800
1,24431900
0,23338800
0,23643500
1,33539600
1,41355300
1,30485300
1,27542600
0,23226400
1,37330600
1,27444300
1,35592600
1,40696600
1,44659600
0,23778400
1,31012200
1,46651200
1,24587200
1,39274500
1,26670300
0,23477900
0,24960800
0,26000200
0,23761500
0,23516700
1,24788800
0,23812100
1,24056300
0,25389000
1,38900000
0,23579600
0,23696500
0,23840900
0,23943800
0,23961400
1,26414600
1,26520700
0,23937600
1,35013500
0,23486700
0,23479600
0,23397800
0,23263600
1,26185700
0,23330600
1,24773800
0,23254200
1,31796000
1,23353700
0,23254400
1,35205300
1,38199900
0,24302400
0,24716500
0,26081300
0,26486600
0,24834200
1,61368600
0,24387300
0,24653900
1,29219200
1,39304300
1,22790700
1,60593500
0,24237600
1,32476900
0,24024400
0,24032500
0,23715800
0,26094000
1,24053600
1,28837100
1,47019400
1,57418800
0,23667000
1,28042700
1,44003200
1,115111100
0,23418100
0,23735800
1,23362500
0,24012800
1,24727300
0,25782100
1,86888500
0,23953800
0,24206600
1,37070900
1,61954200
0,23549700
1,31163000
1,39396800
0,23434100
0,23591600
0,28742800
0,26470200
0,24297100
1,24123500
0,24212400
0,23316300
0,27165200
0,26113700
0,24831500
0,24307500
0,25136900
0,24311400
0,24235300
1,26567800
0,23367900
0,23509100
0,23649500
0,23845100
1,64243500
0,23625800
1,32196100
1,55977500
1,38218300
0,24404700
0,27089900
0,27920800
1,26993700
1,81200300
0,24890900
1,24460300
0,24833000
0,25795800
0,24769300
1,25499000
0,24341400
0,24229000
1,24843500
1,22937900
0,24297400
1,48157900
0,24138700
0,23482800
1,33000200
0,23869200
0,23789400
0,24217400
0,23679700
0,23225500
0,23464600
0,23243700
0,30629200
0,23430500
0,23692600
0,23471200
0,23294200
0,23426200
0,24315600
1,25729900
1,24973500
1,22695500
0,27680300
1,69768200
1,31181800
0,24403100
0,25766500
1,95923600
1,27779500
1,51322500
0,23543000
1,25207300
1,22128700
1,25201500
1,38420800
0,23561100
0,23773300
0,23422100
0,24026000
1,58921500
0,23501300
1,27861200
0,23347800
1,50975800
1,35068800
1,24632400
0,23468800
1,48133800
0,23412800
0,23505800
1,24504500
1,21937800
1,49621700
0,24050500
1,32206600
1,49228200
1,23757800
0,26866500
1,70024400
0,25342000
1,33250900
0,25123000
1,32022700
0,24309600
0,24326400
1,41206200
1,23344500
0,23340800
0,23869100
1,37268400
0,23443700
0,23319600
0,24367400
0,23643100
0,23722400
1,34800600
0,24777300
1,30816900
0,26637900
1,51734900
0,25616100
0,29916200
1,27906700
0,24100400
1,23210600
0,24887400
1,41611300
1,44672000
0,24256400
0,24410600
0,24251700
1,25148400
0,24870300
1,31008600
1,51585500
1,57147800
1,22473300
0,23942900
0,23878100
0,24147600
1,28897700
0,23413400
1,51019400
0,24280800
1,28612900
0,24656000
0,24057500
0,23509400
0,23376700
0,23565000
0,23395000
1,46184600
1,26454200
1,34707200
1,42583900
0,25138500
0,23812200
0,23834600
1,23808000
0,24089200
1,24367700
1,69583800
0,24946600
1,59676700
0,27593100
1,26833800
0,25704700
1,61674200
0,23793900
1,23534100
0,23443600
1,34074500
0,28306800
1,31807200
0,25102900
1,52185100
1,27758600
1,23172300
1,36951700
0,23797500
1,29335500
1,23812700
1,38651700
1,57187300
1,42311200
1,47113300
1,28699000
1,24416600
0,25558700
1,30926400
0,32071700
0,26891200
1,24629600
1,47631600
1,23235700
0,24828200
0,25894100
1,36435600
0,23265000
1,23632000
0,23455900
1,30326000
1,30795100
0,23790300
1,32172500
0,24069800
0,23985400
0,23339900
0,24965700
0,23579100
0,23272900
1,29938200
1,42910300
0,23914200
0,23368300
0,23700400
1,36604700
1,38504800
1,25524200
0,23477800
1,43294000
0,25765200
0,23614700
0,24805500
1,22164500
0,24587800
1,24971700
1,23445200
0,23413700
0,23321500
0,23330000
1,56626600
1,48251700
1,36112000
1,22310000
1,29040500
0,24135300
0,23788500
1,35760900
0,23442600
0,23323700
1,31114300
0,23242200
0,24335000
0,23300300
1,26748900
0,27206500
1,37843500
0,24423500
1,22861700
0,24253600
0,24414200
0,29082500
1,36629900
0,24331600
0,24249400
1,33587100
0,24059500
1,74142500
1,35741600
0,25369400
1,28619500
1,28857100
1,45366000
1,36036900
0,24379800
0,24842500
1,37389600
1,36943700
0,24231600
1,46375900
1,25688800
0,24445900
0,23295800
0,23605400
0,23611200
0,24142600
1,22182100
1,30133100
0,24072100
1,27620700
0,23318700
0,23552900
0,23642700
1,24744000
1,22780600
0,23569700
0,23522300
1,32351000
1,22097000
0,26249300
1,28684500
1,28380400
1,23526200
1,57452300
1,21960200
1,36936300
0,23379800
1,25402500
0,23676600
1,31917300
1,29751300
1,23545700
1,36397900
0,23726900
1,23777200
0,24245100
1,42183600
0,24325200
1,28976400
1,24102800
1,27449800
1,46989800
0,23340300
0,23607100
1,37438900
1,23095400
0,23401000
0,23267700
1,23416000
1,26735700
1,28031500
1,41904200
0,25117200
0,24345000
0,24542600
0,24340700
1,65770400
0,24230100
1,33727000
0,24251600
1,35300700
0,25956400
0,24201200
0,24432400
0,27093700
0,29373900
1,30532700
1,72462900
0,24773500
1,40328200
1,42673600
1,93754100
0,23551400
1,22033200
1,27996800
0,23284200
0,23400300
0,23310900
1,30387500
0,23371100
0,23639700
0,23507800
1,23231500
1,40253200
1,25374800
0,23331000
0,23465300
0,25073900
1,39311200
0,32236100
0,24014100
1,25162000
0,28349400
1,51235400
1,26581400
0,24736400
0,25170400
0,25204900
1,54168600
1,31622900
0,23937500
1,27172200
1,25456000
0,23984900
1,29074800
1,58240200
0,24126600
0,23253500
1,41059000
0,23457300
1,28009800
0,23446600
1,22833500
0,23589200
0,24282100
1,25634800
0,24573200
0,23371900
1,24136700
0,23984900
0,25073000
1,43354800
0,27608600
0,25778000
1,44545500
0,24766700
0,24606300
1,34138000
0,26763300
1,40524500
0,24925000
1,29904800
0,26636800
0,25024400
1,42378100
0,24498000
0,24218800
1,27972400
0,23842200
1,36924000
1,32864300
0,23854800
0,25445100
1,57748300
1,29293800
1,25770100
0,28101100
0,24071300
0,24386800
0,25097700
1,38103600
1,29284400
0,23414000
0,23661300
0,23481500
1,82547900
0,24346000
0,23364000
0,23364200
1,34399300
1,37919200
0,23812500
0,23476300
0,23962600
0,26143700
0,25914700
1,25594800
1,45783600
0,24305500
1,22690800
1,23089900
0,24093400
1,24847700
1,55559900
1,24714200
1,25805000
0,23253600
0,23462000
0,23461500
1,21910400
1,29348400
0,23355300
0,23398700
0,23567500
1,24591500
0,26684700
0,23766000
1,76789600
0,27708300
0,28341000
1,22731800
0,23546900
1,43353800
0,24792300
1,56371000
1,28715000
0,29513700
0,25860700
1,22988900
1,31959300
0,25934900
0,24922500
0,24320700
1,26141900
0,24163300
1,24734500
0,23513900
0,23595100
1,27627300
0,23928700
1,57105300
0,24225500
1,49904200
1,25918400
0,24627400
1,25903500
0,24407800
1,31968000
1,23112700
0,24076500
0,24494500
1,44090300
0,24376400
0,24291700
0,23446300
0,23407200
1,23801200
0,24232800
0,23317400
1,23303900
0,23505800
1,30308400
1,37089200
0,23336200
0,24378600
0,24828500
1,26370100
1,27259200
1,44535100
0,23828500
0,23699700
0,23817500
0,23426600
1,38983000
0,23916100
1,33068200
1,37191200
0,23333900
0,23458800
1,35701300
0,23432500
1,29633400
0,23311400
0,23827000
1,28266300
1,45514400
1,26243500
1,39522200
1,44229500
0,24528200
1,59804500
0,28364600
0,24167300
0,25277100
1,42108500
0,25585000
0,25567100
1,43183000
1,40827800
1,60819500
1,27738600
0,24270700
1,33356300
0,24310400
1,40389100
1,29173200
1,28518200
0,26235700
1,38972100
0,24826000
1,30825700
1,25393800
1,44061600
1,36791500
0,24684600
1,35391300
0,29379100
1,41710400
1,60676600
1,33615300
0,24121000
0,24638100
0,23664300
1,24182100
0,23694200
0,23379600
1,30266500
1,32903100
1,41344000
1,49469300
1,40809900
1,25820600
1,51177000
1,22296000
0,23261700
0,23501500
0,23663800
1,23319800
0,23679700
0,23358900
0,23362700
1,25973400
0,23575000
1,47329900
1,28506600
1,45058300
0,23534200
0,25709000
1,24660700
1,25275600
0,25632400
1,23668100
1,22655300
1,23984500
0,24283300
0,23712700
1,40584100
1,25992600
0,23675500
1,29521500
0,23236000
1,27951000
0,24049100
0,23985200
1,51676000
0,24387600
1,29181400
1,29133300
1,33230400
1,79180700
1,55513100
0,24538000
1,73877800
0,24378700
1,41040300
0,24322100
0,23884800
0,25584200
1,51827500
1,21963000
0,23595400
0,23324700
1,23348600
1,31831600
0,30620600
0,24175800
0,24489300
1,31629800
1,28722200
0,24783200
0,23700100
0,23331700
1,24007900
1,77744600
1,27005900
0,23410600
1,41043100
0,24269000
1,43366600
0,23323900
1,24666900
0,23436600
0,24092200
0,23630800
1,24817800
0,23362200
1,30513300
0,23278700
1,27417400
0,23245400
0,23257100
1,36364500
1,73514700
0,23513600
1,23824600
1,45722400
0,23207300
1,83119100
1,23094400
0,23975900
1,22184900
0,23431500
1,21887900
1,30275300
1,47611200
1,47237600
0,29260200
1,49670200
1,27153000
1,30353300
0,24003700
1,23340600
0,23367500
1,45855800
1,22542400
1,38465700
1,22329100
1,27648200
0,26791000
0,29214100
0,25835600
1,30034000
0,24487500
1,26133700
0,24811900
0,24296100
1,33014900
0,24764300
1,28735800
0,23260100
0,23343100
1,29162500
1,26374800
1,34284700
1,29752600
1,61899200
1,48903700
1,24874600
1,27943600
0,24984800
0,24696700
0,24397200
0,24427000
1,42967000
1,83846400
1,26689800
1,22196800
0,23719700
0,23619900
0,23302600
1,30169800
0,23441600
0,23334900
1,61214000
1,53693000
0,23889100
1,25822700
1,37513400
1,25177300
1,23389800
1,30050100
0,25063100
0,23553100
1,22242400
0,24312100
0,23883500
0,23672700
0,23663700
0,24309900
0,23800400
1,68638200
1,27579300
1,33784700
1,29390600
0,31866200
0,27262600
1,24342700
0,24237600
1,26892800
1,36565900
1,38578600
1,23981100
1,38620100
1,30261800
0,23508200
0,23557900
1,27896000
1,32959500
0,23851000
0,23488800
1,26293300
0,31320900
0,27785100
1,24489000
1,22496600
0,24278400
1,59152900
1,27173200
0,23974100
0,23886500
1,28652800
0,23469500
0,23368300
1,21977900
1,32980800
0,23235200
1,25733400
0,24670200
1,25243000
1,24071400
1,47263600
1,26835300
1,25970500
0,23464800
1,24042400
0,24531000
1,33977300
1,28464300
1,36290000
1,23400300
0,23274700
1,26401100
0,23333700
1,73405800
0,23345100
0,23622000
0,25593000
1,34776600
0,23523900
0,23444500
1,31063100
0,25425200
0,32377100
0,26115000
1,34884300
0,24837900
0,24198800
0,23763300
1,25417400
0,23501500
0,23851200
0,25356300
1,23139600
0,23505400
0,26483600
0,28849600
1,32012200
0,23829500
0,24136100
0,24371500
1,55401900
1,32303200
0,24302300
1,30001500
1,56018200
0,23264000
0,23261400
0,23744000
0,23271000
1,25026100
0,23505600
1,63076200
0,23457400
1,24888100
1,28304700
0,23491100
1,28422300
0,30282400
0,26085800
1,24511000
0,24209200
0,24438200
1,27321000
0,24901200
0,24159000
0,24572000
0,23766500
1,47892900
1,52515500
1,65334000
1,28878100
1,34041800
1,23112300
0,24103700
1,26476600
0,24998700
1,76427000
0,23756900
1,73684600
1,64392400
1,24399100
1,28853000
1,24540500
0,24243100
0,23752600
1,24884700
1,23343300
1,21847600
1,24674000
1,32765100
1,35313600
0,27370400
1,27118700
1,30704800
1,40335100
1,51103400
1,63276100
1,25638400
1,34121200
0,25449200
0,24346400
1,27211800
0,24331600
1,36018100
0,24559600
1,47879000
1,26365700
0,23275300
0,23614400
1,27119500
1,35154500
1,31057400
0,23287900
0,23588100
1,50660000
0,23245200
1,27367500
0,23530600
1,93851900
0,23625000
1,56541900
0,23540900
1,25751700
0,29419100
1,50023400
1,26248500
0,26625200
1,28184600
1,43581700
1,53427800
1,33675300
0,23866800
1,22581000
1,34917000
1,47147700
1,22719400
0,23309800
0,23341500
1,51629700
1,24685300
0,23340000
1,64950500
0,25938900
0,23426900
0,24576600
1,31659500
1,27825300
1,37455400
0,23394800
1,25921900
0,23352300
1,26828300
0,23773500
0,24096200
1,33323400
1,35879100
1,74167000
1,24180700
1,22986000
1,34657700
1,49649000
0,27669100
0,24561700
1,38976700
0,24306700
1,25003000
1,24125900
0,24245700
0,24121300
1,40517600
1,39972100
0,23429900
1,21988200
0,23765100
1,33068400
1,62105600
1,30669100
1,29148900
0,23292000
0,23345500
1,52113900
0,31153900
0,23654400
0,23350500
1,24951900
1,55062000
0,24875400
1,26303100
1,52053700
0,23860000
1,62719100
0,25282100
0,24112700
1,27164200
1,54732300
0,24815500
0,25786300
1,23061300
0,24674500
1,38914200
0,24496300
0,24360000
0,24170900
0,23868100
1,26285100
1,37315400
0,23275300
1,22278400
1,22572200
0,24810900
0,23458400
0,23488300
0,23383800
1,36769300
0,24117900
0,24084600
0,23470800
0,23649300
0,23408100
0,23593600
0,23773200
0,23232600
1,22501000
1,24799700
1,23432300
0,23720600
1,31575500
0,23787400
0,26826000
1,52698100
1,25436000
1,30202800
0,23486200
1,25845500
0,25372600
0,24521700
0,24258700
1,30607300
0,23593100
1,23277700
1,25291300
0,23452400
1,28145300
0,23872200
1,40443900
0,23820200
1,26516100
0,23544700
0,23350500
1,52148700
0,23288000
0,23505100
1,27864700
1,60728100
1,33538200
0,24636000
0,26717900
0,26790700
0,27107100
1,26169100
0,24652300
1,30300600
0,24279700
0,24289100
1,22848900
0,24318900
1,34578600
0,24209700
0,23329000
0,28156400
1,51890700
0,24151900
1,24136900
1,24223100
1,64646500
1,25890500
1,35942300
0,23742100
1,32583300
0,23527000
0,35794100
0,23600200
1,33969900
1,40839700
1,67539200
1,33556300
0,24591800
0,24448100
1,58301200
1,34731900
0,24747300
0,24109600
1,22383300
1,39582600
1,38573900
0,29020200
1,35168500
0,26284300
1,36676900
0,24550300
0,24738600
1,28529600
0,24416300
1,27877300
1,25042200
1,26775200
0,24168200
0,23468700
1,27570700
1,27157800
1,38004800
1,34029100
0,23314500
0,23263400
0,23360000
0,23260900
1,41793800
0,23249000
1,51025600
1,26302300
0,24900000
0,24240800
1,49823000
1,39678700
1,56528500
1,49344600
0,23898300
0,24888400
0,25499200
1,38507400
0,23408800
1,35153400
1,25138200
1,27198700
0,23529900
0,23704100
0,23228500
1,24775800
1,26610800
1,30242800
0,24660700
1,23589400
1,28808400
1,45351400
0,24561800
0,24692100
1,80357900
1,36558000
0,23966900
0,26798900
0,29866200
1,24484200
0,24724500
1,24569500
0,24708200
1,41118800
0,24947200
0,23662400
1,27794700
1,30766700
1,51190900
1,28939200
0,23346200
1,34235200
0,23330700
0,25098000
0,30245200
0,23733700
1,72197600
0,24322000
1,25036300
1,36411500
0,23963200
0,23270700
0,23563100
1,29150000
1,27911100
0,23331700
1,23432800
0,24960100
0,23358600
0,23218900
0,23675100
0,23398100
0,24297200
0,23249600
0,24005600
0,23503600
0,23523300
1,53139600
1,31404000
0,25292400
1,58174100
0,23818900
1,23796300
0,23717500
1,31780200
0,27875400
1,56373000
0,25094400
0,24894700
0,24387900
0,24171800
0,23526000
1,24517300
0,23438100
0,23309300
1,27431400
1,23435100
0,23835400
0,23480800
1,26570600
0,26045700
1,38354500
0,26277000
1,40833900
1,28284000
0,24620800
0,23556500
0,23939500
1,33389400
1,51107000
0,25112300
0,25133500
0,24944800
1,45911800
0,26910600
0,24333200
0,24844000
1,32704900
0,24695700
0,24300400
0,23449200
0,23503200
0,23334400
0,24206300
0,23389800
0,26604400
1,27088200
0,23820200
0,24668700
1,36846900
1,27507800
1,32471100
0,23978100
1,24531100
1,22133800
0,27228400
0,27793000
0,29867500
1,50583900
0,27328500
1,28560500
0,24359600
1,47181800
1,37297400
0,23803800
0,23284100
0,23649700
1,36407700
0,23579600
1,23580300
1,24810600
0,23682300
0,24376300
0,24359800
1,33557600
1,51739100
1,26853900
1,44012900
0,23973100
0,23992700
0,23789600
1,26581400
0,23177800
0,23660200
0,23342000
1,27002400
0,23287300
0,23555700
1,35477400
0,23629300
1,25977500
0,23523700
1,70060300
0,24948000
0,23621400
0,23578600
0,26827500
1,37344900
0,24252600
1,25519700
0,24757200
1,27759100
1,23807700
1,30227200
0,23405800
0,24297800
1,31806800
1,25562400
0,29542100
0,24245800
0,24267600
1,39427500
0,23697300
0,23243600
1,47189600
0,24035900
0,23276500
0,28960100
0,24429100
0,24457600
0,24487600
0,24436100
1,70112000
1,25833100
0,23215700
1,54278400
1,23385600
0,23591600
0,23199600
1,26348100
1,28006500
0,23964200
0,23790600
0,23271000
0,28292600
1,29833200
1,24878000
1,42240800
1,67248900
0,24735400
1,43035700
0,24360500
0,24510800
0,24610700
0,23537200
1,54003900
1,26830200
0,23882900
1,58123000
1,25625100
1,28916500
1,24009500
0,23786800
0,23215800
1,33075900
1,23797500
1,23069800
0,23286000
0,23609700
1,22163300
1,74978100
0,23283300
1,26566600
0,23273700
1,37870100
1,33006900
0,23747300
1,27427700
0,24250300
0,28656900
0,28550800
1,24975900
1,36960700
1,64971000
1,27522600
0,24724000
1,24500600
0,25469000
1,26809900
1,35446700
1,50049100
1,37201700
1,27344800
0,26164800
1,29853200
0,24122700
0,24308500
1,33850900
0,24718100
0,23799800
1,37725200
1,38001400
0,23731600
1,34018700
0,23476900
1,46479300
0,25118200
1,29971500
1,29127300
0,29326400
0,26572300
1,46448400
1,26330200
0,26649800
0,25739400
1,29950900
0,24673000
1,41535500
0,24572700
1,32378100
1,44318600
0,24672800
0,23370000
1,27981400
1,48757800
0,23925300
0,23782100
1,25107400
0,23899000
0,23321500
0,23355800
0,24099400
0,23343700
1,21938100
0,23435400
1,23566600
1,50658000
0,26671100
1,56848000
0,23410300
1,26680100
0,23548500
0,23578300
1,23625900
1,26910600
0,23613900
0,23486100
1,22508900
1,23595700
0,25242000
0,23748400
1,26311800
0,24370300
0,26105900
0,25971100
1,37356900
1,70990000
1,39441400
0,25829500
0,23828900
0,24253000
1,38638800
1,31314200
1,24383800
1,40451100
1,34321900
1,29478700
0,23535000
0,24211500
0,23994600
0,23576500
1,49071800
1,22249100
0,23423700
1,26059300
1,28045700
0,23414500
0,23685100
1,23457600
0,23811700
1,52382500
0,24227700
0,24663600
1,26309400
0,23922700
1,29648100
0,24510400
0,24547300
1,42314600
1,23649000
0,23533600
1,30272500
0,23559300
1,49578900
0,23787200
0,24085500
1,23867000
1,25283700
0,23774500
1,49391700
0,23653400
0,23484700
1,44336900
1,40358200
0,23533700
0,23298900
0,24546500
0,23393900
0,23614900
1,49556700
1,26440700
0,23476200
0,26086000
1,33705900
0,23578000
0,23783900
1,44046500
0,25731300
0,25191700
1,50629200
1,23077800
1,23773600
0,23673000
0,23483000
0,25023100
0,24483300
1,36796600
0,30091600
1,51195700
1,44972200
1,32622100
0,26333700
0,24175400
1,31047400
0,24214800
1,80905200
1,26933900
1,46906400
0,23590100
0,23846000
1,36731700
1,22775400
0,23708600
0,25028300
1,61311600
0,23419700
1,27824000
0,23582900
1,48848100
1,22639600
1,26711300
0,24507900
1,35317500
1,43125800
1,25607000
1,25293900
0,27032700
1,22503400
1,47769100
0,23943000
0,24002000
1,57259700
1,30575800
0,23373600
1,29833300
1,22120600
0,23559500
1,37647600
1,23644000
1,26303500
0,23495800
1,25469800
0,23220300
0,23592000
1,34537700
1,59443200
1,39616500
0,28950500
1,65429100
0,25654100
1,26781000
1,40530500
0,25367100
1,22889700
0,24519100
1,37489600
1,25643500
0,24355500
1,22482400
1,42479900
0,23433900
0,23694500
0,24019800
0,24016800
1,23923200
0,26400400
1,63104800
0,23768900
1,24329000
0,24889400
1,26440900
0,24730900
0,24265300
0,23439500
0,23576500
1,26235500
0,23571600
1,42218000
1,61723900
1,44619900
1,74010700
0,23871800
1,23146900
1,26647000
0,24635300
1,24167300
1,47695800
1,32883900
0,23341400
1,68661100
0,26593600
1,26187600
1,31520500
0,23753300
1,31496000
1,37770700
1,85268500
1,26319200
0,23304500
1,45922600
1,23277800
0,23240100
1,27093500
0,23532600
1,62159600
0,23251900
0,24698700
1,51319100
0,24984800
0,25189700
1,38233900
0,25121500
1,41447100
0,24440200
1,43308200
0,24396600
0,23905000
0,23514800
1,56600800
1,43543300
1,60130300
0,23995400
0,23865400
0,24036400
0,25485600
0,24506400
0,23429700
1,31373500
1,45549800
1,27137300
0,26816600
1,38798100
1,36667600
0,24264800
1,46298900
1,25135900
0,24238700
1,28346300
0,24396600
1,31607200
0,27814200
1,36119200
1,73209700
1,28300900
0,24265400
1,37577300
1,32367100
0,23244200
1,58934800
0,23940100
0,23412400
0,23951300
0,23357200
0,23570000
1,29855400
0,23796500
1,70563500
1,50220600
1,38999200
1,25078000
0,23639100
0,23628900
0,23594800
1,22035100
1,48338900
1,24073700
0,23887100
0,23412200
0,23728300
1,28551000
1,23406800
0,24906600
1,37193000
0,24912000
0,24318700
1,26199900
1,29197200
1,24600400
1,29304900
1,26988400
1,69731700
1,37009200
0,23401500
1,48146300
0,29805600
1,33321500
0,23844200
1,53288200
0,23310000
1,44528600
0,24750200
0,29090400
1,32677200
0,23777900
1,54322700
1,24305500
1,22833000
0,23720900
1,88151700
0,24649000
0,24761300
1,27912200
0,27103600
0,26108600
1,26626400
0,27442000
1,28385600
0,26289700
1,40941100
1,44778800
0,24411700
1,35663300
0,24174400
1,40156300
1,29122200
0,23919400
0,23876500
1,33736200
1,23792400
1,29525300
0,23418700
1,23176500
0,24061700
1,21930100
1,38493700
1,42933800
1,24856700
1,27524700
1,55767600
0,23231200
1,29869500
0,30229300
1,29478900
1,27845100
1,59296000
0,24108300
0,23317100
0,24698300
1,30814300
1,31134400
1,27223200
1,67220300
0,24108900
0,23850000
1,89398000
0,25476100
1,24197100
1,29328000
1,31830700
0,23946500
0,23604000
1,28873200
1,46413600
1,33689900
1,36381300
0,23630800
0,23994600
1,33909600
0,24426400
0,24364400
1,38285600
1,35483900
1,25218400
1,28150300
0,24714400
1,29523700
0,23945200
0,29384200
0,26287900
1,41183000
1,53678700
0,24796000
0,24413800
1,26946300
1,25726100
1,34624500
1,30998600
0,24597900
1,31396400
1,24409800
0,29238700
0,24362700
0,24437000
0,24267800
0,23560700
0,23453300
1,35824100
1,40878300
1,32111100
1,34787000
1,22518700
0,23668700
0,23528800
1,26928000
1,36498800
0,24858700
1,43178000
0,23495800
0,23722100
0,23304000
0,23260600
0,25445600
0,29010700
0,23731200
0,24454100
0,24203700
0,24794500
0,24819800
0,24861900
1,24939300
0,23645500
0,23535000
0,23661200
0,23427200
1,35249200
0,25042200
0,23769000
1,37105900
0,24026200
0,23960500
1,22801300
0,23864500
0,23563500
0,23805100
0,23316100
0,23211400
1,27521800
0,23586000
0,30696500
0,25543800
0,24500000
0,24483700
1,39918700
0,23733700
0,24190000
0,23875800
0,23747900
1,22441600
1,27165300
1,39915600
0,24219100
0,24219500
0,24760600
1,35473200
1,40975100
1,31278600
1,33115800
0,24801600
0,24643500
1,25554900
0,24242400
0,24703000
0,25027500
0,24303500
0,26244200
0,28326800
1,28300100
0,24287600
0,23888500
0,23507500
0,23689200
0,24281800
0,23899000
1,26423300
1,26667200
0,23578700
0,23362300
0,23312400
0,23264400
1,72280300
1,28115600
0,23504900
1,22234000
0,23571200
0,23765600
0,23398800
1,32504400
1,51980000
1,48922900
1,26812600
0,27566000
1,26271100
0,26359500
1,24628700
0,24330400
0,24232500
1,27163300
1,35447500
0,24235000
0,23937600
1,22268700
0,24144000
0,23787400
1,29766400
1,57388600
1,37814500
0,23406600
0,23428100
0,23622400
0,23915100
1,74509900
0,26163400
0,30511100
0,28328400
1,30173500
1,22863200
0,24235900
1,36557300
1,37182700
0,23979400
0,23808500
1,22786800
1,134500200
1,23400500
1,49151500
1,27885400
0,23590700
1,42932100
1,37384300
1,26561500
0,32168700
0,31688900
1,41774500
0,27346600
1,23203000
0,23564900
1,22356100
1,31925800
1,24671700
0,23498100
1,30688900
0,24526600
1,32410400
0,25947400
1,23272000
1,30172400
1,25732600
0,29199300
0,28779200
0,23858400
0,27289200
0,25154500
0,24896800
1,26133600
1,49373100
1,27786600
0,24288100
0,23632300
1,30318200
0,23378000
1,29664500
1,36706600
0,24257600
1,30153700
0,23575500
0,23570000
0,25077900
1,24885900
1,28925600
1,22448500
0,23243100
0,23921400
0,23220100
0,23401100
1,26953700
0,23468100
0,23403700
0,23757300
1,24495100
0,26447200
1,34359900
1,39085600
0,24231600
1,77194800
1,31892000
0,24015300
1,30252100
1,33361500
1,25021600
0,24858200
1,45398200
1,62148200
1,34851600
1,24913300
1,44836500
0,25017800
0,23377800
0,23531400
0,23794800
1,42391300
0,23621700
1,48245300
1,26958200
1,22077200
1,57698700
0,24669900
0,24494600
0,23794600
0,23853800
1,53316900
1,25359700
0,23766600
0,23703500
0,23234000
0,23467300
1,31904800
1,26517200
0,23509400
1,25798200
0,23630400
0,25320500
0,24076300
0,24364900
0,24421000
1,25581800
0,24514300
0,23493700
0,23733300
0,23596500
1,26051700
1,25999800
0,23322200
0,25774900
0,24931800
0,29031100
1,45731300
0,28000200
0,27053500
1,28497600
1,31661700
0,30439400
1,35752500
1,46234900
0,27910600
0,28331300
0,28362200
1,40637100
0,28002500
0,29046600
1,34097100
0,26912000
1,28566400
0,26908600
1,53798500
1,59969300
0,29041200
1,79160300
1,39737200
1,29355600
0,26570900
1,55458100
1,56734300
0,28262800
0,26064600
1,27314600
1,27161000
1,26053000
1,49687400
0,28426500
0,30821900
1,62227900
1,30572100
1,67218700
0,28342900
1,23467700
0,24383700
0,24237700
0,24314700
0,24245400
0,23734800
0,24662800
0,23227200
1,39862000
1,30970800
1,30673300
0,24817900
0,24401300
1,25881300
0,23517500
0,23754800
0,23617800
1,42967100
0,24558600
0,23538800
0,24377700
1,32936900
1,32075300
0,26277600
0,23776400
1,41251400
0,23791400
1,35792700
1,67831600
1,31510400
0,23483800
1,30845700
0,27417100
1,31719200
1,33980600
0,23857800
1,29148500
1,49091100
1,30044200
0,23951000
0,23438300
0,24741400
1,27615200
0,24444700
0,24223400
1,22918300
1,31585200
1,47217400
0,23620000
1,23190800
1,25207200
0,24034300
1,44887000
0,24354600
0,24467100
0,24235500
1,32894700
0,23331500
1,25064100
1,32271000
0,23488800
1,24904100
1,28376300
0,23343400
0,23408500
1,25930600
1,26097400
1,37640500
0,25190100
1,28959900
1,52474200
1,31536900
0,24920100
1,60370000
1,70867400
1,36900600
0,24687100
0,24924800
1,29038200
1,29164800
1,42940900
0,24494200
0,24032500
1,29523600
1,34873500
0,24371900
1,23070400
1,27158800
0,27599300
1,22237400
1,35073400
0,25177200
1,22412800
0,23617300
0,23838600
0,23657400
1,31036000
1,30892800
0,26936200
0,24818900
0,24073400
1,31166400
0,27485200
1,23878300
1,38665500
0,24430400
0,24381200
0,24488000
1,23204700
1,49586000
1,39567100
0,26443300
1,22628000
0,24014600
0,24296900
0,24574000
1,31680100
0,24304600
0,23933900
1,28888700
1,53099000
0,24190600
1,42678000
1,39706500
0,24034600
1,25274900
0,24215300
0,23927200
1,27397000
1,29452400
1,40888600
0,23536700
1,50139600
1,23430300
1,46565100
1,46207800
0,23348300
0,23337000
1,23615200
1,26379800
0,24124100
1,29435200
1,44010300
0,25933000
1,40347600
0,24907400
1,41106100
1,41625800
0,24482400
0,26781200
0,25004200
1,23674700
0,24243000
0,25424000
1,24483500
0,24052100
1,29476700
0,26570900
0,24459600
1,43543600
1,22544300
0,23729800
1,49819200
0,23615600
1,26232600
0,23512400
1,24554100
0,24734200
1,23336600
1,26428600
1,29280800
0,26367900
1,50301600
1,71091900
1,40776800
1,43680500
0,24324100
0,24493300
0,24389300
0,23719700
1,26592000
1,23796600
1,22007700
0,23591800
0,24520000
0,24167900
0,23590300
1,22474300
0,23945100
1,31343500
1,33224700
0,23653400
0,25692100
0,23607500
1,66348200
0,23914000
1,24194300
1,51356100
0,23806200
0,23410100
0,26863400
1,24984300
0,24775100
1,38944800
1,27455000
1,30138100
0,23356000
1,53536900
0,23794400
0,25062300
0,24006700
0,23809100
1,28464900
1,25362900
1,32416000
0,28015300
1,40655300
0,24102200
1,23000600
1,24715000
0,25193000
1,26443900
1,39210400
0,24358500
0,24374200
1,36402200
1,27295500
1,40297300
0,23462100
0,23650600
0,23448800
1,44090800
1,49926200
1,46756000
0,23517500
1,24005200
0,24289200
1,54822200
0,25097700
1,46224100
1,25677200
0,24921900
1,26181800
0,24698800
1,41140300
1,22910900
0,24580900
1,26163400
0,24690200
0,24714000
1,23182100
0,23325700
1,35926500
1,39883500
0,23926200
1,35526600
1,70853900
0,23501700
0,23461000
1,25186900
1,62185100
0,23692000
1,23822900
1,24919100
0,23566200
0,24646300
0,23581300
0,25825300
0,23932900
1,51066400
0,23576600
0,23304600
0,23247900
0,23981100
1,29087300
0,25376300
0,24134900
1,41677000
0,24376000
1,40194200
0,27621900
0,23475600
1,44261700
0,23497000
1,32951700
0,23952500
0,28732400
0,29002100
0,24708800
0,24430800
0,24367100
0,24616100
0,24816100
0,26594900
0,27356300
0,23959900
0,24109900
1,22402900
1,41067100
0,23409700
1,27565900
0,23372200
1,34722200
0,23439300
0,24290900
1,22881500
0,24076500
0,27328200
0,26605800
1,37761000
0,24859800
1,34509800
1,25793900
0,24823400
1,30587400
0,25264200
1,25910300
0,24368600
1,31240100
0,24873100
0,29306900
1,43399200
0,25805100
0,24958600
1,34290200
1,26961600
1,27945200
0,24084600
1,23401900
0,24122100
1,36574600
0,24017200
1,55226700
0,23813700
1,39317600
0,23288200
1,23113900
1,33539900
0,27000000
0,24079100
0,23535200
0,25786100
1,27912000
0,29091500
1,50105000
0,24935800
1,25654400
1,49680200
0,24699200
1,49271100
0,23420400
0,23643200
0,23716100
1,30536200
0,23746000
1,24997900
1,53685200
1,25327600
1,52898600
0,27854900
0,23360100
1,25940500
1,35587800
0,24788700
1,46435300
1,43300800
0,23458100
0,23598300
0,23558100
0,23782700
1,30003100
0,24621600
1,23568600
1,25198800
0,23948800
0,23400200
1,39603700
1,30498000
0,24311800
0,23785700
0,25117000
0,24349600
0,24481500
1,26917600
0,24363200
0,24409000
1,25952600
1,27533100
0,23614800
0,23584000
0,23884900
1,26288100
1,37625800
1,22585000
0,23953700
1,24679300
1,31367700
0,23872500
0,23489900
0,23562200
1,34076400
1,108183000
0,24024700
0,23950200
1,28565900
1,29484900
1,29854700
1,24388000
0,23276300
1,33398000
1,49850200
1,25058200
0,23516800
1,27984100
1,23125300
1,33930900
1,82700600
0,24642500
1,45943800
1,30074300
0,24426500
0,23829000
0,24294300
0,23993500
0,24372200
0,24465300
0,24357600
0,24175600
1,34879800
0,23646300
0,23371400
0,24699700
1,40504100
0,23572800
1,37637300
1,61841700
0,26566700
1,41179900
0,25332400
1,23021400
1,36100800
1,46308300
0,23890300
0,25056000
0,28201500
0,23836700
0,25080000
0,24268300
0,24416500
0,24806000
0,24378000
1,27159400
0,23594900
0,23895500
0,23543700
0,23758400
1,31597800
0,24551500
0,23715200
1,30060100
1,26996100
1,27766400
0,23975500
0,25762600
1,33381900
0,26727400
1,62139700
0,24123000
1,25469900
1,24976300
0,23620100
1,27506400
1,34702100
1,24838100
1,31693100
1,25505600
1,46786400
1,33557200
1,31392100
1,32180200
0,24049700
0,24602200
0,24218200
0,23926700
0,26881500
1,36935600
0,27307900
0,24276000
1,103397000
1,26426100
0,24512000
1,27957900
1,37039100
1,32367800
0,24361000
0,24343900
0,24415900
0,24183000
1,33519400
0,23927500
0,23553000
1,42737100
0,26545000
1,44508600
1,38921100
1,28084500
1,33889200
0,26290500
1,31453500
1,23719900
1,37222200
1,32863700
1,34385100
1,35762400
1,29545300
0,24988200
1,38775700
0,25753600
0,23904900
0,24004400
0,23889800
1,24295400
1,27639700
0,24676200
1,69971400
0,24945700
1,31798600
1,34067100
1,37725900
0,24176100
0,26401900
0,25301900
1,28150800
1,29683900
0,23853700
0,24113900
0,23858100
0,23533300
0,24759600
1,24769400
0,27210000
1,46029100
1,34426800
1,34863600
1,40280300
0,24310600
0,25298700
1,31030700
0,23855600
1,26862900
1,35292600
0,23290000
1,47678300
1,45140700
0,23751400
1,43620200
0,23953200
1,23986100
0,24248100
1,23907000
1,41156500
0,23591400
0,23630200
0,24051900
0,24835300
0,25270300
1,38772500
1,23703900
0,23586400
1,27735300
1,29875200
0,23500500
1,23950700
0,24809100
0,23454600
1,39682900
0,23444400
1,27865500
0,23573500
1,29517400
0,31553500
0,29804000
0,25565500
1,32661900
0,24854200
0,28482400
1,30365000
1,42144400
0,24545700
1,23293400
0,24985700
1,40015300
0,24316000
0,24376800
1,27033700
1,24077400
0,23358600
1,41934300
1,22177700
1,89314600
0,23727200
1,30350700
0,23286800
1,23450200
1,22109800
0,23375800
0,23193100
1,46578700
1,33079100
0,24109000
1,33166400
0,24119100
0,23687800
0,24306000
0,29995500
1,43969800
0,24280500
0,24362900
1,23384700
1,22160300
1,23905100
1,38157800
0,33189200
1,29587600
0,24086900
1,21982300
1,26511200
1,26785000
0,23920000
1,25120700
1,26614400
0,23260900
1,27005000
1,21833300
0,24132700
1,27344500
1,58566200
1,26391300
1,33955900
0,23699400
0,23506600
1,30500100
1,40845300
1,22186200
0,23948500
0,23586200
1,30256900
1,40614500
1,28085600
0,23466600
0,24369600
1,38623700
1,37778600
0,25435900
1,41300100
1,27319200
1,43435500
0,26148200
1,33495500
0,24887900
1,32188900
0,24386000
1,27491600
0,24048000
1,22379500
1,39606000
0,23546200
0,23627300
1,22163000
1,22927900
1,22206700
1,47176300
1,27675300
0,24287100
0,23492500
0,23570100
0,23193800
0,24237700
0,24994200
0,26770700
1,39721900
0,23234400
1,24506600
0,23318200
0,23902900
1,23269000
0,27055100
0,24920300
1,35549000
1,22917100
1,37928800
1,25122500
0,23975100
1,26524300
1,54163300
1,32095000
1,27082400
0,23998300
1,40320600
0,23828200
0,23749700
1,21919500
1,23136600
1,64545100
1,25523200
0,25279200
1,32215600
1,25728600
0,23601300
1,54381700
1,36824600
0,24342400
0,23882100
0,23506200
1,40081000
1,77818000
0,23498000
1,24960700
1,42986800
1,35081300
0,24326900
0,24215200
0,24295400
1,54943100
1,25074100
1,27802700
0,27550300
0,26640400
1,27962600
1,25362800
0,24354100
1,24562100
1,95812700
0,23685900
1,24296300
1,25315500
1,37166700
1,27749700
0,23214200
1,52994500
0,23387200
0,24418000
0,30666700
1,22267300
0,23248500
0,23727600
1,39634700
0,23274000
0,24905000
0,24356200
0,24927700
1,30194600
0,23887100
1,33880900
1,37370600
0,30889200
1,55015300
1,25905400
0,25341800
1,74068700
1,29771800
1,22696100
0,23837500
0,23351000
0,23361300
1,22080700
0,23784500
1,22000800
1,32729900
0,23674900
0,23838700
0,23380100
1,26105300
1,30120500
0,25059900
0,24918100
1,23869700
1,33498000
0,23667000
0,23793300
0,23701900
0,24149800
1,22092300
0,23613200
0,24327600
0,25217700
1,33974300
0,24426600
0,25131500
0,28426100
1,28527200
1,29561400
1,22884800
0,24436900
0,24467900
0,24424700
0,24590800
1,42658900
1,28627100
1,47739600
1,35676700
1,94875000
0,24793900
1,24621800
0,26545600
1,44607500
1,60405400
1,84320600
1,24692300
0,23691300
1,34582100
1,25304100
1,42214100
0,23561400
0,25201400
1,42197400
1,34892400
0,24424100
0,26341100
0,25582000
1,31135900
1,45766300
1,29196700
0,26698500
0,25545100
0,24650200
1,85246000
1,23548100
0,23971500
1,31057300
1,30707600
1,32956100
1,26657500
1,64095100
1,27757000
1,46019500
0,23952000
1,29511000
0,23283900
0,23328800
1,26913900
0,23268600
0,23273600
1,36977100
1,62894600
1,33836800
1,39299800
1,42561300
0,26438900
1,27500400
1,35060300
1,27629900
0,24474800
0,24846800
1,30913400
0,23382900
1,64621300
1,23353300
0,23866200
1,30846200
1,25054900
1,26459300
1,38508900
1,59180400
1,35506800
0,25294900
0,24316400
0,24390700
1,28665300
1,43473000
0,25034400
0,24238400
0,24253400
1,81435000
0,24464500
0,24995700
0,24364200
1,53054800
0,23361800
1,25832600
0,23630200
0,23345200
1,26110400
1,43918800
1,45301300
1,25677000
0,23457700
0,23501700
0,23509600
1,33528500
0,23483200
1,27422200
1,44408400
0,23873500
1,31394600
1,48728900
1,72956500
0,23692600
1,41836700
1,28157000
0,23787300
0,25849700
0,24024100
0,23670100
1,55012400
0,23578500
0,26096100
1,24101300
1,25565900
1,36577400
0,23720800
0,23469900
0,28403300
1,50171200
1,61273100
1,24865800
0,24944600
0,24761000
1,24592500
1,53720400
1,43229900
1,24213400
1,23632000
1,27039800
1,25383700
0,24055700
1,45256400
0,23812300
1,61422200
1,34280000
1,63765100
1,40511500
1,27183100
0,24289500
1,42037700
0,24231900
0,25175100
1,25853600
1,35332500
1,35704400
0,23350000
1,55054100
0,23451400
0,23561100
1,32579000
1,59459400
1,22812500
1,22564500
0,24012700
1,23475000
1,24762700
1,27797900
1,38672400
1,27946900
1,27894700
1,48411800
1,27019900
0,26576600
1,31011600
1,30777200
1,51455800
1,36413800
0,23266900
0,24254700
1,21874400
0,23760500
1,44071400
0,24949000
0,25189400
1,29426800
0,23917600
0,23880200
0,23675900
1,31376600
0,25134000
0,32628900
1,44707100
1,27120900
1,52141500
0,27067400
0,24675000
0,26311400
1,33270300
0,24466600
0,24597500
0,25000800
0,24503200
0,23711500
0,23981200
1,51219800
1,21846500
1,45377100
1,30483100
0,23315000
1,23718800
1,30318300
1,31580100
1,34498400
0,27542000
1,49418600
1,35087100
0,26842300
1,25172500
1,44943000
0,24771200
1,30720100
1,23933400
0,24330900
1,33627400
0,24314800
1,24516800
0,24965900
1,33441400
0,23923300
1,35433300
1,43525400
0,23804800
1,86644200
0,23593000
1,78213600
0,23493500
0,27188000
0,27129900
1,37742000
0,24930100
0,23390400
1,42989700
0,23547400
0,23521000
0,23609800
0,23400200
0,24153400
1,26629900
1,40087400
1,48612700
0,23818600
1,70356900
0,23573700
0,26647000
1,37955400
1,29624000
0,24352300
0,24396200
0,24435200
0,24305700
0,23862800
0,23532700
0,23571300
0,23586000
1,29289500
0,23674600
1,24296400
0,23484600
0,23461800
0,23989100
0,23443200
0,24190200
0,28455400
0,25134000
0,23702100
0,25361700
0,23895700
0,24008200
0,25039300
0,23846500
1,27881700
1,27392900
0,23322700
0,24976400
1,45011900
0,23866100
1,23882300
1,24350600
1,51170200
0,25416900
0,24022400
0,26842100
1,48353000
1,34036600
1,48272400
1,24720500
0,24419600
1,23435100
0,23573800
0,23559600
0,23865800
0,23813600
0,24022300
0,23473500
0,23962900
0,23498700
0,23720700
1,25940200
1,23804500
0,25038300
1,40647100
1,43758100
0,24210000
0,25020000
1,27198600
1,30440500
1,23117700
1,34947700
0,23529500
1,31307100
0,23922500
1,23911000
1,57821500
0,25129600
0,23758800
0,23917500
1,63486100
0,25793900
1,42381300
0,24567300
1,33806800
0,23728600
1,26192100
0,23817900
0,23482700
1,70070500
1,22049800
0,23648200
0,23490200
1,46491100
0,25315800
0,27694000
0,23472200
0,24456500
1,25886800
0,24475800
0,27365500
1,22774900
1,36076000
0,24367900
0,24497600
1,31091800
1,28603100
0,23926300
0,23920800
0,23872800
0,23961600
0,23879300
0,24025500
1,26835100
0,29120000
1,52144500
0,30374600
1,52929900
0,24862000
0,24810200
0,24940200
1,25281400
0,24784000
0,24551800
0,24666500
1,55316300
1,59068500
1,70047200
1,41910400
1,70820200
0,32875300
1,28730100
1,37761800
1,23186000
1,38815400
1,75478500
0,23991400
1,24373000
0,24286500
1,33301400
0,24371800
0,23541300
0,23628400
1,35969600
0,28803400
0,24383700
0,24182300
1,25452500
0,23904500
0,23672400
1,24730900
1,33392000
0,23590800
0,23549800
0,23435200
0,23623300
0,23439900
1,24871700
1,56082400
1,29871800
1,55781100
0,28710900
1,51666100
0,27484800
0,24033800
0,23424000
1,40809800
1,39895900
1,47391700
0,23404900
1,32279400
1,32654500
0,23973000
1,25274300
1,42429800
1,26908600
0,23711100
1,77662200
1,22865700
1,47560500
1,29455600
1,30626900
1,25243800
0,24414600
0,24373100
1,32706900
1,24993600
0,23924000
1,29745200
0,24019600
1,22571800
1,29476300
1,23385000
0,25696200
0,24558500
0,24267000
1,22735800
1,54868300
0,23213700
0,24129300
1,26047000
0,24422500
0,23717400
1,24080000
1,28117300
1,31782200
0,24124400
1,32429700
1,32972900
1,34930600
1,35557000
0,27835800
0,25974700
0,24745100
1,41334000
0,24235100
0,25522800
0,24273200
1,36180800
0,23425500
0,23646300
0,23359300
1,44513900
1,28912000
1,47137100
0,24180000
0,27703000
1,26003000
1,35571800
1,37214800
0,32073500
1,26164600
1,42603400
1,67187900
0,23478400
1,22372000
1,49383100
0,26778600
1,50317800
0,23504000
0,23547600
0,24273400
1,27062400
0,23952100
1,25035200
0,24039900
0,23731700
0,23526500
1,52335200
0,24332300
1,22592800
0,23969500
1,23751300
0,23515700
1,27098100
1,32602600
0,26709000
0,24184700
0,24513600
0,24204600
0,24588000
1,34881000
1,28386900
1,28085000
1,33543300
1,25401900
0,23682500
1,45194400
0,24838100
1,51553700
1,30652300
1,24468600
1,50789100
0,23980100
1,79056800
0,25676100
1,40751700
0,26276900
0,26152700
0,24558600
0,24729800
1,26981600
0,24264600
1,23089200
1,34513500
1,22130900
1,32827600
1,23494300
1,24392100
0,23341200
1,45256800
1,33306500
0,28859700
0,23865500
1,44635500
0,29049300
1,29245300
0,23429100
0,24088200
0,23500100
1,79527600
1,25502500
1,22706400
0,23876600
1,23165100
1,24107100
0,23864600
1,24833900
1,28097000
1,24218900
0,23724400
1,33652200
0,24111500
0,23702600
1,32255700
1,39534600
1,37683700
0,23637900
0,23380900
1,52017800
0,23412000
1,32129400
0,23443400
0,23380900
0,23231500
0,23356600
0,28457000
1,48415900
0,26944400
0,24770300
1,28340800
1,26360000
0,24984000
1,35761300
0,24956800
1,23855900
1,34017500
0,23822200
1,36521500
1,25795100
1,59163800
0,23418200
1,38806700
0,24205900
1,40018200
1,42688500
1,23821400
1,23282700
1,25014400
0,24422500
1,28728300
1,22609200
1,26461300
1,32296900
0,23738500
0,23477200
1,30675900
1,37387800
0,23453000
0,23379200
0,24719400
0,23435700
1,21994500
0,23386800
0,23346200
0,27521700
0,23383700
1,24186600
1,36056500
0,24507600
0,23876600
0,23734900
0,23332100
0,23855900
0,23739100
0,23906000
1,36297200
1,23489800
0,23434100
1,23492100
0,23746400
0,28221900
0,26592400
1,26911700
0,24484000
0,24883900
1,27727700
1,26412500
1,32973400
1,27788900
1,22223100
0,23387500
1,22045300
1,33485600
1,22005400
0,23268800
0,23979900
0,23790400
1,25285000
0,23999300
0,23689600
0,23875400
1,49872700
0,23703100
1,39320000
0,23600800
0,31833900
0,26358900
1,28599000
1,31435200
1,30055800
1,37637600
1,28428300
1,29512500
0,24077800
0,23693200
0,26309800
1,23787700
0,23649700
1,23248000
1,48458600
0,27213000
0,25836600
0,23397700
0,23612300
0,24787000
0,24202100
0,24344600
0,24113500
1,42092600
0,23298100
0,23199300
1,21969300
0,23434600
0,23650400
1,27066300
1,32746800
1,29655200
1,34165100
1,29291400
0,25779400
0,23756500
1,28173900
0,24730600
0,23957300
1,54068300
1,94125700
1,23623400
1,67319600
1,38247100
0,25339800
0,24757100
1,26336900
1,43419000
1,23582700
1,63297900
0,24334500
0,24526600
1,35218000
1,27590500
0,23519000
1,39979000
1,37634100
1,40248300
0,24241300
1,49048700
0,23667800
1,46064000
0,23541200
0,24342500
0,24273000
0,25570600
0,23747800
0,23424300
1,26161400
0,23539600
0,23975800
0,26517200
1,55865600
1,23264900
1,25162000
1,70706900
0,23736500
0,23821700
0,23873900
0,23921700
0,24378600
1,61884200
0,24243600
0,24371900
0,24272900
0,23532600
1,23544500
1,32024500
1,22591700
0,23519000
1,30278800
1,31121200
1,42826300
1,60638500
1,23365900
1,38341300
0,24778400
0,26098500
1,30887000
0,24070100
1,25066600
0,24153500
0,24017200
0,24017400
0,23972100
0,24407300
1,35025400
0,23687700
0,24740100
0,24740800
1,26639400
0,23581700
0,27449600
1,25795500
0,23492700
1,35311000
0,23590000
1,32144500
1,30127800
1,52814600
0,23740100
1,46733800
1,22316500
0,23626300
1,22275400
1,29052300
1,40070500
1,76471400
1,26584600
0,23968200
0,23966400
0,24397600
1,69127900
0,23918600
1,28197100
0,23939200
1,36691000
1,25768300
1,27378100
0,26411600
1,22537600
0,23444700
0,25039100
1,29789500
1,31752600
0,23972400
0,24816800
1,23259300
1,51909500
1,30198500
0,24041100
0,23918400
1,29431500
0,24301200
1,36567400
0,24345000
0,23536200
0,23367300
0,23587500
0,24111600
0,23489600
0,23591800
1,35613200
1,33542900
1,75013200
1,41405600
1,28034700
1,30043800
1,47248700
1,29441500
1,31309000
0,23626300
0,23730300
1,23793800
1,22975300
0,25331400
0,23930300
0,24330400
1,24011700
0,23947800
1,35922400
0,23664800
0,23834000
1,34458400
0,23650100
1,40573900
0,23686500
1,26102600
0,23510500
0,23530600
1,26698600
1,54388300
1,25992600
1,29909300
1,25328800
0,26919100
1,38670300
1,24471600
1,23626600
0,24441400
1,30140800
0,23827300
1,27317000
1,37849700
0,23947100
0,23663000
0,24058100
1,23714600
1,33999000
1,22633000
1,22806300
1,26829200
1,26743100
0,28468400
1,79567600
0,26218600
0,25654100
1,31891100
1,43322200
1,41642900
1,34406600
0,24833900
1,26146400
0,24170200
1,28644300
1,22409400
0,24810700
1,24967300
0,23768000
0,23559300
0,23729700
1,22361400
0,24186200
1,23805200
0,27500800
0,29661200
1,35734500
0,24899200
1,28766100
1,49082400
0,24405200
1,32197700
0,23445800
1,40206600
1,32081300
0,23847200
1,29277900
1,27971800
1,41699900
1,23970300
1,23964700
0,23738700
0,24182400
1,23454200
0,23721600
1,28284700
1,27250300
0,23593300
1,25008400
1,27963500
1,39012200
1,34148000
1,36161400
0,23912800
1,22696400
0,26800400
0,27014500
1,26973400
0,23815300
0,24078000
1,31187900
0,24061700
0,23948300
1,24148200
0,24043200
0,23866900
1,22534200
1,28559000
1,29414900
0,23663400
1,32037400
1,25849900
0,23746500
1,63120000
0,23957700
0,23834300
0,24029300
1,37360800
0,24120900
0,23366700
0,25322800
1,30205100
1,36504400
1,26089500
1,23720800
1,31763800
1,26027700
1,23233800
0,25378400
1,29796200
0,23892100
0,26666000
1,50465900
1,32937100
0,24180500
0,23903800
0,24947000
1,32395800
1,41941800
1,27544900
0,24349200
1,31661500
1,60486900
1,44523900
1,29737700
0,23843600
0,23586500
0,29220600
1,28097900
1,37686600
0,24214600
0,24704400
1,27754500
0,24660300
1,23374100
0,23671300
0,23524400
1,28562100
1,62489400
1,30638400
0,23837900
1,35674500
0,23827400
0,23685000
0,23830400
1,32505900
1,33665800
0,23984000
1,55163700
0,25075800
0,23953000
1,32575600
0,25249900
1,22832100
1,61836600
1,31492100
1,42993400
0,24132800
1,25622800
1,27058000
0,23856900
1,24575100
1,28116800
0,23494300
0,23240200
0,23688900
0,23773900
0,23447200
1,26385500
1,47790400
0,23383000
1,29946500
0,24961000
0,24276200
0,24371400
1,35529800
1,30112800
1,54599000
1,33308300
1,27662000
0,25754700
1,44092100
1,51774400
0,24188200
1,30060800
1,49691800
1,26367000
0,23959000
1,51194900
1,34426100
0,23552600
0,27219100
0,29322300
0,24820100
0,28478100
0,29006900
0,25116100
0,24439900
1,51818900
0,23720600
1,23931700
0,23438900
0,23305700
1,68630600
1,31100500
1,28578400
0,28992700
0,27574500
0,25968000
1,42603300
1,27206400
1,25271100
0,24419600
0,25297500
1,73757600
1,62517800
0,23944700
1,25680600
0,23500500
1,30414100
1,22584200
1,80164200
0,23500800
1,29551000
0,23463800
0,23776400
1,34399400
0,24256400
0,23463600
0,23426400
1,32161900
0,23304200
1,32717100
0,23529800
0,24316500
0,24337300
1,23430800
1,37602400
1,32138900
0,33645900
1,36271100
0,24849500
0,26326600
0,28222400
1,42315400
0,26854100
0,27810000
1,38075400
1,50008300
1,67658000
0,23507300
0,23842900
0,23789600
0,23526600
0,23793400
1,22641400
0,23458300
1,33137800
0,24088100
1,23013100
1,40505100
1,22655300
0,23611700
0,23418400
1,23711600
0,23671200
1,35833300
1,61007200
1,23494700
0,24884700
1,24329000
0,24336800
0,24141000
1,36538900
0,23966700
0,24494400
1,22649100
1,26395700
1,36757000
0,24122300
1,33872800
1,30885600
1,29065100
0,24011900
1,42742700
1,33118900
0,23457600
0,24228400
0,25918900
1,49064700
1,27778400
1,35356000
0,28490300
0,23912500
1,69427800
0,24849000
1,37511900
1,38200600
1,32782700
1,33446100
1,40890000
1,28980200
1,27560200
1,26888200
1,34791300
0,25314300
0,29971900
0,24880200
0,24629000
0,23934900
0,25170100
0,24559900
0,24556500
0,24341700
1,67881900
1,26830200
0,24459900
1,24387800
1,37289100
1,68315300
0,25325600
1,33650600
1,30134000
0,23831600
1,53880400
1,59704300
0,23877000
1,26115400
0,23886600
0,24207500
1,22713500
1,53045800
1,23872700
1,36192100
1,28424500
1,38683600
1,31686600
0,23559600
0,23537500
0,27233400
0,24106300
1,24323400
0,24213900
0,23996000
0,24938500
1,32209000
0,24318000
1,27539500
0,23848900
0,23399200
0,23481900
1,41522200
0,25617500
1,47239500
1,29188000
0,28193300
1,43825000
0,27223000
1,28814800
1,23665700
0,24828000
0,24671000
0,24421100
1,24213800
1,64888200
0,26158000
1,44445500
0,24394000
1,37341300
0,24372300
0,24245800
1,25510200
1,25958000
1,53113600
0,24662300
1,36918300
1,28042700
1,30091900
1,22382600
1,22336900
0,28721900
1,49191800
0,23570900
0,24316300
1,31378600
0,28164700
1,22888400
1,39770100
1,61339800
0,25980900
1,33388800
0,24280900
0,24250800
0,23587700
0,23242200
1,22017700
0,23346000
0,23343000
0,23633700
1,35169400
1,25491000
0,24510000
0,23405700
1,23434400
1,36814400
1,37653100
0,23634500
0,24370600
0,30333900
1,38689700
0,23458900
1,50988400
0,24076200
0,23865100
1,37511100
0,23661500
1,32458400
0,24072000
1,43252100
0,23194300
0,23637400
0,24526900
0,26104000
0,24018800
1,68668100
0,24126400
1,31127300
0,23649300
1,24735600
0,23707600
1,26217400
0,23442400
0,23614600
1,28708500
1,27145500
1,55380500
1,31911400
1,53777300
1,23909900
1,22815800
0,24420300
0,28084200
1,35044400
1,26764100
1,22588300
1,25041000
0,24425600
0,24395200
1,43774900
1,30078900
0,23800500
0,23640800
1,24306100
0,23436700
0,23772500
1,29723600
1,22572700
0,23819800
0,32338400
0,27523700
1,37488500
0,24664500
0,24777400
0,24233600
1,25029000
1,40926700
1,22684600
1,25765900
1,72656600
1,26255300
0,23936900
0,23876400
0,24463500
0,24365700
1,33252200
0,24749500
1,35746500
1,29089300
0,23657400
0,23296400
1,44145500
1,40340300
0,23333700
0,23626600
0,23218800
1,24279500
0,23396700
1,25845600
1,22009800
0,23968600
0,23581600
0,24003700
1,24548300
1,35223200
1,39035900
1,24176500
1,22419900
1,34301700
1,23801600
0,23502100
1,43442600
0,23591200
1,32332800
0,23668300
1,56267100
1,39189200
0,24466700
1,56376300
1,23557600
1,28769000
1,51546900
0,24238200
0,23857000
0,24132200
1,29081300
0,25203700
1,32786300
1,23828200
0,23745900
0,24116500
1,66200100
1,54041600
0,26999500
0,28790000
1,32193200
1,26998000
1,26130000
0,24762600
0,24650400
1,33927300
1,29187100
1,56162300
0,24248700
1,67863200
0,24756900
0,24179800
1,29336300
0,24144500
0,24477100
1,36288300
1,37228800
1,40581400
0,23698300
0,23332700
0,23865800
1,31950200
1,49475600
0,23466300
0,23319700
1,23195700
0,23773400
1,48680300
0,23815200
1,35784800
0,23933800
0,23553500
1,45145800
1,38081200
0,24227600
1,27661100
0,23461600
1,53160900
0,23629900
1,26277100
1,30504200
1,30169400
1,33619300
0,23515100
1,50495700
0,24467800
1,29685000
0,24382100
0,24195400
0,24977200
1,27906200
1,28323900
0,28330700
0,26068900
0,23796100
1,29646300
1,51052800
0,23342300
1,43925100
0,23385200
0,24222400
1,23965900
1,25343100
0,23827500
1,33756200
1,24231400
1,34335900
1,33651500
1,23954800
0,23344200
1,25240700
0,23313300
1,42928000
1,26348300
0,23724400
0,23587900
0,23586900
0,24816600
0,29639800
0,26369000
0,24311200
0,24112600
1,46953900
1,57795100
1,29553400
0,27646200
1,32090500
1,37748400
0,24125400
0,23910600
1,50946400
1,27848700
0,23877100
0,23679800
1,32042200
1,27586200
1,23360300
0,23611700
0,23456400
1,24833100
0,23845300
0,30423600
1,27806900
1,22411500
0,23737400
1,46174100
0,25910900
0,24702700
1,55329900
0,23346500
1,50980600
0,23287500
1,29955000
1,41323800
1,26961300
0,26046700
1,23722900
1,24271600
0,25348500
0,24329800
1,27020300
1,24075800
0,23811800
0,24066100
0,24017300
1,70426200
1,36599900
1,24253200
0,23747700
0,23837300
1,25665600
1,43735000
0,23326900
1,66135900
0,24131500
1,26063000
0,23329200
1,52381900
1,47552300
0,23386900
0,23341800
0,23245600
0,23493200
0,23978400
1,24924900
1,22444300
0,23757400
1,23627800
0,25602400
1,33151200
0,32194500
0,25381600
1,32408400
1,37754800
0,26725400
0,24714500
0,24547400
0,24342700
1,22464800
1,23988300
0,24013400
0,24256500
0,24143400
1,24082500
1,33988100
0,23527000
1,27391400
1,27634500
0,30490800
0,25519200
0,24688900
1,50076800
1,43671200
1,34869000
1,42652600
1,23309900
0,24584600
0,23509200
1,41478000
0,23404800
0,23414000
0,26542100
1,39433200
1,55906900
1,42137200
1,58657100
0,26120700
0,24850000
0,24704000
0,26249800
1,56676300
0,24487300
1,33907000
0,23886500
0,23301000
1,23451000
1,60792600
0,23392300
1,36787200
0,23238900
0,23884200
1,23412000
0,23335100
1,36711000
1,33492500
0,23230800
1,62414600
0,23674900
1,25465100
1,62424600
1,34946600
1,25085400
1,27513800
0,23656900
0,24210700
0,24129300
0,24495200
1,43732100
0,29855800
0,28652500
1,30060400
0,26544000
0,24367400
0,24199200
1,32920600
1,29817600
0,24531600
1,39525900
1,28470500
0,23945000
0,23718500
1,29727200
1,26480400
0,23265600
1,30900500
0,23197800
0,23392800
1,27764700
0,23451100
0,23374800
0,23293800
0,23214400
0,23830800
0,23632900
0,23539400
0,24204300
1,22088600
1,35254200
1,22414600
0,23794600
1,30311000
1,31516000
1,32150700
1,34411800
0,24429200
0,26304300
0,27485500
0,24001100
1,30588800
0,23561200
1,29880600
1,39899600
0,24461000
1,38561800
1,28373000
1,35526100
0,23438600
1,22351900
0,23592800
0,23527100
1,27083600
1,42316100
1,27904000
0,24872800
1,28614600
1,24728800
0,24473700
0,23363300
0,23553400
0,23343200
1,32140200
1,25055900
0,23658100
0,23503500
0,23493800
1,30169700
0,24287100
0,24237500
1,42329400
1,26122400
0,23572100
1,23695800
0,24062400
0,25969000
1,37519200
1,23931500
1,50577900
0,23823300
1,48590200
1,51553500
0,23618600
0,24260500
1,59964200
0,23950300
1,24687300
0,24558400
0,23809600
0,24059600
1,31303000
1,29498400
1,23748300
0,23680700
0,23941000
0,23772800
0,23779200
0,24757700
0,23278200
1,33315300
1,29142400
1,57153600
0,28474100
1,40693900
0,25489300
1,24296100
0,24506600
1,38891100
1,45112400
1,30150200
0,23688700
0,23362900
1,33099300
1,22763300
1,45206200
0,23500800
0,23796200
1,53266900
0,24239700
1,47406500
1,35751800
0,26139300
0,28543200
0,24797300
1,47254300
0,24355900
1,32795300
0,24296000
1,33763100
0,29151500
0,29848000
1,71764200
0,29108700
0,26848700
1,26862500
0,25785500
0,24407500
0,24406600
0,24337600
0,24253900
1,44177200
0,23563400
0,23448900
1,26381300
0,23891500
1,38442200
1,30666300
1,45362400
1,50767200
1,90159500
0,23806700
1,22447300
1,71691300
0,24260400
0,23944300
0,23700100
1,26474700
0,23786800
0,27526900
0,24594000
1,23431900
1,33000900
1,34059600
1,23142700
0,24499900
1,24508900
0,30252100
0,26121600
0,24467400
1,22798900
0,24160400
0,27328300
0,29264600
0,26206800
0,23355500
1,40709800
1,27491700
0,24041500
1,23383000
1,35872600
0,23237500
1,37129500
0,23462600
1,39478300
0,23485300
1,34980200
1,31948000
1,23782900
0,23538100
0,23719800
1,22025200
0,23689600
0,23490800
1,22931300
0,23656300
1,24885200
0,23542000
0,30028700
0,27103700
1,34979000
1,39715800
1,74341800
1,23282800
0,23986200
1,31088300
0,24477700
1,63999500
1,22113900
0,23365700
0,23673400
0,26323600
1,45871900
1,68529400
0,23825800
1,69223600
0,23297900
1,30282900
0,29738000
1,27349500
1,48444400
1,25858500
0,25691800
0,24674600
1,34885400
1,42017700
0,23797600
0,24107300
1,32389800
1,26466800
0,24277300
0,24576800
1,49127900
0,28324000
1,35444900
1,39771500
1,27755900
0,24551800
1,26576500
1,24078300
1,56426000
0,24381900
0,24517000
0,23831600
1,32693900
1,21843300
1,23778700
1,39995700
1,28079400
0,23565200
1,35836400
0,23564700
1,31962000
0,23707200
0,23479400
1,55869800
1,23254700
1,22441600
0,24620700
0,25232300
1,54709300
1,24138200
0,23674900
1,23936400
1,34003000
1,34938700
1,24306800
1,23184000
0,24119000
0,24518800
1,26057900
1,45486300
1,22577800
0,23443200
0,23621900
1,30097900
1,44100500
0,23257200
0,23677900
1,27826000
1,24663600
1,22366800
1,32067600
1,21964800
0,23908700
0,33310500
0,25770000
0,28730200
0,27512900
0,26361200
0,24805800
0,24692200
0,24621200
1,23169400
1,25056400
0,25846200
1,27333600
1,49466800
1,29332500
0,24339600
1,25923900
0,27751100
1,33381700
1,29893900
1,40811700
0,24820400
1,35366800
0,24823100
0,24561200
1,30147800
1,47744400
1,37619900
0,23956300
1,26164500
0,23709200
0,23935400
1,66396400
1,30472500
0,24045200
1,40239000
1,24229700
0,24062400
1,63792300
0,23784700
1,41083200
0,23589600
1,22964400
0,23435200
1,30525200
0,23268800
0,24900400
1,31340500
0,23470100
1,22481100
1,65179000
0,23480400
1,39663700
1,24337200
0,26879900
0,29476500
0,28914500
1,39329200
1,30928600
0,25501200
1,28542300
0,24070600
0,24202100
0,24904800
1,33378600
0,24372400
0,23700300
0,23523100
1,30239700
1,24666800
1,22194300
1,37673500
0,23718800
1,43501700
0,23787800
1,23703700
0,23501700
0,23769300
1,26613200
1,22149100
0,23460900
0,25933400
0,24488400
0,23701000
1,52867800
0,33802100
1,25991000
0,24136500
0,25837400
1,30064800
0,25164800
1,25417600
0,24324600
0,24482300
0,24278600
0,25250300
0,23344600
0,24250100
1,22063100
1,34598300
1,50123300
0,23184000
0,23369900
1,36742400
1,26206000
0,23194800
0,25679500
0,30545100
0,23520900
1,38910700
1,31821100
0,24842300
1,23321100
1,35428600
0,23328200
0,23289400
1,50179400
0,23233800
1,68601500
1,41319300
1,35849700
0,25428800
1,25715100
1,32277500
1,57811200
1,23668500
0,27124400
1,28476600
1,24582200
1,44549100
0,23815200
0,23336200
0,23805300
1,25281600
0,23702700
0,23577800
0,23966800
1,24046400
0,23634600
0,23562900
0,23907400
0,23470200
0,23622200
1,51821300
1,25111800
0,23773800
1,23854300
1,25092600
1,22163200
1,26239900
0,23457300
0,23371700
1,32244100
0,23512600
0,24143300
0,23513800
1,24222000
1,27237400
0,24459300
0,24673400
1,24495500
0,26796700
0,30177600
0,28000600
0,24354500
1,23033500
1,36314700
1,28077300
1,40895800
1,43710400
1,31558700
1,23262500
1,29525300
1,56911300
0,29271100
0,24710900
0,28455400
1,25505600
1,55885300
0,24934600
1,89621100
0,23730500
0,23409700
0,23767600
0,23572100
0,23494500
0,24726200
1,36193500
1,45000900
0,23984300
0,24097300
1,23991900
1,26314200
0,24134000
0,23674400
1,23547800
1,28762200
1,23270600
0,24339000
0,23607400
0,23748600
1,51079000
0,23922200
0,23963500
0,23806700
0,23619200
0,23622300
1,47143000
1,45225900
1,34245400
1,41124800
1,23313700
0,23501100
0,23682900
0,23494700
1,24384300
0,23626600
0,23457400
0,23933000
0,23912700
0,24137300
0,24087700
1,27703500
1,23702500
1,28465600
1,75864400
1,25498800
1,37137800
0,27668400
0,28263200
0,26489200
0,24548400
1,25337800
1,43511200
1,51428900
1,25480000
1,27121100
0,24679300
1,74514300
0,23385400
0,23574400
1,33587700
1,22095300
0,23296800
1,29522500
0,23267000
1,22186700
0,23495100
1,23715500
1,21847300
1,22039100
0,23266000
0,23806000
1,27155700
1,31502500
0,23478600
1,29792400
1,23340400
1,39030100
0,24311100
1,24646800
0,24327800
1,45608900
1,38269300
0,23284800
1,53876600
1,27415100
1,25827100
0,23366500
1,31885600
0,23843200
1,37500600
0,26153700
1,32601600
1,25586300
0,23619700
0,23785400
1,35515600
1,43102900
1,27729800
1,24959700
1,30445900
1,56143500
0,23253600
0,23443800
0,23394600
0,23652500
1,25440300
1,46184000
0,23453800
1,48720700
1,37167700
0,24262100
1,23471400
0,24295400
1,24686800
1,35783700
0,23623500
0,27850700
0,24447100
1,49355700
0,24177500
1,27156700
0,23495100
1,30698500
1,33692700
0,29371800
0,28286800
1,34257900
1,23652700
1,44820400
0,24441700
1,34293000
0,23449600
0,24451900
0,23768700
0,25063200
1,71303500
1,22939400
1,22438800
0,23740400
0,23786200
1,24592500
0,24821400
1,56833100
0,23827000
0,23839200
0,23831700
1,34446100
1,25507600
0,27052900
0,23316600
1,23652000
0,23902600
0,25023500
0,23956000
1,30750500
1,39359500
1,59326800
1,27841900
0,23901900
1,26720200
0,27084200
1,34709500
0,23232600
0,28142500
1,29511800
0,24693100
1,36292500
0,24661300
1,31681400
1,43888500
0,23704500
0,23467400
1,48481200
1,23351700
0,23878700
0,25101400
1,80219200
1,28639300
0,25641800
0,24194700
0,26300900
0,28489300
0,31429500
0,25968700
0,24939800
0,24230500
0,24147100
0,23916600
0,23779500
1,29618400
1,38691700
1,38278800
1,28917900
1,24035000
0,24688200
0,24113900
0,23347200
0,28589400
1,48688400
1,27659800
0,24171000
0,25289100
0,24755300
0,24333200
0,24208200
0,24359400
0,24264200
1,23104800
1,33103400
1,29376700
1,59020500
1,22918600
1,38796900
0,24380700
0,23791300
0,23648000
1,22374600
0,27407300
1,31250500
0,30777400
1,33293400
1,30570800
1,26546600
1,25473800
1,28233200
1,50528000
1,29650600
0,26319400
0,23350700
1,46858900
0,23390100
1,31692900
1,26438100
0,23292300
1,43507200
1,37928900
0,23384000
1,34887000
1,24145300
0,23470700
0,23236200
0,24088900
0,23380600
1,32772300
1,37208500
1,22774300
0,24501200
1,27397200
0,23925600
1,72474100
1,26618700
1,25886900
0,24367300
1,49777000
0,24376500
1,26791700
1,29206100
0,24934300
1,48758800
1,72955200
0,23197100
1,29511500
1,35633600
1,44557700
1,46213800
0,25308600
0,24733600
0,26573200
1,77879600
0,24476700
1,46356200
0,24989200
0,24417600
1,41412200
0,24230800
1,36531200
0,24185000
1,27842900
1,22967100
1,68106600
1,30718200
0,23355800
0,23646000
0,23757000
0,23746900
0,23751400
0,25585500
1,23417500
1,31704200
0,23853400
0,23323300
0,23367000
1,27318500
0,23443500
1,48887700
1,39856100
1,30602500
1,43332400
1,24986200
0,23371900
1,42656600
1,38605900
0,23752300
1,49132600
0,25352700
1,22767100
1,23832500
1,71991900
1,41635100
0,23482700
0,23222600
1,41881500
0,30815800
1,22214000
1,43966800
1,33950600
0,24679700
0,24651200
1,64670400
1,24199100
1,36308000
1,68144300
1,25931900
1,30197900
1,29128600
1,28018300
0,25112500
1,33619800
1,37140700
0,29730100
0,23934400
0,24184100
0,23795600
1,37974800
0,27467000
0,24512700
1,48511800
1,29628500
1,36448000
1,21932500
0,23605300
0,23279200
0,23499000
0,23715000
0,25459600
1,37358500
1,26658200
0,23952900
0,23697900
0,23847300
1,46100400
1,51612500
1,24549800
1,42230400
1,29390600
1,54305500
1,24855300
1,54997900
1,28165900
1,33325100
0,24939300
0,23844700
1,45903900
1,23859000
1,84078000
0,23529800
0,24793700
0,24231500
1,46815400
1,22103700
0,23273000
1,38000200
0,23382900
0,28284900
1,26669300
0,28087300
0,23929500
0,24381600
0,24191200
0,24257800
0,24052200
0,24855500
0,23450000
0,23747800
1,25030100
1,22471900
1,29158700
0,23404600
1,27353300
0,23592500
0,23236700
0,23546200
1,75057800
1,105137600
1,44388600
1,56295200
1,22506400
1,25154600
0,24525800
0,24215200
0,25435200
1,36590700
0,25829000
1,28805900
1,25352700
0,24563500
0,28835900
1,31576500
1,23758900
1,62769300
1,40037700
0,23250300
0,23842300
1,28109000
0,23564100
1,34695200
0,23266200
1,29484100
1,24203100
0,31854900
1,27591500
1,39884200
0,25736300
1,46071500
0,23879700
1,24927500
1,37915300
1,39915100
1,40146000
1,23106900
1,122625100
0,23285400
1,40274700
0,26176300
0,27618900
1,36865400
0,23587300
1,24914400
0,25229600
0,24255500
0,24299200
0,24247600
0,24311600
1,22854700
0,24398000
0,24285100
1,56013700
1,30579100
0,23283300
1,42700200
0,23361600
1,38769800
1,29310900
0,23360100
0,23851400
0,23572300
1,41939100
0,23802800
1,88108900
0,26302700
0,25472500
0,24612000
1,30918000
1,36532700
1,59352100
0,23489700
1,44818000
0,29148100
0,28634800
1,24800400
1,29347000
0,24407000
0,24319800
0,24773100
0,23876100
1,56991200
0,24164700
0,24315200
1,60802700
1,36697500
1,38628100
1,32887800
0,25036900
0,24632600
0,24671000
1,30492300
1,92941100
1,26461900
1,25562100
1,30223900
1,30299200
1,37660400
1,24267000
0,23495600
0,25426400
1,22202200
1,55800300
0,24066600
1,27276800
0,23441100
1,28128100
0,27974800
1,30627500
1,85536400
1,26068300
1,25308700
1,31304000
0,23233300
1,35995000
1,36776100
0,23608100
0,23439400
1,23578200
0,24102900
1,24041500
0,23477400
1,48878800
0,23983600
1,72320900
0,24966500
0,23890300
0,23819000
1,24270600
1,34593500
1,24156600
1,23448700
0,23476700
1,22065400
1,46277400
0,23757200
1,29659100
1,30339800
0,28596400
1,29585000
1,33840700
0,23619800
1,26216200
1,40093800
0,26739800
1,24381000
0,24286100
0,24243300
1,27777400
0,23387900
0,23224200
0,23580600
0,23222900
1,54672400
1,27355700
0,23321800
1,25542800
1,55456900
0,23738400
1,55472800
0,23745400
0,23403300
0,25027600
0,24097200
0,23841200
1,40977900
0,23439200
0,23454700
1,24342700
1,31569400
0,24478000
1,22208400
1,46634400
0,23768800
1,28921500
1,80228100
1,27291600
1,37356300
1,23636300
0,23235700
1,105789300
1,28125200
1,26331800
1,28167800
0,24704400
1,23451800
0,23512000
0,23777800
1,28149100
1,26666300
0,24110100
0,23264800
1,23880400
1,25538200
0,24174200
1,23210200
1,34776900
0,24060100
1,28782900
0,23543500
1,23971300
0,23326000
1,24826400
1,57964800
0,23508400
1,36309200
1,26546700
0,23735500
1,25238700
1,25521300
1,32954900
0,23579700
1,21937300
1,83403100
0,29193900
0,28512400
1,26128500
1,76191800
0,24343800
0,23840100
0,23831600
0,23694400
1,33929600
0,24527200
1,22199900
1,27731500
1,26362000
1,26725800
0,24570500
1,22789100
1,23337600
0,23702300
0,23518900
1,22266600
1,29531700
0,24024800
1,29874900
1,28471500
1,44327300
0,23691400
1,33518100
1,43665800
1,35784600
1,67357200
0,24184900
1,45203500
0,24488800
1,32581900
1,29219000
1,34093700
0,27025000
1,92526100
1,42900500
0,24523700
1,22934600
1,28646900
0,25287000
1,39385200
0,23981600
1,51374200
0,24147600
1,29813200
1,28982200
0,23420700
0,23660900
1,31642400
1,73919100
0,23706100
1,22067900
1,24710700
0,27772200
0,23731300
0,23784600
1,29983500
1,29486700
1,40912000
1,29101500
1,26100300
0,23257500
1,82796500
0,25751800
1,29228400
0,27044700
0,25063200
1,38434200
1,30062200
0,25371000
0,25371600
1,32721300
0,24315400
1,40629600
0,24316000
1,22824400
0,23592800
1,22183700
1,23604800
1,60718400
1,28809500
0,23448900
1,34054700
1,69328400
0,24005800
0,24847400
1,92679100
1,43799700
0,24031000
1,25441500
1,32960700
0,23338100
0,23754800
0,23545300
1,26583100
1,54007500
0,23287400
0,23763800
1,27194100
1,54625600
0,24657200
1,33959400
1,28437900
0,24377500
1,32708100
0,23897000
1,53607200
1,25613900
1,70091200
0,23439300
1,35406500
0,24128400
1,28570400
1,27484100
1,30758200
1,27662800
0,24117600
0,23452100
1,34481400
1,82371600
0,23915900
1,61072700
0,28907600
0,24254600
1,28504000
0,24406400
0,24746200
1,38712900
1,39844000
1,88759200
1,27817000
1,52844700
1,26833700
0,23526300
0,23610800
1,30094400
0,24311200
0,24447200
0,25269700
0,24377300
0,24130100
1,31470100
0,24327000
0,23886400
1,34027400
0,23856300
1,23344500
1,30230600
0,24239400
0,24516900
1,27553800
1,51753900
0,23432700
1,46890300
0,24473500
0,25086800
1,37263500
1,25328200
0,24218100
1,24578300
0,24240500
0,23994700
1,50777500
0,25397400
1,28206400
1,41125400
0,24390800
0,24056400
0,23417400
1,23703900
1,26742500
1,33705500
1,29261000
0,24083700
1,49587100
1,34878800
0,28009500
1,33342400
0,23725700
1,32211400
1,23906700
1,26561800
0,23392300
0,23589300
1,32075800
0,23275300
0,23280000
0,27922900
0,31622200
0,24632100
1,40491800
0,25644200
0,24672400
1,30937200
1,43087000
0,23702000
1,29270300
0,26888300
1,56828000
0,24361900
0,25586200
1,25930200
0,33569500
1,41787300
1,32527900
1,24912600
1,23496100
1,28298000
0,24642300
1,30513000
1,30863200
0,24195500
0,23347100
1,21965100
0,23561400
1,82753400
0,24558400
0,23459600
0,24246500
1,36029500
0,24902300
1,25974300
0,23703400
1,33701600
1,46903100
0,23726900
1,63323800
1,33687300
0,25920300
1,30000200
0,23836200
1,37799800
1,47173100
0,23264900
1,29130600
0,23664000
0,24388600
0,23621900
1,31813100
0,23477300
1,29145700
0,23865800
1,30642900
1,27547500
0,30176600
0,30943200
1,31919200
1,39296300
0,23275400
1,23900600
1,28801300
1,36671300
1,50487200
1,39795400
0,24565800
0,23475400
0,23508100
0,23562900
1,26160500
1,27510400
1,38176500
0,24082500
0,23571700
1,25289700
0,23867700
1,64229700
1,27458000
0,23280800
0,23182600
0,23417000
0,23333200
0,23539800
0,23895600
0,25374500
0,27514500
0,26328100
1,45868100
1,36294200
0,24323800
1,27653200
1,35979300
1,41574700
1,31315100
0,24833100
0,24147100
0,24227900
0,24191400
1,28342600
0,23709800
0,27140000
0,29885500
0,23683000
1,28960500
0,24826600
1,45768000
0,23976500
1,27603600
0,24752200
0,24504500
1,49675400
1,25141800
1,25467900
0,23613100
1,29651500
1,24984100
1,25573400
1,42466900
1,25777600
1,23714200
1,29048100
1,24961900
1,22978300
0,23720500
1,34457600
0,23735500
0,23428100
0,23623400
1,33242400
1,24429700
1,77932200
1,34940200
0,23384300
0,23338600
1,39272300
1,27700400
0,23390000
0,23680500
0,23353500
0,23575500
1,32963900
0,23778000
0,23331000
0,25175300
0,23867100
1,27945600
1,75245900
0,23470500
1,38081300
0,23432400
0,23402500
1,24593600
0,25533100
0,23332600
1,25278800
0,23873100
1,27191900
0,26243000
1,29235000
0,26819800
1,80433900
1,33786900
0,27987800
1,32027400
0,24198700
1,24413900
1,33281000
1,44733300
1,25777500
0,29107200
1,34171300
1,59782200
0,24564200
1,33628600
0,25350200
0,25205300
0,24418800
1,27075400
0,24530900
1,32737900
0,23865300
0,23645300
1,27745200
0,23451500
1,27003900
0,24433600
0,23523500
0,23759600
0,25181900
0,24245400
0,23947500
1,32519400
1,31324200
0,23546500
0,24966400
0,23876000
0,24152400
0,23972100
1,32616100
0,23718300
0,23492100
0,23735800
1,22092400
1,22362100
1,23800800
1,29464300
0,23492700
1,22269500
1,39676500
0,24691100
0,23829400
1,30162900
1,68617000
0,24460900
1,36938100
1,24883400
0,23609600
0,23586300
0,23465200
1,26347200
1,27038400
1,29044900
1,29585600
1,47272000
0,23326600
1,28435700
0,23323800
1,26852500
0,29438900
1,44187300
1,30404900
1,56301800
1,43781100
0,29298800
0,26398000
0,23794100
1,45877700
1,45583200
1,22981200
1,27902000
0,24422200
0,24259900
1,24209200
0,24257500
0,24228600
0,24397800
1,25294800
1,32741100
1,27383100
0,24285300
1,30373300
0,23315000
0,23494100
1,57749400
1,45893700
1,22343800
0,23763000
0,23782300
0,23751100
0,23979200
0,25565100
0,28654500
0,23436400
1,67291200
0,23900400
1,24034300
0,23483200
1,56296500
0,23376300
0,23661500
1,28622800
1,28251000
1,29825700
1,30665400
0,24818500
0,24682700
1,25132400
1,26217800
0,23267900
1,40045100
0,24306300
1,32748400
0,24147300
0,24319400
1,30946900
1,26121200
1,25049900
0,23551700
1,23195900
0,24077500
0,23562800
1,25992800
0,23879500
0,29501000
0,23951200
0,23706600
1,40952600
0,23289100
0,24188100
0,23713200
0,24869100
0,23961200
1,26796300
1,38254100
0,27522200
0,27009800
1,50252200
1,24627400
1,24788300
0,32858900
0,33192600
0,23439800
1,95134200
1,24850400
0,24289300
0,24398900
1,49017100
0,23613000
1,21935300
0,23844600
0,23229000
1,42807700
1,66296600
0,23785800
0,23807900
1,30382500
0,23748400
0,24337100
0,29042200
0,26343100
0,24213100
1,25173800
0,24257800
0,24218200
0,24249000
1,30305900
0,23285800
1,37607000
0,27752800
0,26364500
0,29507200
1,47729000
0,25566200
1,42572800
1,23789200
0,24815400
1,26075100
0,25683700
1,27090500
1,22466800
1,33001300
1,28451900
1,40327600
1,24373000
1,36957200
0,23343700
0,23955900
0,24371600
1,29002000
1,22627200
1,30726700
0,24568900
0,24490100
0,24751400
1,36912400
0,25644000
1,50829700
0,24183800
1,44712700
1,63847400
1,39847400
1,27899500
0,24298700
1,32244500
1,24583700
1,27656400
0,23345700
0,23685000
1,25594300
1,57952900
0,26118600
0,24499600
0,24445000
0,24439500
1,37727500
1,24156000
1,30156300
1,65858400
0,24483600
1,28388700
1,23500400
1,29987800
1,41710000
1,29954500
0,23656800
1,42713500
1,35314700
1,29983600
0,23755200
0,23997800
1,30854000
1,23220400
1,46438600
1,37718400
1,63020600
0,23773900
0,23913600
1,30030900
0,23570900
0,23905700
0,25115200
0,25057900
1,35372300
0,24685900
1,37724700
1,92369300
0,23375200
0,23645300
0,24216200
0,24678500
1,27886200
1,26369600
0,23818400
1,31755200
0,23781900
1,35130400
0,24530500
1,28544900
1,27765800
0,23250000
0,23845200
0,24188900
0,23746100
1,24504200
1,31162600
0,23970700
0,28401800
0,25490900
1,26823000
1,39143400
0,30860500
0,24326000
0,24551600
1,31678700
1,24764300
1,32414200
0,25293300
1,29191700
1,24671200
1,73247400
0,28604600
0,27748500
0,25468600
1,30519800
1,24693500
0,24337800
0,24655500
1,23335800
0,24193700
0,24281000
1,50537200
0,23808200
1,45828800
0,26555800
0,23829300
0,23756000
0,23738900
0,23438700
1,21914500
0,23649300
0,23629500
1,23838300
0,23455700
0,23804300
1,24662800
0,23809000
1,29039500
1,49012900
0,23288500
1,30925000
0,24159100
0,25383800
0,24250800
1,24297600
0,24350100
0,24638800
0,23267900
1,33334700
0,23417100
1,21899400
0,23664700
1,26309500
0,24408100
1,40628400
1,32414600
1,28448800
1,35701600
0,26454900
1,34610400
0,23885100
0,23283700
1,71676700
0,23320000
0,23351000
0,23387300
0,23966300
1,23400000
0,26882700
0,28765900
1,37713900
0,28326900
0,27546600
0,26056400
1,39301400
1,29743300
1,33076100
1,28212100
1,33510300
0,24645800
1,25692500
0,23551900
0,23350400
1,60450500
0,23398300
0,23648200
0,24717000
1,22077600
0,28020500
0,27233000
0,24485300
0,23976700
0,24334900
1,70055000
0,27112300
1,44962200
0,23764500
1,27709200
1,62038400
1,23009500
1,27630400
1,34824800
1,27717100
0,26284700
1,24303300
1,50873300
0,23402200
0,24293300
0,23303500
1,76688200
1,50075800
1,28767800
1,58702400
1,28149400
0,23643000
1,36679300
1,57967900
1,49902400
0,23725300
0,23654300
1,53239600
0,27772200
0,31034700
0,30968300
1,30588700
1,25817000
0,24179200
0,24447800
0,23902100
0,24231200
0,24083100
0,26585700
1,76971000
0,24323400
0,24166300
0,23574100
1,24574600
1,52376300
0,23686100
0,24038300
1,41898600
1,24887100
0,23280400
0,23799600
0,23532400
1,27519100
0,23453800
0,24283700
1,24658900
0,23493600
0,23223300
1,25578600
1,26068400
1,42526800
1,38976800
0,31461500
0,30037800
0,28131300
0,24255300
0,24212800
1,36645500
0,24301200
0,24356300
0,24144200
1,28258100
1,25813100
0,24366600
0,24326700
1,52376400
1,25297200
0,24582200
0,25552600
0,26840800
1,24536200
0,25269500
0,24281700
0,24296200
1,51694000
1,33700900
0,23611800
0,23493900
1,63074500
1,36911600
1,25003300
0,24871800
1,26208500
1,35717100
0,23477600
0,23694200
0,23655100
0,24410700
1,26991900
0,23824600
0,23773200
0,23736800
0,23440200
0,23456900
0,23641700
1,22115300
1,23726200
0,24635600
1,28995900
1,45095600
1,31346100
1,33289100
0,24421000
1,26811300
0,27155400
1,25438200
0,24717200
1,30254800
1,34473100
0,24369700
1,24973700
1,23098600
1,63886700
1,22567700
1,50373800
0,24453000
1,25013900
0,24426600
1,39823200
1,22541800
1,73275100
1,65854000
0,23478000
1,51354400
0,28764100
0,27039900
1,26349700
1,50151600
0,24451600
0,24673200
0,29227800
1,37418100
1,72148300
1,93174700
0,24456200
0,24248600
0,23210400
0,23826800
1,62535600
1,84768400
1,35919900
1,33740900
0,24995700
1,32986500
0,23544400
1,29141200
0,23991700
0,23408900
1,30232100
0,23302600
0,23387400
1,94746100
1,24583700
0,23678400
0,24142000
1,23238200
1,28774000
1,70799900
1,27202900
1,27099200
0,24367400
0,25298000
0,24409700
0,23671100
1,41321700
0,23601700
1,35854500
1,22269000
0,23588100
1,30739300
0,23823600
0,23379600
0,24580300
0,28077100
0,23790100
0,24022500
0,23945500
1,48132900
1,30247900
1,52853100
0,25553300
1,80760400
1,54229500
1,32085900
1,28772800
1,31659000
0,24790800
0,30168700
0,27252900
0,24742200
1,36555600
1,40164900
0,25941400
0,24483600
1,52461200
1,50684100
1,37247000
1,56612500
1,35400500
0,24008900
1,25217300
1,53364200
0,23892800
0,23773900
0,23465900
0,23249100
1,29586400
1,24871500
1,35638000
1,28513300
1,44581300
0,23719100
1,52468500
1,27084600
0,24707800
1,48313600
0,24615400
0,24411600
0,24356700
0,27711000
1,37802800
1,33904500
1,32324300
0,25596700
1,41648800
1,32041500
1,23037300
1,25238000
0,23282400
1,26999100
0,23533600
1,29305500
1,44772400
1,38089300
0,23958000
0,24038700
0,24132000
0,23656400
0,23576100
0,23675100
0,23653100
0,23902500
1,37680500
1,22229500
0,23647200
1,40562600
1,27814900
1,39730600
0,23284600
1,32372200
0,23943700
1,36344200
0,23597300
1,22654700
1,38392500
1,71605600
1,28900100
0,25266700
1,26012400
1,43871500
0,27758400
1,26539700
1,34054300
1,28353500
0,23884500
1,23112500
1,27839400
1,26779400
1,31795800
1,54384200
0,23504800
0,24070700
1,27613700
1,118327700
1,63828300
1,36965400
1,54801100
1,46710600
1,22958100
1,44088700
1,41824800
1,51094200
1,28175800
0,28498200
1,68378400
0,26777300
1,28645100
0,24372700
0,24267100
1,29755300
1,29304900
0,23813300
0,24123300
0,23370300
1,33844800
0,26426700
0,24640700
0,24254400
0,24550900
0,26754200
0,24267100
0,26490800
0,23794700
1,23543900
0,24091600
0,23503000
0,23617000
0,23583800
0,23659500
1,35851300
1,34649700
1,22405400
0,23537600
0,24071000
0,23944800
1,25968000
0,24010400
1,25859600
1,22796300
0,23372100
1,67730100
0,23731900
0,23946900
0,23935300
1,38972200
1,35009900
0,25155700
0,24264200
1,60057800
0,24802800
1,31545200
1,39584600
0,23841800
1,35610200
0,23844900
0,24036600
0,23383500
1,22314400
1,37416200
1,26526700
1,56308000
1,69855100
1,54633400
0,23788800
0,23513200
0,23941600
0,23412900
1,27626000
1,55419100
0,25222000
1,37145100
1,29450600
1,28816500
0,23565600
0,24618300
0,23558800
0,23595100
0,23485900
0,23252000
1,27255500
1,41132800
0,23290900
0,23410300
1,46920400
0,23282300
0,23619100
0,23426700
1,26455900
0,23800600
0,23311300
1,48622400
1,46626300
1,33880000
0,23312500
1,49518400
0,28988300
0,23330500
0,23362400
1,44283500
1,22268900
0,23679800
1,28020300
0,25346000
1,35063500
0,24740200
1,28597800
1,30395100
1,23282600
1,50163500
0,28400800
0,23785400
1,28235900
0,24539900
1,27350200
1,30811400
1,92544100
1,33952000
0,24345500
0,24658700
1,22749700
1,23804000
0,23815100
1,28229600
0,23361400
0,23439800
1,24691700
0,23820000
1,33827900
1,53306900
1,37971100
1,24664100
0,23692100
0,23683800
0,23437100
1,24025900
0,24602900
1,28191400
1,32532900
1,39074800
1,22870000
0,24260000
0,23360900
0,23336400
0,23231900
1,28965100
1,31396500
1,33954000
1,36640100
1,55020700
1,36411800
1,23322000
1,23197900
1,23011100
1,40752400
1,21957900
1,60949000
1,37318800
1,28047600
0,24502700
1,50768800
0,23883500
1,30781900
1,41464300
0,23807100
1,38458200
1,49439300
0,32327100
0,28330300
1,35808400
1,31866000
0,25866900
0,24456700
0,25028600
1,24853600
1,43047200
1,32198100
0,24284800
1,38207900
0,23767500
0,23789100
0,23861300
1,30137100
0,23543700
1,35010200
0,23482400
1,29211600
1,29419000
0,24847200
1,36245500
0,24242800
0,24475700
0,24419200
0,27274400
1,42903700
1,37502900
1,40787300
1,22941600
0,28591700
0,24530600
0,24565900
1,24564400
0,23782100
1,80928700
0,24192500
0,24575300
0,24365700
1,39516500
0,24351600
1,24785900
0,23497400
0,23980900
0,24254400
1,34501700
1,22752600
0,23923800
0,23983500
1,32028700
1,45669700
0,23605200
0,24023500
1,63003000
0,23637400
0,23547800
0,24043000
0,23687000
1,23423300
1,33495800
1,25825400
1,35337600
1,22255600
1,33586700
1,32680800
0,23647000
1,49251900
1,28504500
0,26521300
1,25840700
0,24161100
0,24438800
0,23679400
1,24781800
0,23422000
1,21894100
1,38930600
1,29189600
0,24187000
0,24190500
0,23809000
1,26549700
0,23739500
1,22334900
1,31957700
0,23403400
0,23438800
0,23392300
0,24050200
1,26056500
0,23398900
1,58309000
0,28298600
0,30926600
1,89619800
1,27131300
0,24729400
0,24375800
0,24400100
0,24366200
0,23869000
0,25274300
0,30137800
0,26042200
0,27235200
1,30900800
1,33898300
0,24305300
0,24211500
0,24260500
1,39242800
1,33082800
0,24211100
1,48656000
1,25259900
1,24329700
1,65958500
1,26870500
1,23465400
1,22789700
0,23542100
1,26294000
1,21932500
0,23304400
1,27943000
1,23785600
0,23446200
1,62253000
1,49185000
0,23831300
1,62760500
0,23981300
1,21944100
1,26752500
0,23548400
0,24944000
0,24615500
1,29031400
1,29395400
1,103460600
1,25034300
0,23754600
1,41004300
1,60401100
1,26145400
1,44623600
1,23564100
0,23570800
0,23366100
0,23562300
0,24036200
1,29249800
0,23184000
1,40845200
0,23506800
1,34357000
1,31962100
0,23250500
0,23465800
0,24097500
1,32388200
1,23727000
0,27238300
1,47485300
0,24208500
1,35818200
1,32697700
1,57312100
0,28215300
1,23726800
1,26420500
0,24729300
0,24666800
0,24362900
0,23670500
1,46837300
1,43697400
0,23318500
1,21918000
1,31048900
1,34382000
0,23925300
0,23514100
0,23707700
0,24058300
0,23508000
1,23579400
1,46292500
1,23569800
0,24162600
1,36386700
0,23463200
1,39670200
1,35513300
0,23537800
0,24002300
1,30804800
1,22360700
0,23467700
0,23899700
1,26335600
0,24468500
0,23725000
1,31353900
1,28850200
0,23629200
0,23687300
1,36442100
1,72887800
1,41972400
1,45842100
0,23811900
1,39079500
0,23460200
0,23540400
0,23449400
1,26208300
0,23939100
1,24897900
1,42036200
1,25878700
0,23383000
1,25405500
0,25442300
0,26703400
0,26832700
1,25717400
0,24342700
0,23814700
1,25325500
0,23749700
0,23881000
1,25184700
0,23806000
0,23683900
0,23578900
1,24305800
0,26793400
0,28220900
1,62280400
0,24525800
1,52750400
0,24223800
0,24296500
0,24652300
1,59301800
0,24243700
0,23978200
1,31252200
1,30011500
0,23795800
1,22402800
0,24604200
0,23828100
1,68827400
1,59147300
0,23712400
1,29011800
1,29527500
1,32171400
1,53581700
0,24092300
1,61823600
0,23693500
0,24824900
1,45862800
0,26965100
0,24461900
1,27515200
0,24790900
0,24791100
1,42510300
0,27210200
0,27052000
0,24772600
0,24274700
1,59746700
0,23898600
1,69579400
0,23499000
0,23783600
1,24412500
1,25177400
1,53043300
1,26692000
1,23922200
1,26611600
1,28117100
0,24988200
1,26657900
0,24770600
0,23483400
0,24320600
1,27123400
1,64010600
1,36671700
0,23767400
0,24153900
0,25991700
0,23879000
1,23229000
0,23961700
1,39997900
1,28648200
0,23448100
0,27466000
1,33643100
1,25536400
1,28197400
0,24227400
1,22751700
1,35354100
0,24095600
1,25741600
1,24203400
1,81904100
0,23366100
1,47678200
0,23260800
0,23292100
0,23535400
0,23269500
1,38495500
1,25177000
1,41212200
0,23832000
0,24983000
1,36631400
1,22821600
0,24466900
0,24650100
1,24978200
1,38463600
1,35588600
1,56054300
0,24733000
0,24780000
1,34921400
1,35309900
1,27571900
1,29402400
0,26421200
0,24977100
0,24320800
1,28172100
0,24218300
0,24353000
0,26082000
0,24249200
0,24642400
1,47553000
1,44752000
1,28301900
0,23647300
0,23265500
1,32089200
0,23570400
1,23354500
0,24558800
0,23460100
1,36432400
0,23284400
1,46080200
0,23408400
0,24258700
0,23796100
1,27640100
0,23269700
1,56436500
1,37771900
1,40485200
0,26269600
1,36458000
1,27492800
0,24863800
0,24102300
1,32545100
1,44145400
1,34993700
1,32284000
0,24321600
0,24620700
1,30720100
0,24408200
0,24314500
0,24125700
0,23916400
0,27331200
0,24452900
0,23757700
1,22374400
0,24007400
0,24363300
0,23635300
1,38703800
0,24827200
0,24173300
1,30349400
0,24391500
1,36360200
0,25066600
0,24630300
1,44819300
1,25576300
1,32702200
0,23382900
1,24621500
0,23879200
1,46281400
0,24627900
0,23666500
1,36816600
0,23934900
1,36290600
0,23331600
0,23439300
1,21888500
0,23254600
1,33965400
1,23671500
1,50323800
1,23945700
0,23745700
1,32875000
0,23641700
0,23502200
1,31137500
0,29693900
0,26673400
1,63037600
1,115974700
0,24886800
0,27444100
1,61429100
0,24807100
1,57322400
1,34467900
0,23437300
0,23837500
0,24107800
0,24304200
0,24491300
1,47407700
0,23583100
0,23621600
0,23478100
0,23523500
0,23677300
1,30517000
1,42161600
0,25415600
0,24372800
0,24386600
0,24253100
0,24535300
1,25752800
0,24098800
1,27640000
0,23602200
0,23248900
0,23803000
1,31434200
1,31151700
1,23420600
1,30834300
0,23897900
1,24209700
0,23716300
0,23771500
0,24381200
1,27797700
0,24530800
0,24328100
0,24518500
1,24783100
0,23570100
1,26450100
1,42499800
1,28744100
0,24384700
1,22939300
0,23810600
0,23532700
0,23562800
0,23679400
1,38680800
1,33891400
0,23465600
0,23441000
0,23789300
0,23479300
0,23615500
0,23532700
1,23530200
0,23417900
0,23750100
0,25814700
0,24898300
1,40781400
0,23716800
1,27167100
0,23440700
1,56125900
0,28887700
1,49403100
1,33543800
0,27918900
1,32654400
0,24867800
1,40356800
0,27877800
1,25237900
1,56981700
1,31468600
1,22797700
0,23999700
1,27265700
1,50242700
1,33659800
1,38152000
1,21989100
1,24952400
0,23783600
1,32921200
0,23284100
1,22130000
0,30495700
0,27862800
0,29453500
0,27303000
0,28060300
1,79253800
1,53273000
0,24559100
1,26389500
0,25678300
0,23661300
1,35159300
1,26377300
0,24329100
0,24279500
1,42655900
0,27524900
1,49554500
0,24018800
0,24085900
0,23950400
0,23476500
0,23352200
1,27497500
1,32101400
0,25959500
1,50129700
0,23560800
1,27885400
0,23896500
1,41014800
1,46503000
1,33645600
1,66564800
0,23762200
0,23779100
1,23901900
0,23525300
0,24122900
1,25570000
0,25281200
1,24544500
1,28959600
0,24261000
1,24221500
0,23888800
0,23977600
0,25429500
1,76515200
1,28566700
0,25300500
0,24292100
1,67769500
1,27405100
0,23723900
0,24248500
0,23533000
1,26518600
1,29365400
1,27243000
1,42611600
1,24160000
0,23412700
0,24129700
0,23854700
1,22311000
1,22119500
1,48645200
0,24689900
0,23967000
0,24840900
0,28095500
1,27647400
0,24279100
0,23794800
1,59310100
1,37728200
0,25997600
1,51701600
1,26548700
0,24685800
1,27260700
1,41537000
0,24003700
0,28327500
0,23924000
0,24003100
1,28445000
1,44305500
1,32707500
0,23488800
1,23649100
1,33560100
1,26661000
1,22427500
1,22121100
0,23951100
1,29634200
0,23768400
0,23652600
1,67302100
0,23526500
0,23549700
0,23809500
0,23478700
1,50259200
0,23403500
1,25480000
1,28775900
0,24293600
0,24402500
1,36844800
0,24116200
0,23992600
0,24191100
1,46535000
1,24913500
0,23787700
1,26667300
0,27215300
1,22782000
1,65591200
0,24568200
1,34565700
1,31077100
0,23276700
0,23207100
1,28991500
0,23692700
0,23285200
1,42344900
1,23163900
1,44259600
1,45888800
0,27313200
0,26189300
1,28703700
0,23717400
0,23580800
1,34917800
1,22242700
1,33912100
1,41378100
1,41683500
0,27542100
1,30441100
0,26325600
1,36238700
0,24771600
0,24971900
0,25783200
1,51735600
1,32484300
0,23882300
0,23427200
0,23497500
0,23369200
1,24738000
1,30328600
0,23407300
0,23262900
1,23763600
0,23333300
1,31744800
0,26651000
1,35451000
1,29836900
0,24661500
1,40316900
1,42304300
1,47182500
0,24940900
0,23854000
0,24215400
1,32945200
1,37816300
1,23925200
1,41940900
0,24422400
1,40033600
0,24217900
1,28630700
0,25254900
1,43292900
1,40859200
0,26112800
1,36085800
0,24508800
1,46768000
1,22692400
0,23615200
1,27368500
1,41858300
0,24007700
1,44804200
1,22200100
1,33398300
1,76099700
1,26252800
0,24787500
0,29743200
1,43797100
0,23883500
1,22799900
1,43936400
1,33274800
1,60700200
0,24134600
1,28425100
1,22917200
0,23897000
1,51077300
1,41539200
0,24688000
1,39525700
0,24377200
1,26106100
0,23308400
1,22357300
0,23240000
1,33626600
1,22815500
1,29067800
1,24102600
0,23535800
0,23237700
0,23366900
1,27138600
1,32563400
1,33759400
0,23677700
1,32470800
0,24261100
1,55290200
0,23936100
1,27728000
1,93562800
0,23816300
0,23678400
0,23731800
0,25650800
0,28414300
0,23314400
0,24026500
0,24651200
0,24669800
0,24865100
1,39973700
0,24525200
0,26546300
1,22783400
1,32794500
0,23900000
0,23903300
0,23844800
0,24270700
1,48846400
0,24253700
0,23595300
1,44546700
1,36262400
1,23418400
0,23510600
1,22636300
0,24643900
1,46130700
0,23475800
1,26058300
0,23563400
0,23494500
1,26228200
0,23885400
0,25356500
0,23864800
0,23204400
1,24526300
0,23298200
0,23680800
0,23833200
1,43499800
1,29130100
1,34075400
1,28617000
1,42796600
1,29816900
0,23788000
0,24286600
0,28193700
1,28378100
0,23893000
0,24238200
1,32780400
0,25103100
0,24405400
0,23717900
1,34063300
0,23832900
0,23926200
0,23772400
1,27549200
0,23307000
0,24168900
0,23479600
1,26081100
0,26547300
1,25845900
0,23329800
1,27570100
1,24221000
1,22072000
1,27271200
1,21838800
0,23435300
0,23610900
0,27981300
0,32677100
1,28364900
0,24339600
0,24865500
0,24666800
1,25052700
0,24562800
1,28108200
0,23180700
1,27756800
0,23486300
0,24987000
1,55938700
0,24129900
1,38080800
0,24336200
0,24049700
1,42957800
0,23580300
0,28460200
0,28499700
1,26548500
0,24788500
0,26325100
0,24245700
0,24261600
0,25799100
1,57495500
1,33447000
1,43705500
0,25212900
0,24169100
1,46973600
0,24102000
1,34350700
0,23906400
1,26699100
0,23343900
0,23309400
0,23936700
1,23101900
1,40499500
0,23800900
0,23712900
1,52042000
0,23469200
1,55120900
0,26033900
0,24199200
0,28369400
0,26244900
0,24528400
0,24311000
1,35068900
1,39275500
1,34214700
1,72913500
1,60202200
0,29466600
0,31718500
0,27874600
0,24487800
0,24058500
1,36305000
0,24150300
1,22810200
0,24089600
1,27609100
1,37989200
0,23763800
0,23816700
1,39715200
0,23744200
0,23735800
0,23682600
0,23550400
1,34454200
1,31187700
0,26053600
0,24552700
0,24410700
1,27114500
0,23873400
0,26786600
1,22526300
1,23682900
1,32790200
0,23785300
1,40835600
0,24826100
1,23337000
1,46452400
0,26424800
0,31367300
0,24418500
1,24537900
0,23692600
1,42746400
0,23780700
0,23758900
0,23548600
0,23459300
1,53231900
0,24849700
1,29337600
1,38863400
1,26005400
0,24646900
0,23878400
1,41285000
0,23723000
1,33267700
0,23315000
1,50819100
1,27933600
1,29686500
1,59244300
1,38116200
1,43977100
1,27006800
0,29825700
0,25431700
1,24772400
1,51524900
1,36593100
1,28746700
0,24785500
1,27219500
0,24635800
1,51718800
0,23784600
0,24264200
1,27731300
0,24042000
1,41548400
1,35747900
0,23720800
0,23835200
1,27907500
0,23374900
0,23671100
1,23166700
1,28754500
1,41970500
1,28026100
0,29335800
0,23440500
1,51205300
1,46678200
0,24378400
0,23790500
1,34624400
0,24316000
1,76678800
1,24204100
1,72109300
1,25044000
1,51712000
0,23758000
0,23297000
0,23613600
0,23743100
1,33107600
1,25264600
0,31802000
0,24919800
1,29163900
1,27662000
1,24913700
1,50639300
0,25857800
0,28100500
1,24593800
1,30767800
0,24375400
1,25926800
1,79080800
0,23420100
1,38813300
0,23725300
1,27204900
0,24311000
0,24701100
0,26288700
1,27185400
0,23993100
1,44418200
0,25067900
0,26980100
1,31549300
1,29225800
0,24948300
0,25008200
0,24195700
0,24996800
0,24271200
1,28812400
1,29724500
0,24189800
0,23334900
0,23613100
1,29615300
1,40234300
0,23471000
0,23393600
1,38136000
1,27303200
0,23633500
0,23279600
1,24659800
1,31420600
1,60975800
0,24098800
1,30416800
1,34566200
0,23946400
1,30705700
0,23995400
1,37331800
1,39422200
1,36930300
0,23371600
1,57344100
0,26775800
0,25383000
0,25025200
1,32313600
1,30238700
1,29637900
0,24139600
0,23919000
0,24045900
1,27418800
0,23572400
1,40678100
1,22753900
1,74560400
1,24791000
0,23454500
1,24686200
0,23238200
0,23288400
0,23579500
1,24105000
0,24037000
1,22048700
0,23290000
1,34381000
1,24703300
0,23355400
1,23372400
0,23607400
0,23690300
1,23307400
0,23717500
1,42849200
0,23743400
1,27938800
1,28368500
0,23441900
0,24314700
1,33335200
1,41240900
1,23031800
1,30799500
1,27046400
0,24517800
1,26783700
1,44342000
1,30593000
0,26264700
1,26104800
0,24748400
1,51648500
1,47971100
0,23859200
0,23916600
0,23366700
1,25704200
0,23458700
0,30468000
0,24759100
0,24238100
1,29916600
1,25996400
0,24375800
1,39134600
1,32151500
0,23751300
1,22209000
1,35564500
0,23626500
0,23676000
0,23495800
1,44212600
1,31656400
0,23780400
0,23501900
0,23425000
1,62599700
0,24028400
0,23481100
0,23763800
0,23311900
0,23845200
1,35382800
0,26554500
0,23338700
0,23433300
1,31351800
1,24732300
1,24377400
0,23484400
0,23235700
1,24338500
1,30682900
0,23323000
0,23253900
0,23303900
1,31820000
1,21963000
1,58635700
1,22141600
1,63291200
1,35367600
0,23539300
1,23335800
1,71695100
0,24519800
0,31590400
0,29008300
0,32963400
1,40308000
0,28142600
1,31098300
1,38048900
1,28175700
0,26384200
0,24813900
0,24637800
1,38707600
0,24705500
0,24217500
0,27199700
0,24568000
1,23846700
1,32192200
0,23787300
0,23873200
0,26422400
1,30485400
1,26389700
0,23889200
0,24459500
0,24338000
1,24317100
0,24852500
0,24107500
1,38445200
1,27763100
1,30672400
1,35102700
1,42519900
1,50241600
1,25998600
1,22442400
1,30266400
1,47306100
0,23655300
1,22905400
0,25169200
0,24290700
0,25802200
1,34283700
1,48216100
1,50697800
0,23701900
0,23571700
1,47272300
1,24566700
0,23963500
0,23494700
0,23372100
1,27278700
1,29460600
1,22465700
1,36442200
1,68136400
1,37288800
0,23783300
0,23787800
1,82307100
1,29997500
1,39887800
1,22436000
0,23237900
1,26679500
1,64148500
0,23898900
0,23300500
1,42120300
1,24302400
1,52956600
1,55130600
1,36655200
0,27507400
0,25248700
0,24350100
1,29390100
0,24209300
1,26602500
1,49956600
0,27395900
0,25102300
1,36229300
1,55476400
0,23969300
0,23775600
0,23787400
0,23553300
0,23639000
1,35840800
1,22111000
1,39760200
1,29361000
1,22006600
1,33142400
1,32247300
1,25452800
0,23308100
0,23338100
0,23788400
1,22366400
1,31170200
1,27775800
0,24868700
0,24840600
0,26260600
0,24487700
1,58692900
0,23450800
0,23589300
1,24567500
1,26879100
0,23443700
0,23696300
0,23498300
1,55603200
1,67174800
0,23691000
0,24218800
0,25131700
0,23943300
1,28871800
0,23815500
0,24043900
0,23748000
0,23718200
1,31498400
0,25265600
1,38674100
0,23555200
1,25366900
0,23841600
0,24052200
0,23659900
1,23448600
0,23493700
1,37925500
1,54147000
0,23415100
0,23507400
0,23480400
1,47632800
0,23537400
0,23707800
0,23520900
1,60521600
0,25789900
0,31114100
1,37162500
1,76878700
0,24893600
0,25503300
1,25000900
0,27326300
0,30445700
0,30016300
1,62077300
0,24827100
0,28215600
1,26226900
1,47705800
1,32301300
0,24129800
1,40721000
1,22559100
0,29412800
1,96275100
1,49088900
1,37845100
1,93032100
1,50005200
0,23261200
1,25645800
1,51963200
1,37193900
1,37721600
0,23463200
0,24128300
1,24448200
0,23648000
1,24051600
0,25687300
1,27431200
1,27938000
1,33694400
0,23651200
0,27843900
1,28400500
1,26587000
1,24471400
0,24024300
1,32852200
1,43501800
1,61052700
0,26439200
1,25253100
1,39296400
0,29193400
0,23268300
1,28611800
0,23314500
1,27427200
0,23427200
1,23640200
0,23385800
1,49130700
1,29690900
0,23334100
0,23552800
0,23697900
1,38860300
1,75918400
1,42560500
0,24525500
1,113748100
0,30471100
1,27264700
0,26555900
0,23762100
0,23892900
1,41804200
1,22491400
0,23522400
1,33259400
1,37183900
0,23483500
1,31146900
1,41751300
1,31268200
1,24004400
0,23421600
1,41717000
0,24412800
0,23259200
0,23511500
1,56121500
0,23303100
1,29951500
0,24377800
1,37288100
1,23570800
0,24774800
0,23926300
1,47365400
1,25133800
1,34304100
0,23807900
0,24307200
1,37794900
0,23818700
0,28471700
1,32774300
0,23706000
1,22953700
0,23906100
1,22251200
1,26349100
1,27865100
0,24033600
1,51326400
0,23270700
0,23661000
0,24161400
1,83574100
0,23564100
1,26098100
1,69060800
0,23865100
1,27557700
0,23915000
0,23692000
1,40561900
1,35390100
1,28629100
1,22539600
1,26512400
1,22605200
0,24274700
0,24168000
0,26781000
0,26287700
0,24779500
1,74664100
0,24584600
0,24330700
1,26549800
0,24582500
1,29547400
0,23758600
1,26289500
0,23636400
0,25811900
0,23485200
0,25828300
1,49589000
1,25909200
1,30697800
1,29870000
1,27513900
1,29220200
0,23575600
0,23567500
1,36968500
0,23511100
1,35659500
1,28112600
0,23521300
0,23560200
0,24255100
0,23670800
1,23423000
0,23554100
1,35042100
1,22210900
1,27708500
0,23403500
1,22746900
0,24119900
0,25733000
0,26283200
1,30866300
1,22361400
1,34949000
1,47473700
0,23429000
0,23381400
1,51536600
1,27366900
1,25056700
0,24965700
1,31984900
0,24899200
0,24742200
1,23638400
0,23389000
0,23844800
1,30697800
1,41683200
0,23514600
1,31442500
0,23833700
0,24617600
1,37523800
0,23514700
1,30557000
1,34661000
0,34591600
1,40420900
1,39828100
1,28051700
1,34718500
1,24240500
0,23248700
0,23531400
0,27149900
0,26633500
0,24944000
0,24138500
1,41079700
0,24879400
0,25259900
0,25205500
0,24318700
1,49991800
1,22570300
1,32046100
1,32927100
1,21940100
1,36882900
0,23805200
0,23217400
0,23516300
1,34009900
1,27423100
1,24880400
0,23466700
1,25288300
0,23445400
1,28770000
1,34711500
1,23409700
1,23720600
0,23357000
1,71225100
1,24508200
0,23936200
0,25295800
0,26189600
0,27610200
0,28722200
0,23833100
1,22290900
1,26723200
1,27144100
1,27081700
1,22095700
0,24053500
1,31651500
1,41857200
1,37972000
0,23424700
0,23569100
1,23548000
1,29646900
1,27178200
0,23565800
0,23452800
0,23692100
0,23735500
1,23871100
0,23677200
1,22564600
0,25418000
1,53810200
0,23521000
0,24652200
0,23224100
0,28452400
1,29187900
1,34073000
1,54194000
1,29657500
1,36690400
1,49707400
0,24306000
0,24331300
1,43008700
1,50132200
1,51360100
1,43021200
1,29383800
0,25877500
1,39955300
1,35867200
1,28728600
0,23812300
0,24829100
0,23683500
0,23623700
0,23345900
1,26101100
1,45445800
1,74754700
0,23269400
0,24022000
0,23546600
1,71283500
1,26408100
1,25244500
1,28495800
1,29098700
1,26407300
0,27622700
1,37603200
0,25625100
1,36910700
1,32642100
0,23749100
1,45980500
1,81255800
0,23503600
1,31642800
1,32113000
1,44969600
0,23379500
1,31570300
1,30068200
0,23211800
0,23366400
0,23321600
1,27135100
0,23529400
0,23577800
1,33549200
0,23456000
0,23999500
1,23889700
0,23509600
1,44392800
0,26734700
0,24056400
0,23830800
1,28832500
0,24320100
1,37865000
1,26459800
0,28432600
0,24363100
0,24496000
0,24251900
0,23760900
0,23385500
0,23371400
0,23535500
0,25931200
1,40456000
1,42130200
1,35550400
1,43086200
0,25874500
1,45245300
0,24830900
0,24701700
1,30395800
1,34921300
1,47332000
0,24408100
1,72195500
1,49660200
1,36980900
0,23629200
0,23915000
0,23532600
0,23361900
0,23759700
1,33927300
0,24858700
1,30266300
1,22946600
0,24340900
1,28012300
1,65499300
0,23676100
1,54908900
1,25378700
1,67528200
0,23879700
0,23839300
0,23915300
1,38975000
1,39843600
0,23244500
0,23349600
0,23289000
0,23707400
0,23376500
0,25227200
1,28797700
1,23669600
1,43920000
1,22651000
0,23297800
1,59217200
1,30824000
1,31108200
0,24590300
0,24032200
0,26530200
0,24458800
1,45302900
1,47800500
0,26882600
0,23563700
1,46404300
0,23677100
0,24129000
0,24472800
1,27970600
0,24047700
1,42277500
0,23990400
0,23793200
1,76852300
0,23847000
0,23447000
1,22843100
0,29757400
1,73596700
0,25554400
0,24434800
1,23156000
1,51866800
1,87399900
0,23510600
1,23893500
1,23995300
0,23277900
1,32179800
1,24587500
0,23255100
0,26870600
0,25888600
1,39468500
1,40243800
0,23405500
0,23270400
1,22945500
0,23811800
1,25087300
0,25952900
0,28057400
1,29289500
1,24149400
0,24512300
0,24813200
0,24679700
1,29426800
0,24671400
0,23431700
1,32016200
0,23508800
1,58558400
0,23474900
0,23415200
1,30116500
0,24825200
1,25142300
0,23317900
0,23656500
1,27922100
1,23434000
1,38689400
1,49620300
0,24483000
0,24546200
0,24179200
0,24380200
1,45449800
0,23546200
0,23482700
1,28978000
1,22092300
0,24588400
0,23255900
1,31905600
1,52846700
0,23769200
0,24671200
1,24798000
1,33586300
1,22232900
0,23836100
0,23262100
1,21845600
1,73866100
0,23538600
1,33032400
1,42903800
0,29534000
1,28956500
0,23842600
0,23478300
1,24463600
1,24513500
1,74616800
0,25455500
1,56390300
0,29927100
1,69195400
0,31550900
0,24323400
0,24376300
1,49020900
0,26857900
1,30043300
0,25568800
1,33363900
0,25742900
1,32285200
1,38425500
1,41598700
0,23523100
0,23562400
1,24308400
0,23598200
0,25533900
1,35539800
0,23341200
1,23424800
1,43908900
1,53057600
0,23812500
1,22442400
1,23645500
1,21899200
1,59988300
1,50830700
1,22451900
1,40237300
1,26004200
1,29948400
0,24016400
0,23926600
1,29688100
0,23978500
1,45660000
1,26152400
1,34005200
0,23315600
1,36863100
0,23372900
1,35436500
1,26254400
1,25430900
0,26146900
1,22031600
1,33861200
0,23634500
1,23469200
0,23318500
0,23255100
1,21987200
1,27301500
1,30840600
0,23303000
1,43277600
1,44049900
1,34384200
1,25746800
0,25069500
1,23985300
0,24282000
0,24771100
0,24593300
1,29015600
1,36165700
1,47518300
0,24023400
1,38336400
0,24885300
0,24039500
0,23672700
1,22302400
1,23379000
0,23476100
0,23287400
1,22130300
0,23396400
0,23429800
0,23990800
1,23469900
1,27478900
1,25077700
0,23234100
0,23562400
0,23483000
1,22315500
1,22881900
0,25085700
1,32825800
1,22057200
1,24607400
0,23448600
1,22961000
1,56093500
1,31892700
1,30935500
1,34309200
0,25185700
0,24163200
0,24434300
0,24374100
1,37679300
0,23578100
1,31204300
1,47198000
0,24242500
1,58485500
1,25196700
0,35188100
0,26793600
1,32537900
1,34597300
1,56314400
0,23848100
1,31750700
1,35255700
1,35960400
1,40203100
1,28957000
1,37052800
0,23400300
0,23638800
0,23444000
0,23763500
0,23928500
1,28493800
1,57442000
0,26136700
0,23939200
0,24095200
1,39579800
1,37059100
0,24447700
0,24341900
1,39023900
1,33354600
1,34095900
0,23916900
1,22603000
0,23782400
0,23505900
1,48625500
0,23335700
1,34221700
0,24073900
1,26032700
1,22169200
0,23392600
0,23758800
0,23589400
1,39609800
0,23442000
0,23570100
0,23460300
0,23214700
0,25060100
1,25951500
1,26405700
1,39117600
0,23255400
0,23380100
0,23766800
0,23485900
1,30789600
0,24629900
0,27952800
0,25197300
1,24578700
0,24674000
1,44902800
1,35731000
0,24429200
0,24495000
0,24463900
0,23892300
0,24097300
1,50037600
1,28454200
1,25762900
1,29823500
1,27919500
0,24916600
0,24755700
0,24448300
0,24274200
0,24439400
0,24324100
0,23742100
0,23842900
1,23317900
1,33280100
0,23759100
1,33977800
0,24169400
0,23680900
0,24005500
1,28695300
0,24033400
0,24946600
1,29147200
1,27697300
0,23635000
0,23738500
0,24005300
0,23880400
1,47682100
1,46986300
1,25312300
0,24198200
1,35616800
1,28054000
1,24477000
0,29516200
0,24376300
0,24582900
1,37870100
0,23733200
1,39967100
0,23895600
0,23445900
0,23463500
0,23397100
1,25541500
0,23712700
1,30735300
0,23532900
0,23437800
1,120007100
0,23442400
0,23417100
0,23538400
0,23858800
0,23793200
1,23544000
0,24583200
1,23507700
1,32155200
0,26312200
1,65269400
1,37685900
1,52949700
0,24284600
1,50600300
0,23953100
0,24294500
1,28026000
0,28924700
1,23597200
0,23690800
0,23669000
0,23489500
1,30661100
0,23228100
1,51516600
0,23522300
0,24187700
0,24527300
1,27567200
1,68153400
0,23857300
0,25696800
1,50291900
0,23291300
1,22674200
0,23826600
1,33657700
1,25511800
1,32631900
1,29860800
1,33647400
1,24260900
0,23674100
1,24946900
1,23489800
1,22625800
0,24083900
0,23511100
0,23711800
1,23998200
0,25108500
1,24546500
0,27126200
0,28968800
1,25026600
0,25077100
0,24752200
0,24718100
1,30433900
1,26576100
1,52988000
1,37712700
1,50399700
0,24307700
1,28044300
0,23502600
0,23695300
0,24204500
0,23895000
1,51334700
1,30386300
0,24880700
0,23371100
1,36274500
0,23885600
1,25389500
1,27177900
1,34270200
0,24445800
1,43935900
0,24794400
0,23558300
0,24555000
0,23583300
0,24428800
0,24736200
0,24309900
1,28339500
1,54294200
0,24437500
1,44241900
1,25043600
0,23473900
1,37468100
0,23591500
1,26883800
1,22851300
1,25120200
1,37622600
0,23542200
1,24894000
0,23713800
0,23563000
0,23607700
1,27871000
0,24003900
0,23629800
1,55476400
0,24437200
0,24340000
1,44119700
0,23985100
0,23387900
0,24555100
0,26637300
1,43262700
0,23818100
1,22319700
0,23736800
1,37751300
0,32236800
1,34936900
1,30230500
0,27065200
1,25017900
0,24153700
0,23313300
1,36343800
1,26865600
1,27442800
1,31886700
0,24299000
1,22688000
0,25454300
1,42442200
0,23677000
0,23945300
0,23756000
1,63261800
1,29077700
0,25424100
1,110859600
0,25171000
0,25710000
1,53497400
1,24530900
1,27863100
1,39856600
1,26011300
1,25554300
1,71576300
1,25298200
0,23742900
0,23884700
1,27494500
0,23686700
1,22324400
0,23639600
0,23897100
1,25407700
1,60865400
0,23475800
0,23573000
0,24126200
0,23425900
0,23415400
1,32505000
1,22206000
0,23574900
0,23582700
0,24030300
0,23574300
1,26974600
1,34689300
0,24356700
0,24448900
1,41765200
1,39398200
1,24703700
0,23615200
0,25881100
1,54240100
0,23598400
1,26601500
1,34307400
1,30340400
0,23844600
0,23648400
1,37601300
0,23625100
0,23543900
0,23321900
1,31533900
0,23435100
0,23346700
0,23344900
0,23308300
0,23355400
0,23215800
1,27079400
0,28735800
0,27155900
0,24815400
1,28992100
0,24457500
1,34299400
1,47576900
1,29649000
0,23707300
1,81185800
0,24125100
0,24284000
1,33651500
1,30188000
0,24364200
1,34345700
1,24642300
1,60691400
0,24460300
0,27480000
0,27722600
0,28601900
0,23844700
1,35207900
0,25302800
0,24865100
1,30361100
0,24334200
0,23220800
0,23439600
0,23268400
0,23286600
1,46564400
1,68802800
1,30484000
0,25820200
1,29429100
1,30612600
0,24182800
1,29123500
1,23841400
1,27735800
1,28913700
1,39875500
1,23737100
1,28138500
0,23407400
1,54268800
0,23386200
1,27077600
0,23471400
0,23241300
1,29216800
0,24314700
1,32860800
1,27844600
1,23035800
0,23515600
1,31926900
0,23460000
0,23626600
1,22340700
0,23834500
0,23510800
0,23549800
0,23517700
0,23789700
0,24747400
0,23539700
0,23564900
1,26461300
1,22295600
0,23570300
1,30751700
0,26359300
0,27396400
0,26761800
0,23456200
1,25991600
0,24803300
0,25005800
1,39172200
1,32350700
0,24738600
0,27821400
1,38087500
0,26628900
0,24312100
1,28773900
1,22726600
0,24094300
1,46659800
1,28837100
0,26978600
0,32670400
1,28155000
1,65292100
1,23005100
1,35456400
0,25002400
0,24594700
0,24046500
0,24848100
0,24255700
1,22921900
1,22445400
0,23529600
0,23350400
1,55560400
0,24662100
1,30203100
1,25018200
1,27325700
1,23376700
0,24615700
1,43799100
1,58853500
1,36192700
1,25758900
1,55960000
1,26795100
1,22779500
1,48101300
1,22385000
0,23531900
1,37230200
1,22804300
1,26505800
1,23943900
1,30808200
0,23522900
0,23749800
1,27715200
1,26697600
1,28942700
1,24595200
1,21987000
0,23580800
0,23208600
0,23291700
1,28266200
1,42262400
0,23806800
1,24883900
1,23526100
1,28083500
0,23949400
0,24245900
1,29185800
1,29832800
0,24723100
1,55322600
0,26165100
0,28452100
0,29043400
0,27907700
1,28907900
0,24894700
1,27600000
0,25784400
0,23402400
0,23534600
1,32630700
0,23305400
1,46125000
1,70039800
0,27337000
0,25994500
1,61735500
1,48076500
1,44335400
1,28754700
1,27363000
1,36854400
0,24873000
1,24898900
0,25232500
0,24477700
0,26582100
1,27243500
1,28076500
1,26733800
0,24817100
0,24461600
1,42881000
0,24707600
0,24900400
1,39151800
1,35184500
1,49632800
0,24277200
1,46212300
1,42908200
0,24704100
0,24719400
0,25499500
1,35290800
1,29339400
1,28484900
0,26041200
0,24843600
0,26383700
0,27090200
1,55607500
1,28389600
0,24707000
1,27598800
0,24650200
1,31190600
1,53900400
1,62037200
1,28382600
0,23536500
0,23348500
0,23475400
0,23244000
1,81817100
0,24206200
0,25039200
0,24821100
1,60595700
1,24017800
1,24687500
0,24874500
1,24233900
1,34792200
0,27433000
0,24120400
0,23258200
1,23330000
0,23338100
0,23561700
0,23245900
1,27839800
1,65361200
0,23414300
0,23278900
1,32837000
0,24565200
0,24224800
1,34467000
0,23733100
0,24224700
1,37233800
0,28704100
1,96264800
0,24672200
0,25283000
0,24323900
0,26228700
0,27813800
1,43876900
0,23793200
1,27958600
0,27886200
1,32365700
0,23400000
0,24763700
0,24620000
1,31270300
1,25459600
0,23621300
1,23128000
1,28889400
1,22045800
1,29596500
0,23511100
0,23679400
1,63055000
1,44498900
1,45949900
0,24557600
1,24791600
0,25738600
1,27835300
0,24323300
0,24379300
0,23992700
1,39584700
1,23495300
1,22367500
1,46128100
0,23995800
1,64196800
1,38018100
0,24340000
1,52361600
1,31189900
1,30359000
0,24316100
0,25069900
0,24499500
1,38028900
1,24087800
0,24034000
1,49302600
1,25804400
1,41614400
1,28943600
0,23504600
1,27455200
1,39331700
1,28621100
1,69605100
0,24223100
0,24252000
0,24301700
0,24411000
0,23593400
1,33684400
0,24713000
0,23211300
1,28379900
0,24131500
1,63768100
1,42480900
0,23801300
1,23979800
1,22041800
0,23524200
0,23947200
1,27358000
1,33811800
0,23749100
0,23709100
1,69153500
0,23513600
0,23673300
1,26602300
1,24680300
1,22501300
1,29189800
0,23686100
1,26377300
1,23343400
0,23501600
1,22294900
0,23292200
0,25357100
1,56122500
0,23925700
1,22525700
0,23957900
0,23733300
1,23780500
1,46008100
0,24499900
0,24965600
1,22050500
1,25667700
0,24495100
0,26655000
1,27111700
0,27625800
0,25096200
1,24578800
1,27010500
0,27912700
0,26077800
1,39931500
0,26006100
0,24817600
0,26214500
1,30009800
1,26790100
1,27528500
1,27271900
0,24499000
1,36681000
1,45422000
0,24231700
1,24071700
0,26101000
1,63740900
1,36409900
1,104660800
0,23811500
0,23587600
1,27471700
0,25747800
1,22948600
0,23889400
1,31331600
0,24053000
0,24476300
1,25169500
0,24332800
0,23818700
0,23790000
0,24058100
1,26196400
0,23670800
0,23366500
0,24165400
0,23560700
1,24518200
0,23409200
1,71395700
0,24345100
1,24311400
0,23994700
1,35905400
0,23483700
1,38453500
1,25266400
1,25079200
0,24685400
1,47024900
1,73860000
0,25133200
1,25075700
1,27651800
1,23298000
1,38397700
0,23807800
1,43707400
0,26635800
0,29543300
0,25115100
0,24380400
1,53644100
0,29044400
0,28110400
0,24820800
0,24845000
0,25033500
1,62056900
1,54200600
1,50643500
1,47903900
0,24289000
1,37424300
1,98547600
1,62082600
1,24106600
0,24303400
0,24055800
0,23728100
0,24205900
0,23753800
1,27424800
1,23834500
0,24781400
1,44051300
1,29877500
0,24507600
1,23449300
1,36730300
0,23550700
0,23706700
1,31963400
1,31158700
0,23361800
1,68376700
1,26346800
1,32828100
0,23231600
1,23325400
1,57430500
1,23437000
1,31482200
1,48642200
0,23304700
0,24387200
1,23461800
1,34805100
1,38705400
0,24222200
0,24251600
1,44634100
1,30636600
0,23573300
0,23667900
1,28902200
1,23776200
0,26345700
1,23537400
0,25258600
0,26394200
1,51249800
0,24447500
0,24809100
0,24267000
1,32392600
1,41903200
1,28394400
0,23567700
1,43671600
1,24498000
1,26502400
0,23548400
0,24475500
1,26640900
1,36051900
0,23485000
0,24654600
1,22421300
1,30612200
0,26008500
1,28263900
0,24897100
0,24591400
1,28221500
1,23320600
1,24858600
1,32547900
1,27835100
1,51836600
1,22432000
1,30149100
1,23606400
0,23355100
1,70689800
0,29051200
1,37067300
0,23462900
0,23579500
1,40439000
0,30194800
0,23295900
1,33385000
1,23425600
0,24704500
1,26284300
0,24343100
0,23456500
0,24793900
0,23528100
1,33397800
1,44563900
1,40463200
1,34670600
0,23823300
0,25722800
1,26500500
1,28343500
1,34530300
1,25782600
1,23309400
0,23349100
1,26507300
0,23473200
0,23359800
1,33525400
1,24685100
0,23330500
1,27773900
0,26937100
1,26107400
0,23262900
1,32111900
0,26291200
1,24607100
0,23695300
0,24519000
0,24272000
1,28779800
1,40741700
0,23325600
1,33618600
0,24728000
1,45813200
1,28421400
1,21973300
1,45442100
1,44709300
0,24927400
1,80416600
0,24311400
0,24822000
1,48498000
0,24384900
1,24419500
0,24447100
1,36411700
1,35524600
1,22483900
1,32635100
0,24325600
0,24504200
1,33521200
0,23967400
0,23342300
1,26074600
0,23767800
1,24824600
1,64734100
1,36481300
1,42676000
1,38172100
1,47239000
0,25316500
0,24477700
0,24176400
0,24247800
0,24352200
1,23233000
1,29956200
1,32943500
0,24230500
0,24982300
0,24062700
1,23111200
1,62467700
1,30305800
0,23560200
0,23660200
0,23567300
0,23709400
1,25614100
0,23450000
1,22151300
1,24673600
0,23464900
1,40208000
1,81393000
1,40187700
1,25681700
1,32421000
1,22977800
0,23687100
0,24311700
1,29655600
1,28558300
1,29910200
0,24656500
1,27363100
1,28042100
1,34233700
1,38743700
0,23467300
1,23594400
1,37342600
1,57824100
1,59430500
1,24224400
1,33534000
0,23492800
0,24002200
1,23479000
0,30692600
0,28966000
0,23546500
1,22800300
0,24754800
1,45772300
0,24287400
1,34797800
0,23386500
0,23858800
1,37753200
0,23335200
0,23221200
1,29215800
1,45029700
0,23572700
1,25323100
0,24132700
1,27973000
0,23681500
0,23544900
1,47214200
1,26375900
1,46180700
0,24006200
1,34489100
0,24181700
0,24336400
0,24287800
0,24494900
1,27696300
0,23689100
1,22087600
1,41819000
0,23722200
0,23913900
1,26311200
1,31176100
0,23860700
0,23932400
1,69583100
0,27393600
1,26586600
1,85111600
0,27718600
0,28539200
0,24822200
0,24656300
1,28076800
1,39672800
1,30991600
1,34053800
0,23971200
1,29352100
0,23805500
0,23710200
1,35026400
1,31317400
0,25045800
1,45481600
1,41009300
1,70227800
0,23759000
1,64467700
0,24755300
1,38783900
0,23883700
0,23920700
1,25177000
0,26816400
0,26670400
0,24932500
1,24553200
0,24606000
0,24743000
0,24542500
1,26914900
0,24303700
1,29277400
1,29466500
0,23738300
0,23861100
0,23691100
1,41017700
1,24480000
0,23723200
0,23540000
1,44778100
1,26917700
0,24126500
1,29215500
1,88272600
0,24327800
0,24370300
1,46739700
1,35765700
1,34884400
1,24436000
1,40274400
1,46228900
1,66661300
0,28720200
0,25525400
0,25085900
0,23838000
1,28540200
0,32222800
0,31689400
0,28805300
1,32263800
0,24785100
0,24717800
0,24957800
0,26361500
0,24833900
1,33279300
0,24109700
0,23495200
1,44412600
1,27456600
1,26963200
0,23843400
1,33405500
0,24563500
0,23831300
0,23979500
1,37272100
0,24304300
0,23419800
0,24086000
1,39036700
1,42292300
0,23584300
0,23741600
0,23886100
0,23842900
1,58919900
0,23356200
0,23232400
0,23862700
0,24031700
0,23908600
1,34414100
1,26279100
1,24766500
0,24511000
0,24289900
1,38204900
0,23528800
1,34032200
1,60597100
1,39044800
1,42994900
0,24405300
1,48018500
0,24076700
1,31470800
0,24303700
1,22809800
1,29353400
1,31161600
0,23376600
0,24585900
1,24725200
0,24367600
0,23920800
1,32393200
0,23330400
0,23619000
1,25274800
0,23503800
0,27640400
1,50070400
0,23712300
0,23239500
1,38390500
0,31218100
0,24180900
0,24405900
0,25026500
1,34820600
0,24403400
1,34380900
0,24321500
1,40887600
1,27078000
0,23764900
1,22676700
0,24099300
1,24916000
0,24608200
1,22663500
1,41495800
1,22396700
0,24104200
0,23633600
1,30068600
0,23608900
0,23486000
1,28503400
0,23911600
1,37119500
0,23709000
0,23921800
1,24976500
1,26790200
0,26497900
1,27674100
1,51692000
0,26886000
0,24211900
0,24237800
0,24704700
0,29293100
1,55000000
1,44491800
0,26725700
1,27820500
1,28791200
1,23424100
1,28858200
1,46347600
1,55614000
1,23773100
0,25129100
0,24363100
0,24424100
1,39450800
1,28156800
0,23440800
0,23690700
1,34996700
0,23280200
0,23912600
1,36391500
1,26568900
0,23962200
1,23994000
0,23755700
1,23797000
0,23485800
1,39289800
1,28812600
0,23321700
1,49128200
0,23411600
0,24474100
0,27717300
1,26236800
0,23311100
1,26672000
0,24408100
1,48117900
1,25588200
1,29106300
1,34095400
0,24859600
1,45796300
1,38747400
1,36960600
1,37345900
1,40840300
1,36130100
0,29891900
1,43267600
1,38343300
1,27356200
0,24451200
1,32801400
0,24387900
1,26296100
1,28904400
0,23456300
1,29590200
0,23946800
1,26297800
0,23615600
1,22146900
0,26134400
1,34021300
0,27996200
1,32630500
0,24604000
1,24824600
1,28713400
0,24781100
0,24065600
1,22294800
1,24961100
0,24184900
1,64949800
0,24660400
1,34863300
1,36038900
0,24248300
1,38479700
1,87303800
1,22366100
1,46604100
0,24090300
0,23978400
0,23992500
1,29312200
1,45779700
1,26400200
1,37429800
1,38633400
1,29871100
1,29650300
1,56288200
0,23932000
0,26583600
1,24185800
0,24319900
0,24518500
1,34306100
0,23972000
0,23576400
1,25234500
0,23333400
1,29982300
0,23999200
0,23475900
0,25025700
0,24919600
0,24261700
0,24205200
0,24351000
0,23983000
1,32243200
0,23807800
0,23569900
1,22638800
1,23871800
1,32209800
1,29241300
0,23932600
1,31720600
1,24004100
0,24692100
1,22689200
1,33762700
1,46579700
0,26678700
1,29118500
1,25821500
0,23403400
0,23258400
0,23302800
1,22284600
1,24154200
1,23666400
0,23669300
0,23879000
1,31240600
1,34270500
1,27215900
1,43801300
1,22856400
0,23742500
0,24249700
1,36858100
1,39972400
0,26904100
0,25126300
0,24428700
1,34846900
0,24241100
1,27114100
1,41486000
0,23717700
0,23960800
0,24482400
0,24416300
0,24426400
0,24290800
1,31255100
1,50390800
1,37390400
0,23468100
1,27294400
0,23421600
1,48872600
1,40621100
1,44699200
1,51512100
0,24568900
0,24496400
1,27690800
1,33697800
0,23758800
1,61174200
0,24522300
0,25392800
0,24305700
1,35362600
1,25250300
1,23688600
0,23433000
1,27357100
0,23411200
0,23256700
1,23287300
0,23742900
0,23732900
1,29194300
1,38321800
1,34866400
0,23784000
0,23377900
1,34793000
0,23872100
1,30607200
1,25642000
1,39522000
1,65602100
0,23586100
0,23811000
0,23444100
1,22863200
1,23700800
1,29137000
0,23499100
0,23418800
1,62663200
0,23527800
0,24044000
0,24636600
1,24114500
1,46268600
1,29990200
0,23446600
1,29219300
1,22201800
0,23421300
1,35569000
0,28645900
1,52618200
1,35810400
0,25039100
0,24701100
1,41692600
0,23898400
1,30589300
0,27922600
0,24627900
1,27617100
0,23362800
0,26784900
0,32635300
1,38923700
0,24893000
0,27991200
0,25145700
0,24589400
0,24383300
1,45535100
0,24321700
0,23982300
1,52387400
1,40949600
0,24358600
0,24194900
0,25674300
0,23606000
1,22122800
0,23554800
1,24732900
0,23220900
1,25156400
0,24566200
0,23765200
1,26261500
0,23706900
1,27030800
0,23806000
0,23835100
0,23416300
1,30030600
0,23268700
1,67258100
1,26860000
0,23552400
1,22010500
1,23317300
1,64631500
1,34200800
0,24462100
1,26190200
0,23306100
0,23302000
0,23542500
1,27590900
1,26352100
0,24938400
0,23572900
1,48140600
0,24242900
0,24268000
1,38847600
0,23354300
0,23492900
1,30667400
1,25282900
1,47048700
1,34555100
0,23222100
1,23132300
0,23513500
1,28206200
0,28910000
1,41110900
0,23453200
1,25760000
0,29106100
1,26188200
0,29605100
0,24431500
1,22954400
0,24262500
1,39143900
0,23247700
1,60883600
0,24711300
1,28842000
1,71737400
0,23854000
0,23496500
1,26914300
1,25451800
1,30566600
0,24416600
0,24556400
0,23793700
0,23518400
0,23844000
1,22332400
0,23373100
0,23520300
1,32980300
0,23240100
1,63762200
1,41273400
1,37756300
1,23592700
0,23427000
0,23912500
0,23493900
0,23480500
0,23393400
0,23364700
0,23543700
1,25567500
1,34740300
0,30403000
1,24632400
1,34326100
0,24544200
0,24287500
1,25697300
0,24371700
1,34104200
0,23445200
0,24560100
0,23502100
1,43540000
0,25411700
1,29590900
0,24592500
1,25755300
0,23385700
0,23954400
1,50930700
0,24252100
1,24726500
1,25309300
1,37059000
0,24546300
1,46215000
1,28446300
0,23237800
1,24935800
0,23671300
1,24963400
1,23318300
1,26887100
0,28637200
0,25100700
0,24427600
0,24451000
0,24265900
0,25094100
1,43119900
0,24241900
1,29424800
0,24917800
0,24618600
1,38079800
1,56391900
0,25488300
0,24320300
1,43456600
1,37484300
1,21920700
1,23884400
0,23368500
1,32046100
1,22329900
0,24371100
0,24043800
1,33359100
0,23974200
0,23916500
0,23841000
0,23717200
0,23281900
1,59456600
1,32588400
0,24674900
1,33614200
0,27413900
1,24591100
1,53935600
0,30309500
0,25447400
0,24718100
0,25059000
1,99280700
1,26227300
0,24107800
1,40904600
1,23116800
1,23605200
0,24555400
1,25117200
1,25761700
1,41166900
0,23571700
1,31441100
1,36360600
0,24340200
0,24443200
1,24428300
1,42292700
1,22538100
0,23985300
0,23749700
0,23612100
1,26405600
0,23627800
0,24407400
1,33715400
0,25832600
0,24357300
0,24186200
1,53312200
0,24275900
0,23922300
1,59424400
1,23228200
1,47327700
1,28348300
1,36935700
0,25544800
0,24301300
0,24989400
0,24242000
1,24215900
1,31421700
0,24004100
1,23625900
0,23570200
0,23566500
0,23554800
0,23825200
0,23762200
0,24644000
1,27032200
1,40313500
1,23085100
1,22740300
0,24012800
0,25246000
1,43025900
0,23531200
1,22899600
1,22599200
1,31918800
1,24311400
0,23782700
0,23380900
1,25508800
0,23566700
0,23998300
1,31502400
1,31451000
1,42039000
1,27460200
0,24012500
1,86196600
0,23832800
0,25282300
1,45114200
1,30584100
0,23815600
0,25129900
1,22389200
0,23750600
0,23697800
1,31960400
1,42363700
0,24348800
0,23963600
1,24336800
1,23735500
0,23788400
1,45565000
0,27778000
0,23538700
0,24368300
1,23857900
1,23842500
0,26011500
0,30085200
1,35301600
1,49350700
0,27381700
1,41954900
1,48791300
0,24681600
1,23324400
0,28034400
0,26763900
1,29207800
0,24255800
1,27402900
0,24904000
0,26606100
0,25622200
0,24709900
0,24937300
1,33641300
0,24806100
1,25880600
1,22254300
1,24555600
1,27528000
1,26616100
0,23993600
1,22430000
1,28707700
0,23424600
1,54296200
1,40231700
0,26349400
1,25118800
0,26685900
0,23344200
1,35756400
0,23408900
0,23400100
1,46519000
0,26203500
1,26280900
1,32354100
1,22816900
0,23735100
0,23816600
0,23342300
0,23920800
1,37603500
0,25066300
0,23274700
0,23476800
1,37909100
0,23443100
1,23538500
0,23458100
0,23248100
0,23638100
1,23154200
0,24386100
1,25976900
1,46129400
0,24255900
0,23881000
1,34475000
0,23462800
0,23667600
1,27650700
1,37042900
0,24362000
0,23608400
1,39986100
0,32326700
1,31098500
0,25218400
1,55486400
1,30350700
1,40844200
1,28241500
0,24661000
1,22924800
0,27969100
0,25889000
0,24699300
1,39648800
1,24201900
1,29442300
1,32520300
0,24540600
0,24647300
1,38605900
0,25031300
1,24477400
0,25498300
1,61067200
0,24409200
1,26033000
1,81514400
0,23528300
1,52889100
0,23727900
0,24061300
1,57608500
0,24429000
1,31676800
1,26617500
1,55120900
1,44204900
0,23712300
1,31658700
0,23620100
0,23515400
1,33962700
0,25301600
0,24672100
1,30970100
0,23818600
1,27916600
0,23616400
0,23238700
0,23634800
1,38884400
0,23287000
1,39440200
1,54075000
0,23925300
1,35204500
1,23112200
0,23492000
1,23700800
0,23450500
1,34886800
0,23565600
0,25390000
0,23589300
1,24985600
1,29258000
0,23456800
0,23278100
1,44780100
1,22924300
1,37065900
0,23775900
1,27656200
0,24102200
0,26615000
1,22466500
1,38463000
0,27110600
1,31338900
0,24254600
0,24274500
0,28857200
1,25689300
0,23771300
0,24273200
1,22454400
0,23889400
0,23706600
0,27380900
1,45430300
1,39903200
0,24989700
1,26602100
1,48172500
1,25259900
0,24358100
0,24385600
0,23463900
0,23629600
0,23411300
0,23491600
1,39357700
1,34884200
0,25984100
0,23848400
0,24693200
0,30879600
0,26086900
0,24639300
1,31282100
0,24726200
0,23525800
0,23754300
0,23781900
0,24513800
0,25800500
1,30094500
1,58471000
1,40359500
1,38422800
1,37180900
1,24938600
1,24550000
1,26745900
1,27762300
1,22227400
1,26657100
0,23320200
0,23485800
1,24781200
0,23235700
1,31228900
1,21801900
0,25013400
1,39553100
1,26069700
0,23487300
1,67225600
0,23761500
0,23525400
0,24863600
0,23565900
0,23700200
0,23570900
0,23437100
1,54367100
1,23751000
0,23659100
1,34638700
1,23539500
1,27204200
0,24295500
1,23103200
1,57683400
1,60863000
1,43679200
1,37367200
0,24846000
1,23426700
1,36839700
1,37524500
1,43037400
1,22799300
1,38397100
0,24502300
1,40554100
0,25060600
0,25239700
1,60105100
1,29151000
0,28852600
0,30472100
0,24738500
0,24613600
1,36593800
0,24358400
1,26275300
0,23756900
1,38554400
0,24972400
1,39678700
1,25636200
1,30767100
1,33179200
1,24228100
1,25404000
1,39441700
0,24513000
1,32385900
1,31262000
0,24432200
0,24328500
1,24609600
1,30342800
1,26363500
1,24591600
0,24023600
0,23588100
1,40862800
1,22263800
1,57278000
1,23745100
1,26904100
0,23568400
1,55064000
1,28603600
1,40633000
1,34040200
1,56484500
0,24683600
0,24292300
1,32593400
1,28792700
1,38975800
1,32201400
1,31538100
0,24326400
1,24633600
0,23679100
1,45762000
1,52550300
1,97055000
1,28103600
1,22104000
0,23504700
1,23762700
0,23672300
0,24108300
0,30881100
0,25117700
1,32816600
0,25880100
0,30852900
0,27542900
1,41241000
1,22880300
1,30965900
1,26653800
0,24294000
1,25894600
0,23632600
1,42683000
1,25578200
0,24566500
0,23595000
1,24787100
1,25015500
0,23851800
0,23948700
0,24039900
1,55728000
1,22347200
1,36217200
1,34178000
0,24031600
1,24572300
0,24056000
0,23404500
1,68452700
0,23706300
1,63640300
0,24038200
1,29804600
0,23284300
0,23540300
1,32132100
0,23526200
1,63228100
0,28267100
0,26679200
1,26584500
0,24090700
1,130677700
0,24054800
0,26485500
0,26039500
0,24398800
0,24382300
0,25129300
1,24202400
0,23449800
1,40245400
1,22738900
1,22242800
1,22674200
1,35031300
1,39669500
1,24899100
1,21902100
0,23455100
1,29364300
1,21938300
1,22126100
0,23478900
1,48567800
0,23300700
0,23522200
1,37178800
0,24216800
0,31112300
0,27396800
0,24515300
1,26688900
0,24290300
1,29041600
0,24084500
1,35167500
1,109957000
0,24357900
1,89535500
1,25801200
1,53902000
0,24249700
0,25994500
0,23899900
1,24285700
0,23801400
1,29320900
1,34665500
0,23683700
1,41706400
1,41313800
1,47730700
1,26888900
0,25678100
1,93716200
1,109743400
1,33237500
1,38386900
0,25969300
0,24818500
0,25948100
1,32055900
1,32089800
0,23902000
0,27321100
1,56271600
1,24100300
0,24333000
1,28589100
1,46304200
1,28158800
1,56951500
1,47141000
0,23301600
1,24606100
0,23334800
1,23834400
1,25813100
1,23974300
1,37884500
1,24846600
1,23807700
1,29788900
0,24883400
1,34513000
0,24465900
1,22659500
1,22121200
1,38983500
0,23575600
0,27073600
0,29210800
0,26254600
0,23270100
1,67806500
1,64355400
0,24212800
1,36297400
0,23967900
0,23556200
1,30458600
0,24104500
1,24630100
1,23463900
0,23423600
1,29739600
0,23306600
0,23503200
1,34641400
1,22548400
1,22567600
0,23461500
1,30042100
1,46951300
1,23969000
0,23656500
0,26845700
1,54569000
1,36107800
0,24215300
0,23806500
0,25000300
0,23993100
1,27080900
0,23807100
0,24634700
0,24310600
1,26322400
0,24487900
0,23455100
1,33101000
1,83668400
1,56475300
0,24227600
1,59817400
1,72230000
0,23870400
1,34956600
0,23614400
1,87073000
1,32465000
0,24719500
1,33277600
1,25490200
1,22627300
1,45283900
1,23022900
0,25009900
1,33077900
0,23416700
0,25177000
1,54196900
1,33024800
0,27173100
1,43015200
1,68189700
1,45584800
1,28675200
1,23094400
0,24526900
0,24780900
1,53520800
0,24274200
0,24167100
1,29991600
1,23571000
1,32029400
0,23443800
0,23581500
1,21900100
0,25197500
1,23684200
1,23798700
0,23457100
1,28344800
1,43032700
1,22054800
0,23500800
1,22190400
0,23849800
1,27809200
0,23872700
0,23451900
1,21840100
0,23232900
1,41845300
0,23310300
0,23696300
0,23401600
1,33577600
1,37168100
1,46515900
1,23804000
0,23415900
1,38412700
1,31292800
0,24252900
0,24268700
1,54231800
0,24471600
0,24207200
1,26518300
0,23579600
1,41603100
0,23448700
1,43392100
0,23208800
1,37141500
1,21902500
0,28843900
0,26362500
0,23566500
0,23685400
0,23760300
0,28219800
0,27675600
0,26032400
0,32109700
1,52927600
1,39962300
1,67578400
0,23847000
1,47648200
1,23326500
1,31247000
0,23395800
1,32094900
1,23784500
0,28332000
0,27957400
1,39131700
0,24348000
0,24213600
0,24434100
1,30102900
0,23711300
0,23732100
0,23685000
1,44594700
0,23316400
0,23561000
1,27862900
0,25656000
1,68165400
1,37120000
0,23439100
1,27957300
0,23666000
0,23757300
0,23436600
1,26757800
1,36033300
1,29694100
1,26893300
1,30955400
1,24529600
1,26789800
1,22392000
0,23830300
0,27536500
0,23405100
1,45751200
0,24712200
0,27853400
1,44683600
0,24276800
0,24497600
1,25495100
1,38973100
1,49082700
0,23382800
1,34966600
0,23614600
0,23662400
0,23674100
1,45277500
0,23563900
0,23575700
0,23695500
1,42992800
0,23612400
0,28295700
1,39418300
0,24031500
1,23007500
1,26276200
1,33216900
0,23785000
1,35129200
1,58015400
1,45032100
0,27222100
1,42976400
0,29855400
0,25476200
0,27633300
0,27656500
0,31421700
0,28562600
1,26615300
1,34168800
0,28557600
1,29723700
1,30401600
0,28486400
0,28782700
1,29605700
1,44570000
1,67146300
0,27139900
1,60416200
0,27250800
0,27592900
1,48751000
0,28525900
1,43772000
1,53735900
0,27419800
1,26282000
1,46681100
1,25439800
1,50859400
1,30824700
1,41022800
1,28589600
1,54196600
0,28129600
0,25281700
1,42215500
0,24191900
0,24217700
1,36682500
1,49319400
1,36357100
1,26174700
1,45130800
1,31025700
1,47695100
0,24051300
1,23328800
0,24830400
1,23292700
0,24749000
0,24593300
0,23720900
0,23493000
0,24098500
1,24313500
1,46040500
1,30474300
0,23642700
0,23903400
1,48237400
0,24019500
0,23538200
1,27633900
1,27858300
1,23607200
0,23929200
0,24051400
1,33009500
1,36389800
0,23211300
0,23360200
1,60897300
0,23306400
1,25329100
0,27148200
0,26291400
0,28164400
0,26250500
0,27725100
0,25513200
0,28641600
1,40357800
1,27721400
1,38721400
0,28006000
1,35233200
0,24968300
1,23431000
0,25463600
0,24672000
0,23520900
1,23350700
0,23484200
0,24473400
1,47762100
1,33845000
0,23591500
1,33404300
1,52130100
0,25591800
1,59122400
1,31128100
0,24358800
0,24319100
1,29259700
1,28429900
0,23529500
0,23950100
1,47746600
0,23749300
0,25048000
1,87763500
1,30504100
1,34449900
1,27010800
1,67617200
0,23891500
0,24139100
0,24727400
0,25163500
0,23757600
1,44770800
1,50118100
0,24469800
1,52925400
0,23351400
1,44274900
0,24148400
1,45830900
0,23778700
1,22436900
1,40939800
0,23409200
1,24790400
0,24036400
1,27237500
0,23472200
1,33458600
1,56012100
0,24295700
0,23803300
1,32583000
0,28047200
1,31330800
0,25414100
0,25970200
0,28547700
0,27647100
1,25719300
0,24144000
1,26983400
1,26278100
0,25619100
1,23247900
1,57801100
1,46967900
1,56942000
1,23479500
0,23443800
0,24833100
0,23866500
0,24618300
1,29035500
0,23929900
1,25987900
1,35826600
1,27865400
0,23750200
1,38966700
0,23464700
1,33533000
0,23219100
1,35319200
1,32507500
1,41093100
0,24037100
1,25342800
0,24277000
1,29257100
1,87679200
0,31446000
1,22397000
0,24345800
1,39490100
0,24651300
0,24691100
1,39486500
0,25620400
1,39577500
1,43381900
1,30042800
1,55169000
1,49342000
1,27732300
0,23488400
0,23323100
0,23711300
1,22059500
1,29474700
1,47663500
1,25355600
1,28776500
0,24724300
0,23316400
0,23255400
0,23337500
1,22196400
0,24000200
1,32806000
0,23629200
0,23689400
1,23645200
0,23570700
0,23681100
0,30600700
1,28031100
1,48133800
0,24387300
0,24226500
0,24498400
0,24366800
1,41736500
0,31752100
0,29717000
1,49344300
0,27519800
1,38497600
1,72377400
1,26289400
1,45786800
0,23859000
1,26809700
1,24909300
1,37556900
0,24462300
0,24262100
0,24341900
0,24111100
0,24050500
0,24005000
0,23794000
1,67234800
1,44854500
1,46546000
0,25206500
1,24579800
1,27939100
1,24512800
1,34978700
1,58159900
0,24102400
0,24101600
1,24202000
0,23651300
1,27356300
0,24623400
1,35047800
1,29136600
1,44668900
1,27038000
0,23614500
0,23683800
1,38311400
0,23903400
1,26334100
0,23522300
0,24906500
1,92531600
1,27501600
1,27680800
1,23544300
1,32286900
0,23446200
0,23461600
1,52044600
1,44579100
0,24337200
0,23254300
1,29614700
0,23913400
0,23620300
1,23891700
0,28567800
1,26185900
1,47269500
0,24393600
1,27706200
0,24600800
1,28158400
0,24191200
1,39354400
0,24211100
0,25147200
0,26954300
0,23258700
1,23337900
1,47332100
0,24183900
1,50396800
1,32218700
1,23305200
1,27477200
1,26005800
1,24838700
1,36915400
1,26727100
0,23402100
0,23216100
1,31255700
0,28551400
1,32333900
1,30026500
0,23761600
0,25208200
1,23043400
0,23912900
1,36075400
0,24104700
1,22713100
1,32304700
0,23912500
0,24166800
0,23448400
0,23797700
0,24506800
1,26585300
1,48015400
0,23734700
0,23185800
0,23478300
1,28998000
1,33368500
1,28795900
1,29160600
1,37933600
0,23754600
1,32967500
1,56348300
0,23419700
1,33976800
0,24017600
0,23644300
0,23668800
1,40470600
0,23526300
0,23842500
0,23807000
0,28323500
0,30814000
1,23650800
0,24265400
0,25575700
0,25524800
1,30419400
1,26115100
0,26669400
0,23934400
1,38636900
1,31086900
1,41528300
0,24893200
0,24873200
0,24469200
0,24797500
1,39545100
1,29287800
1,27158800
0,24996000
0,24306200
1,30547900
0,23232200
0,23337100
0,23193000
0,23429100
0,23225300
1,48659900
1,31143700
1,24971000
1,21944100
0,23354900
0,23366500
0,23457400
0,23178200
0,24032600
0,23199400
0,25695300
1,42883100
1,24962300
0,23785200
1,38511300
1,23786700
0,23866100
0,27927800
1,28854100
1,51841700
1,26191800
0,23564500
1,56089000
1,24050800
0,23234700
1,27955100
1,23289700
0,24179000
1,39177400
1,52291500
1,25144500
1,24971200
1,57862600
1,24016200
0,23756300
0,24437200
1,22218200
0,23408000
0,23289200
1,23437000
1,52990200
0,32028800
1,39473600
1,27998900
0,24877000
0,24738700
0,23890400
1,31200300
1,26542300
1,25064100
0,23549100
1,40197900
0,24424700
1,62392300
1,42577800
0,23212200
1,30936300
1,31117600
0,26246800
0,24779300
1,30294400
0,24952100
0,24548800
1,29367600
1,44233100
0,24052300
0,23799900
1,31084100
1,28698300
0,23290900
0,23561900
1,33500600
1,38556700
0,23746700
1,83288600
1,30131800
0,23275600
1,53169300
1,36980500
1,23649300
1,25058000
0,23632600
1,57827100
0,23300700
1,47959900
0,23408700
1,26842700
0,23746800
1,38473900
1,42235000
1,29925300
0,23366500
1,31748300
0,23383500
1,30558800
0,23236600
1,48352200
0,23606600
1,25003600
0,24650000
1,38265500
0,24146200
1,28874000
1,34344800
0,29400600
0,29724500
0,28806800
1,54215900
0,23926200
0,23812500
0,23720900
0,23804900
1,22366300
1,56906000
1,39496700
1,35812500
1,33461500
0,23324700
1,32053600
0,23490100
1,26202400
0,26119500
0,24901500
0,29347400
1,24032700
0,23512300
0,26189600
1,31767400
1,33111500
1,22856200
0,24415200
1,30267100
1,49382000
0,23695300
0,23806300
0,23879600
1,33339900
0,23350200
1,31891800
0,23405400
0,26221100
0,29348600
0,23380900
1,23920400
0,25001200
1,38903600
0,25024700
0,24609800
0,24270100
1,24897300
1,25579500
0,24862000
1,28545500
0,23958500
1,22100200
0,23419500
1,36352100
1,38981600
1,29112600
1,65780200
0,24295600
0,24116800
1,124325100
1,74855000
0,23534500
0,23525400
1,39493800
0,23391600
0,24169900
0,27179200
0,23513100
0,25659800
1,34301000
1,45284400
1,67014000
1,32944600
0,23512800
1,25913200
0,23418900
0,24140300
1,37049800
1,30278100
0,23406900
1,66552400
1,31022000
1,23352500
0,23647000
1,28593800
1,30045600
1,51940500
0,24886400
0,25447400
1,46461100
0,25589000
1,25235100
0,25273400
1,48304500
0,24483200
0,24797600
1,41610300
1,35388000
1,26951100
0,25440400
0,24904800
1,37044900
0,24812500
1,46239400
0,23964800
0,23725300
1,38944400
0,24851800
1,33748600
0,24030300
1,23180500
0,23891600
0,23509600
0,23723600
0,23495700
1,32065600
1,68669200
1,23085300
0,23415300
0,23426800
0,23470700
1,23608500
0,24311700
1,41700300
1,54816900
1,27396600
0,23364400
1,46479000
1,27744100
0,23353000
1,28214800
1,29516400
1,29785300
0,23812000
1,22153400
1,28712400
1,41953800
1,30153300
0,23445600
0,23631500
0,23235100
1,29504900
1,40443900
1,36777000
0,23840200
1,29246700
1,71246500
0,23237500
0,23746200
0,23291200
1,30537900
0,25857600
1,51753300
0,24073800
1,33467000
0,24503700
1,22775600
0,24561100
1,24771700
1,27898000
0,23831700
0,23541100
0,23980200
0,30570600
1,40718900
1,37316400
1,26139100
0,24700900
0,24365000
0,24487900
0,24532000
1,39919600
0,23973400
1,73290000
0,23880400
1,26533500
1,46038500
1,34838300
0,23291400
1,23733500
0,23357600
0,23648900
1,36190200
0,24035200
0,23896500
0,23772000
0,23754000
1,25442900
1,22324700
0,23954600
0,23434100
0,23821000
0,24266700
0,24735800
1,35242600
1,41014000
1,23851800
1,24971600
1,23953300
0,23660600
1,31914000
0,25494400
1,36698800
1,48578800
0,24885900
1,23407500
1,25563300
1,47546300
1,33654000
0,23950600
0,23916100
0,23977000
0,25232800
0,23716100
0,23499400
0,24087000
1,33184700
0,23519900
0,23788200
1,28142700
0,23483100
0,24802500
0,27506500
0,23492100
1,45348200
1,23094300
1,31474200
1,52719100
1,39468400
0,23436100
0,23653300
1,31693600
1,61397100
0,29779800
1,36657400
1,130758100
0,24261100
1,38993600
1,24300500
0,25043200
0,24331600
0,24300300
1,23262100
0,23926300
1,42213500
1,33214200
1,28136200
0,23796700
0,23341400
0,23607500
1,35758200
0,23441900
0,23394900
0,23599700
1,27849700
1,29476900
0,28153200
0,29823500
1,38206900
0,24698700
1,70844800
1,40220100
1,49503400
1,32417800
0,23944900
0,24165000
0,24985300
0,24825100
0,24755900
1,24565400
0,23485100
1,38645700
0,24964300
1,45247700
1,35464700
0,23437000
1,42797700
0,23357900
0,23524300
1,26319300
1,41524900
1,25937000
0,24092600
1,31254100
0,27751700
1,39214400
1,79571800
1,48620100
1,57887300
0,23451700
0,23496900
0,23307000
1,35027900
1,41778700
1,34814300
1,25090400
0,23810000
0,25358900
1,25334600
0,24166600
0,23467700
0,23482600
1,38577500
1,27298900
1,27366100
1,25718300
0,24242900
0,24343600
0,24528500
0,25088400
0,24191500
1,33415700
1,28671000
0,23434500
0,25061400
1,58751000
0,24120500
0,23913100
0,28911000
1,29265800
0,23761800
1,45193300
1,48068400
1,30129800
0,24470400
0,23879400
1,29762600
1,27693700
0,27596500
1,33086800
1,73991500
0,23671600
1,24015500
1,22824200
1,23614300
1,57431600
1,34630500
0,23707800
1,33083200
1,41264400
1,37386400
1,30571800
1,27358800
0,26176900
0,29148600
1,33047300
1,26198000
0,23922900
1,23185100
0,29305000
0,23838000
0,23885900
0,23691000
0,24674600
0,24363300
0,24239700
1,26129500
1,46864900
0,23404200
1,24549500
1,22236500
0,24352000
0,24691700
1,23450200
1,36630700
0,26183800
1,62645000
1,65241000
1,75865200
0,23400600
1,101007400
1,58728700
1,24571400
1,40735400
1,36756800
0,24444700
0,24359900
0,24127600
1,43712200
1,23813000
1,40339200
1,24513000
1,33331500
0,23275500
0,23466300
0,23312200
0,23576900
0,23839400
0,23295600
0,24448900
1,49267600
1,84382300
0,23662500
1,35714800
1,32226800
1,39316600
1,46945300
0,30156900
0,30501700
0,24555100
1,36808300
0,25451100
1,23293900
1,60493500
1,36799900
0,23628800
0,23489500
1,33742000
1,69843800
0,23441100
1,24270600
0,24279300
1,57263800
0,24267200
0,24055800
0,23876100
0,24328300
1,24617300
0,26050000
1,29257100
0,33930000
1,24674700
0,24802100
1,29127700
1,30633800
1,47765700
1,31054200
0,24255700
0,26215100
0,23630600
0,23219800
0,23808700
1,25596700
0,23772400
1,47405900
0,24039200
0,23618600
1,35662000
0,26805700
0,29588900
0,25492000
1,29371900
0,24359800
0,31120200
0,24781200
0,24573400
0,23795300
1,62886200
0,23524400
1,28043300
1,33912900
1,34029400
0,26093400
1,61660700
1,24149700
1,26744400
1,22289100
1,27951900
1,45707200
1,33540900
0,24420400
0,23462300
1,29475200
0,23363800
0,23703600
1,35882000
0,23766300
0,24251200
1,45091500
1,24937600
1,31050200
0,23367200
1,35979700
1,43076400
0,23532100
1,76464800
1,41574700
1,35934400
1,24632500
0,23307700
1,60900100
1,55428200
1,29707300
0,23984800
1,27365200
1,28181300
0,24671600
0,24027400
1,34171000
0,23814200
0,23731300
1,37871900
1,51420400
1,22059400
0,23808300
0,23829500
1,25175100
0,23914400
1,34423200
1,49804100
0,23413600
0,23236400
0,23560000
0,23268700
0,23344300
1,58399200
0,27027500
1,27657300
0,28728800
0,25276900
1,50173800
1,55673000
1,26786900
0,24155000
1,32966900
0,23732700
0,23807400
0,24368700
0,24616000
0,26797700
0,27602200
0,24847600
0,24708400
0,24768800
1,23399600
0,24694300
0,23651500
0,23906000
1,30014000
0,23812000
1,25315000
1,31883200
0,28617500
1,25858900
1,41456600
1,34783400
0,23677300
1,68630300
0,23180000
0,23434000
1,65357000
1,43664900
0,23210300
1,31006000
1,22854700
0,24170500
1,53356500
1,34887400
0,23565700
0,23389700
0,23751900
0,23915900
1,24132600
1,24078600
1,29619800
1,23491400
1,24769100
0,23413000
0,25139200
0,23555800
1,23250900
0,23602900
0,26984700
0,23789800
1,31031000
1,35068000
0,25325400
1,38829400
1,34102600
1,30362100
0,23396700
1,69084900
1,38762000
1,24409100
1,24234400
1,29962000
1,25081600
1,28949400
1,25922100
1,45443700
0,28957800
1,23903800
1,49097700
0,28343500
0,28169000
1,66236100
1,24972500
0,24881000
1,28226600
1,74936900
1,50935800
1,22611800
0,23732400
1,50117000
1,34919200
0,24734200
0,23412900
1,37673600
1,31668700
0,23567000
1,31985400
0,23848000
1,33995800
0,23832100
1,29845300
1,42116200
1,33913700
1,23969800
1,49952000
1,33617500
1,53146000
1,24516800
0,24277300
1,36584700
0,31171500
0,25004000
1,22772400
0,23718300
1,23475200
1,22102900
0,24722400
0,23437600
1,22274600
0,24132500
1,39660500
1,36640500
1,40213700
1,22085600
0,23631600
1,30555500
1,22187900
1,24950800
1,25573100
1,22098600
1,31379900
0,23467600
1,22945400
0,23750900
0,23470000
0,29025900
0,23505200
1,36431800
1,23499200
1,24942800
0,24605500
0,23461500
0,24040500
1,23987700
1,61388100
0,24085900
0,27330500
1,34161400
0,25112200
1,32269400
0,24298200
1,22937100
0,24639500
0,25204200
1,23520900
1,27988900
1,29142200
1,27942200
0,23236000
1,23538700
0,23548300
0,23485500
0,23882400
1,22290200
0,23553200
0,23578900
0,23700900
0,23885800
0,23398000
0,23492700
0,23648700
0,23365600
0,23348300
1,31174100
0,23372800
1,24621900
1,60927600
0,24288400
1,22888100
1,34272500
1,50597500
0,23308400
1,26351000
0,23755700
1,28697300
0,24028800
1,52918700
1,40066900
0,24201600
0,25255100
1,26533400
0,24764500
1,29115900
1,27958100
0,24517200
0,23982900
0,23677300
1,24499800
1,22482500
0,23487100
1,31806500
1,28683900
1,57072700
0,23596700
0,24058200
0,23441500
0,23550800
1,31158700
1,53459500
0,23294800
1,30474200
0,23457200
0,23614300
1,36899600
1,34343200
1,22896700
1,21994100
0,23965100
0,24283600
1,22877100
0,24168800
1,50580700
1,25224300
0,23315000
1,59898600
0,23950300
0,23658400
0,24719900
0,25020300
1,46572500
0,24002200
0,23884800
0,24448500
1,24011900
1,38384400
1,22219200
1,36208900
0,23417200
0,23553600
1,22029400
0,23616200
0,23379000
0,24003200
1,28871700
0,23306700
1,69207500
0,28621100
0,23997900
1,97453600
1,24019700
0,32516100
0,31296600
0,25508200
0,27030300
0,24884700
0,24806900
0,25239100
1,33781700
1,22089600
1,46042400
0,23701300
1,24416100
0,23706600
0,23882200
1,24630000
1,51503700
0,23791800
0,23842100
0,23354100
0,23311700
0,24019300
1,30569300
0,23232500
0,23362900
1,23064000
1,29720700
0,23215400
0,23629300
1,56437800
0,23263300
0,23401500
1,28978900
1,29933600
1,74138300
0,23987500
1,47166600
0,25635700
0,23552800
0,23345600
1,29755800
0,25094900
0,23241700
0,23655500
0,23535900
0,24808200
0,23644900
1,39184100
1,28475200
1,28164600
1,24833500
1,32788600
1,22922300
0,24700800
1,31768000
1,32894100
1,23569300
1,23974600
0,23705400
1,59630800
0,23524600
1,24908600
1,43986200
1,43246600
1,37459900
0,24274300
1,50701500
0,24347500
1,42609800
1,24815500
1,31377800
0,26148700
1,45601700
1,59513900
1,24868000
0,23458700
0,23447400
0,23761200
0,23136100
0,23321500
0,23539300
1,23144500
0,23343600
1,26362000
1,30439600
0,27684300
0,23741800
1,77012100
1,42976100
1,39109800
0,29557200
0,23306300
1,21954500
0,23246600
0,24492300
1,37256700
0,23999700
0,23569600
0,24281300
0,24566000
1,58694400
1,29453000
1,37542700
0,26323100
1,39182900
1,51786000
0,24800100
1,63837100
0,23812700
0,23884600
0,23731000
1,36792900
0,23320200
1,37625800
1,29664100
0,23412800
0,25656600
1,49080500
1,27687600
0,24688000
1,51444700
0,24470000
1,37356200
0,23916800
0,23670700
0,23531400
0,23794400
1,37841800
1,29185500
1,48403600
1,37965200
1,27568200
1,23181200
0,24316400
1,40217700
0,23768400
0,23820400
1,65460100
1,23760900
0,23425900
1,27955400
0,23828400
0,23805700
1,128961300
1,21979200
0,23293600
0,23643400
0,23296900
0,23477800
0,23289500
1,28581000
0,23493100
0,23260000
1,112672400
1,27167400
0,24222800
1,27824000
1,39941300
0,25342600
0,24240200
0,24205200
1,24174900
0,25985600
1,86241600
1,39900600
1,36996500
0,24655800
1,23933100
0,24699000
1,22549900
0,23816900
1,24347300
1,41155700
0,23257700
0,23886000
1,52530000
1,27639000
0,23516200
1,28535400
1,26423000
1,28254900
0,23908600
1,38532900
0,30377600
1,36544000
1,25957900
0,24765800
0,24740000
0,24919300
0,25049400
1,22288600
0,28217500
0,26924600
0,23730800
1,67582400
1,28462300
0,25498900
1,50338700
0,23653700
1,27900500
0,25993100
0,23364700
1,30161100
1,63514400
0,23796600
0,24915700
1,28810700
0,23836800
0,24519400
1,53201600
0,25202500
1,29634100
0,24255100
1,30538900
1,22766300
0,24297900
0,24238600
1,24476400
0,23322400
0,23309700
1,22085800
1,44860100
0,24702700
1,24485500
0,24195300
0,25622000
1,24163600
0,23769000
1,32647700
1,52446200
0,23468400
0,26262600
0,27259700
1,25681600
1,27708600
1,31300400
0,23723800
0,23539400
0,23917300
1,32700500
1,23130300
0,23569800
0,23350500
1,22392500
0,23850100
1,47527400
0,23907600
1,69191600
0,23328700
0,23791200
0,23229200
1,28867400
1,49752900
1,23307300
0,23299900
1,29369100
0,23334600
1,44322000
1,42442700
0,27771000
1,31826800
0,25024800
1,25661600
1,41605500
1,23161700
0,24501000
1,25963000
1,72843800
1,35541500
1,49722300
0,23323500
0,23282300
0,23273400
0,23239300
0,23931900
1,41366800
0,23525100
1,31461300
1,41276000
1,22168400
1,28715700
1,50003700
0,23454300
0,24072400
1,27629500
0,23316700
1,22001800
0,23542400
0,23294500
1,38716900
0,23861100
1,57799400
0,23434700
0,23811900
0,23942800
0,23852700
0,23769500
0,23352500
1,62440700
1,32248400
1,28351000
0,28965700
0,31852800
0,27867700
0,30622100
1,32047800
1,43431400
0,24616900
0,24534400
0,25367600
0,23983000
0,24285300
0,24417100
1,26359700
0,24261500
0,24240000
1,32922900
1,30347100
0,23321700
1,46757100
1,23082000
1,25925800
0,23334300
1,29744800
0,23242400
1,28251900
0,24078200
1,26874300
1,36460100
1,26908100
1,29507400
0,29400400
1,67859400
1,37915500
0,25413700
0,25162500
1,35839000
1,24270600
1,24223100
0,24251800
1,38351300
0,23738600
1,22528300
1,23685000
0,23513800
0,23766400
1,22334000
1,35049000
0,23681100
0,23661900
0,23497000
0,23768900
1,38612600
1,61609100
1,22106400
0,23834300
0,23649600
1,24975500
0,23987000
0,23449600
1,27917200
1,29399900
1,39031000
1,31139400
1,22637800
1,30706400
1,34185800
1,22049800
1,58836600
0,23941200
1,34934000
0,23806200
0,24028100
0,23884900
1,37920700
1,61047400
1,45652300
0,23360700
1,31382100
1,28757100
1,46506300
1,94801400
1,24998200
0,24541200
1,32804000
0,23313300
0,23300800
1,23475300
0,24007900
0,23272200
1,27889600
0,23315600
1,45665500
1,29975200
1,32455900
0,24101400
1,32444600
0,25041500
0,28716800
1,36553200
0,32374800
0,24828700
1,27585100
1,44346300
1,29541800
1,24719800
1,27650400
1,23680600
1,57478700
0,23491300
0,23438100
0,23358600
1,49451400
1,69842700
1,33435800
0,24234800
1,41884500
0,24079700
1,22357900
1,38878300
0,23448100
1,34943100
1,70523800
1,29974800
1,70914400
0,23808000
0,23580100
1,72096200
0,23404000
0,23740300
0,24838600
0,24723700
1,55129500
0,23805600
0,23692000
0,23371000
1,31276300
1,30322500
1,39020300
1,24695200
0,23337800
0,24744700
1,22096200
1,24307600
0,28276200
0,23805100
0,23295900
0,23372500
1,48811200
0,23762600
0,23780200
0,24553700
0,24994500
1,24401300
0,24242100
1,40579100
0,24553800
1,48938300
1,40015000
0,24513600
1,33818600
1,34586700
1,24885100
1,42148700
0,23864600
0,24602800
0,26228500
0,25678900
1,31368900
0,27043600
0,23857600
1,26899400
0,24291400
1,41167800
1,22940300
1,50138100
0,23948400
0,23869200
1,27227900
0,23593700
1,29772200
0,23504800
0,23436200
1,35111900
1,61732500
1,29179400
1,43686600
0,23874100
1,30527300
1,32955800
1,26667700
0,23227600
1,28046800
0,31217700
0,27345600
1,32752400
0,24705500
0,24504100
1,33337200
0,28254500
0,23764400
1,22953900
1,40872900
1,29737100
0,23582500
0,23961600
1,24817700
0,23884200
0,23670100
1,27761400
0,23733500
1,26222100
1,24815200
1,26221600
0,23435400
0,23634500
0,23552600
0,23537400
0,23438900
0,23514200
1,41724700
1,23573500
0,24300500
0,24514000
1,50139000
1,33616200
0,24145400
0,26525400
0,26386700
1,23143100
0,23706600
0,24420700
1,28669500
0,29044300
0,25692300
0,23911100
1,22410900
0,23844100
1,29419800
0,23257800
0,23492700
1,28808200
1,66915400
0,23764400
1,31470400
1,41082100
1,53863700
0,24480800
1,29923000
1,34767200
0,24336400
0,24436200
1,24411900
0,25717300
0,24502500
1,30557100
1,37851700
0,23399400
1,25865100
0,23801400
1,55158600
1,22236900
0,23594400
0,23621200
1,49276100
1,24178000
0,23810800
1,30365800
1,25890400
0,23480400
1,27974000
0,23689900
1,38097900
0,23824900
0,23275800
1,23338800
0,26918100
1,24453300
0,23570500
0,23584500
0,23751300
0,23780000
1,26573000
1,26656200
0,25040700
0,23417100
0,23457500
0,24428000
0,23349800
1,36114500
1,25899600
1,39117400
0,23940700
1,24667900
1,39691100
1,25749400
1,23126100
1,29393000
1,32995700
0,25767900
1,25282500
0,23904200
0,25547400
1,26788600
1,35520500
1,53503500
1,23631600
0,24948500
0,23819100
1,29518400
0,23809800
1,36174600
1,51119900
0,23667000
1,43399700
1,43779700
1,36302300
0,24863000
1,27332400
0,34587400
0,24930500
1,24436200
1,58065500
1,28247700
1,22317500
1,41382000
1,24179800
1,24032200
0,24399900
1,24448500
0,23620600
0,23298700
0,24141600
1,26469400
1,36605400
0,23786700
0,26740600
0,28608300
0,23899800
1,29535000
1,44628800
0,23360000
1,24926700
0,23790500
0,24440100
1,24531800
1,25304000
0,23967400
0,23799400
0,23444300
1,28891400
1,56137400
0,23529500
1,49007100
0,23551300
0,23358500
1,22218800
1,37370200
0,24032700
0,23351200
1,43451100
0,23615200
0,23736600
1,52830100
1,27810500
0,23746400
1,32640700
1,57107900
1,47887200
0,29628700
0,25574200
0,26497100
0,24806500
1,28058900
0,23500900
1,32196900
1,29212700
1,58774900
1,26318200
0,23404700
1,35417800
1,24546100
1,21986600
0,23557400
0,24825800
1,22810900
0,23434700
1,29402500
0,23743200
1,30159000
1,92080900
0,27430800
1,25748000
0,24566600
0,24830700
1,51088200
1,22232600
1,27173800
1,55949100
0,25526700
1,27294800
0,24105400
1,28668300
0,29157400
0,23953700
0,23835000
1,56256200
0,24865100
0,23770300
0,24466700
0,23437200
0,23470100
0,23394700
1,29938300
1,23269300
0,23332900
1,53615300
1,22911800
1,42002100
0,23299900
0,23440600
1,25125100
0,23305300
1,74859600
1,53074500
0,24025000
0,23817900
1,32302700
1,40491500
1,23618400
1,23450200
1,26668600
1,22455500
0,25431900
1,35376300
0,23454700
0,24219600
0,24343100
1,28667200
0,24130700
0,24411000
1,38910900
1,41188000
1,63413000
1,24847100
1,23598600
1,24856900
0,23442600
0,24072700
0,23696000
0,24046300
1,23711000
0,23601000
0,24895300
1,33789400
1,34326400
0,24101700
1,24897100
0,23495100
0,25452200
1,34349600
0,23966500
1,22323700
1,36695000
1,26397500
1,29349300
0,24380900
1,26937000
0,25011000
1,43540000
0,27948800
0,26320600
1,58685100
1,58767200
1,40413800
1,25823400
0,23780500
0,24612000
0,25543000
1,40066700
0,23738000
1,30373600
1,79660300
0,23577700
1,35863900
1,26336100
0,23398900
0,23726700
1,42346800
1,26065600
0,24767400
1,23530100
0,24244500
0,24254400
0,24402400
0,23948600
1,64815200
0,23856100
0,23660600
1,58225700
0,27377500
0,27835900
0,24865300
0,24287600
0,24522300
0,24247500
0,24409000
0,24465900
1,54214100
0,26151700
0,24336300
1,64358000
0,23416800
1,49100500
1,72954300
0,24988200
1,30637100
0,30644100
0,29132100
1,48033000
0,26848000
0,24634700
1,63282500
1,49125100
0,23394100
0,23663700
0,23427700
0,23654400
1,57434700
1,37014500
1,28336000
0,30581200
1,27540900
0,24752400
0,23843200
0,24191300
1,48372500
0,24290200
1,25928900
0,24434500
1,51614100
0,25482600
1,40038100
0,24803900
0,24157900
1,91696400
0,23680800
1,42048500
0,23302400
0,24144700
0,24299700
0,23690900
1,36590900
0,24398500
1,38753300
0,23519900
1,22482700
0,23650600
1,22192300
0,24267100
0,25897800
0,23568400
1,25968300
1,26267100
0,30460400
1,30635300
1,31697100
1,29731900
0,25043900
0,24384200
0,23789800
1,33164500
0,24953000
1,21987800
0,23380700
1,28880400
1,26861300
0,23667000
1,42403300
1,29111100
0,24065100
0,24624800
1,23395700
0,23489400
0,24672400
0,25699000
1,23037000
1,36076600
0,24223100
1,27985300
1,26536300
1,27764200
0,23636400
1,49730200
0,23523700
1,36388300
0,24447700
0,24718800
0,23454400
0,23641000
0,23801900
1,38819300
1,24322900
1,47675300
0,27585700
0,23764500
0,24704900
1,46989700
1,25045000
0,23498300
0,23631600
1,46868900
1,33848800
1,35979400
1,54689400
0,23785800
1,26218500
1,48346500
1,37269200
1,26539700
0,24047700
1,31015500
0,24303000
1,47177400
1,30722800
0,23335100
1,31036300
1,31863900
0,24582800
0,24563600
1,58042900
0,28791200
0,29587700
0,24345300
0,24775500
0,25009400
1,44877400
1,36762500
0,23246400
0,23504500
0,23269500
0,23260900
0,23471400
1,31937300
0,23483800
0,24750600
0,23354700
0,23314900
1,22742500
1,33440800
1,28665400
1,25292100
1,60126900
1,30120400
1,25140900
0,24538900
1,45158100
0,23860700
0,23300600
0,23329700
1,110894000
1,70748200
0,28537600
1,33957800
1,51452900
1,39899900
0,27827100
1,38452800
0,26863300
1,31186700
0,26287400
1,53242200
0,24781700
1,124828600
0,24460600
0,24737400
1,64558700
1,33083100
0,25229000
1,34860300
1,34772100
1,22443000
1,49861900
0,23574700
1,35139500
1,26727500
1,27074200
1,49631500
0,26768000
1,31169600
0,31123400
0,26968000
0,24754300
0,24876500
1,27651400
1,33297600
0,24282500
1,23217300
1,34406000
0,23295100
0,23267200
0,23282600
1,37649800
1,46998600
0,23839800
0,25324600
1,34581500
0,23470700
0,23928800
1,47409000
0,24936500
0,24523800
0,25866800
0,24331300
0,24448400
0,23769000
0,23320800
0,23301600
0,23595600
0,23338100
0,23426700
0,24292800
1,26390100
0,23415100
1,23660700
1,49912600
0,28619000
0,27053100
1,51661400
1,29527500
1,43362400
0,23871200
1,40601200
1,27157400
1,39794800
1,32120600
1,24171800
0,23318800
1,36096500
1,25095800
0,25310700
1,39132800
1,27524100
0,24637000
0,24773900
1,71090300
1,28954000
1,23382600
0,23586200
1,25031900
1,29488200
1,43842000
0,24316700
1,56415900
1,37935900
0,23792500
1,30894300
1,25097500
1,24274200
0,27915100
1,28682400
0,23945300
1,23347200
0,25689000
0,30055200
1,49566600
0,23302100
0,23374100
1,26348200
1,68008200
1,26325000
1,27831700
1,46650300
1,46164700
0,23449200
0,24795200
0,24906900
1,59503900
0,26098200
0,25171700
0,24332400
1,22706900
1,32492500
0,23790600
1,24356200
0,24196000
0,23339200
0,23765700
0,23979500
0,23825300
1,28320700
1,41758100
0,24875600
0,24782400
0,24489300
0,24233600
1,87911500
1,53307700
1,35173900
1,45238200
1,38798800
0,23768500
0,23404800
0,25224000
1,27395200
0,23749800
1,24616000
0,30388300
1,35761600
1,25187400
0,24756200
1,31660600
0,24922700
1,38047000
1,26855600
0,23844300
0,24019200
0,25333200
0,24422500
1,26576600
0,24059800
0,23846000
0,23863200
1,24336800
1,22183800
0,26092700
0,28699200
1,55441800
1,34232900
0,24403200
1,50302400
1,42994900
1,24760700
1,24044100
1,33586000
0,23332400
1,26001400
0,29940900
1,23768900
0,23363900
0,24783000
0,23524200
1,25120200
1,26341700
1,29710600
1,51003000
1,68989500
0,23769300
1,58977300
1,23370400
0,23810100
1,40168200
0,30347900
1,72323200
1,45900600
0,24794900
0,25355600
1,25707600
0,24372800
1,32423600
0,24074600
0,23754500
0,23840000
1,30448800
1,50992800
1,29854400
1,40040700
1,36783700
0,23727600
1,23474600
1,28371800
0,23555200
0,24929000
1,32894000
1,50959200
1,55271300
1,39340600
0,26673500
0,23991100
0,24346800
0,25723700
0,24425000
0,25055600
1,26293300
1,31027700
1,23041800
1,115975900
1,39968300
0,23699100
0,23791700
0,23995000
1,57733900
0,24372700
0,23632900
0,23555000
1,33354600
0,23267600
1,23317900
0,23246100
0,29847400
1,56801100
1,47671500
0,23895200
0,24341800
0,24176800
1,25620000
0,24266400
0,23205900
0,23488400
1,21807900
0,23747700
1,31193900
0,23949900
0,24368800
1,23331800
1,29114800
0,24012400
0,23826300
0,23978800
1,52763600
0,27280900
1,38194900
1,26031400
0,23897100
0,24830500
1,38725100
1,32589900
1,29846900
1,35160400
0,24163000
0,23576800
1,28605700
1,24835100
0,23515500
1,22207300
1,22183600
0,24657500
1,23608500
0,23388400
0,25182300
1,31370400
1,30945900
1,29610900
0,23581100
0,23314800
0,23254600
0,23349300
1,34573400
1,51324900
0,23247100
1,51364900
0,26267700
0,23793100
1,26416100
1,73545100
0,24693900
1,53118000
1,41372000
0,24404600
0,24234500
1,51288100
0,23507900
0,24244600
0,23607500
0,23326200
1,30191500
1,38276800
1,31565000
0,23903600
0,23295400
1,27678800
0,23884400
0,23802000
0,23844400
0,23686100
1,25419000
1,43138500
1,23438700
1,34195400
1,36881000
1,23420600
1,37325100
0,23813300
1,25797800
0,23894400
0,24555000
1,36796800
1,29508000
0,28525100
0,27268100
1,76604300
0,24528400
0,24187800
0,24409300
0,24221700
0,23883500
1,48039900
1,23282100
0,23518800
0,23919500
0,23538000
0,23330500
0,23621700
1,44484400
0,24026700
1,33019700
1,24364200
0,23741700
1,22552100
0,23839700
0,23342700
0,23304200
0,23398300
1,35841700
1,35430700
1,36668400
1,30069900
1,24599800
0,23258400
0,26022100
0,31701400
0,24864400
1,59402600
1,28908300
0,25200000
0,24679000
1,68673700
0,27322600
1,30651100
0,25897100
1,27933000
0,24272100
1,33867400
0,23462800
0,23380600
0,30459000
0,23843800
0,23562300
0,23360500
0,25704200
0,24068400
1,24347200
0,24196800
0,24346600
0,23787200
0,23730800
0,23639200
1,22162700
0,23605200
0,24454100
1,22990800
1,22676200
0,23271400
1,22506900
0,23738900
0,23800300
0,23692000
0,23747900
1,28478800
1,24602100
0,24395400
1,46856600
1,48360200
0,23480000
1,27356000
0,23303500
1,21792800
1,22066500
0,23332200
0,24854000
0,23368000
1,31220600
0,23441300
0,23368400
0,23429500
0,23226500
0,24245200
1,35432900
0,24521700
1,34362300
0,24458600
0,24462200
1,38600500
0,23452200
1,33868700
1,24293400
1,26395000
0,24295100
0,24004600
0,23704500
1,29602900
1,23658600
1,23782200
0,23849900
1,32969600
0,23449600
0,23466900
1,41595900
1,25991900
1,64917800
1,30140200
0,33625900
0,27891200
1,24972400
1,44500600
0,24638100
1,30339900
0,23940500
0,23822700
0,25195900
0,24579300
1,27974500
0,23694800
1,39337700
0,24427700
1,42619800
0,24223300
1,23505500
1,26411200
0,23629700
0,23527800
0,23474100
0,25084600
0,23989100
0,23539300
1,28888800
0,23718500
1,22216300
0,23654400
0,23482500
1,34353000
1,59230500
0,24734600
0,24712700
1,33589600
0,23824600
1,39292300
0,23689300
1,47556200
0,23307700
1,29394400
0,23447200
1,43969400
0,23515100
0,23435500
1,23290200
1,80434100
0,24769900
1,24533200
0,24644300
1,41568300
0,23804100
1,60868300
1,38068100
0,24784100
0,24343600
1,26141400
0,23845100
0,23665500
0,24040000
0,23678200
1,43103700
0,23831200
1,24890700
0,23459100
1,37303300
1,27448600
0,23288400
0,23337400
1,26411100
0,25492000
0,26180600
1,23381100
0,24869000
0,24315500
0,23944200
0,29747100
0,27042500
0,25304400
1,55556400
1,44898900
0,24725800
0,24700200
1,28058900
0,24754400
1,26430800
0,23455400
0,23628900
0,27876100
1,58695300
0,24105100
1,24819800
0,23807200
1,22292600
1,24006100
0,23946500
0,27616500
1,43565700
1,29373000
0,24433600
1,43953900
0,24710500
1,22693600
0,23467000
1,34561000
1,30290900
0,23279400
0,23792200
0,24105300
1,36817000
0,23245400
0,23458300
1,22300000
0,23345400
0,23471300
0,23789100
0,23265900
1,46365100
1,22476900
0,26287300
0,23847200
1,34463900
0,23362200
1,26342400
1,26812100
0,23756600
0,24599700
1,27074100
1,39668300
1,36053200
1,23901300
1,22529100
1,56630800
0,23705700
1,26390600
1,24511100
1,84153800
1,29894600
0,23815800
0,23837600
1,43924300
0,24182800
0,23740400
0,23929900
1,27336900
1,22862600
0,24354600
0,24119700
0,25657900
0,24939300
0,23495900
1,42328200
1,34794700
0,24205200
0,24461900
1,28338000
1,25973800
1,34928400
1,34632200
1,34615900
0,23885300
0,23505000
0,23867100
0,23739900
1,22439700
0,23763500
1,46925700
0,23610200
0,23943400
0,23455100
1,49620200
0,30062100
1,61864500
0,23926200
1,30552800
1,24108200
1,41040100
1,23103200
0,23407200
0,23300100
0,25979400
1,73648800
1,23261700
1,29336400
0,24736400
1,28732300
1,32744500
1,52460600
0,23344700
1,29209900
0,23648300
0,24339700
1,48819900
1,33128900
0,26893500
0,23759700
0,23793500
1,21898000
1,39040800
0,23934800
1,38198300
1,22746700
0,31974600
0,34446600
1,86260100
0,30804300
0,26830700
0,26058300
0,24604800
1,54345400
0,24806600
0,24286500
1,27782800
0,23968900
1,27819700
1,41945100
1,30206900
1,52552100
0,23423600
0,24288800
1,70083100
0,25145900
1,27681200
1,24913800
0,29099400
0,30880900
0,29036200
1,45147400
0,24543200
1,29719300
1,29548400
0,24451900
1,25667000
1,32034800
0,23802000
1,58449400
1,27374800
1,67843300
0,23693100
0,24610000
0,26891100
0,23355500
1,22266800
0,24445900
1,22535400
1,39960100
1,31808200
1,51391500
1,46397500
1,30564900
1,50289600
0,23410200
1,28391900
0,24385300
0,23256300
1,110560700
0,26297400
1,74718100
1,38173900
0,26034500
0,27389800
0,23929300
1,36047400
0,23958000
1,34780000
0,23392200
1,36411500
1,59544800
0,24479500
0,24303100
0,24260800
1,41659400
1,65527800
0,23973600
1,32981400
1,52875200
1,36097600
1,34342900
1,38775400
1,22455800
1,25638600
1,23240200
1,42060700
1,40155200
0,24204200
0,24313000
0,24755400
1,35137900
1,26993700
0,24288800
0,24332900
1,32978600
0,29103500
0,26599900
1,23347200
0,23735200
0,23769400
1,23266700
1,25842100
1,23271500
1,49972400
1,22112600
0,23470500
1,27296100
0,23370500
1,35715600
0,23833200
1,26607800
0,23881200
1,22447400
0,23611400
0,23232000
1,23706600
0,23361300
0,23603600
1,51674900
0,24340000
0,23525100
0,23731700
1,32057000
1,25326300
1,44178100
1,33474200
0,23787100
1,37567900
0,23957500
1,23463900
1,39178900
1,27355700
0,23344500
0,23490400
0,23556000
0,23787900
1,44018300
0,23339100
0,30627200
1,41595600
0,23635800
0,24216700
0,25922700
0,24256100
0,25056000
1,23806500
0,23891500
0,23968300
1,36357900
0,23352500
0,23443500
1,38621500
1,27676000
0,24362300
1,42840000
0,23482300
0,23497400
0,23481300
0,23586600
0,23304300
0,23316400
0,23221100
0,23682500
1,27254200
1,79989000
0,24434000
1,24795100
1,47886500
0,24528700
1,24001500
1,39594800
1,35570600
1,30548900
1,27632000
0,23455200
1,42973300
1,47244900
1,28346900
0,24229500
0,24378800
1,24175000
1,58236600
1,33648000
1,29155300
1,86209200
0,23508300
0,23783700
1,22872700
0,23830000
1,30855500
0,23294300
1,22627300
1,58479100
0,23907900
1,34596000
0,24008400
1,71409200
1,77842200
0,25085000
1,35780600
0,23397200
0,27791200
0,25987300
1,23941500
1,42486200
1,24170000
0,25393700
0,24219500
0,24265200
1,22723900
0,25440200
1,32366300
0,23643900
1,77243600
1,46141200
0,23373400
0,23832300
0,23690800
0,23812300
0,23778500
1,22337700
1,41275500
0,24631000
0,30609400
1,41680800
1,22866800
1,30977000
1,55350100
1,26850000
0,26561600
0,24879700
1,26831500
0,24304700
0,24273800
0,24931200
1,40715800
1,38721500
0,24806500
1,22738200
0,25254500
0,25003300
1,22410000
1,57106600
1,36281100
1,32068100
1,25327400
0,23502600
1,40773900
1,34091000
0,23731400
1,22384700
0,23831100
0,23730000
1,25231200
0,23317700
0,23447800
0,23472300
0,27112900
1,75267300
1,35844200
0,26747700
0,30869400
1,34955000
0,23861900
1,35474000
0,23770400
0,23617600
0,23488300
1,29289200
1,42061800
1,30813500
0,25704900
1,48280600
1,43667000
0,24362100
1,25251200
0,23939300
0,23765900
1,38951900
0,23568700
0,23758700
0,24892000
1,29337900
0,23907300
0,23708800
1,32443900
0,24045400
1,29599400
1,38467600
0,24351000
1,31557000
1,46152700
0,23870800
1,50020800
1,26354600
0,23862300
1,35337000
1,28628300
0,24087400
1,49144300
0,26400100
0,30180200
0,25306900
1,29448900
1,51717900
0,25098500
0,24257900
1,29989800
0,24350700
1,75862200
1,25414100
1,26656000
0,24848900
0,23712300
0,24949700
0,23331500
1,37450300
1,52414200
1,35796600
0,24115600
0,26353000
0,24076600
0,23652500
0,23363700
0,28461100
0,26463300
0,26884500
1,27139500
1,29093100
1,26262200
0,24868600
0,24891200
0,23967400
0,23339300
1,34895600
1,71817600
1,40738900
0,25763000
1,27684300
0,24194500
0,24214400
1,23935000
0,23877300
1,29386400
0,23227100
1,28148500
0,23414900
1,32185800
0,24500300
0,23688800
0,23769700
0,25082900
0,24160800
1,34902200
1,24809600
1,91289800
1,59701700
1,31296200
1,28614700
1,28896300
1,34366300
1,40375600
1,30253200
1,26888400
0,23456000
0,23294900
0,23610400
0,23545400
0,23896100
1,30293200
1,22559300
0,24613000
0,27392600
0,25110400
1,25736100
1,35579700
0,24396400
1,40596800
1,35984000
0,24184100
1,27987700
0,23712500
1,39008400
1,22450600
1,35409100
1,42944400
0,23592500
0,23374900
0,26079000
0,33255500
0,30971500
1,24101900
0,25842100
1,68865500
0,23906300
1,36888700
0,24285800
0,23584000
1,43925000
0,23404500
0,23383900
0,23452800
0,27487900
0,25432800
1,27896500
0,24424400
0,24272500
0,24508600
0,24140200
1,41722400
1,22399700
1,23671200
1,23460700
1,23495700
0,24394200
1,56163800
1,27036600
0,23890800
1,39433300
0,23301900
0,23201100
0,23701900
0,23487900
0,23452400
1,27640900
0,23715600
1,23293000
1,39489600
0,23346400
1,26758900
0,28419400
1,29822600
1,35648300
1,34374100
0,24235800
0,24323000
1,30676400
0,23292000
0,26442000
0,23414400
1,24329200
0,23780700
1,23632700
1,35182600
1,26945000
0,24311900
1,37925900
1,25413800
0,25674500
1,50092700
0,24816500
0,24182100
1,29356600
0,24311900
0,24270900
1,62077700
1,48439000
1,23277900
0,23405900
1,57599700
0,28498700
0,26700700
1,28185600
0,24013500
1,34075000
0,24532900
0,23729900
1,24292100
0,23757800
0,24140200
1,22317800
1,46097100
1,26918600
1,40685000
0,25346600
1,22812700
0,25977400
0,24642600
1,33662000
0,24309900
0,24338300
0,24515200
1,56020500
0,24500500
0,23948500
1,29838700
0,23763600
0,24182300
1,94641200
1,29082700
1,24582600
0,23718400
0,23469400
1,31592200
0,28877900
1,24529700
0,23575000
1,26149200
1,23451400
0,25225800
1,27763800
1,45175300
0,23442500
0,23574200
1,29441900
1,22272600
0,23385800
1,27190600
1,37841700
1,23323100
0,23474100
0,23316900
1,29119500
1,35582000
0,23762800
1,26865500
1,35352900
1,32533400
0,23944800
0,25161700
1,42548000
1,28905000
0,24360200
1,35818800
1,24326200
0,24902500
1,29239100
0,24304600
1,29164500
0,25749500
0,24117100
0,23828900
0,24007700
1,66288700
0,24518200
1,39932800
1,41787300
1,23579600
1,68857000
1,80653500
1,29942700
1,23707200
1,33280900
0,24922300
0,24810500
1,25458500
1,31438500
1,39204600
0,23802100
0,23823700
0,26624100
0,23799900
0,25152600
0,23438100
1,28931200
0,23548300
0,23542300
1,23331200
0,23443600
1,37487800
1,39574000
0,24689200
1,36999400
0,24659700
1,42774700
0,25170000
1,26041400
1,70690500
0,23512600
0,23233800
1,36988600
1,23497400
1,25581100
1,23849700
1,22039600
0,23384000
0,23699100
0,24505300
1,26973900
0,24331900
1,27222400
1,32623100
0,25216500
0,23465000
1,31683100
1,22618300
0,23935800
0,23738900
1,28739700
0,23542500
0,23216700
1,29569200
0,26537000
1,50831100
0,24436200
0,24369500
0,24860900
1,24543100
1,23460800
1,31687800
0,29591500
1,26750900
0,23824600
1,25649000
0,23841000
0,23980200
1,27257400
1,35572500
0,23520900
1,36520900
1,35139900
0,25812800
1,43563900
0,24278200
1,66794800
0,23649800
0,23553400
0,24994800
1,37685600
1,23741100
1,55346400
0,23692600
0,23366400
0,23774300
0,23672600
0,24736200
0,24687800
0,26236400
1,62015600
1,47959400
1,35796200
1,90729800
0,23261700
0,23467800
0,23498100
0,23416500
0,23230200
0,23295800
0,23804200
1,25332300
0,23922600
0,24444200
0,23651300
1,28883300
0,23706400
1,25162100
1,29391600
1,46179600
0,23946100
0,23605800
0,23990400
0,23969800
0,23328700
1,96728400
0,23547600
1,53564400
0,24447200
0,23546400
0,23519200
1,51422000
1,28721600
1,46102000
0,26992200
1,35843500
0,26224000
0,24531900
1,33974000
1,52062000
1,58639900
0,23337400
0,24162800
0,27912000
0,24061900
1,32094400
1,37287900
0,24276000
0,24441800
0,24229100
1,28626500
1,77919600
0,23874700
0,23721300
0,24351200
0,28090300
1,50426200
0,28441600
1,62224800
1,30160800
1,24443600
1,23230100
1,47370700
0,24428800
0,23980300
1,33438800
0,25212300
0,23882200
1,22131400
0,23352400
1,48193600
1,38257500
1,49693800
0,24347100
1,24367000
0,23864300
1,25466700
0,24027000
1,27661000
0,23365600
0,23308800
0,23432900
1,38253400
1,26192200
1,26579000
1,30642900
1,27907700
1,25439900
1,23697500
1,22308100
1,45222200
0,24259500
0,23994200
1,49525000
0,23930100
0,29941200
1,59688200
0,24045400
0,27514900
0,25243300
0,30235000
0,26689300
1,24287500
1,63872900
0,24224700
1,44590500
0,24393600
1,28941600
1,43633700
0,28457200
0,26063800
1,28174900
0,23834400
0,24094500
1,25398900
1,31741700
1,59331500
0,23752300
1,66277600
0,23362700
1,47796600
1,28855800
0,24152300
0,23622800
0,23550200
0,23730600
1,24122800
0,23456200
1,53933400
0,23615400
1,34800900
1,40627600
1,30313700
0,25528900
1,23614400
1,22562200
0,23411100
0,23692600
1,26898000
0,24013600
1,25084900
0,23886000
1,44193600
0,23531800
1,23992500
0,23812000
1,25490000
1,36445900
0,24177300
0,25086800
1,23528700
0,23767200
1,30530100
1,29888800
1,30558100
0,23585000
0,23327500
0,24180900
1,36107800
1,24664600
0,23484700
0,23623500
1,22422900
0,23869000
1,29577100
0,23848100
1,31056200
0,24095500
1,33833500
1,23998800
0,23705800
1,22860000
1,26313800
1,39343200
0,23222400
0,23958500
1,30092300
1,24680500
1,32026400
0,25994800
0,24428400
1,34138400
0,25584800
0,27034000
1,32612900
1,22844600
0,25646100
0,25091100
0,23580400
1,28471700
0,23595100
1,26531500
1,32769400
0,23374500
0,23464400
0,23396200
1,24255000
1,27928900
1,24587400
0,23783000
1,48720300
0,23331900
0,31386700
1,24776400
0,24251200
1,24431800
0,25257100
1,35880500
1,61466000
0,23612600
0,23952500
1,36784200
1,28423100
1,29849800
0,24620500
1,41986000
0,24342800
0,24354700
0,24200700
1,61424200
1,29472600
0,24548800
1,26881700
0,23849700
1,25391700
0,26937500
1,61236400
1,24738300
0,23699700
0,23458600
0,26985700
0,23684500
0,23374400
1,23929900
0,23203000
1,43356000
0,23829500
0,23325400
1,48410800
0,30043800
1,27191700
1,33668000
1,38070700
0,24485300
0,24280000
0,24016400
1,31189100
0,25117900
0,24454100
1,23153100
1,29652200
0,23689700
0,24656300
1,30851900
1,24044000
1,26053200
1,31195400
1,26319100
0,24346200
1,33671800
1,24551900
0,23621400
0,23430000
1,22109000
1,24970600
1,22752300
0,23437000
1,29615400
0,23459300
1,33551300
1,40316900
0,30244400
0,25716800
1,23509500
1,24785500
1,26353900
0,23435800
0,23349700
0,23226300
0,24050800
0,23333500
0,23576200
0,23835100
0,23425900
1,28454700
0,24479600
1,36923200
1,24243100
1,31760500
1,53466100
0,23935000
1,27459700
0,23590500
0,24971900
0,24725500
1,35045200
0,23807200
1,25096100
1,34294600
1,23185100
1,45803400
0,23824400
1,27608100
0,23334200
1,23376400
0,23638500
1,37008200
0,23307700
1,21897200
0,23579100
0,23585300
0,23303900
0,24088300
0,25590400
1,35407700
0,28573700
0,26159900
0,23657700
1,29966200
1,25321800
1,39778500
1,30507100
0,23517100
0,23609500
0,23841300
0,23814500
1,44893900
0,27311800
0,25433000
0,25319700
0,24918800
0,24243500
0,24426900
0,26583200
0,26018300
1,23011500
0,24384100
1,36982800
0,24727900
0,24527800
0,23834200
0,23733800
1,24167100
1,28773400
1,29393900
0,30169000
0,24242600
0,23915400
1,25564200
1,26375900
1,50152800
1,25052000
0,23681800
1,31428200
1,52530700
1,26785700
0,24418300
1,26826400
0,23633800
0,23591500
0,23992800
1,22394400
1,32312000
0,23602600
1,27048700
1,103445800
0,23845500
1,32366000
0,23539300
1,48256400
1,43150700
0,23253400
0,23327200
0,23296600
1,35045800
1,40947000
1,27431200
0,23306600
0,29654600
1,26592900
1,24421100
1,23969400
1,33447600
0,24784000
1,29225200
0,23516400
1,33899800
0,23694000
0,23507000
0,25633300
1,28007600
0,25707600
1,27047500
0,23816300
1,22915500
0,23818200
1,56442800
1,52487900
1,47684400
1,24261400
1,39892900
1,27648500
0,23444800
1,27288000
0,23598500
1,41518200
1,39337700
0,23795500
0,24362500
0,24366700
1,54977500
0,23729200
0,23421500
0,23497800
1,25073200
1,23868500
0,27184500
0,23403000
0,23286200
0,23396700
0,23921800
0,23495200
0,23567400
0,24485000
0,24477800
0,23516300
0,23357000
1,31268500
1,24517300
1,37312700
1,27992200
0,23655500
0,23704900
1,27139800
1,31340200
0,23742400
0,23818200
0,23831500
0,23953400
0,23694400
0,23404100
1,28073600
0,26415200
0,23443300
1,36753300
1,26206600
0,23417400
1,51358100
0,30003900
0,27721700
0,24751000
1,61367500
0,24724100
1,40824600
0,24076400
1,35526500
0,23384500
0,23373800
1,49343500
1,36855300
1,33864100
0,23817200
1,22354200
0,23969700
1,22294800
0,23683700
1,39371500
1,46523100
1,22960400
1,23044000
1,34293900
1,29981600
0,24248100
1,22727400
0,24468500
1,49672400
1,27290400
0,23349600
0,23861400
0,23739500
1,30450600
0,23870800
1,54968800
1,128522400
0,29488700
1,24142800
1,34462500
1,22620700
1,71388400
1,27126400
0,24127700
1,42527400
1,30154700
1,33226700
0,24142700
1,49211600
0,23946100
1,28135800
0,23933500
0,23716500
0,23572700
0,23364000
0,23781800
0,23430600
1,23629300
1,25497900
0,23393100
1,26143700
0,24115900
0,24353600
1,39280400
1,41317400
1,25365200
0,23447600
0,24239700
1,35050000
1,41034700
1,25656500
0,23521500
1,23303200
1,22630400
0,23228500
0,23410500
0,25270300
0,23677500
1,23510500
1,82211100
1,45852100
0,23462300
0,23689800
1,51299700
0,26257200
1,36581100
1,28898900
1,30291400
1,24555800
1,23321100
0,24217000
0,23862500
0,23582400
1,41767400
1,22241200
0,23639900
1,23448500
0,23453800
0,23650900
1,50216400
1,33963900
0,24055600
0,24462200
1,22940100
0,26223400
1,39635600
0,25331500
1,34425900
1,38969600
0,24930900
0,23713100
0,23840100
0,25420100
0,24372900
0,24296400
0,24164600
1,33012100
0,23734800
0,24122700
1,27347400
1,32450300
0,23886800
1,23729900
0,23690500
1,22362400
0,23369900
0,23424200
0,23402600
1,42834400
0,23567700
0,23381800
1,24117200
0,23498300
1,23974400
0,23360400
0,23324700
0,23635200
1,33304600
1,37857400
0,23737700
0,23602500
1,36283400
1,30652000
0,23643800
1,43738100
0,24162000
0,25573100
0,29188000
1,36880400
0,27848900
1,53676500
0,24182400
1,42135600
0,25117100
1,32605300
1,96821600
0,24533200
0,24240600
1,28769500
1,26673900
1,26629700
0,23448800
0,23540500
0,23375800
1,47031000
0,23296600
1,25474500
0,35512900
0,30365600
0,25863400
1,23035400
1,64799800
1,42182800
1,35030200
0,23278300
0,23427500
0,24916600
1,30561100
1,50429400
0,24446100
0,24429700
0,24257900
0,24469600
0,23785600
1,29743000
0,24301500
0,24109900
1,29478300
1,50229400
1,32415100
1,45879100
1,24573500
1,59181200
1,30349400
0,23318000
0,23618100
1,34604800
0,23237000
1,51824900
0,23360500
1,23532100
0,27824700
0,23490100
1,27032000
0,23281800
0,25443400
1,40284400
0,28379900
0,27475500
0,25248300
1,28878600
0,23831300
1,28460500
1,34266100
0,23805200
0,23825400
0,23585100
0,23880300
0,23645700
0,24270600
0,23744500
1,22171500
0,23467600
1,70666900
0,23775100
0,24035900
1,23364300
0,24726400
0,24218900
0,24330400
1,38843400
1,21955300
1,32630500
1,34852600
1,24998900
1,27761600
1,39732500
1,38505700
0,23482000
1,26360600
0,23352800
0,24867800
1,22674900
1,35181700
0,24420600
0,24315600
0,23633100
0,23736900
1,23703300
0,26396700
1,27957100
1,23663200
0,29005700
0,28135300
0,25802500
0,23611400
1,27478600
1,31046900
0,24448900
0,24388000
1,24235400
1,50657100
0,23575200
1,41033400
1,27217800
0,23408200
1,52662500
1,36282900
1,65484400
0,24465700
1,37132700
0,24766100
1,37413000
0,24243700
0,24202300
1,25426800
1,23153100
1,49962900
1,34309900
1,25077900
1,24874400
0,24615300
0,23864000
0,23775400
1,25188600
0,23380800
1,32655800
1,27054000
0,24535700
1,27521000
1,39542600
0,23357300
0,28974800
1,40405000
0,32416100
0,26935300
0,28801300
0,28619300
1,35634900
1,30067100
0,24582800
0,24290500
1,28973600
1,24693000
1,29940700
1,34097900
1,23726200
1,45473200
1,33357300
0,23869700
1,85442600
1,27597400
0,25349100
1,34780900
0,24015700
1,25441200
0,23805800
0,23548300
1,35950000
0,24223400
1,22575900
0,23746400
1,27026500
0,23971700
0,30547800
0,25009700
1,26920400
1,69097700
0,25194100
0,24310900
0,24372700
1,34155600
0,24265100
0,24183500
0,24073900
1,29871000
1,35627000
1,27245200
1,48874100
1,24736400
0,24790800
1,44041900
1,32816700
1,40252100
0,25180700
0,23423000
1,22023200
0,23894200
1,46229400
0,23879500
1,28056400
1,56485800
0,24283600
0,23968300
1,43487600
0,23600900
0,23837100
1,36083800
0,24462400
1,50940700
1,52706100
1,36109800
1,32901100
1,26821700
0,23218500
0,23563300
1,25099500
0,24217600
0,23539800
1,27619200
0,23985500
1,32904200
1,27017200
0,24252400
0,23423800
0,24211200
0,28072300
0,24214400
0,24837900
1,63420500
0,23980700
0,23957900
1,45101100
0,23827900
1,27666800
1,44692100
0,23943400
1,42966400
0,23997300
1,45511900
0,24365300
0,24434700
0,24312500
1,35162800
1,49428700
0,25152500
0,24306400
1,43391400
0,28023100
0,27818000
0,23710400
1,39501700
1,45800800
1,38541800
0,24043800
1,48568600
1,24212700
0,25842100
0,27496700
0,24096200
0,24761600
1,22602500
1,25420000
0,25542700
0,24273700
0,24769300
1,29676000
1,51742400
1,45022400
1,31005200
0,24122600
1,22071600
1,29935100
0,23315100
1,45336100
1,38906700
1,31308800
1,25129100
1,26758900
1,27652800
1,22822800
0,23871000
1,41080900
0,23251300
1,22814200
1,29491500
1,43944600
0,23469200
0,24173000
1,60193300
0,24913900
0,24103300
1,41162000
1,24914600
0,23549600
0,23815500
0,23832200
0,23792400
0,23530600
0,23457500
0,23637200
1,23658400
0,24104700
1,33122200
0,23515100
1,35643800
1,32442500
1,34946700
0,23274600
1,37437000
1,43159800
0,23712500
0,23365100
0,23655400
1,52329500
1,25085700
1,36996700
0,25394400
0,26786500
0,24306000
0,24519200
0,24670600
0,24431600
0,24014200
0,24267100
1,34567100
1,33583000
0,27538400
0,23782100
0,23986700
1,23633700
1,35183300
1,40880200
0,23547800
0,23328000
0,24008900
0,24574600
0,23646300
1,42697800
0,23361600
1,40961400
0,23299100
1,30276900
0,23509200
0,23598900
0,25540200
0,27901600
0,23407800
1,56945900
1,44948000
1,24765800
0,23507600
1,22265800
0,29848200
1,29408300
0,27155200
1,28114800
1,44670600
1,32552400
0,24620600
1,27608000
1,51438000
1,42562300
0,24305000
1,23201600
0,24426900
0,24129800
0,23375000
0,23527700
1,27697400
1,35841400
1,44231000
1,32789100
0,23560900
1,23390000
0,23753900
1,34934900
1,26853100
1,38760500
1,36407100
0,23801000
0,23792900
0,23769600
1,36242000
1,26584600
0,23770000
1,28620700
0,24228700
1,37735100
0,23296500
0,24795700
0,29435600
0,27120000
0,23737500
1,35149000
1,50771900
0,31537100
1,33044600
1,28392600
0,24288100
1,89783100
0,25322500
1,28423700
1,42617700
0,23588300
0,23407000
1,69442600
0,26352200
0,25567200
0,24311200
1,26952100
0,26574000
1,29355900
1,35940000
1,23109200
0,24853300
0,25815800
0,23246900
1,37774300
0,23217900
1,23389000
0,23330200
0,23657000
1,32001100
1,26917100
0,23355200
1,37359100
1,29199100
1,24236300
0,23637600
0,24249900
0,24344600
1,27328500
1,30529000
0,23445500
1,46601900
1,30173700
0,23988700
0,23368100
0,23413000
0,23551000
1,26038200
0,23197300
0,23305900
1,30383600
0,25988200
0,25024600
1,28338900
1,34271000
1,37507900
1,48253600
0,23639500
1,25871900
1,21868400
0,23339700
0,24009800
0,23606200
1,52918800
0,26191500
0,24697500
1,46769900
1,67563400
1,71007900
0,25052000
0,24224500
1,35280600
0,24705900
0,24449200
1,26235200
1,38623600
1,60499600
1,42461400
0,23467500
0,23892600
0,28213900
1,35482600
0,24825100
1,55081900
1,33263600
1,28884200
0,24483700
1,24400800
0,24244900
1,24055100
1,29099300
1,25871100
0,23244100
0,23812600
0,24070000
1,27459400
1,37139600
0,23560000
0,24472500
1,60009800
1,25565900
0,23830600
1,45240400
0,23630500
1,51487500
0,24103500
0,24466800
1,22617100
0,23290700
0,23302700
0,23330100
1,26491400
0,23310800
1,63304100
1,27716300
1,35870400
1,56152300
0,23599900
0,23302500
0,23532500
1,39872600
1,23754200
0,23827500
0,26391500
0,31994700
1,29183900
0,26210600
0,24916800
0,24813500
1,25428000
1,56935100
0,24824800
1,51607000
1,26037800
1,36396100
1,30273700
1,43702300
0,29422800
1,59430700
0,24279800
0,24285300
0,25241700
1,35255600
1,26105300
0,23918500
0,23964800
1,22942500
1,25640800
0,23777000
0,23774100
1,24928800
1,46083400
1,24199000
0,24527400
0,24431100
1,34111400
0,24530300
1,31064100
1,37022500
0,23761200
1,26504700
0,23735700
0,24924400
0,23549100
0,24195500
1,61865600
0,30080400
0,26297000
0,23819400
0,24954100
0,23432900
1,123576000
0,23298100
0,23390800
1,24786400
0,23616900
1,61098000
0,24346600
1,78378600
0,23841900
1,47221800
1,25488900
1,28755000
1,26189600
0,23583600
0,23956600
1,27898700
0,23348100
0,23544900
0,25790200
0,23335100
1,35204600
0,23305500
1,23367000
0,24169300
1,32927900
0,23762800
0,23655900
1,23826800
1,47708300
0,23634400
1,36520900
0,23413400
0,24111400
0,24053400
0,23411400
1,24030200
1,34100700
1,29383700
1,49406200
1,22062200
0,24294500
1,26203200
0,24785400
1,42499900
0,23783200
0,23945600
0,26229300
0,25133000
0,24408700
0,24229500
0,24252700
1,39693300
1,25164600
1,25831200
1,28927300
0,26446600
1,24067100
1,24910600
1,42230900
1,27948500
0,24733700
1,27096200
0,24459300
1,23139900
0,24588900
0,24069900
1,48027400
1,34814300
0,24336700
0,24026100
1,25944600
0,23449300
1,27375200
0,23386000
0,23564100
1,39540300
1,40101700
0,23426600
0,23388400
1,24995300
1,22114200
1,25106100
1,24702900
0,23358000
1,24351200
1,42913000
1,25075600
1,28029900
1,33039200
0,24047600
1,27972500
1,22220700
0,23468600
1,46573700
1,25237500
0,25038700
1,31888100
1,24221000
0,27405800
0,27701200
0,26382100
0,27269600
0,26325200
0,24587400
1,23979800
1,32356500
0,24330000
0,24287900
1,24231400
1,33426800
1,24691000
0,23260300
1,27511200
0,23836600
0,23307700
1,27360300
0,27562800
0,27016400
1,54732800
0,24514000
0,25956100
0,24539700
1,27202400
0,24795200
0,24520900
0,27538200
1,43580000
1,28997600
1,23577100
0,24757200
0,24649000
0,25798000
0,25234100
1,44565500
1,35962000
0,23665700
1,31290600
1,31208500
0,23835400
1,23761300
1,24717400
0,23868200
1,26040500
1,23498900
1,24944200
1,36586100
0,23338400
0,23262700
1,25260200
0,24787000
0,23400000
0,23413900
0,23232600
1,24617800
1,23278400
1,23339700
0,23441600
1,31652700
0,23801400
0,23256500
1,43347600
1,30751600
1,24873600
1,24771400
0,23584800
0,23307200
1,33317600
1,35958700
1,27277000
1,28335400
1,22221600
0,25806500
1,28507700
0,27926900
0,27971200
0,23924600
1,41974400
0,23993400
1,66108000
0,23434400
1,26628800
1,41078900
0,24070600
1,32441000
0,24092400
0,23382500
1,40316900
0,23871400
0,23860400
0,23931000
0,23780100
1,39213600
1,46049900
0,28127900
1,26367500
1,29091600
1,52268600
1,24421700
1,44877300
1,29484700
0,24442800
0,25139000
1,27950100
0,23999600
1,25147300
1,22455900
0,23784500
0,23464300
0,23671400
0,26562500
1,59585000
1,26268700
0,23353600
0,23583400
0,23530300
0,23272900
0,23457900
1,55440800
1,29816200
0,23270800
1,40291700
0,23396500
1,36657800
0,23247100
0,23648000
1,30292000
1,34787700
1,24421000
1,49706900
1,37962900
1,83131300
1,84488100
1,32438000
1,51648000
0,25008800
0,23576600
0,23422900
0,23467100
0,23397800
0,27840600
0,23503400
1,41571900
0,24055600
1,29189400
0,23409900
1,47363900
0,29452400
1,53131000
1,30884700
0,29294800
1,25161800
1,59395900
0,23990200
1,31080400
1,26702100
0,26458600
1,35370300
1,47910700
0,29259800
0,26600100
0,25429400
1,23155100
1,24632700
0,25833900
1,25952300
1,37412500
0,24473500
0,26316600
1,33901900
0,23303800
0,24010900
1,31843400
0,23921300
0,24361000
0,23496000
0,23337700
1,37183400
1,26002700
1,23394700
0,24823900
1,56526800
1,34289600
1,40974700
0,24320900
1,43534400
0,23984300
0,29051800
1,34896300
0,23926800
0,24573300
1,34911900
0,26719300
0,28219600
1,33874500
1,41688300
0,24750800
0,25391300
1,25494700
1,24565800
1,26338200
0,23917300
1,25158900
1,28611600
0,23502700
1,25440200
1,63200000
0,24195700
0,23873800
0,23957300
1,25959500
1,36105300
1,43797100
1,25700600
1,32407200
1,64866800
1,44692200
0,25571400
0,23939200
0,23479000
0,23464300
1,51917900
0,26446400
1,29207600
1,24567000
1,27506300
1,32916900
0,24323800
1,43603900
1,28653900
0,25121100
1,28035400
1,64122500
1,48982700
0,28978700
0,27871800
0,24404900
1,41235700
0,24439900
0,24241000
1,22887100
0,23226600
1,90503900
1,43814900
1,22342200
1,22943700
1,24308000
1,66941900
1,28858500
1,69626000
1,31019100
1,58956400
0,23235300
1,35316700
1,21959200
0,23803700
0,23604700
0,23197900
0,26171200
0,23423400
0,23738500
0,23332500
0,23332300
0,24309100
0,23459300
0,23609500
1,29259800
0,23544800
0,24774600
1,29434000
0,23321000
0,23387200
1,33061500
1,33144000
1,22049600
1,26209600
1,23614600
0,23929900
0,23324700
1,30434100
0,23533300
0,23393200
0,23368200
0,23757600
1,40176900
1,27305300
1,22084800
0,23523000
0,23830900
1,23400500
0,27645100
0,25980900
0,24446000
1,30254100
1,47113400
0,24755500
0,25826400
0,25521100
1,28528300
0,23830300
1,31064800
1,38001500
0,23348600
0,24254700
0,27471700
0,28341100
1,30671700
0,24418900
1,26489300
0,24274200
1,35131100
0,24396000
0,27388500
1,41883600
0,23742100
1,33365800
0,23442100
0,23347900
0,26509600
1,23536700
0,24289500
1,24529600
1,36588200
1,39287700
0,23215400
0,23442400
1,67957800
0,23441000
1,35942100
0,23314500
1,76199800
1,24359800
1,34226800
1,22871800
0,26488300
1,26622700
0,27590400
0,23328400
0,24591800
0,24135600
1,31794600
0,23789000
1,25707800
1,42623400
1,22209600
0,23952200
1,26343900
1,44978400
1,26694600
0,23810200
1,37610000
1,32616200
0,24672200
0,23412600
1,34707300
0,23515400
0,25402800
0,23698800
0,23529900
0,23373500
1,49452600
0,27548500
0,28897100
1,23477300
1,48233400
0,24701900
0,24042800
0,23863700
0,23894800
0,23916300
1,53349000
0,23384400
1,26214600
1,40194000
0,23244800
1,39562400
1,26705800
1,39618500
0,27008700
0,24479000
0,24797700
1,26109100
1,24560500
1,26170100
0,24218700
0,24245900
0,24803700
1,24059000
0,23711600
0,23592700
0,24564600
0,23344200
0,23907000
0,23445500
0,23343500
1,35929500
1,27395800
1,40582600
0,23397100
0,25468900
0,25339600
0,23696000
1,44774400
0,23933100
0,24228200
0,23764600
0,27258800
0,26789000
1,48969600
0,23836600
1,24133900
0,23687700
1,28158000
1,34381900
1,92747500
1,24947900
1,29503300
0,23617800
0,23373300
1,23617300
0,23510900
0,23344000
0,23354900
0,23625000
1,23253100
0,23403400
0,24098100
0,23439900
1,26343600
0,23506500
0,25616900
0,25169700
1,34950100
1,47138500
1,52944700
1,27384800
0,24075300
1,22520000
0,26673300
1,34211600
1,31652400
1,27518300
0,23302700
1,26248400
0,23835200
0,23322200
1,50155600
1,32076100
1,28064200
1,23795800
1,27574200
0,23736700
1,42952600
1,50390000
0,24815800
0,23294600
0,24285000
1,26159000
1,23299600
1,32528200
1,29953200
1,23979000
0,23993600
1,45725800
0,23681900
1,34467300
0,29210100
0,29887600
1,45166300
1,22853700
0,24919100
1,23427300
0,24750600
1,36302300
1,68497900
0,24628200
1,22871700
0,23565800
0,23276800
1,23604600
1,35004700
0,23765000
1,34422300
0,23690100
0,26315200
1,22228300
1,28892900
1,23889000
0,23480400
1,28347900
1,21995200
0,23779100
0,23646000
0,24501200
1,29439700
1,23025900
0,23576300
1,48254800
0,23358500
1,44861100
1,40264500
0,24498700
0,25546800
0,25466800
0,24353500
1,32020100
1,81509300
0,23466300
0,26405500
1,45221900
0,23902100
0,23393100
1,27768700
0,23573500
1,35064800
0,23938100
0,23777200
1,47845000
0,23825800
1,47484000
0,23295000
0,23968100
1,24932600
1,82249800
0,28465700
0,28915800
0,24491200
1,27617800
0,24199000
1,28482200
1,31088200
0,28589900
1,41923000
0,25359300
1,52444500
0,24680000
1,50134800
1,66944500
0,27358100
0,24273200
0,25605000
0,23843000
0,23519600
1,72169500
1,27137100
0,24519700
1,33055800
1,27203600
1,28692600
1,28712400
1,22880400
0,24289800
1,53059400
1,48191300
1,27226200
1,43202600
1,45234400
1,35752700
0,23363300
1,31169900
1,26396600
1,41303900
1,37873800
1,30650300
1,29129300
0,24398600
0,24268800
0,26206100
0,23434100
1,46815500
0,29940500
1,36363800
1,44079800
1,29790000
1,30891200
0,23755200
0,24039300
1,22103000
1,22204300
1,24543500
0,23301800
1,25978200
1,42482000
1,21830500
0,23470100
1,50913900
0,32439500
0,25948500
1,25506300
1,34284000
1,27817800
1,36348400
0,30929900
0,27714500
0,24867100
0,24580200
1,54853100
0,24138600
1,44930700
0,26760800
1,50659500
1,30894000
0,29620000
0,24483500
0,24496000
1,32413600
1,24156400
1,25222400
0,23760300
1,53198500
1,28619200
1,37156200
1,35854800
1,38473300
1,28007600
1,27809100
1,22383400
1,22552100
1,26613000
0,23715200
1,41334500
0,23391000
0,23457000
0,23700500
0,23350300
0,23837500
0,24046200
1,42861000
1,33267300
0,27790600
1,28555500
1,41753700
0,25066000
0,24513400
1,24982000
1,66395900
0,24915600
0,24633600
0,24348200
1,33310600
0,24235100
0,24461300
0,24193600
0,23919300
1,33798200
0,23589700
1,24943300
1,23950600
1,24081200
1,25257400
1,22133800
0,23446400
1,22320600
1,24704400
0,23242300
1,39689700
0,23948100
1,27431600
1,23455100
0,23363000
1,25085700
0,23339900
1,34295000
0,24198100
1,37527700
1,27690000
1,22277200
1,43123000
1,28455000
0,24137200
0,25142100
0,27373600
1,33014100
1,40889500
0,27137000
0,24750000
1,24607400
0,24268000
0,24396300
0,25729400
1,22859500
1,64411500
1,45904100
1,23959500
1,23409600
0,23319900
0,23325600
0,23560700
1,30995800
0,23537400
1,41258100
0,23331400
0,23469400
0,23355000
1,32481800
1,36382600
1,39299400
0,29722500
0,30419400
0,27696600
0,24974700
0,24903300
0,24784600
0,24606700
0,24274800
1,28532300
1,24485800
1,50744200
0,26524300
0,23459100
0,23427900
1,25422300
1,52817700
1,25445200
0,23583400
0,24147100
1,31910800
0,24206900
1,28338800
1,23056300
0,24573400
1,25745500
0,23474900
1,30311700
0,23422100
1,29343600
0,24479300
0,23485000
0,23499300
0,23325800
1,69416600
1,38469100
1,52683800
0,23536400
0,23817000
0,23935400
1,32853100
1,88400000
1,49174900
0,25319900
1,60737300
1,37965800
1,29165200
1,24158600
0,23981100
1,48038700
0,23780200
1,35227200
1,29404600
0,23852600
0,24117900
0,23377500
0,23358500
0,23426900
1,25369400
0,25868100
1,32747600
0,23352100
1,22084300
0,23406100
0,23275200
0,23441100
0,23935000
0,23220000
1,22137500
1,57386200
0,25485800
1,37238900
1,95918100
1,23225900
0,24268000
0,24603600
1,30790200
0,23422700
0,23468800
1,32129000
0,23810700
1,40233400
0,23803800
0,24010500
0,24147100
0,23261900
1,76160600
0,24251000
0,23449300
0,23529400
0,25545400
1,31182300
0,23696500
0,25333500
0,24105400
0,23743800
0,23294100
1,22390900
1,45317500
0,23359700
1,22193300
0,23916600
0,24327000
1,50565700
0,27126500
0,24380800
1,23237800
1,53644900
0,24934800
1,24865600
1,24591500
1,38616300
1,61525700
0,32778300
1,30534800
1,121072900
1,81649800
1,30806300
1,23237300
0,27676300
1,36233600
1,29720000
0,25493600
0,25272700
0,24720700
1,37956600
0,24761300
1,31399400
0,24275600
0,25266600
0,25451700
1,37608400
0,32280200
0,25927200
0,24202400
0,24296500
1,26238700
0,24303400
1,34868000
0,24353100
1,119279600
0,26109300
0,33355800
0,24868400
1,70882400
1,23978700
1,49494300
0,29242100
1,42051600
1,32275500
0,33590500
1,30275400
0,24679300
0,33024500
1,38574500
1,33177000
1,37087500
1,38645500
0,31183000
0,25165200
1,27866200
0,25278800
1,33448500
1,60361800
0,24467300
0,25661600
1,73970200
0,24623500
0,24322500
0,24563000
1,32003200
0,23516200
1,28104400
0,24484600
0,23721100
0,24929900
0,28743400
0,26575400
1,22906800
0,24762300
0,24767400
0,25112500
0,25453200
1,32272400
0,24402700
0,24712000
0,24745600
0,23955600
1,28743200
0,23813300
0,24200900
0,23844900
1,47216400
0,23787300
1,33843300
1,27834200
0,26158500
0,26017300
0,24322500
0,24569700
1,29991900
1,43118300
1,28482400
0,28344000
0,31078700
1,34676600
1,25692800
1,37181200
1,22763800
0,24158400
1,27062900
1,33460400
1,50740300
0,23579600
1,28824600
1,22267800
1,65581200
0,24541200
1,33076600
1,23918600
1,22472400
0,23670600
0,23274800
1,24775800
1,58247700
1,50584500
0,23779200
1,45118800
1,34022400
0,23506200
1,22060400
0,28896400
0,23976600
0,24766000
1,31680600
1,46782300
1,26363800
1,31881100
1,40177100
1,23249000
1,23948000
0,23210800
1,24691500
1,37650700
1,52170200
0,23594100
1,23491600
1,23750200
1,26796900
1,52283500
0,24358600
1,44672100
1,27708000
1,58917600
0,23787500
1,79665000
0,24824600
1,38953000
0,24336200
1,29537600
0,27710900
1,80945900
1,23080100
1,30947500
1,30461400
0,24322500
1,22842000
0,24548500
1,46431700
0,24848300
1,27857300
1,27942600
0,23847600
0,24351500
1,31595700
1,26635000
1,26290800
0,23705900
0,23354400
0,23732300
0,24080200
0,23657000
0,23325300
0,23594400
0,23510600
0,23517900
0,23279900
0,24049700
1,68237800
0,24017100
1,24594000
1,29468600
1,34618500
1,49113500
0,23833600
0,25391400
0,23771400
1,23884600
1,23045400
1,37327700
1,38286000
1,53707600
0,24464500
0,24482300
1,44428200
0,24255200
1,24989800
0,24274200
1,27922800
0,24304000
0,23907800
1,36559100
0,23677400
0,27933700
0,24083000
1,62769800
0,24560400
1,25161000
1,113918800
1,27979300
1,34983600
0,24801500
0,24777800
1,26500600
1,35556500
1,48822700
0,24958100
1,26047100
0,24547000
0,24255500
0,23925900
0,24003900
0,23993500
0,24095400
0,24201400
0,23372800
1,48114700
0,23508100
0,23334600
0,23490000
0,23478200
0,24751000
0,27907000
0,23522300
0,23906400
1,24757300
1,27369900
0,24757600
1,46354700
1,38282900
1,37814100
0,24010900
0,23277700
0,23682800
1,26533900
0,24060800
0,23880200
1,32977900
1,29571700
0,23637200
0,25548500
1,29513300
0,23290300
0,27077700
0,24339100
0,24300400
0,23520000
0,23510100
0,23883700
1,34824900
1,31417700
0,23968800
1,29536100
0,24091400
0,24535400
0,23366000
0,23432000
1,51609600
1,32698600
0,24094100
1,53969000
0,28329300
0,24471800
1,23037900
1,38806200
1,28261900
0,24107200
0,24274300
1,29119800
0,23539000
1,27938300
0,23647700
1,24322100
0,25686300
0,26572200
0,24743500
0,24429300
1,37320400
0,24279300
1,33090200
0,24802900
0,24882300
0,23955800
0,24460900
1,71196700
0,24034700
0,23283300
0,24369500
1,36119700
0,24252900
1,44517800
1,22402100
0,23920400
0,23429400
0,23700700
1,23517600
0,23351000
0,24275100
1,35617900
0,23259800
0,23424200
1,53144100
1,40962700
1,30409600
0,23875200
0,25229000
0,23703300
0,23903600
1,31402900
1,41540900
1,87249400
1,27548900
1,68695900
0,23899200
1,38249900
1,43540900
1,31877600
1,26695700
0,23331300
1,27940600
0,23465600
1,25018600
0,23602700
0,23591800
1,37958500
0,23501500
0,23584000
1,51133600
0,23728100
0,23381200
0,23523700
0,23407800
0,23564900
0,23439400
1,33134200
0,23808800
0,24630800
1,22905200
0,23560500
1,25886300
1,24017700
1,28084200
1,28287500
0,23409100
1,30790800
1,22415100
1,34918800
1,31714400
1,23089600
0,23996900
1,31769900
0,24864300
1,48316300
0,24353600
1,34795000
0,24317800
1,46625100
1,66779500
1,27832500
0,23529400
1,33524600
1,38718000
1,22533900
1,22272100
0,23513600
1,22600600
1,24988200
0,23923000
1,27134900
1,30546800
1,22363000
0,25659300
1,29531900
0,30090400
0,29795000
1,82802200
0,24805100
1,30325600
0,25631900
0,24512300
0,24002800
1,35370800
1,43959000
0,24595300
1,25299200
1,34745800
0,24065900
0,23690200
0,23587600
1,25391000
1,32267900
0,23312000
0,23736200
1,29116900
0,23386600
0,23512000
1,36176100
1,32050800
0,23293100
1,48401200
0,23691100
0,23819900
0,24518100
1,25550200
0,24511200
0,24940400
1,28689600
1,27939800
0,23953400
0,23896300
1,29306100
1,43881400
1,43911000
1,64573700
1,35557000
1,49515700
1,41103200
1,30652200
1,71500500
1,29063400
1,29779600
1,24230000
1,31429000
1,29640500
1,22542900
0,23857800
1,36320300
1,54789000
1,26379100
1,30832800
0,23497300
1,90090900
0,24227000
0,24759000
1,42488200
1,31950500
0,24305000
0,23344500
0,23690500
0,23610700
1,30302200
0,25789000
1,22260900
1,25009000
1,22110600
0,24127800
0,23755300
1,22555900
0,24016500
0,29413500
0,31129900
0,27504500
0,23422100
1,25654000
1,36702600
1,26067200
0,23647500
0,23677200
1,47548500
1,30088400
0,23954600
0,24579500
1,61196000
0,23487100
0,23354400
0,23507000
1,29871100
1,42815900
0,25028000
1,42431400
0,24236800
1,32626300
0,26525700
1,50738300
0,23419700
0,24404500
0,24966300
1,26657200
1,31906300
1,26126800
0,26393700
1,57676500
1,38054300
0,24388900
1,53609800
0,23325600
1,30595800
1,27168600
1,38835900
1,23393800
0,24413700
0,24890800
1,56267200
0,24436900
0,23899400
1,23972600
1,28285200
0,25063700
1,42451800
0,24134900
1,23031700
0,24128800
0,24373100
0,24277900
1,30296900
0,23464500
0,23705800
1,27710700
1,21969700
0,24135100
1,60062800
1,59257700
1,23400000
1,55165000
1,42431100
1,87760300
1,46223900
0,23439700
0,23342200
1,35005000
1,35013900
0,25940600
1,38150600
0,23593300
1,26133600
0,23320100
0,23560900
0,23415800
0,24490400
1,44970300
0,24367800
0,24239200
0,24303200
0,28909400
0,28007500
0,27369900
0,24734400
0,25250000
1,43842500
0,25739000
0,25616600
0,24736400
1,28391800
1,29557500
1,45958000
0,24819100
1,47865500
0,24687000
0,24204500
1,24286700
0,23868800
1,39871300
0,23543600
0,23464200
1,32319100
0,23205000
1,27058700
0,30547100
1,26826900
0,24957200
0,24759900
0,24247300
0,24525200
0,24782800
1,25767700
0,24362200
0,26842600
1,39318700
0,24298500
0,24395300
1,31602600
0,23691100
1,23437400
1,23477700
0,23520700
1,72681200
0,23537800
1,54675500
1,31577700
1,36435200
0,23781900
0,27889600
0,28093100
0,29772900
1,28627000
0,24160100
0,23666000
1,23819700
0,23760000
0,23888500
0,23748300
0,23312400
1,43641800
0,23361500
1,40174400
0,23803900
0,23789900
1,78798500
1,31282400
1,44363900
1,38401500
0,24273200
0,23220300
1,22430100
0,23402900
0,23294600
1,28354700
1,31353800
0,23881000
1,47876500
1,35256200
0,25272100
1,46551900
1,60913300
1,27136300
1,27211700
1,28217700
1,25559700
1,37374900
1,38872600
0,23392500
1,23624200
1,46628500
0,23295100
0,23278300
0,23514700
0,23500100
1,56763500
1,54496700
1,30418500
0,24723900
0,24707400
0,24974900
1,25442800
1,31345700
0,27780800
0,28511000
1,57113900
0,24965500
0,24669800
1,27769900
1,26305900
1,24699400
0,23654600
0,23786800
1,26571700
1,40038200
0,27334000
0,30477700
1,42309500
0,23858900
1,48353800
1,33777800
0,23486100
0,23321100
0,24061100
0,23498700
1,27622500
0,23600300
0,23561900
0,23275600
0,23948200
1,36247400
0,24004800
1,38011300
1,89844700
0,24460300
0,24315000
1,62493800
0,24484700
1,30662800
0,23373400
0,23586800
1,57463700
1,42086400
1,26572000
1,44297800
0,23745400
1,23581900
1,36336800
0,24229600
0,23806100
0,23423900
0,23408900
1,33417600
0,23460800
0,23608900
1,24538900
1,22242900
1,26571200
0,23502400
0,23509700
1,26116200
0,24039800
1,31236300
0,23427600
0,25348100
0,24293300
1,22926500
1,35967300
1,45635300
0,27805300
0,25858100
1,77495900
0,24900700
0,24680400
0,23744700
0,24674900
1,44963100
1,56666900
0,23717000
1,23776300
0,26811600
1,27968900
1,23637400
0,23736500
0,23467900
1,41952400
0,23707400
0,23813800
0,23390300
1,26495000
0,23340000
1,51800200
1,24405300
1,27555300
1,49610700
0,23515700
0,25289800
1,41774600
0,24286200
1,24622800
0,24162200
1,29419600
0,23661900
0,23568000
0,23311100
1,36837500
0,23999300
1,37492400
1,32596400
1,33296000
1,28651700
1,28201600
0,23666700
1,24710100
1,28035800
1,28719500
0,24358600
0,24342500
0,24331500
1,42040800
0,23470400
0,23443600
1,25029300
1,28144600
1,29126000
0,23734800
1,29212400
1,28829200
1,37989500
0,23718000
0,23454000
0,23371200
0,25954100
0,24160400
1,31732000
1,24879400
0,24347100
1,73420800
0,23797900
0,24295100
0,26379100
0,26136400
1,32180700
1,44888200
1,39578700
1,27047000
0,23790600
1,36488100
1,29056400
1,45177800
1,22009300
0,23672600
0,23690400
1,29949200
1,25932400
1,29907600
0,23389800
0,25200600
1,47920300
1,26419100
0,25886100
1,40039500
1,37271000
0,23374800
0,23944900
1,66743200
1,43421900
0,23775800
0,23491100
0,23543000
0,23377100
1,30400200
1,28594200
0,24563600
1,52819300
1,23295800
1,28946900
1,27492500
1,26554700
0,23426000
1,37491300
0,27048300
1,24532600
0,23839100
1,57898400
0,24373100
1,34898100
1,29929100
0,23521000
1,33405400
1,32763500
1,44637700
0,23259300
1,24484800
0,24411400
0,23723900
0,23439000
0,24612700
1,33286400
0,25504300
0,24351100
1,44973600
1,36065200
0,23366800
0,23586700
1,37107900
0,24520200
0,24584900
1,35539900
1,27752900
0,24431100
1,23984900
0,31956900
1,50808200
0,24502500
0,26672900
1,43945800
1,65939200
1,69574500
1,25164000
0,24877400
0,23767700
1,42076300
0,23856600
1,37237000
1,28434600
0,23570300
1,23622800
0,24718900
0,24364100
0,24289900
1,74963500
1,34244600
1,33063000
1,31469100
0,25894800
1,23435800
1,28057100
1,43299400
0,24393600
0,24464900
0,25608900
1,46546400
1,22849000
1,31116400
0,24374100
1,50162200
0,24260900
0,24441000
1,29458200
1,25891800
0,24115300
1,32484100
0,23950300
1,64815500
0,23409000
1,26221300
0,23309500
0,24636000
1,22066300
1,32014600
1,32985200
1,27934300
1,55994400
0,23305400
1,26592300
1,49521700
1,22119900
0,24061000
0,25569300
0,23344800
0,23309100
1,31059400
0,23397500
1,25317600
0,23652800
0,23604700
1,40254900
0,23451700
0,23521800
0,24472200
1,32134700
0,30668900
1,26234200
0,24324100
1,24378100
0,24204700
0,24578700
1,97534300
1,27221300
1,36516800
0,24032000
1,39305900
0,24886900
0,24282400
0,24274400
1,31966000
1,25648100
1,23468700
0,23235600
0,23617900
1,21980000
0,23432100
1,42692900
0,24836300
1,29575100
1,45673800
1,23946400
1,60741400
0,33639600
1,31641000
0,23844800
1,89537400
0,24193900
0,25567100
0,24289900
0,23509200
0,23710600
0,24066000
1,26054600
0,23496900
0,23477000
0,23307500
1,65308100
1,30451700
0,24623100
0,24353900
0,24187500
0,24294500
1,27332600
1,41104400
0,23457600
0,23421400
0,23399400
1,35949600
0,29037100
0,27875500
1,35472100
1,28110100
1,24837500
1,27706500
1,34765500
0,25292700
0,25240500
0,26748300
1,24822600
1,38662900
0,25171100
0,24448100
0,24214000
0,24375500
0,24211200
0,24526100
0,26704800
1,30681500
1,42667000
0,24409900
1,24533100
0,24403500
1,24101000
0,23908300
0,23787600
0,24878900
0,25226900
1,30038900
1,26794900
0,26046300
1,22352300
1,22433100
1,21954800
1,41326500
0,23270800
0,24892500
1,51142400
0,23798800
1,26428700
0,23888600
1,29220500
1,24922800
1,23243500
1,27063100
0,23679700
1,33526700
1,22722400
0,24423200
1,34165600
0,27194200
1,41908400
0,24214900
0,24391600
1,27370100
0,24279100
1,30720900
1,29187600
0,23989200
1,61740900
1,44967300
1,25707000
1,24034400
1,27622900
1,29382800
1,23378900
0,23358600
0,27725000
1,37494400
1,27757100
0,25228800
0,24871000
0,24797500
0,24703200
1,26405400
0,24685400
0,24869000
0,27942800
0,24729500
0,26657700
1,79933700
1,64799200
0,26500700
0,24726900
1,32930300
0,23734500
1,34390800
0,23926200
1,24003900
0,23869500
0,23336900
1,51289100
1,39187400
1,28149000
0,24987700
1,49320100
0,24983000
0,24021500
0,23888200
0,23787900
0,28279700
1,35872200
1,31557300
0,24637900
1,36532100
1,22497200
1,46285000
0,23578300
1,25178500
0,23429700
0,24403300
1,23576900
1,25148000
0,23690500
0,23213700
0,23506800
1,76912400
0,26265900
1,34433100
1,26713200
1,102154400
0,23534800
1,25746400
1,52363500
0,24910200
1,24291700
1,26876500
1,34367200
1,34014400
1,78287100
1,26815000
1,24071000
0,23324400
1,63154100
0,24040000
0,24082200
0,23876900
1,22100700
0,23253000
1,57553900
1,36364500
0,23693000
1,33377300
1,22256200
1,45297100
0,23794600
0,23461900
0,23655400
1,32576100
0,23490900
0,23401600
0,23373700
1,24693300
1,32104400
1,67469300
1,30522400
1,32977200
0,24779000
1,59037900
1,27320200
0,25437600
0,23898100
0,25327600
0,25094600
1,44627900
1,27296400
1,46325800
1,35426600
0,26211900
1,43170400
1,23051800
1,23034100
0,24535100
0,24276800
1,34581800
1,43964700
0,23444700
0,23858400
0,30893500
1,23923400
1,27872700
1,23816500
1,52507000
1,24716500
0,24677500
0,23729200
0,24395200
1,22113800
0,23855300
1,73226100
0,23895100
0,24035500
0,23791600
0,24117100
0,23436900
0,23401000
1,35025600
0,24896700
1,27654500
1,51262600
1,40917800
0,24341400
0,24841000
1,32852200
0,24867600
0,24057800
0,23339900
1,36096100
1,46318500
0,25381000
0,29680400
1,39556300
0,23260900
0,23359600
0,24617500
1,47422500
0,23677800
0,23299000
0,23741300
1,54050000
1,36717800
0,24454200
1,31025000
1,30473000
0,23866900
0,23873000
1,37496500
0,23896400
0,30637300
0,29839800
0,30804200
1,40310100
1,59722700
1,24776800
0,24596200
0,24342400
1,51703000
1,27415700
1,24476700
1,22837500
0,24101900
0,23645900
1,28567300
0,29065400
1,41450300
0,26342900
1,53593500
1,28351000
0,24505000
0,24243400
0,24285000
0,24487200
0,23315900
1,55323800
1,36209700
0,23786700
1,24015100
1,58914000
0,23838200
0,23883900
1,24832700
1,40063700
0,23934200
1,42140500
1,26546300
0,23848100
1,43564900
0,23410900
1,34495700
1,28109000
1,35274200
1,27812700
0,23283600
0,23526800
0,23403600
0,24418300
0,23494500
0,23296100
0,23861300
1,43196300
0,26578700
1,27547000
1,31728500
0,24262100
1,127508100
1,23015900
1,29096900
1,46692600
1,29801800
0,23901700
1,26441600
0,23316000
1,31022700
0,23405600
1,23041200
1,29850300
1,34574100
0,24325300
0,24532000
0,24079500
1,26826000
1,54025100
1,32528200
1,24189800
0,24712900
0,23941200
1,25511500
1,56998600
1,27147900
0,26324700
0,26460700
0,23984600
0,24334000
0,24243200
1,26402200
1,33322200
0,23756500
0,23601400
1,28217500
1,38522500
1,36441900
1,28297400
1,30541000
0,23687200
0,23352800
0,24563400
0,23419500
1,86143200
0,37249300
1,64662400
1,25056500
0,24849800
1,23329100
1,34168000
0,23334400
1,54696300
1,36346700
1,45867000
0,30055900
1,67042800
1,34004300
1,33128300
0,24478100
0,23776800
0,23553900
1,63801700
1,47073000
1,36228900
1,30552600
0,23650900
0,23285300
0,23556400
0,23541100
1,37348000
1,46693800
1,28008200
0,23788700
1,22473200
1,27985500
0,25309300
0,24020600
1,40147500
1,36838100
1,55867200
0,24565500
0,24216800
1,30852500
1,45017400
1,39388800
0,24346500
1,45772800
1,37728700
0,24262400
0,24324000
1,37116300
1,57236200
0,23991100
0,24601600
1,38030600
0,23903000
0,23707200
0,24395700
1,33873400
1,22633700
0,24313100
1,24067300
1,29408800
0,28671200
0,27281400
1,23247500
0,24665200
0,24774600
1,33992400
1,29915200
1,33008800
0,25034700
1,28948100
1,53786500
0,23472000
1,26814400
0,23408000
0,23310300
1,30238000
0,23353200
0,24784100
1,44715100
1,24961400
0,23577700
0,23441600
0,23352900
1,26797400
1,48375000
0,25036000
1,22303700
0,23583300
1,31263100
0,23579900
1,25586900
1,36701300
1,26353100
1,25259400
0,24192700
0,23493600
0,24594000
0,24586400
0,23843700
1,40084100
0,23538500
0,23412400
1,31738800
0,23823000
1,23692400
0,23506200
1,30047000
1,34551000
0,23433500
0,23934600
0,23261300
0,25342200
0,28576100
0,26208100
1,28135700
0,29232100
0,28993200
0,24562100
1,53083100
0,24990700
0,24824000
0,25223600
1,54772900
1,55019500
1,33725600
1,22524000
0,23986400
0,23844200
1,37123800
0,24666800
0,24522000
1,29782800
0,24337700
0,23482800
0,23605900
0,23420200
0,23952300
1,57402200
1,27945200
0,23389200
0,23330000
0,23682100
1,28059200
0,23316500
0,24726600
1,24109500
1,24786000
1,27790000
1,24873900
0,23417900
1,22528100
0,24061900
1,25169700
1,26018700
1,42957800
0,23497800
0,23586300
0,26630400
1,29462600
1,68305400
0,23255300
1,22585400
0,23241000
0,23478800
0,23247500
0,24214900
0,23681500
1,31654100
1,28125700
1,47310900
0,31942700
0,29785800
0,25002500
0,30860300
0,26168100
0,24833100
1,46467200
0,24236200
0,25675200
0,24150800
0,23939000
0,23730900
0,27206100
1,68938800
0,23342800
1,23678300
0,29020600
1,23394900
1,60806500
0,26845100
1,67720100
0,24357800
1,30534700
1,27676900
0,24494100
1,43083500
0,23897200
0,24558700
0,24427500
1,28279300
1,33658000
1,24557700
0,24386500
1,28873700
0,23440600
0,23363500
1,23001400
0,23285200
0,23378200
0,23701500
0,23657500
0,23426500
0,23706700
0,23448600
0,23466800
1,32276200
1,70123200
1,23177300
0,23792000
1,73573500
0,23835900
1,54807000
1,47472700
1,26041400
0,23297900
1,34223100
0,23407100
0,23772900
1,38412500
0,23200200
1,28463800
1,40975400
1,36017800
0,24961200
0,24731100
0,24984900
1,31427500
1,23304000
0,25459400
1,30859800
1,22120400
1,88303600
0,23587600
0,23545400
0,23532300
0,23868900
0,23408100
0,24272100
0,23609300
1,22477600
1,30098300
1,28054000
0,25677100
0,30715800
0,23352700
1,28430500
0,25192100
1,49927900
1,31065600
0,24722900
0,28243200
0,26905100
0,24028000
0,24298700
0,24253500
1,24733800
1,43585900
0,24424500
0,24354800
0,24675100
0,23958100
1,34324500
0,23235500
1,49173700
1,31340900
1,29038000
0,23615900
1,24012400
0,23518300
1,22930500
0,24651200
1,40262700
0,26074300
1,29854000
0,24203100
0,23829900
0,23835100
1,44462600
1,28284900
1,38548600
0,24294600
1,26722200
1,30803600
1,43029700
1,28259500
0,23807600
1,30698300
1,44237900
1,26709900
1,28559400
1,43363600
1,29551100
1,26854500
1,23729700
0,24119300
1,28449500
0,23341300
1,38399200
1,24325000
1,39021900
1,28322300
1,25785500
1,22503200
1,22792400
1,81839000
1,24529300
1,26646200
1,24694900
1,33511800
1,27813200
1,37192900
0,27575900
0,24293900
1,29731500
1,27083100
1,28023600
1,23039300
0,23706300
0,23619600
1,87589200
0,24089700
1,58237800
1,51784600
0,26503100
0,28617100
0,26966200
1,42261500
1,45832700
0,24797500
1,26054700
1,39265200
0,23358400
1,23403000
0,23668800
0,23299700
1,34054600
0,24275900
1,35707100
1,63333900
0,23601300
1,74779900
1,36571900
1,24994900
0,24298300
1,23106800
1,22463200
0,23571100
0,23618000
1,35004600
1,29090800
1,23049100
0,23710900
0,24432400
1,28136700
1,26016800
0,24462100
0,25644700
1,36805800
1,32512000
1,27325900
1,43709300
0,29800400
1,56596900
1,51270300
0,24804300
0,23899500
0,23848300
1,29003000
0,28274800
1,27057100
0,23622000
0,23453500
1,28812200
1,36828100
0,26350200
0,28633600
0,25340100
0,29384800
1,24305300
0,25247800
1,27610700
1,60288600
0,25477200
1,39938900
1,24763700
0,24716800
1,73984700
1,28203800
1,28128800
0,26845000
0,26392200
1,38574100
1,33786700
1,52421400
1,26386700
0,24344800
0,24465200
1,26872800
1,26484800
0,24043100
1,37931900
1,28337200
0,24521400
0,23908700
1,40085500
0,23950300
1,24043000
0,23439500
1,35800200
0,24814300
1,31013400
1,24809100
1,36805200
0,23487000
0,23447600
0,23618500
1,34194900
0,24324100
0,23992200
1,45549500
0,23526900
0,24563900
1,24143800
0,24334400
1,22431300
1,31878600
1,34762200
0,23653000
1,22375300
1,39301000
0,23332800
1,68209900
1,39730700
0,23622000
0,24181500
0,25644600
1,38691400
0,25770300
0,23479300
0,24251300
0,23712600
0,24077400
1,22989600
0,27454200
0,25293800
1,50615300
1,23720600
0,24370600
0,25928800
0,25284700
0,24271200
1,54025300
0,24974400
0,23381100
0,23705500
0,23536700
1,27635300
0,23268300
1,37574100
0,23885500
0,23392800
0,23580300
0,23416100
0,23431500
1,25685800
1,66172100
1,34958100
1,23221000
0,24348500
0,24972700
1,27942800
0,23797500
1,25448600
1,22781500
1,23356500
0,23971900
1,26082700
0,23644800
0,24057400
0,24545200
0,25606800
0,23486900
0,23629700
1,50487800
1,83630700
1,64911100
1,28690300
0,25093700
1,33017600
0,23822400
1,22703300
1,25798200
1,36034300
1,23479000
0,24718200
1,25804200
0,24715500
0,23691700
1,29492600
0,23514400
1,27393100
0,23406500
0,23375700
1,85801900
1,27672900
1,24595800
0,23503900
1,36625600
1,27507400
0,23959500
0,24140600
0,26020100
0,27494000
1,30201800
1,30307900
0,24308200
1,24892000
0,24068100
0,23590400
1,27194400
1,32118800
0,24087700
0,23765700
0,23719100
0,24884300
1,34321500
0,27951900
1,39026200
0,24674800
0,24848100
0,24775300
1,55961500
0,23369900
1,30080600
0,23803800
0,23482300
0,23584600
0,23431500
0,29012100
0,26837200
1,27746400
1,60139400
0,25507400
1,44946300
0,24773400
1,26343700
1,24498700
0,24252300
1,53635300
0,23805800
0,23798300
1,24430200
0,23318900
1,64826600
1,25862200
1,33137200
0,32162000
0,28798800
0,25843000
1,39962700
0,25205300
0,24853100
1,27624900
0,24801600
1,29964800
1,36502000
0,23374200
1,50096100
0,23396300
1,46896900
1,32133200
0,28489400
1,29125500
1,23646700
0,23795700
0,23769100
0,23523200
1,69401300
0,24840900
0,29495100
1,34296000
1,37997300
0,24179000
0,23994500
1,42134600
0,23953000
0,24177900
1,22462700
0,24195000
0,23669100
0,24225400
0,23385800
1,39520200
0,23189400
1,39207900
0,26584300
1,30263100
1,34101300
1,51914600
0,23246300
1,34361500
0,23325000
0,24399000
0,23234900
0,24205100
1,24321000
1,31832700
0,23287200
0,23681400
1,91742500
0,24624200
0,24362800
1,85793300
1,22712700
0,24455400
0,23768400
1,34403200
0,23871600
0,24946700
1,25322200
0,24025100
1,43274900
0,23595300
0,23514300
1,53999400
1,43925900
0,23737700
1,34395200
1,32422700
0,23413100
0,23557300
1,23170600
0,23435000
1,45208600
0,23260700
1,24523200
0,23343800
0,27435300
1,29546900
1,37200200
1,44630500
0,24475100
1,26336500
0,23924000
0,23751600
1,53365900
0,24830100
0,23411100
1,33798300
0,32644000
0,24683900
1,27680500
1,33528800
1,26151000
1,25266700
0,25018300
1,32558400
1,24673000
1,47284900
0,24260200
0,24407300
1,49882300
0,29694600
0,30425100
0,30346900
0,31216800
0,31416900
1,38669300
1,23094100
1,32706700
0,24290900
1,25305200
0,24140700
1,28639000
0,23193300
0,24487800
0,24804400
0,23568700
0,23217700
0,23853500
1,27497600
1,26176200
1,25446000
1,30624200
1,92859700
1,32404400
1,95494700
1,36010500
1,37615300
0,24312100
0,24320400
1,36684700
0,23840300
0,23803900
0,24112400
0,24747300
0,24654800
0,23459300
1,23361500
0,26118700
0,27003800
1,34659000
0,24427200
0,29327700
0,24394600
0,23494200
0,23449100
1,24037500
1,26270500
0,23418300
0,23311300
0,23506800
0,23797400
1,22694200
1,27562700
1,29624600
1,60433600
1,30509500
0,23746800
0,23486400
1,37339400
1,39389800
0,38904900
1,22943000
1,23566500
0,24877100
0,24779200
1,23350200
1,33008300
0,23983600
0,23392700
0,23743700
1,29380500
0,23329000
0,23348400
1,34262100
1,27871200
1,73379700
0,23870400
1,24149600
0,23810700
0,23217800
0,23900600
0,24219900
1,24055400
1,22015800
1,43729800
0,23841500
0,23573900
0,23559500
1,28883000
0,23341800
1,36053800
0,31571900
0,26130800
1,31094900
0,25095700
1,37306400
0,24961700
1,30197900
0,25204000
1,27528500
1,39209700
0,23900000
0,23729300
1,26808900
1,39773700
1,21833800
0,23880900
0,23455200
0,24054900
0,23304800
0,23388700
1,26186000
1,23729500
1,28694800
0,30195900
1,38923500
1,30053500
1,26437100
0,24165700
0,23797300
1,32271100
1,32128500
1,23865600
0,29091500
1,40869900
1,36081600
1,27915100
1,32730400
1,30067400
0,24074100
1,33178500
0,23626500
1,32708100
0,24182700
1,32211600
0,23923600
0,23949600
1,36585400
0,23362900
1,57347300
0,23479200
1,32181300
0,23946800
1,28731500
0,23505600
0,23690100
1,33657500
1,27559800
0,24086000
1,29018400
0,25275900
0,25035700
1,26337200
1,67494200
1,38790800
1,56942000
0,23405900
0,24257400
1,27848200
0,24071500
0,23433800
1,25225600
1,22499200
1,36585100
0,23510400
0,27840300
1,53605200
1,30041100
1,31675300
1,38683600
1,55481200
1,45530100
1,55368900
0,23732200
1,64756200
0,23487700
0,23489300
0,24157300
1,67730200
0,24883500
0,26237600
1,26577200
1,32731200
0,23836800
0,23819500
1,47658900
0,26903100
0,26144400
0,24097300
1,36458900
0,24163600
0,24449400
0,23843400
1,25927100
1,26103000
1,38076400
0,23400500
1,37924800
1,37735000
0,23666000
1,28391200
1,32796800
1,29744700
0,23302100
0,23443500
1,52281500
1,31456700
0,23409500
1,30977700
1,34451200
0,28544700
1,31360100
1,43968900
0,23740700
0,23931700
1,72344900
1,29796100
0,23974000
1,68429100
0,23842000
0,24750800
1,74623500
0,27479500
0,30840000
0,32135500
0,25029600
1,58722100
0,24822200
1,23089700
0,26695800
0,25601200
0,24779400
1,24602000
1,22746600
1,50263700
1,41673300
1,39842300
1,23770800
0,23515000
0,24499300
1,34821500
0,24313400
1,34093600
1,45935800
1,55876900
0,23809200
0,23851700
1,27633600
0,23336300
1,38736800
0,26181600
1,96992100
1,48250900
1,48200000
0,24340900
1,22094500
0,23347700
1,23534100
1,36913100
0,23389800
1,72493800
1,39178800
1,43790000
0,28344200
0,28294000
0,23384600
1,22473400
0,24239700
1,24780800
0,30878800
0,29572200
1,23643400
1,25683900
0,23881400
0,23936800
1,32329300
1,75968600
1,45272800
1,43031500
1,89167100
1,47487500
0,24387600
0,23709500
1,24660700
1,31963600
0,23869800
0,23859600
0,23797100
1,44504600
1,26385700
0,23428000
0,23531400
1,30559000
1,32023600
1,30434500
0,23945100
1,38963800
0,24342900
0,25013900
0,24352100
0,24276300
1,26647400
1,29543700
0,24205200
0,24066300
1,35575200
1,36411100
0,23538800
1,23300700
1,36170900
0,24278600
1,89823400
0,23696700
0,24407600
1,36614600
1,50522700
0,23367000
0,23529900
1,34626600
0,25638400
0,24876700
1,28638900
1,27986700
1,29484800
1,41573100
1,27390100
1,46019800
1,27553600
0,28945900
1,26402100
0,24202300
1,38729200
1,25408100
1,37235000
0,23439900
1,37851900
1,33422600
0,23894100
0,23926900
1,25031800
0,23414100
0,24529400
0,23401500
0,24355100
0,23364600
0,23983800
0,23599300
0,23538200
1,44651200
1,33437700
1,29978000
1,21915600
1,26202000
0,23702800
0,23810300
1,34286200
0,23752900
0,23718200
0,23552700
1,38097400
1,58541300
0,23343000
0,23491700
0,23724800
1,39452300
1,28292100
0,29324500
1,35134000
1,37473000
1,99234800
0,24315700
1,38693500
0,23298600
1,44083600
0,24522100
1,24993300
0,26693100
0,24505400
0,24190200
0,24243200
0,26369600
0,28033800
1,92778100
0,24941900
0,24810100
0,25442200
0,24955300
0,24479600
1,24290100
0,23208100
0,23397300
1,29370000
0,23525100
1,29193800
1,29383100
0,23452100
1,25782800
1,33029300
0,25654700
0,28123800
1,31564600
0,23704000
1,24559700
0,24693200
0,24735500
1,23493200
0,24234400
0,23727100
0,23218300
1,25899400
1,44643200
1,30636400
0,23472200
0,23475700
0,23723000
0,23447500
1,25274100
0,23357000
0,25128300
0,23516900
1,26655200
0,23664900
1,28385000
0,23836100
1,45890800
0,23558000
0,23422400
0,23912500
1,24375100
1,28689800
0,23526200
0,24036300
0,25896000
0,23272900
1,54134200
1,67371400
0,27620500
0,28358100
0,23847400
0,28208100
0,25818100
0,24168500
0,24443100
0,24226400
0,25017300
1,28535900
0,24295500
0,23765100
1,76988400
0,24233400
1,85391800
0,23227400
1,44308700
0,23368700
0,23268600
0,23674700
0,23366000
1,36513500
1,36992800
1,28274800
1,34509500
1,40639700
1,39821400
0,23551600
1,33773300
1,26788800
0,24009700
1,29538300
1,35160700
1,38077700
1,29820400
1,40554600
1,56058600
0,24255700
0,23459100
0,24205200
0,23421300
0,23529700
1,23521200
0,23716900
0,23456100
0,23305500
1,23289800
0,23448200
0,23795300
0,23342500
1,34715600
0,23562500
1,79276800
1,40262600
1,28256900
1,33689100
0,23721400
1,23870700
0,23347400
0,23550400
0,23505100
1,32820700
1,22488200
0,23382100
0,23636500
0,26954800
0,23344400
1,36174500
1,31505000
1,33219000
0,23702500
1,36955600
1,61784500
1,28901700
1,58185600
1,27248000
0,25924200
1,23622400
0,25208700
0,25469900
0,26414200
0,26550400
0,24752000
1,45674900
1,37691900
1,46131600
0,23366300
0,23561400
1,40263600
0,23974700
1,27453300
1,36232300
1,51539100
0,24089200
0,23540400
0,23419400
1,32285400
0,28905700
1,30223700
0,24349800
1,32670500
0,25018400
0,24197500
0,23425900
0,23468800
1,58387000
1,25867900
0,23394200
0,23262200
1,28026600
1,46242600
0,23391000
1,41580300
1,45417900
1,61008400
1,78092700
0,23709800
0,23714100
1,29223400
1,37716200
0,24120200
0,23673800
0,23831900
0,25500800
0,27723300
1,27133800
0,24319900
1,45611400
0,28124500
0,24380600
1,26660900
0,24290600
1,30874200
1,58578100
0,23330500
1,40358900
0,23987300
0,23332800
1,25679100
1,23546000
1,42226700
0,29903000
0,30579100
1,25343000
1,47210100
1,63173900
0,25154700
1,22932800
1,53529100
1,24171000
0,24218300
1,29411500
0,23546600
0,23528000
0,23640300
1,29266700
1,28523000
1,45142500
0,23639400
1,46494200
0,27044600
1,24760100
1,47294000
1,35036200
1,23310100
0,24100000
1,21893300
0,24130500
1,22120100
1,68454500
1,45326400
0,24294100
0,24221800
1,30230500
1,22979000
0,23326300
0,23658000
1,58111600
1,26322300
1,29239600
0,23493800
1,21872600
1,30398500
1,46976900
0,23544700
1,50902400
1,43290700
1,41306400
1,27396100
1,30028100
0,24586900
0,27296800
0,29893900
0,24340600
1,31677200
0,24243500
1,30124400
1,53802600
1,25617400
1,34802700
1,33459800
0,23311300
0,23295100
1,29134800
1,34707500
0,28270300
0,24511300
0,24977200
0,24338300
0,24305900
0,23908800
1,79038600
0,31420100
0,30759500
1,58583700
1,65954600
0,24248700
0,24264700
1,72752700
0,24518900
0,25001500
1,49020300
1,28373300
0,26503000
1,31635800
1,22207300
1,23618500
0,23629800
1,29147200
0,23816100
1,27941700
1,26012500
0,23301500
0,23369200
1,24687800
0,23445600
0,23288800
1,44266000
0,23646800
0,23556200
0,23358300
0,23355800
1,80035000
1,33324800
1,26228200
0,24963300
1,23521200
1,28642300
1,26710000
1,22494400
1,31493300
0,23218000
1,23805400
0,23550300
0,23713400
0,24502400
0,23590700
1,32280700
1,56501000
1,26011600
0,23924400
0,23514000
1,36238200
0,24309500
0,23585000
0,24077500
0,23287000
1,43632300
0,23398900
0,23223500
1,36617400
0,27982900
0,35016700
0,30724100
1,33705300
0,25064600
0,24807700
1,61843400
0,24011200
0,23925100
1,30816100
1,40233200
1,43344500
1,24197200
1,28934600
1,54367900
0,24983000
1,24959500
1,23175400
1,35055300
0,26634400
1,33804500
1,32698900
0,23497600
0,26463900
0,23339900
1,47537400
0,23986800
0,23602100
1,39608200
0,23441100
1,53269600
0,23637100
1,25750400
0,23524800
0,23755900
1,24819400
0,23620200
0,23575000
1,23184500
0,23419800
0,23293800
1,22285100
1,59209000
1,24948600
0,23412400
0,23638100
0,30538900
0,24260800
0,23840800
0,24067000
1,39075800
0,24463600
1,41449200
1,31758300
0,28899800
1,101139500
0,23754000
0,24752200
0,24283600
0,24569000
0,24322300
1,57877100
0,23941400
0,23842400
0,23465400
1,50483300
0,32511500
1,23667000
0,24287400
1,28316700
1,35034400
1,25850600
1,30232300
0,23422400
0,23405000
1,31468700
1,31797000
0,23465400
1,25111200
0,23228400
0,23548200
0,24488300
1,38989500
1,25372000
1,32057800
0,24234200
1,33396100
0,25358700
0,24326600
0,24069500
0,23838200
0,23936500
1,29001600
0,23805700
1,64584600
0,26070900
0,23530900
0,23526900
0,23707700
1,26399200
0,23468700
1,26792700
1,22198300
0,23649800
0,23262400
0,23635300
1,22575500
1,29335800
1,27142500
0,29887900
0,23584600
1,21997900
1,24738800
0,24702300
1,35854300
0,24928400
0,23489800
0,23337500
0,24112100
0,23331100
0,23231500
1,33178200
1,41253700
1,31085800
1,25476400
0,23719800
1,22309100
0,23509700
0,23479200
0,23479000
0,24101400
1,40843700
0,23758300
1,59222000
0,23471000
0,23772400
1,22456700
0,23534400
1,29806900
0,23445000
0,32544700
1,25488100
0,24254400
0,24222300
0,24327100
0,24147000
1,44067500
1,35157400
0,24185400
1,57599900
0,23828600
1,45155600
1,69010500
1,24461100
0,24987600
1,34818300
1,64832500
0,25752300
0,25028600
0,24915700
0,24764200
0,25782000
1,39654200
0,23742800
1,40558400
0,23787700
1,75744900
0,23366800
1,62781000
1,83998700
0,24724900
0,24673700
0,24816900
1,30598500
0,24842600
0,23919300
1,40206400
0,23316300
1,66318700
0,24208500
1,35962800
1,24613200
1,28411900
1,45871100
1,32398800
1,40426500
0,23995800
0,24056400
1,24375100
0,23877700
0,24574700
1,26279900
0,23644700
0,23381500
1,55170700
1,24625700
1,25465700
1,32795800
0,24060700
1,25041700
0,23708900
1,29661400
1,50372100
1,47981600
1,52896000
0,24396500
0,24620600
0,23528800
0,23656900
1,25368900
0,26995100
0,23703600
0,23529300
0,24570800
0,23751700
1,56075000
0,24029200
0,24056600
1,55790600
0,27599800
0,24334100
0,23683600
0,23381000
0,24157700
0,23456000
0,30078200
1,26463400
0,25099500
1,36272500
1,23176100
1,41419000
0,24320400
1,26599600
1,26454300
0,23953800
1,68479200
0,23547000
0,23412300
0,24017600
1,25976400
1,37968500
1,24483700
1,22412500
1,29603000
1,32926100
1,35789300
0,24133000
0,23417800
1,26508300
0,24483900
1,27803100
1,26870600
1,42399700
1,39430200
0,23662600
1,22155200
1,24740700
1,29168000
1,38050900
0,23967700
0,23420400
0,24800800
0,27398000
0,26173400
1,32814700
1,53680500
1,26951200
1,45104700
1,24593500
1,44829800
0,24830800
0,24799700
0,25481000
1,30626200
0,24879300
0,24885700
0,25498400
0,28858300
1,24656300
0,23860300
0,23955000
1,32215000
0,23749400
1,30134000
0,24344400
0,23815300
0,23770800
1,26454600
1,51637500
0,23758300
1,22030700
0,23511300
0,25102100
0,23711000
1,25717700
0,23917500
0,23997500
0,24552400
0,24666500
0,24498500
0,24039200
0,25421200
1,42686600
1,22917500
1,25230000
0,24950300
0,24694700
0,25183800
0,24937800
1,57814000
0,25182500
0,24635700
1,23855500
0,23610400
0,23418900
0,23694200
1,30026300
1,22417100
0,24184600
0,23466600
0,23666600
1,30013500
0,23992700
1,59895600
1,31345100
0,25828700
1,43045300
1,36628300
0,24332900
1,28231900
0,24118900
1,24753000
0,23677600
1,21891000
1,34835600
1,22648200
0,23435600
1,27295300
1,37243400
0,23272600
0,34284500
1,62788300
1,37057000
0,24615000
1,26361500
0,25659200
1,35748000
0,24506100
1,24870000
1,28413700
1,40028000
0,23928100
0,23500300
0,23259000
1,41983300
0,23341300
0,23742300
1,53639900
1,22405900
1,38096000
1,27260000
1,21989600
0,23985400
1,23371800
1,59548600
0,23583600
0,24307800
0,25318400
1,35635500
0,23819600
1,27981700
1,31099600
0,24102800
0,23578300
0,24153300
0,26048000
0,27606200
1,48356500
1,23198800
0,24427800
1,24223400
1,28491800
0,24308200
0,24265300
0,24013000
1,33564300
1,31711400
1,22629700
1,22817300
1,54605300
1,64773500
0,24373400
0,24141000
0,29130400
0,25607500
0,23920100
0,27466800
0,24617200
1,29448900
1,26168400
0,24710700
0,24414100
0,24202000
1,105818100
1,28033700
1,63759200
0,23638600
0,23868300
1,25765700
1,28299100
1,33596600
1,26219000
1,66986300
1,67884400
0,24189100
0,23632900
0,23934800
1,27616600
1,39165900
0,24163400
1,23375900
0,24304100
1,34768100
1,58118300
0,23593300
0,24027300
1,42428200
1,39026200
1,69668500
0,23671600
0,23439400
1,32459400
0,23309500
0,23223800
0,23301200
0,23314700
1,27800700
1,76124600
0,24016000
1,35248800
0,27000500
1,31399800
1,37094000
0,24620800
1,43441900
1,23679700
0,24484500
0,23765200
1,51539400
0,23630600
1,48571800
0,23502500
0,23251500
0,23736500
0,23280000
1,34016700
0,23899500
0,23717200
1,46420200
0,23792700
1,48042900
0,23259900
0,23377800
0,23910800
0,23822700
1,48507500
1,29994400
1,38960700
0,24156400
0,24228400
1,56380800
1,29934200
1,26564000
0,24480100
0,24285500
0,24364300
1,43985200
1,22663000
1,27425400
1,28351200
0,25090000
0,25436400
0,23428200
1,37349100
1,33365100
1,24702200
1,24100900
1,25943900
1,49283600
1,38390900
1,30447700
0,23835100
1,68419200
0,23386500
0,23494000
0,23533400
1,28431500
0,23271500
1,49336900
1,25616700
0,30337200
0,28595200
1,35870200
0,24818700
0,24978700
0,25298000
1,81055900
0,24021700
0,23575600
0,23530100
0,25697700
1,36023300
1,25498000
1,23406000
0,24201500
1,65761000
0,24562600
1,39420500
0,24421500
1,37100600
0,24030000
1,28738700
0,23701400
0,23818300
1,26782000
1,39567200
0,23290200
1,47282500
0,28979400
0,23645700
0,23363600
0,25297700
0,23398100
1,21815400
1,23508500
0,23238800
1,24029800
0,23755100
1,26171300
1,39098000
1,22593300
1,34243600
0,25798000
1,27903500
0,24299100
1,28922800
1,36843700
0,24440000
0,24851200
0,23715400
1,29628100
0,24010600
1,25426800
1,90662500
0,30655600
1,25074700
0,24266800
0,23905500
1,70808100
0,23815900
0,23692000
0,23368200
1,23562300
1,22743500
1,45025000
1,28636600
1,24452800
1,24404500
1,22529700
1,26047200
1,55529100
1,29490300
1,26130400
1,22177400
1,28892400
0,23851100
1,23784800
1,71679100
0,23843800
1,26046100
0,23654100
0,23689900
0,24484800
0,29363900
1,46607200
0,24182000
0,24293400
0,24600700
1,24746500
1,24300500
1,24614500
1,35500200
1,68301500
0,23826600
1,23399900
0,24088500
0,23341300
1,24780400
0,23448100
1,26624000
1,33471200
1,36021200
0,24096100
1,27373700
1,26317200
0,30603300
1,120104200
0,24866800
0,25095400
0,24628500
0,24316100
0,24606700
1,25658100
0,23919100
1,45692400
1,36058900
0,23790600
0,23461000
1,23919500
1,133813100
0,24310000
0,24475900
0,24322300
0,24328200
0,23865300
0,24014900
0,23958500
1,47844100
1,30549800
0,23587800
1,33304200
1,23507700
1,27248400
0,23608200
0,23715300
1,41036900
1,43501800
0,23740700
1,54242200
0,24135900
0,23562000
1,23062100
0,23824000
1,23079100
1,27809600
0,24002000
0,23911500
1,52326400
1,34292900
0,23372500
0,23319900
0,31257200
1,60678500
1,34919800
0,24773500
1,58927400
1,33746600
1,26272900
0,25690100
1,31045500
0,26685200
0,24020300
0,24851300
0,29658900
0,29675300
0,26308200
1,102255800
0,27958700
0,24589600
1,45259500
0,24344000
1,23266700
0,24806000
0,24863800
0,24277000
0,24103100
0,23864700
1,31141300
1,22482800
0,23448900
0,23594600
1,81864900
0,24436900
1,88718200
1,30054100
0,24123600
1,47805100
1,31634400
1,30932200
1,47238000
0,23490800
0,23814200
0,23525200
0,23747700
0,23594100
0,23456000
0,24309000
0,23548900
0,23446600
1,22150100
1,23088400
1,33531300
0,23585500
1,34177200
0,23598500
1,29077300
0,24757600
1,29657200
1,30943100
1,44731500
1,38397600
1,28743500
0,23345600
1,22703400
1,23882200
0,28218500
0,28525300
1,35579700
0,23849600
0,24101700
1,82681300
0,24288800
0,24234100
0,24280000
1,29955700
0,24336800
1,28002100
0,23953900
0,24007700
1,22615200
0,24133900
1,39505400
1,21969200
1,39552500
1,27404700
0,26135800
1,23787100
0,23796200
1,26057400
1,30962300
0,25285100
0,24090400
1,44256200
1,24152600
0,23783200
1,27499400
0,23343000
1,48108100
0,23406800
0,23328400
0,24669800
0,23542300
0,23458500
0,23393900
1,47633700
0,23483800
1,31367600
0,23490000
0,23264100
0,23463900
0,23453400
0,23425000
1,28909600
0,23218400
0,23298200
0,23287700
0,24601000
1,25438100
1,66400400
0,25886800
1,26478700
1,27251000
0,24430400
1,31675600
1,25944700
1,31742500
1,22266600
0,23935300
1,22944400
1,83910200
0,23298700
1,40614500
1,43108300
0,23484200
0,24106700
1,45385800
0,23555000
1,33761700
0,23853000
1,35317400
0,23687100
1,22483200
1,66922900
1,40953000
0,25570500
0,24446800
1,22801700
0,24744400
0,24389300
0,24337400
0,24252700
0,23731900
1,39815000
1,25802500
1,26296500
1,67490200
1,24931100
1,31836000
0,23881600
0,24045200
0,23903000
1,26354800
0,23443400
0,23394900
1,28864400
1,30485300
0,23329300
0,24326900
0,26503100
0,27812100
1,28961200
1,47165300
0,23994500
1,64201100
0,23718400
0,23744300
0,23457500
0,23559500
0,23419200
0,23980600
0,31490200
0,25212400
1,39411300
0,25400100
0,24781500
0,24765000
1,32051400
0,27658500
1,50229500
1,22672700
1,24962300
0,24363200
0,25016400
0,23730900
1,32198800
1,33822900
1,25050000
0,23583200
0,23530600
1,46802200
1,22247900
0,23662100
1,22597700
1,24045900
0,23457800
1,23437600
0,23628300
1,25339400
0,23627000
0,23595800
1,38603200
0,23559800
1,35835800
1,33175000
1,38032400
1,32678600
1,23215300
1,32617200
1,25153000
0,28999300
1,30477400
0,23296600
1,40835300
0,24402500
1,27296600
1,32408100
0,24719000
1,43113500
0,24242100
0,24416900
0,24397400
0,25131500
0,23899900
1,45914900
0,23559000
0,24031800
1,35682700
1,38701600
0,24361700
0,24212200
1,55854600
1,22867600
0,23546700
1,24017300
1,26407000
0,23556000
1,35083200
1,32395400
0,23561300
1,25091600
0,23620300
1,35086400
1,37020800
0,23837200
1,25199100
0,23470200
0,23546800
0,23424100
0,23641900
1,28147800
1,29437100
1,28091100
0,24656300
0,23422600
0,24137600
1,28859500
1,27112600
0,24012000
0,23431000
0,23488600
0,23693600
1,28175500
0,24301700
1,22097800
1,56694000
0,29605100
1,29467700
1,39528800
0,23619600
1,53126700
0,23329200
1,37918100
0,23859400
1,31825600
1,37960500
1,22670800
0,23449000
0,23595800
0,24183600
0,23687400
1,26164800
0,29678200
0,25257200
0,24393100
0,24240800
1,51710600
0,26568100
0,24876400
0,25850200
1,28028000
0,25280600
0,24806100
1,22983600
0,23785700
1,56359700
0,24717100
1,29730900
1,25341100
0,23478100
0,23689000
0,23819400
0,23760000
0,23782100
1,23453200
1,22330700
1,24875400
0,23297900
0,23295700
1,34369900
1,23675600
0,23352600
1,22137000
1,22023200
0,23193000
1,31562200
1,36785200
0,23370900
1,25966200
0,23889100
1,22464600
0,23398700
1,46707500
0,24814100
0,23254700
0,23820600
0,24657700
0,23756000
0,23708500
0,23886800
0,23815700
1,27510000
0,25064500
0,23917700
0,25059500
1,34995300
1,25353400
0,23743200
0,25074300
1,29335500
1,54074300
0,23863300
1,51616300
0,23419000
0,23267100
1,45334600
1,77116000
0,23230100
1,46481800
0,24214300
1,25630500
1,77509900
0,24811900
0,24850900
1,28660200
0,23834600
0,23688400
0,27054900
1,53892100
0,24194000
0,27417600
0,25391700
0,24416900
1,26297700
1,23052100
0,27110900
1,39979700
1,38122600
1,28365200
1,29116000
1,26020600
1,46733100
1,23986900
1,27922000
0,23406100
1,57843300
1,44996200
0,23800100
1,44288100
0,24047200
0,23431900
0,23982600
0,23344500
0,23425100
0,23293400
1,30757400
1,51505900
1,29479200
1,50269100
1,65387300
1,41262800
1,25927300
0,27090400
0,24134300
0,28644300
0,25996200
0,24585800
1,39870000
0,24184500
1,25328000
1,26979800
1,29681800
0,23939100
0,23705000
1,23912500
0,23659300
0,23473900
1,35338500
1,25145400
0,24861900
0,23468600
0,23653200
0,23537700
0,23784800
1,32324700
0,23895700
1,30992300
0,23367400
1,23283400
1,22027400
1,48347200
0,24642600
1,23663700
1,44294400
0,24638200
0,26434200
0,24811700
0,24246300
1,42025800
1,36544900
1,26626500
1,22857300
0,25708600
1,38575900
0,25102900
1,34570600
1,28235700
1,34092000
1,46164300
1,26609900
1,23610400
0,23739200
0,23540700
0,23522600
0,23377700
1,50965800
0,23644200
0,23523500
1,23370000
0,23519800
1,58088100
0,23403000
1,42081300
1,62997200
1,24566200
0,26412500
1,26409200
0,24184000
1,28868500
0,24250900
0,24392600
0,24198800
0,23336600
0,23380200
1,34935500
1,22010100
1,27349600
0,24128000
1,22668300
0,23788000
1,28947200
0,24267500
1,23502500
0,24039800
1,23440000
1,45711100
1,43603900
0,26993500
1,30148400
1,33215800
0,24400200
1,26991900
1,28887800
0,24297800
1,38450300
1,45259800
1,23570100
1,29347300
1,25086100
0,24111200
1,29375400
1,22842900
1,34917400
0,24092000
1,23289800
0,26041200
0,24494600
0,24280000
0,24436200
1,33514100
1,30703900
1,76375500
0,23339800
0,24227700
0,24278300
0,24451600
0,27032500
0,25021200
1,25884600
1,23013200
1,34487000
1,25201000
1,25937200
1,49083500
0,23955200
1,40850300
0,27124400
0,28718200
0,24348700
1,47887900
1,46305500
1,66306900
0,23461700
0,23521900
0,26942000
0,23808200
1,30400600
1,55537600
0,24053100
0,23929200
1,22758600
1,25096200
0,24771300
1,28035400
0,24325800
1,29584200
1,25333500
1,24130600
0,26790600
1,58440700
0,24026500
0,23852900
1,27546100
1,24385800
0,23355200
1,26301300
1,33572300
1,41364300
0,23416200
0,23214100
1,60801300
1,28076300
0,23240500
1,51777400
0,26837500
0,23612700
0,23387800
0,23842700
0,24645000
0,23742100
0,23775500
1,24721500
1,49671900
0,24197900
0,24323700
1,56234400
1,54597500
1,42311400
0,23686300
1,47892100
0,29232300
0,23397800
1,22471600
1,31036400
1,35925700
1,23579000
0,27452600
0,26266000
1,29604700
0,24775600
0,24265100
1,40410300
1,29952700
1,25490300
0,23857300
0,23971900
1,26887600
1,46646800
1,65329000
0,24148400
0,23851400
1,30550800
1,22553500
0,24046500
0,23756400
1,45793500
1,37948700
0,24002900
0,23432600
1,82367200
0,24749800
1,24075200
1,30631900
0,29320900
1,23797800
0,24183100
1,36661000
1,130716600
1,52442400
0,30382600
1,33500400
0,29154800
0,30853400
1,40699200
1,70800900
1,30705800
0,25192100
0,23951100
0,23685900
1,28107700
1,57036700
1,41165400
0,23361500
1,59852000
1,29316500
0,25309700
1,24719900
0,24471900
1,23506100
0,24264800
1,26636800
1,25364300
1,55484000
0,23659100
1,22177300
1,26166200
0,23239600
1,23398200
0,23323100
0,23667800
0,23303300
1,54587600
0,26607800
1,27594900
1,31488700
0,24402400
0,24543700
0,24567900
1,25334600
1,32863100
1,30995900
1,22871700
0,23680900
0,23560100
0,23485700
0,23858200
0,23841000
0,23862100
1,30683200
1,23829700
0,23297400
1,56143800
0,23774100
0,23843100
0,23749300
1,35453200
1,25771100
0,24307300
1,48612400
1,22998900
0,23622000
1,29208600
1,34257100
0,23562500
0,23472500
0,23532100
0,23496700
0,29600800
1,26928200
0,23427800
0,27664900
1,32986700
0,24633800
0,24888300
0,24674500
1,27972600
1,39250400
0,23971300
1,24033100
0,24260400
1,27457000
1,28917700
0,29376800
0,23838800
1,23440000
1,23742200
1,24657700
1,51406600
1,23349100
0,23429600
0,23373800
0,23613400
0,23382000
1,35601400
0,30022800
0,23344400
1,35430200
1,29293100
1,22140600
0,23482400
1,23536700
0,24220400
0,23441000
1,27812300
1,24303200
0,23458200
0,23589300
1,32244000
1,23938200
1,29863200
0,28925900
1,46228700
1,51583800
0,24345900
0,25024900
0,24304700
1,42289000
0,23825600
1,47176200
0,23732800
0,24420300
1,39453800
1,27769200
0,24007500
0,25993000
1,24091500
0,23923000
0,24002600
0,24746800
1,25731400
1,36640000
0,23885600
0,23735100
1,31757800
0,23443000
1,29081800
1,23631900
1,67270600
0,24204500
1,23975500
1,23402300
1,33613400
1,22197900
1,46208900
1,44466100
1,23447400
1,29427200
1,38064500
1,24281300
0,24320000
0,23587000
1,31565200
1,48302500
0,24182200
1,34922600
0,25406400
1,30872100
0,24194100
0,24099500
0,23849200
1,26599900
1,36119300
0,24849000
1,81190700
1,22371900
1,52051300
1,26325900
1,41797000
0,23685900
0,24874600
1,22120400
0,23472100
0,23765000
0,23496100
0,23600800
1,29989600
0,27495500
1,62473100
0,25627800
0,24256800
0,27638600
1,31964500
1,24906700
0,24336000
1,51090200
1,76759300
1,40618000
1,41083900
0,23859800
0,24047500
0,23439100
0,24413000
1,34755100
0,23642800
0,24047400
0,23951600
0,23896600
0,23886700
1,23604900
0,25286300
0,23516700
0,23262200
1,26014900
0,23939000
0,23434200
0,23551700
0,23410400
0,23242900
1,22872000
0,23288000
1,32223400
1,33051700
0,24790900
0,24640300
1,43731200
0,24440500
0,25006000
0,23858600
0,23806200
1,28985300
0,23544600
0,27365100
0,26084200
1,25477900
1,22706800
1,68313300
0,24306400
1,31602700
0,23386400
1,26166500
0,26819900
1,70510800
1,58004600
1,48997000
1,25131500
1,29828300
1,46834600
0,29707000
1,25179300
1,33733500
0,24902800
0,25161300
1,65581800
0,27719200
0,23243300
1,22520600
1,23389500
0,25977700
1,56815700
1,22337000
0,23784800
1,56763500
1,43679700
1,27762400
1,23491700
0,24845200
0,24717500
1,62182300
1,23844400
0,24280800
0,23531500
1,23610900
1,40966600
1,26491400
1,25080600
1,21951600
0,23337800
0,23515600
0,24092600
0,23354400
1,29656500
0,23638200
1,27174500
1,63903100
1,34894200
0,24034600
1,31631700
0,23892000
0,24161800
1,28667900
0,23879500
1,22021500
1,37551500
1,26055200
1,28966500
1,25831400
1,23968300
0,26528900
0,24097700
0,25900700
1,35398100
1,25198000
1,103521900
1,28138300
1,26034400
1,36494200
0,23684600
0,23963400
0,23886500
0,23816500
0,23300400
0,24099700
1,32927100
1,23155400
1,23221100
0,23305800
1,66898200
0,24818000
1,25484100
1,47233400
0,24250800
1,35836300
1,54782700
1,41537100
0,23610600
0,23628000
1,31595100
1,64721600
0,24349300
0,24547200
1,33684100
0,25404300
1,23371300
0,24616100
1,38899000
0,24637400
1,26917400
0,24238900
1,54740400
0,23736900
1,24731900
1,26147100
0,24178300
1,61968500
1,29415200
1,25910600
0,23371700
0,23609900
1,59389900
1,28895600
1,26869600
1,59604500
1,26870200
0,23501300
0,23443800
1,56081000
1,22725700
1,25772300
1,31981500
0,27106600
0,24314600
1,23428100
0,24482300
0,24408100
0,25066800
1,40811700
0,25143600
0,27583100
0,23302600
1,26126700
1,70410400
1,31388300
1,24724600
1,38184900
1,32831000
1,27138400
0,23347400
0,23510000
1,26806900
0,23199000
0,24392000
1,25925900
1,75541800
0,23906600
1,25764300
1,23991000
0,23941700
0,23803700
0,23491600
0,23629400
1,27034200
0,24411500
1,24611200
0,24851100
0,23718300
1,24119500
1,39636600
1,40667700
0,23234300
0,24054400
0,23243200
0,27683500
1,49245200
1,28238900
0,24301700
1,29789800
0,25451500
0,24784300
1,45531300
0,23899700
1,83863800
1,30835700
0,28020100
0,24664800
0,25062000
0,24908900
0,25652700
1,28837400
1,33031700
1,30054700
0,23443200
1,22037600
1,26308100
0,23330300
1,44134800
1,25661300
0,23969500
0,27725700
1,90250800
0,24460500
0,25400000
1,24292100
0,24369800
1,32540000
0,23871000
1,34695100
0,23419100
1,34235000
0,23599400
1,30824500
0,24227400
0,23748000
1,60193400
1,23028600
0,23581500
1,50625400
1,41001000
0,24215600
1,42094000
0,24260800
0,24233300
1,34164600
1,33875900
0,23459800
1,26198600
1,48732700
1,71953100
1,26228600
0,23445500
0,23232000
1,23420700
0,23423400
1,25749200
1,23672700
0,24030700
0,23791100
1,29744800
0,28391300
1,33834400
0,23343100
0,23746400
1,52193000
1,68660600
1,25147600
0,24183600
1,41729900
0,25007700
1,38745100
1,30701600
0,24681300
1,24142200
0,24434600
1,24700800
1,24499900
0,23676800
1,39811600
1,34368500
1,23472200
0,24348500
1,22408500
0,24402300
0,23990800
0,24215700
0,26936300
1,57540200
1,32598600
0,24409200
0,24153800
1,22277000
0,23611200
1,25729700
1,24889800
0,23586200
0,23464300
1,25259700
0,23414900
1,26401800
1,22763800
0,23261600
0,23640700
0,23258800
1,28200700
0,23685800
1,24659100
0,24725000
0,23491200
0,28011300
1,85631300
1,36083300
0,24156100
0,23837300
1,28194600
0,23765000
1,23821700
0,24250600
0,23483900
1,49714200
1,24907500
0,26155600
1,30713600
0,24714700
0,24801600
1,23560100
1,34291900
0,24888700
1,57962900
1,60503400
1,35604900
0,29040400
0,30572000
1,59811900
1,27015600
1,36607100
1,92534400
0,25691900
0,27641600
1,23342400
1,27018400
0,25797100
0,28224700
1,59041300
1,38913200
1,29233000
0,32520200
1,42947800
1,27942100
1,58679500
1,26358300
1,25236500
1,33539000
1,32643900
1,31264700
1,32973100
0,26486700
1,38073400
1,28300800
0,23713100
0,24400300
0,23860500
1,22087000
0,23980600
0,24029800
1,64880100
0,25489400
1,33047600
0,24998200
0,25119600
1,76434800
1,25104700
0,25046600
1,73238500
0,24202100
1,47836600
0,24145300
0,24947300
0,24299200
0,24489800
0,24531300
0,24439000
1,42036200
1,42029600
1,24779300
1,39508100
0,23572900
1,28146100
1,73989500
0,23275600
1,22082600
1,25593900
0,23351700
1,25999700
0,23246300
0,25504900
1,46019100
1,27465500
0,23683100
0,24524000
1,39881200
1,23390100
0,24770500
0,26809600
0,24820400
1,35491600
1,45015000
1,29548400
0,24130700
0,23871600
1,51729200
0,24378200
0,24303000
1,35261200
1,31455800
0,23945900
1,38780000
1,27511600
1,28576200
1,28762200
1,47193400
1,27332000
1,29156300
1,50589700
1,31821300
1,23437200
1,22605100
0,28226800
0,26675900
1,22738800
0,24789300
1,34897400
1,31188400
1,28994200
0,24165200
1,31814500
1,57536800
1,35309200
0,23830700
0,23415000
0,23922800
0,23369800
1,69570100
1,26672000
0,23600600
1,55074800
1,32441000
1,22732700
0,23443300
0,24827200
0,24231400
1,43485700
1,24576100
1,28613800
0,24247900
0,24254700
1,21794000
0,25184000
0,34492400
1,32125000
0,29094000
1,38338200
0,28107700
0,24377100
0,24460500
1,31411700
0,26972400
1,27344100
0,24577900
0,24435300
1,36996500
0,24307600
0,24378800
1,26870500
0,29926400
0,26850400
0,25550900
0,24805500
0,24720600
0,24627800
0,24758700
0,23660400
1,28338300
0,28350000
1,38405400
1,24412500
0,24716000
0,24266800
0,24280400
0,23927700
1,26819800
1,25202200
0,23686200
0,23527600
0,23868600
1,41190900
0,23828000
1,38000200
1,29461200
1,50124100
0,23828100
0,24471900
1,23945700
1,35173000
0,24012500
1,79604200
1,56198200
1,63848300
0,25004500
0,24488000
0,24658700
0,24349500
1,26312200
1,32452000
0,24113700
0,24348500
1,30477700
0,26104400
1,33968100
1,23631400
1,22128500
1,32877600
0,24200100
0,23437400
0,25639000
1,22464800
0,23606000
1,22036500
0,23685900
1,26510600
0,24954300
1,59734500
0,27083700
0,26078600
1,34654200
0,24891800
1,39949100
0,24909200
1,41537400
1,22022100
0,23562900
1,30415000
0,24459500
1,72398900
1,37565500
1,41557800
1,33018100
1,27996800
1,38733100
1,35550300
0,24921200
0,24184900
0,24216500
0,24160100
1,43469200
0,24200800
1,38888000
0,24140900
0,23278700
0,23337000
1,21935200
1,32249900
1,28788600
1,43270000
0,26909700
1,53298200
0,24239300
0,24229300
1,43756200
0,25981100
0,23343200
1,41451100
0,23964400
1,29487500
1,33751000
0,25000500
0,24040200
1,68268300
0,23565900
0,23339300
1,37169000
1,37765300
0,23353500
0,24190700
0,23368700
1,23057200
0,23492700
0,28859300
0,30780500
0,33025600
1,61021200
1,28708500
1,32674300
1,25223900
0,23325900
0,23924100
1,40644000
1,79802500
0,23693500
1,32866600
0,23376400
0,23184800
0,23722800
1,31419000
0,23292100
1,24997400
0,23530400
1,22485500
0,23971000
0,23379900
0,23622300
0,23408800
0,26302300
0,23267700
0,26472800
1,34527900
1,84217400
1,61520600
0,24422400
1,24442300
1,29223100
0,24463000
1,25381000
1,42959900
1,27288200
1,58671200
1,27418400
0,25135300
0,25446400
1,61381800
1,27912900
1,38974200
1,51514300
0,28197400
1,35386600
1,27247300
1,41272100
1,35481000
1,61145400
0,23698000
0,23429000
1,64170900
0,23599400
1,50752800
1,30460000
1,31152300
1,34022100
1,25096200
0,23789200
1,46477100
0,23327500
1,35371000
0,23378700
0,23338600
0,23473600
0,23638900
0,23290900
0,23227600
1,42341600
0,23393900
0,23445800
0,23265800
0,23592400
0,23677500
1,25061900
0,23289700
1,29454700
1,40336400
1,25216900
1,22536600
1,62303500
1,39161300
0,23444600
0,23462600
1,63027100
0,23377900
0,23586900
1,51031100
1,45853200
0,28224500
0,24605800
0,25392600
1,33829200
0,25298600
1,33215600
0,24325400
0,24261800
0,26243300
0,28553300
0,24783100
1,25927200
1,35593000
0,24659200
1,40262200
0,24826300
0,25130700
0,23512900
1,24951500
0,23263800
1,21988800
1,58700300
0,28366800
0,24573600
1,60326500
1,24091100
1,48057200
0,24224700
0,23609600
0,24097200
0,23191900
1,48573000
1,25326000
1,36729200
0,27641900
0,24204300
1,34254700
0,23245300
0,23778500
1,51139400
0,23525600
0,23296700
0,24124800
0,26663700
1,30340300
1,34683200
0,23767200
1,36054300
0,24029400
0,24129100
1,50530400
0,24023300
1,22069700
1,66446100
0,24457400
0,24037300
0,23798400
0,23972200
1,41088100
0,23242300
1,26770500
1,31456600
1,27963300
1,22191300
0,23535700
0,24674800
1,25943500
1,23625900
0,23626700
1,41861500
1,42496300
0,24386000
1,22851300
0,23969000
0,23990100
0,23938600
0,28050200
0,27585900
0,24693700
0,24350000
0,24785100
0,24334600
1,26244800
1,22841600
0,24379500
0,24421700
0,24164300
1,43331100
0,23282000
0,23894100
1,28319900
1,68617700
0,25357100
1,47447700
1,35196500
0,25049400
0,24535600
0,23824200
1,29494500
1,29124800
0,23291300
1,23266000
1,38970600
0,24678700
1,39969100
0,27212800
1,27708600
1,36044400
1,22113100
0,23479200
0,23656800
0,24631500
1,99071800
1,28327900
1,34393500
0,28693100
0,24707900
0,24704100
1,28353900
1,60433100
1,25884800
1,32265900
0,24067200
0,24130300
0,24021800
0,23961400
1,32419900
1,31579300
0,23862500
1,40391700
0,23405200
1,25100700
0,23606600
1,29735900
1,39102600
1,22555800
0,24092600
1,40212400
0,24248100
1,28119200
0,23384500
1,23105100
0,23441800
0,23570500
0,24034700
1,25090600
0,23209500
0,24170000
1,32920600
0,23740800
1,30630900
1,30398000
1,22852600
0,24304800
1,24458500
1,59934000
1,34446800
1,26316400
0,24651300
0,24431300
0,24293400
0,24071800
1,24864700
1,29813600
0,23690800
1,22490800
1,32786900
0,23693200
1,26392000
1,36255800
1,30638600
0,23784400
1,49070300
1,35174200
0,23661600
1,25266200
0,23430600
1,34073300
0,23202800
0,23855600
1,54433700
1,55670300
0,25462200
0,24656600
1,39601900
0,24665900
1,27584700
0,24741700
0,23357100
0,24686300
1,27056200
1,63220900
1,46723700
0,23634200
0,23542700
0,23382000
1,24642100
1,47029400
1,33726200
0,23921600
1,27863900
0,23695900
0,23394600
1,28354000
1,55259900
1,24235100
0,24278700
0,24311600
1,76609800
1,26129700
0,24138800
0,23531300
0,24288500
0,23415500
1,25919900
1,31491400
1,33758900
0,23903100
1,30145300
0,23764300
1,52925800
0,30108900
1,27744600
0,24702000
1,28644600
0,24733500
1,24599800
1,52198700
1,64677800
0,24220900
0,23288100
1,43467600
1,22283200
1,27394700
0,23350700
0,23430600
0,23469600
1,33062700
1,86450300
0,23862800
1,29282500
1,29772200
1,39211100
1,22620500
1,23775000
0,24658000
0,23914800
1,26731000
1,35051200
1,25054700
0,23640300
1,22190100
1,52497100
1,27598200
0,23771100
1,22822400
1,26088900
0,23978800
0,23959300
1,23896700
1,23345100
1,61980900
0,23610200
1,58508500
1,23543000
0,23444300
1,34700400
1,23524000
0,24068100
0,27823900
1,25005300
1,55808700
1,24569000
1,32631300
0,24228900
1,33452100
0,23294400
0,24291400
0,23498000
1,24017100
1,43405100
1,59537000
0,25845600
0,23904100
1,45257600
1,60469300
1,54448000
1,25724800
0,24025800
1,31830800
0,25313500
0,24532300
0,24332400
1,28032500
1,45334100
1,27944200
1,32684800
0,23683900
0,23885600
0,25047100
0,27008300
1,28459400
0,27436600
0,24784100
1,31469500
0,24412000
1,29716600
0,24473000
1,24802000
0,24618100
0,24891700
1,23468300
1,30864900
0,23823200
1,42684900
0,24022200
1,51316500
1,37188900
0,24404100
0,23435500
0,24797600
0,23984200
0,24025900
1,28261500
1,72507400
0,23948100
0,23623200
0,23992100
1,44003400
0,23255400
1,23169700
1,28842000
0,23319400
0,24033100
0,23286500
1,59675200
0,33021000
0,24447700
0,24156400
1,23068300
0,24108700
0,23745600
0,23270400
1,54154400
0,25648100
0,26271100
0,28769300
1,34216000
0,25599700
1,29459800
1,23285100
0,23865800
1,29787500
1,118267000
1,33502700
1,40034700
0,23980200
1,34921500
0,23718100
1,29673400
0,25081200
1,31797500
1,32946200
0,24184400
1,23342800
0,24275300
1,26329000
0,28500700
1,37020300
0,24416300
1,28362900
1,24023300
1,45002400
1,29245500
0,25813500
1,27245600
1,31308900
0,25073700
0,24305100
0,23915200
0,23328300
1,38086600
0,23270500
1,25980900
0,24291400
1,26338100
1,50752900
1,30272200
0,26348900
1,27740500
0,23732100
1,42741900
0,23347100
0,23464900
1,28746400
0,23429600
0,23332900
0,23540300
0,23223600
1,22053500
1,32933900
0,23856700
1,50182200
1,30026900
1,30234400
0,27816600
0,26594500
0,24255700
0,24665300
0,24328500
0,25683900
0,24356200
1,27347100
0,24062100
1,77242800
0,23891200
1,23780700
1,22394300
0,23539600
1,51289400
1,37271200
0,23295500
0,23367900
0,23396100
0,23498400
1,31488300
0,23385500
0,23973300
0,28240800
1,32295900
1,24653100
0,25617100
0,23947700
1,28328900
1,29705800
1,23050400
0,26378100
0,29908800
1,38622600
1,28590800
0,30115700
1,54212600
0,29881500
0,24276900
0,24799500
1,30509200
1,43102500
1,29087900
0,23911000
0,29911600
1,40423600
1,66040700
1,41968200
0,24532500
1,60489100
1,55808400
0,23937700
1,33789900
0,24276400
1,45510900
0,23218100
1,70119400
1,35367800
0,23639000
0,23488500
1,31159400
0,23498400
0,23777300
0,30102300
0,25942500
0,24013700
0,25269800
0,25453700
1,22834300
1,26471200
0,24399700
0,24137200
1,41322600
1,27293300
0,24280800
1,32272400
0,23655100
0,23711300
0,25282700
0,23459100
1,36279200
1,43880100
0,23827800
1,28385700
1,26293400
0,23454600
0,23927400
1,31897800
0,23354700
1,47987600
1,27578500
0,23271000
1,52043900
1,24558800
1,27913000
1,24397800
0,23200400
1,29243500
0,23771800
1,24975500
0,23745900
0,28099500
0,28546600
0,26064600
0,24412900
0,26075100
1,28637800
0,25162200
1,26115300
0,26741000
0,24904300
0,24730900
1,38464700
1,25095700
0,25223800
1,23340400
1,23041900
0,23463700
0,23410500
1,27969300
1,68644400
1,54688900
1,40534200
0,23450000
0,23337400
1,34041900
1,22139500
1,51336300
0,24914700
1,27005500
1,32852800
0,23475700
1,71320600
1,27010500
1,27733700
0,24626100
0,24979900
1,34354500
1,50125100
0,24109000
1,28715100
0,23494800
0,23510900
1,39138100
0,23505600
1,36273500
0,24677100
1,72175700
1,25496300
0,23852200
0,23795400
1,77100300
1,46285100
0,23322700
0,23442900
1,56203100
1,24862000
1,32299100
1,45152200
0,23505500
1,30716500
0,23530700
1,30336100
0,26855000
0,24132900
0,23463500
1,94511200
0,25727100
1,52799900
1,63512300
1,25911300
0,24714800
1,26807700
0,24244500
1,24506900
1,32243800
0,23872000
1,22360000
0,23470100
1,25751100
1,29211300
1,30307200
1,46668100
0,23603100
0,23822500
0,23493900
0,23721900
1,43318900
0,23387600
0,23742400
1,43659200
1,41560600
1,23459000
0,23718000
0,23559700
1,25354400
0,27569600
0,26681900
0,24415900
1,28363700
1,25826900
1,59176200
1,35163900
1,38986100
1,73363900
1,30471100
0,24606000
1,26060200
1,47789000
1,41769100
0,23379900
1,35980300
0,23291600
0,23610100
0,23520200
0,23430000
1,29526900
0,25868700
1,22713100
0,23437400
1,31720500
1,31642300
1,31669300
0,23987500
0,24962800
1,28459200
1,23595300
0,23426700
1,22458900
1,22776500
1,23355600
0,25799500
0,25080800
0,24593200
0,23719400
1,51667700
0,23321900
1,43859700
1,33015100
1,59268200
1,24368400
1,29469700
1,76933900
1,32130700
0,23944000
0,24708700
0,23831400
0,23656300
1,32123400
0,25050200
0,23325500
0,23264100
1,38749300
1,22338100
0,23396900
0,23467400
0,24116900
1,38969300
1,37904900
0,23545800
0,24526800
1,22041000
0,24811200
1,31769100
1,38138800
0,26990200
1,35273500
0,24800700
1,25779900
0,26536900
0,24859400
0,24957100
0,24737500
1,79290200
1,26931200
0,23878500
1,25497200
1,23583500
0,23382900
0,23603700
1,24387300
0,23597900
1,35595800
0,23539800
1,38754000
1,49460500
0,23723600
1,24291400
0,23662500
0,23582400
0,25058800
0,23826000
0,25772700
1,28060400
1,31297200
0,23921300
1,48375100
1,43770700
1,38946600
1,25660600
0,24005900
1,42580200
0,23660100
0,23955300
1,30031300
0,23369900
0,24026200
0,23523100
0,24719000
0,24014500
1,22050400
1,38718100
0,25540600
0,27459600
0,25774100
1,28372700
1,43703000
0,25100000
1,65620000
0,23842500
0,23825900
1,30328000
0,23731500
1,70971700
1,39258000
1,22757200
0,23819200
1,63729100
0,24407300
0,26903500
0,25570200
0,24442700
1,33765700
1,23029700
0,24370300
1,40368800
1,28815000
0,24192400
0,24930900
1,34437000
0,25007800
1,40492800
0,23887700
1,45371200
0,24264900
1,30619800
0,25673700
1,24389600
0,24575700
0,24788400
1,23917300
0,23661400
1,29324500
1,60880800
0,23382500
1,47024600
1,92243100
1,80860300
0,23755500
1,56001600
0,24022700
0,23941800
1,30246200
1,38312200
0,24556400
1,59654400
1,31624300
0,24569600
0,24931700
1,48093300
1,23587000
1,31093700
0,23576800
0,23472000
0,24129700
1,30295400
1,37058100
0,24263300
1,28386800
0,25626800
1,25089400
1,66392100
0,24829400
1,44436400
0,24149700
0,24054000
1,29372000
1,22735700
0,23551600
0,24899400
0,23539900
1,30651300
1,25897900
1,26043100
1,30716000
1,55863500
1,22905100
1,53906800
0,24002700
0,24263300
0,23889200
1,28223700
1,34106000
1,22636800
0,23880300
1,23474300
1,28122200
1,28751400
0,24459500
1,29897500
1,53782800
1,31039300
1,24565400
0,23260500
0,23405800
0,23329300
0,23334900
1,73524900
0,23239500
1,27191300
0,23477700
1,68603700
1,48749800
0,24758500
1,73283400
1,91320800
0,25034100
1,32373100
1,28893000
0,24264200
1,28795900
1,22288100
0,23510300
0,23473100
0,23476700
0,23294700
1,30566700
0,23523800
0,23798700
0,23715900
0,23544300
0,23504100
1,39042300
1,22125200
1,43735700
1,22202600
1,22369400
1,31347100
1,43264400
0,24242800
1,22880200
0,24401400
0,24847900
0,24228300
0,27852800
0,26458100
1,26878700
0,24999900
1,43140000
1,28540400
0,27163400
0,24240600
1,50781300
1,42413700
1,41023200
0,24510800
1,35090300
1,37557900
0,23888600
1,43812900
1,33960800
1,33339100
1,40308400
0,24131900
0,23716600
1,23280300
1,27887200
0,23229000
1,64922300
1,28254600
1,42511300
1,46133200
0,25664400
0,23625300
1,36230700
1,27583600
0,27013700
0,24611000
0,23917700
1,22320200
0,23944000
0,23753400
0,23769200
1,25560700
1,27861700
1,67275400
0,23529300
1,38586100
0,23511900
0,23299700
0,23432200
0,23276900
1,35686500
1,23600000
0,23730700
0,23233100
1,23305000
0,23266500
0,23434200
1,26660100
0,23386200
1,29120000
0,23304300
0,23291000
1,36860500
1,41023700
0,23339900
1,49188900
0,28006300
0,29100500
1,26020000
1,65057700
0,24398700
0,24602300
0,25628800
1,72098600
1,31102200
1,25413300
0,27227600
1,55373900
1,26409200
0,24694900
1,39492300
1,41691600
0,28747500
0,24101000
1,22445700
1,46348700
0,24958500
0,23782000
1,35329800
0,23435300
1,25116900
0,23453000
0,23208400
1,36175700
1,47839400
1,24924900
0,24499700
1,27018400
0,24805800
0,24811600
1,50204600
0,24726700
0,23686700
0,23813400
1,25685700
1,28026400
1,22353900
0,23654800
1,85385800
1,37798100
1,41703300
1,30197900
0,24922400
0,24786200
0,24657000
1,29116300
0,24013700
1,21891300
1,24687200
1,30990800
1,29038700
0,23438900
0,23499400
0,23315100
0,23357200
0,23532400
1,29122600
0,24178700
1,81680200
0,23463000
0,23763200
1,23735100
0,23819400
1,37425400
1,27659000
1,24350900
1,25169900
1,32613400
1,60364800
0,27108700
0,26469300
0,24841100
1,33171300
0,25753700
1,38372900
1,84360100
1,58473700
1,23334600
1,27468000
1,23324700
0,23199400
0,23985200
1,33942300
0,23318300
1,37355600
1,36310700
1,33587500
1,34946600
0,23558600
0,25697900
0,23835400
1,32525400
0,23676800
0,23728800
1,26112400
0,24192200
0,26221600
1,66595100
0,24343000
1,30278200
1,34656000
0,23676000
1,37030400
0,24051300
1,29644500
1,48516200
1,63713500
1,21871100
0,23483200
1,38794200
0,23482500
0,23516500
1,59214300
0,23554700
1,43077100
1,26720000
1,31722300
1,37865900
0,23441000
1,30092800
1,37333700
1,54858700
1,40974000
0,23551700
0,24151000
0,26873400
0,26356900
1,43924900
1,25062700
0,23717800
1,36029800
0,24205700
0,24387200
0,25917800
0,25779700
1,28169700
1,27724700
0,24318300
0,24431600
1,83854400
0,24538800
1,23351700
1,50721900
0,23957500
1,23172700
0,23635400
0,24556300
0,23525900
0,23339500
1,57005500
0,23518900
0,23544300
1,37608200
1,33650100
1,62905400
1,29166900
1,34538200
1,31995000
0,24392300
1,28882500
0,24246600
0,24461000
0,24363100
1,26754800
1,38898600
0,24871700
1,33685700
1,56560400
1,75158000
0,24976100
1,85400200
1,35500600
0,23519600
1,37484600
0,23615200
0,23391500
0,23395000
0,23225800
0,23583200
1,39722500
0,23537800
0,23775500
0,23495900
0,23526600
0,23477100
1,27858200
1,42186700
1,32622400
0,25730700
0,24421800
1,50546900
1,66969300
0,28346700
0,24310700
0,24224700
0,23544200
0,24818100
1,28874700
0,24421200
1,41644400
1,37284700
1,43329000
0,24365300
1,34558900
0,24676500
1,32643200
1,36498200
0,24005700
0,24981200
1,34937100
0,23251100
0,24025700
1,33996600
0,23233500
1,30820900
1,25589200
0,23627500
0,23551000
1,31647500
0,23496400
1,27020200
0,25959500
1,56085200
1,22880600
1,51830700
1,42717100
1,30693500
0,25908200
1,26013800
1,44716500
1,27826200
0,24492100
1,22276000
1,46589600
0,23556300
1,71085500
0,23583800
1,27632700
0,24159300
1,26413200
0,23610200
0,23572400
0,23341800
1,30645900
1,32497400
1,29174100
0,23623500
0,23591900
1,31824200
0,23724400
1,22606100
0,24695000
0,24105900
1,34794200
0,24787200
1,52755600
0,24363600
0,24548900
0,24258600
0,23557900
0,25532000
0,26840900
1,46950100
0,24623300
0,24325000
0,24240400
1,35390400
1,30793700
0,23571900
1,26893600
0,23433400
1,22230300
0,23531500
0,27081600
0,26599100
1,40621600
1,34587700
0,24450400
0,24746100
0,24279000
1,47423700
1,29075200
1,43962200
0,23529900
0,23378000
0,23685900
1,50717400
1,50591500
0,24288400
1,24841900
1,62554600
1,28390600
0,23565900
0,23515300
1,28881500
1,26202000
1,22581400
0,23561800
1,54143600
1,72478900
1,26985400
0,23374100
0,23216100
1,27201000
1,22014900
1,22470800
0,23341800
0,23663600
0,23253100
0,24173600
0,24422800
1,53665000
0,23200100
1,75648700
0,23376100
1,69648300
1,65106400
0,24226000
0,26075900
0,25603900
1,38063400
0,23683200
1,52777500
0,24964900
0,27405700
0,25014800
1,26925900
0,26281400
0,24519500
1,27893000
1,26389100
1,26248000
1,29912800
0,23412500
1,25201600
1,44857600
0,24020400
0,23980800
1,31182300
1,72453100
0,29750500
0,26075900
1,47167300
0,25497500
0,30667800
1,79069700
0,24493700
1,22876900
1,23213000
1,24273800
0,26320900
1,29898900
0,23698500
1,49315100
1,77261300
0,25663300
0,23979300
0,24339700
1,27215000
1,37433100
1,50414100
1,25947300
0,23448000
0,23780300
0,23560300
0,23490500
1,25221200
1,42806500
1,30068600
1,42718600
1,32926200
0,24312900
0,26089600
1,30956000
0,23912100
0,23658300
1,47341200
0,24295200
1,25296700
1,30673100
0,24364000
1,21928300
1,34189000
1,48119200
1,27535700
1,43639400
1,36452700
0,27566500
0,26484400
0,24646100
0,24986600
1,49993900
1,32588500
0,24328500
0,24244500
1,67782200
1,22577600
1,28086300
1,28262000
0,23395200
1,29524100
0,23441700
1,26524900
1,43129200
1,27506000
1,33137800
1,27940900
1,49031100
1,57188100
0,25419200
0,29413200
0,24393700
0,24951300
0,26230400
1,28115400
0,24236500
1,41553300
1,38268600
1,32439300
1,33106100
1,23585500
0,23534200
0,23622900
1,62487200
0,23706000
1,51225400
1,51080300
0,23918600
1,22731900
0,24262300
1,30537800
1,32897200
0,23550200
1,42755900
1,22876900
0,23522500
0,23657400
1,40962100
1,24826200
0,23508200
0,23934100
1,24967200
1,22880200
1,25494400
0,25275700
1,22213600
0,23972300
0,28382700
0,30962600
0,29098900
0,23260500
0,23327300
1,35379200
0,23436000
1,29105700
1,42721000
1,28335200
0,24509000
0,24478400
1,44321300
1,22513000
1,26470600
0,24936100
0,23416100
1,29790500
0,23624000
1,29086200
0,23419200
0,23476300
1,31475100
0,23570300
1,28662700
1,35595400
0,23656600
0,23282800
1,47480100
1,33664100
1,38905400
1,23106100
0,24659100
0,23362800
0,25256100
0,27186700
1,39592700
0,23807500
0,24276600
1,70540200
0,24585700
1,54562500
0,26924700
1,27288700
1,23478400
1,24793300
1,33695200
1,26506300
0,24330200
0,24331500
1,23979900
0,23775300
0,23467200
1,29095800
0,23587800
1,39527800
0,23374000
1,29274900
1,26099000
1,31729600
1,40469000
1,29809300
1,41852600
0,23412000
0,24499300
0,23963200
0,25288500
0,23178200
0,24212100
0,24306000
0,24339200
0,24281500
0,23718900
0,24115400
1,24370700
1,27142000
1,40198300
1,24842100
1,26462200
1,37780300
0,32355000
0,24413100
0,24331300
1,25030500
0,24857000
0,24890200
0,24638600
0,23274100
0,24503800
0,23603200
0,23556500
1,37869600
1,37895800
0,24157300
1,26383600
1,23838300
0,23758700
1,23688800
1,42611500
0,23397200
0,24319400
1,23470500
0,23781900
0,23617700
0,24471200
1,24633300
0,24094300
0,24080100
0,24640700
1,64268300
1,52883900
1,53805800
1,25084300
1,27788700
0,25114900
1,30403800
0,24798900
0,24866700
0,24518600
0,24309800
0,24372700
0,24295600
1,22317800
1,28209500
1,22293500
0,23828100
1,26559400
1,29157800
1,32537000
0,24067200
1,22560700
0,23788100
0,23620200
0,23634000
1,31173700
1,57332300
0,24433900
0,23970600
1,26398000
1,30334300
0,23855400
0,23742200
0,23873400
0,25934100
1,23353300
0,23594600
1,21874200
1,25368900
1,24877800
1,23963900
1,45862100
0,26660100
0,25560000
1,85002700
0,24141900
1,34133400
0,24136700
1,44083500
0,23690200
0,23383200
0,23589400
1,23889400
0,23530300
1,37484200
1,24920800
1,24827100
0,23579500
1,23651300
1,24979500
0,25055600
0,24154500
0,23426700
1,24337100
1,24731000
0,24865700
1,39203100
0,23848900
1,29586300
0,26812600
0,29304600
1,47766000
1,23350900
0,23980100
0,25140300
0,24412800
0,23937100
1,26703600
1,28591700
1,28106200
0,26388900
0,24975300
1,27083500
1,33267900
1,30510400
0,23860100
0,23818500
0,23998200
0,23674100
0,23554100
1,23138300
0,23391100
0,24160400
1,82827800
0,23625700
0,24406900
1,22221400
0,24679900
0,23691200
0,24714900
0,23979800
0,24673600
1,70261200
1,60490700
0,23652900
0,23423300
1,23347500
0,23543200
1,27373900
0,23534200
1,32266400
0,26444800
0,28239300
1,77271600
1,93384200
1,23420100
0,23498600
1,28492900
1,32565300
0,23520200
1,42081500
1,66419000
1,39724700
1,27288900
0,25309500
0,25065200
1,24873100
1,38138200
0,24402500
1,45035000
0,23511400
1,38156200
1,23183300
0,23529400
1,54209900
0,25413700
1,43919200
1,34269500
0,23416500
0,23706800
1,35253000
1,50722700
1,36868100
0,23620700
0,23376700
0,26408900
0,29202900
0,26642500
1,23158800
0,24147000
1,29551100
0,25315400
1,30574500
0,24873400
0,24348700
0,24303200
0,24507500
0,23469200
0,23587800
0,24011100
1,23490500
1,27602300
1,22505700
1,23864100
0,23450000
0,23734700
0,23993400
0,23989000
0,24065500
0,26158200
0,25802100
0,25082600
1,33946000
1,35901100
1,51442100
1,30783300
1,33366400
1,24531600
1,31186100
0,24554400
1,26063100
1,22847400
0,24091100
0,23292700
1,36813000
1,26069100
1,35961200
1,23405100
1,25631300
0,23437600
1,22682200
1,24700100
0,23550100
1,35928500
1,27010700
0,23360500
0,26076000
1,26215400
1,28965300
1,34400700
0,23817100
0,24032700
1,34099100
0,23864400
1,40189000
0,25520800
0,23546400
0,24710600
0,23526400
0,24501700
1,23873500
0,23903500
0,23509900
1,56349800
0,23464200
0,23810500
1,50762100
0,24143000
1,25415800
0,23754800
0,23837300
0,23920900
0,23744300
1,55532100
0,28401000
0,26796500
0,24459600
1,27852400
1,60399000
1,23399700
1,44873300
1,25710500
1,45069800
0,23664500
1,82846900
0,23721900
0,23771500
1,48596900
0,26060800
0,24207800
1,45763100
1,33597400
1,27833400
1,33841600
1,47012800
0,27254800
0,23406600
1,27739300
0,23998600
1,48332900
1,26680100
1,24057100
1,22407200
0,24192200
0,27436600
1,26023000
1,27697000
0,23553200
0,24997200
1,46634100
1,32028000
0,29727100
0,30269800
0,28639300
0,29928000
0,24257000
1,50537400
1,30277700
0,23602000
1,41334500
1,23344800
0,23425100
0,23455400
1,52717900
0,23412900
1,35946000
0,28640800
0,25342800
1,54629300
0,24297300
1,25683600
0,23612400
1,24058200
1,25994600
1,26534800
1,23540400
1,30155800
1,23321300
0,23406900
1,27158600
1,48078800
0,24366700
0,23466200
0,24303900
1,59487900
0,25618700
0,24673400
0,24614300
0,24496500
0,24629400
1,34619700
1,30166200
1,33675800
1,43410100
0,24633300
1,43628800
1,27176800
0,25357100
1,26834400
0,24267300
1,28432200
0,23733700
1,25862800
0,27821400
1,28624100
1,70808400
1,28531200
0,24156800
1,36930500
1,77894300
0,23240100
0,23442400
1,47273100
1,31046300
1,53178600
0,23286900
1,27683200
0,24498100
1,48134200
1,43317400
1,35640600
0,23360200
1,29769400
1,37851400
0,28109000
0,26665600
1,29298200
1,36717200
0,24871900
0,24864600
1,48066000
1,42192400
1,23199600
0,23364600
1,42320900
1,45297900
0,23662700
1,54204800
1,34128600
0,24934800
0,23407300
1,26377900
0,23320900
1,28823500
1,43648000
1,24497900
1,31415600
0,24121300
0,25967500
0,28827200
1,29056600
1,35134400
1,27493900
1,56157600
0,24550000
0,25743200
0,24760900
0,24506000
0,25541200
0,24326500
0,23730500
0,23504400
1,29931900
0,23367200
1,27120400
0,23357700
1,37644000
1,66590200
1,24418600
1,28560500
1,24887200
0,23463300
0,23379900
1,43392300
1,31753600
1,66824500
1,31950100
0,31034500
0,23571800
1,22781900
0,23666000
0,24837400
1,50856500
0,24739900
0,24557800
1,32305400
1,63166100
0,27937200
1,37396800
0,28300800
0,23669400
1,39207600
0,23770600
1,26501200
1,29329700
0,23995000
0,23284300
1,24704500
0,23354500
1,25054800
0,23262000
1,26599400
1,22049000
0,23295100
0,23389600
0,23264400
1,35001800
0,29085700
0,23443300
1,37799500
0,23497500
1,48021500
1,23979500
0,23569200
0,24145300
1,55077200
0,23657600
1,38950400
1,37300000
1,22151000
0,23462300
0,23422500
1,23345000
0,29125300
0,26209800
1,38440400
0,24317600
1,62857500
0,28222900
0,25236900
0,24363200
0,24275000
0,26647700
1,28340900
1,37611900
0,23757800
1,26878700
0,24260500
0,24268300
0,24308600
0,24290800
1,23044300
1,41338400
0,23345400
0,23285500
1,64910100
0,24281500
1,38314000
0,24354100
0,23370400
1,24252600
0,24285200
0,23770200
0,23882000
1,22498200
1,60502600
1,32418800
0,23656500
0,24844100
0,27747100
1,28835900
0,24160200
1,26200300
0,24313400
0,24231400
0,24823900
0,24290400
0,24289300
0,23873200
1,29312800
0,23843100
0,23256100
1,32271900
0,23328300
0,23539700
1,26166900
0,23833400
1,41925000
1,77009300
1,64698700
1,40487200
1,40205900
0,23372000
0,23767300
0,24999800
0,24513300
0,24024400
0,25067800
0,23533000
0,23390600
0,24390100
0,28995800
0,27599100
0,29370000
0,26205200
1,35813200
0,25621300
1,44140100
1,36375800
0,24840500
1,52118600
0,26446800
0,25429600
0,23935600
1,26065000
1,24342900
1,27543900
1,58619200
1,31511000
0,23276600
1,23440300
0,23299900
0,23617200
0,26995600
0,24014000
0,26972800
0,25619100
1,33973800
0,24318800
0,24488500
1,33473100
0,24311200
0,23881600
1,39033600
1,22859300
1,32128900
1,22465700
1,24018500
0,23486700
0,23294100
1,22222300
1,38996400
0,23424900
0,23777600
1,21986800
1,23266000
0,23467700
0,23210200
0,23472800
1,30558600
1,30882700
1,51162700
1,54081800
0,24055200
0,24356300
0,23380700
0,23285700
1,26353400
0,23219400
0,24055800
1,23492500
0,23260000
0,24768800
0,24851400
1,35489900
0,23781100
0,23747800
1,22829000
1,51512100
1,35249600
0,25697200
1,41811900
0,30811100
1,70479200
1,37344000
1,35239600
1,27834600
0,25452100
0,24369800
1,24068600
0,25654900
0,26817900
1,53134200
0,24812500
0,24662300
0,24867700
1,37338000
0,24365000
1,31547000
0,23755100
1,29667600
1,44305200
0,23735100
0,25312200
1,57079900
0,23839600
1,29087500
1,31944100
1,22873500
1,45318000
1,25717400
0,25247400
0,24527700
0,24396100
1,29293700
0,24339400
0,23443700
1,70711500
0,30665100
0,27502800
0,23849700
1,31184300
0,24605200
0,24479100
0,24426800
0,24248100
0,23316200
0,23290100
0,23373000
1,24867800
0,23242400
0,24094200
0,23324600
1,40515200
1,72092200
0,25518600
0,23333000
1,26395900
1,43821900
0,23840700
0,23780800
0,23900300
1,33120600
1,45515100
0,23436200
1,22779600
1,66211200
0,23662000
0,23662500
1,22574900
1,24079300
1,45073600
1,23165200
0,23897700
0,23463400
0,23424900
1,22024600
1,60776100
0,24402000
1,31282000
1,25189900
1,23279900
0,23599600
1,35046400
0,24569700
1,31859500
0,24238600
1,50299900
0,25136900
0,24359400
1,26062800
0,24353400
0,24799800
0,24057500
1,22543600
0,23826000
1,33129200
1,31243200
1,48058300
1,45347200
0,27607300
1,26247100
0,31016300
0,24902200
1,31222700
1,26372500
0,24779400
0,25617000
1,35485700
1,37252800
1,66464500
1,26792500
1,26146800
0,23364700
1,51839200
1,24329300
0,24136300
1,26168500
1,22373900
0,23640600
1,31398700
1,44212700
0,23753700
1,34062400
0,24183700
1,23960600
1,42758600
1,60630500
1,38422700
1,23638600
1,59983800
1,44338400
1,38524000
1,32691300
1,25323800
1,22731200
0,23360700
1,25079800
1,53300800
1,26235100
1,36694900
1,52450000
1,33597900
1,32020900
0,23811000
1,36778400
0,24474000
0,24253900
0,23864900
0,23539900
0,23587400
1,30307600
0,26306500
0,24952000
1,52428300
0,24849700
1,26432000
0,24174800
0,24474600
1,74414900
0,24178700
0,23461500
0,23371500
0,27593800
1,34939300
0,27346600
1,39095700
1,26971700
0,23629700
0,23831000
1,24778000
1,22016000
1,43331500
0,23248400
0,23328600
1,22065700
0,23555200
0,23318700
1,23559500
0,23304900
0,23409300
0,24353300
1,32101700
0,23444000
1,48129800
1,38305400
1,28893400
0,23712700
0,24134100
0,24678700
1,55887900
1,28425600
0,23866400
1,24747400
0,23636700
0,24985000
1,26611100
1,25636600
1,30670400
1,50927000
0,23622100
0,23736000
0,23529900
1,29751200
0,27778600
1,36204000
1,32093800
0,24251600
1,24143900
0,24225900
1,38821200
0,23608100
0,23233100
0,24380600
0,27235100
1,28370600
0,24306500
1,57942700
1,37346700
0,29557700
0,25620200
0,25211500
1,30820500
0,25032700
1,46264800
0,26077100
0,25132300
0,24337200
0,24213300
0,24364000
0,24518500
0,24839200
1,25561500
0,25041800
0,23858600
1,35403900
1,26475100
1,34697800
1,26204000
1,24518700
1,22203200
0,23732500
0,23328800
0,23371900
1,28502900
1,45090800
0,23361000
0,23745600
0,23686500
0,23364500
1,24701600
1,32757800
0,23584600
0,23421300
0,23395300
0,23532700
1,31671700
1,22508500
0,23365000
0,23969200
1,24523700
1,27576500
0,23392000
1,26244600
0,23414200
0,23585400
1,40453000
0,23501400
0,23338700
1,46268500
0,24360400
0,24200200
1,26733000
1,32169000
0,25709000
1,34562500
0,25450800
1,36991300
0,24720400
1,27734600
1,26776900
1,23400200
1,44942200
1,37290600
0,23386900
0,23370300
0,24182100
0,29342200
1,53232100
0,24319900
1,22957700
0,24223600
1,36479400
1,26163700
0,24675100
0,24805700
1,29748500
1,38533600
1,75696700
1,22647900
0,24032300
0,24582100
1,32237300
1,34233600
1,29678100
1,27460500
0,30477700
0,26845600
1,30560500
0,24510800
0,24231000
1,41627800
1,30582000
0,26100800
1,30852800
0,23519100
1,23441600
0,23479200
1,37426300
0,23483100
1,70837800
1,60151500
0,23354800
1,51228300
0,26217600
1,23700300
0,24453000
0,23861500
1,27296600
0,23839500
0,24298800
0,23285800
1,27665800
1,26049300
0,24255600
1,25162300
0,23672700
0,23451300
1,28079700
1,44191500
0,24446300
0,23688200
1,43183600
0,23652500
0,23282700
1,32128500
1,41136300
1,40623800
0,23383700
0,23511500
0,23627800
1,31092300
0,23310100
0,24481800
1,52249800
0,24215700
1,23109600
1,29418800
1,89143400
0,30599200
0,29538600
1,34271200
1,29524200
0,24492800
1,32492800
0,24263600
0,24623400
1,31860200
0,24977400
1,38779400
0,26253500
1,27165200
0,24291400
0,26312400
1,26502900
0,24510500
0,29854400
1,41870400
0,25613700
1,28001200
1,40327700
0,24338700
1,38131200
0,26928000
1,24678000
1,28728200
0,24927600
0,24704900
0,23460000
1,36735000
0,24489200
1,29106000
1,36926700
0,25370600
0,24660000
1,29179300
0,24528500
1,38567600
0,23832000
1,102669400
0,24109200
1,36054100
0,24022100
1,28736100
1,34019800
1,41263000
1,29807100
0,23469300
1,29184100
0,23217000
0,23387500
1,87398900
0,23346300
0,23212000
1,33268900
1,39216700
1,25587900
1,33772300
0,25102200
1,49764200
0,24535500
0,24309900
1,33223500
0,25193200
1,28842300
0,23579900
1,23441600
0,23340200
0,23614300
1,22217100
0,23311000
0,23404900
0,24443100
0,23301100
0,24043500
1,37323700
0,23838700
0,23801400
0,29587600
0,27633300
0,26860400
0,27430500
0,24700100
1,39935400
1,34145900
1,52984600
1,27034800
1,41458900
1,34982000
0,23782500
0,25429200
1,42480200
0,23628300
1,28071200
1,40075100
1,50561800
0,24449400
1,38490200
1,24789500
1,27760000
0,24030700
1,22309300
1,22130700
0,23407500
1,32368400
0,24455500
1,40472100
1,29461100
1,23996500
1,37344800
1,30849900
1,34526000
1,32702900
1,24268800
0,23381700
1,25960400
1,25460100
0,23512600
1,27878000
0,23553000
1,26198100
0,23220900
0,23575400
0,23477300
0,23461900
0,24033100
0,23647900
0,23207200
1,27504900
0,27810300
0,24067800
0,25093900
0,24237700
1,41838500
0,25119100
0,23871900
1,29632100
0,23839700
0,23900900
1,86114000
1,48680100
0,23788300
1,37944100
1,53498000
0,28586100
1,24717900
1,53540400
0,23371500
0,23302300
0,23275700
0,23394300
0,23489800
1,28990800
0,23193000
1,25752100
1,22129800
1,25292300
0,28408000
0,29848500
1,55802200
0,24544800
1,42353100
1,33056000
1,26128500
1,24542700
1,51263200
0,24124400
1,31801500
1,26699600
0,23601100
1,35205600
0,23552500
1,34262500
0,24477900
1,47568000
0,24061000
1,55279800
0,29293500
1,37212800
0,23834700
0,23546300
1,24531500
0,28698700
1,50474400
1,22782700
1,29851200
0,24860100
0,28099900
0,24551300
0,23610100
0,24481200
1,32738100
1,35298300
1,23228000
0,30648100
1,33595000
1,56269300
1,32208800
0,26435500
0,25499900
1,25267800
1,54955200
0,24230100
0,24452500
0,25595700
0,23852200
1,27892500
1,25557300
1,43898000
0,25592700
1,31314600
0,23936200
0,23483200
1,29215200
0,23572700
0,23966100
1,23260600
1,28753300
0,23507600
0,23688300
1,24973900
1,25147700
1,57278800
0,23343100
0,24160100
0,24672200
0,23475900
0,23752900
1,25237700
0,26368200
0,28510100
1,26183000
0,25116000
1,22865800
0,25138800
0,24588400
0,26046600
1,39056400
1,38411800
0,24321200
0,24115200
1,48173600
1,27025300
1,37953600
0,30432700
1,33429700
0,27581300
0,29505500
1,37060800
0,30619400
1,38623000
0,34155700
0,34738600
0,28830700
0,24173800
1,40127600
1,22569900
1,60383600
0,31371600
1,27160300
0,28811500
0,26409000
0,26059300
1,50692300
0,25592900
0,25107300
0,24376000
1,82317500
0,26685600
1,33540800
1,42278900
0,24709700
0,25343800
0,25028500
1,24199500
0,23898300
0,23801700
1,31928900
0,23404400
0,23560900
0,23493500
1,22002400
0,23535000
1,22150200
1,52301700
1,27917800
0,23443700
0,23334300
0,23419400
0,23252400
1,25385000
1,28835700
0,23621400
0,24108000
1,74224700
0,24412900
1,25166800
0,23947100
0,23787000
0,24802000
0,24277800
0,26206100
1,33050200
0,24374800
1,34269500
0,24180700
0,25472800
1,26487800
1,25034000
1,29844800
1,30081800
0,23859800
0,23782400
0,23995800
0,28004200
0,29632000
0,29337800
1,25882900
0,23809000
0,23879200
0,24037200
1,34172500
1,36082600
1,22301500
0,23411300
1,30616700
0,23716600
1,37715000
1,26855300
1,55203500
1,55257900
0,29483200
1,77955400
1,25767000
1,33101800
0,26629600
1,33338500
0,24740400
0,24332100
1,25812700
0,23882200
1,31191700
1,41541000
1,25099400
1,26706800
1,47575400
1,29619300
0,23193500
1,30171500
0,24267300
0,30974000
1,29047300
1,32746500
0,24822600
0,24692100
1,56141600
1,24875900
0,24129300
1,23662500
1,23777100
0,23293500
0,23536200
1,21962800
0,24286000
1,63123600
0,25078600
1,141755700
0,24000200
1,30355000
1,69345500
1,37933900
0,24790900
0,24815900
0,24689900
0,24776200
1,56978400
1,24970600
0,23719000
1,25477600
0,23718200
1,52888400
0,23318700
1,26094100
0,23189100
0,23335700
0,23310900
1,32626000
1,26575000
1,25509400
0,23322800
1,34469100
0,23551900
0,23601100
0,23336300
0,27030700
0,26896900
0,27314700
0,29366600
1,27722900
1,28906100
0,23832500
1,27649100
1,28038900
0,24489100
1,35178900
0,23684600
1,22562900
0,23838200
1,24554000
0,23748800
0,23773200
1,25630900
1,49504600
1,57016500
0,25046300
1,34565000
1,24656600
0,24755000
1,46677900
0,24572000
1,23602000
1,23762500
0,24604200
1,37514200
1,26977300
0,23498600
1,30282600
1,23791600
0,23752300
0,24330400
1,35072100
0,24004100
1,27223100
1,30772500
1,25430400
1,36384300
0,24355400
1,24614700
0,26712400
0,25823000
1,40158400
0,24753200
1,25776300
0,24392700
0,24385800
1,42927600
0,30064900
0,23732900
0,24745400
0,24232700
1,31657000
0,24312200
0,23891400
0,23352900
1,23450100
0,23449200
1,36383900
0,23262900
0,24000300
1,22340500
1,25238800
1,26974000
1,41510600
0,23783100
0,23457300
1,54738000
0,31177700
0,24380700
0,24319100
1,89549200
1,33102200
1,28893400
1,31195100
1,22998700
1,36917000
1,34948700
1,30301300
0,26260500
0,24059200
0,23638200
0,29630200
0,29316300
1,45319800
0,23744400
0,23862300
1,22188000
1,22083100
1,27884300
1,25076400
0,23772300
1,26086400
0,23860000
0,23370900
1,34468000
0,23368600
0,23675100
0,23303600
1,40021000
0,24084900
1,28935700
0,24839400
0,23700900
0,23851600
1,24103200
0,23648400
1,28146800
1,25958100
0,23483300
1,26879300
0,23385800
1,23505100
1,29085500
1,42260800
1,45419700
1,30556300
1,43371900
1,28206700
0,24747200
1,32464500
0,24363300
1,44911400
0,24872000
0,24710900
1,46199400
0,24832700
0,24725700
0,25106900
1,27183000
1,35501100
0,24774600
1,34817800
0,27793000
0,27858200
1,49850300
1,48200900
1,23551000
1,29129700
0,25319700
0,26792300
0,24779600
0,24535200
1,28039600
1,26379400
1,35225100
0,25306900
0,24864200
0,29243900
1,27043000
1,32155800
1,22931300
0,24254100
0,24061700
1,29905000
1,21986300
1,25736300
0,24667800
0,23668500
1,29164800
1,23311300
1,25881200
1,50927200
1,22580300
0,24427400
0,23957800
1,25743300
1,25320500
1,92650000
1,28862600
0,24550600
1,29377900
1,32246300
1,22731500
1,33756300
0,25037300
1,25594000
0,24356000
1,46291200
0,23848200
1,27154800
1,32269000
0,23684500
0,23267000
1,30848500
0,23908500
0,29441300
1,35692100
1,39645900
1,30773100
1,23169200
0,24814300
0,24691800
0,24761600
1,52223400
0,30401200
1,41638200
1,58492800
0,24962000
0,24280600
0,24037600
0,24684300
1,28214100
1,28113000
1,25085400
0,27063600
1,24252600
1,40511000
1,48228800
1,23290200
1,22782600
1,26247400
1,30108700
0,26058400
0,25444500
1,24275100
1,23008800
0,24291300
0,25095700
0,25396400
0,24321100
0,26984800
0,24174400
1,25440000
1,29617500
1,24775400
1,25007900
0,24000600
0,23416700
1,45029400
0,24422300
1,24613800
0,24732200
1,27316100
1,35404200
0,23981700
1,26116900
0,24517200
1,52080700
1,37133200
1,38600200
0,23379200
1,34970100
0,23346900
0,24807500
1,27906000
1,30428200
0,25116400
1,31658700
0,24406500
0,24214500
1,25636200
1,51690500
1,22046900
1,72246300
0,28191500
0,26947900
1,27453100
1,34039300
0,23818100
0,23905200
1,34477700
1,26021700
1,26967000
1,22130400
0,23244200
1,35334500
1,41264800
0,30739100
0,29559600
0,29684900
0,29877000
1,43661200
0,32114500
0,27692900
1,24112800
0,24490300
0,24216600
1,45320900
0,24339500
0,24313700
1,24344600
0,23517200
0,23477300
1,72693900
1,42592100
0,23303600
1,34494500
1,22831000
1,31375500
1,27191400
1,34467600
1,49951600
0,24572100
1,23221300
0,25227300
1,37332100
1,25022200
1,25100100
0,23521400
1,69451400
1,39553300
1,34240900
0,24434500
1,41286700
1,34194800
1,58293700
0,23701400
0,24933600
1,24851900
1,24025100
0,23989000
1,26665200
0,24153600
0,23848800
1,28823600
1,24096800
1,34109300
0,24536300
1,29855400
0,27990800
0,24322200
0,24303300
0,23930600
0,23981600
1,42032300
1,39867200
0,25473200
1,39643400
0,24249900
0,24275700
1,27290300
1,57966500
0,23617600
1,36384200
1,58156000
0,23609700
1,47497000
0,26179700
1,32163500
0,24288700
1,48446500
0,27564300
1,25936900
0,24361100
0,24783700
1,56952900
0,23464000
0,24125400
1,53119500
1,28034900
1,34852300
1,29048000
1,32095500
1,25004300
1,35536800
1,27540000
1,39163600
1,30105400
1,27602500
1,25462200
1,22217600
1,31636200
1,24609100
1,77069500
1,75200600
0,23934200
0,24295300
0,23538900
1,36195800
1,23894300
0,24117500
1,23321600
1,28952100
1,25547200
0,23775400
0,23910000
1,27497600
0,23666800
0,23380200
0,23348700
1,30305000
1,38196200
1,22480600
0,29829000
0,26071900
0,24451100
0,23351500
0,23849800
1,38196300
1,22532700
0,23824700
1,54024300
0,23328800
1,27400800
1,68834100
1,32716000
1,31191800
0,25200600
0,24918700
0,26906700
1,24731600
0,25494100
1,32324300
1,25025700
1,28337600
1,41796500
0,28036400
0,26030800
0,24773500
1,24698800
1,64593100
1,27230400
1,24665200
0,23868800
0,23860400
1,38141100
0,23506700
0,23741900
1,41659000
0,23309500
1,22031800
1,44091700
1,23429400
0,23967500
0,23439800
1,48845800
0,24141400
1,47177500
1,28989600
1,47253700
1,39014600
0,23720900
1,41702700
0,26334300
0,23214600
0,24450200
1,43463800
0,24343100
0,25146300
0,23830800
1,30887300
1,30514700
1,38712400
1,23977500
0,23609500
0,24074900
0,23665000
1,35721200
0,26460200
0,28241400
1,34035300
1,64919300
0,23911300
0,24634700
1,27758100
0,25945200
1,30913400
0,23624600
1,23845500
1,34012200
0,24536400
1,23181000
1,23307200
1,28449700
1,36859100
0,23211700
1,32816800
0,23532200
0,23387500
1,95185200
0,25353500
1,68620000
1,23166700
1,24430200
0,24837900
1,37050000
0,28131700
1,55768000
1,37480800
1,24791800
1,46271000
0,23838400
0,24418800
0,23989500
0,23709700
1,35346000
0,24030200
1,24981600
1,81041500
1,39699800
1,32540600
0,24193400
1,27689600
0,24932300
0,24358700
0,24394000
0,24494600
0,25381100
1,26846600
0,24364200
1,47985800
1,55370600
0,23741700
0,24325600
0,24646800
0,24232200
1,22985300
1,59735200
0,23406800
0,23358300
0,23395300
1,33330200
0,28143400
0,29986700
0,25383600
0,24682100
0,24738800
0,24790700
1,46356800
0,24671500
1,25306100
0,23520200
1,56282900
0,23719500
1,46701800
1,24728600
1,36517200
0,23214500
1,28524100
1,34102400
0,24079700
1,29530400
1,36166900
0,25494200
1,74225700
1,49804400
0,24227700
0,24397100
0,23516400
0,23724500
0,26119700
1,28172300
0,23653200
0,23489900
1,24470400
0,33947800
1,55264000
1,31307400
1,79100700
0,24632700
1,56469900
1,34090100
0,24106800
0,23187400
0,23602900
1,23913300
1,33448200
1,108456000
0,23601100
0,23447700
1,30723100
0,24469300
0,23294000
1,26471200
0,23824500
0,23369700
1,23385300
1,44280200
0,23398600
1,23502500
0,23902100
0,23614500
1,31557700
1,31755800
1,21922600
1,67311100
1,35384500
1,25173800
0,24181900
0,23408200
0,24416700
1,31919400
1,44361400
0,23652100
0,23491000
1,27024000
1,39147100
1,25194800
0,24071300
1,50049200
0,24691500
0,23206500
1,25920800
1,26037700
0,23339900
1,30061700
0,24110500
0,23296800
0,29192800
1,31038100
1,37555400
0,24237800
0,23987300
0,24544100
0,25464900
1,28374100
0,24433100
1,44000500
0,24407200
0,24211400
0,23545600
1,67461600
0,25918800
1,36555700
0,26595300
1,25076900
1,28982700
0,24787100
1,60167700
1,37951200
0,24119600
0,23772500
0,25305500
0,24265700
0,24619800
0,24014300
0,23926900
1,52665300
1,27231200
1,26353000
0,24444800
0,24550300
0,23922100
0,24325600
1,32812400
0,24307100
1,24002800
1,31115700
0,25100700
1,73391900
1,36044900
1,37170400
1,33411100
1,50100200
0,23438600
1,34869400
0,25364400
1,26436100
0,23865400
1,56598400
0,23923700
0,23646400
0,23324200
1,23770400
0,23386300
0,24829500
1,24127300
0,24543200
1,23718500
1,38125500
1,47074800
1,24573900
0,24283100
1,22044700
1,45585500
0,26797700
1,38732600
1,22336400
0,24304400
0,24153400
0,24696300
1,38403800
0,23527800
0,23190100
1,30731700
1,51843200
1,33010800
1,34365100
0,24775900
1,29048900
1,68447000
0,23557600
1,42748200
1,27053900
1,41342200
1,34277300
0,24538100
1,31806800
1,27310600
1,27203900
1,23067100
1,53327100
1,47767600
0,24007500
0,24443400
0,23841600
1,36500600
1,69478400
1,35865000
1,28588000
0,23475600
1,24966900
0,23673200
0,23928900
1,23673000
0,24066500
1,28679500
0,30965500
0,26048600
1,42161800
1,24348200
1,30238200
0,23387500
0,23230000
1,41466200
1,52438200
1,33936400
1,23641500
0,25257100
0,23213500
1,22312100
1,34797400
0,23406200
1,74001500
1,25890300
0,23271300
1,23274900
1,28182900
1,39144000
1,54143800
0,24667900
1,37457300
1,59823000
0,23490000
0,23680000
1,86553600
0,27982600
1,32443300
0,23459800
1,40341700
0,23481600
0,23284400
1,32157200
0,23398300
0,23421400
0,24710200
0,23722000
1,23396400
1,44034100
1,53225300
1,31728900
0,27029800
1,24464200
1,36594600
0,24118200
1,26137200
1,30533700
0,25317700
1,25806900
0,24517500
0,24317000
1,73355900
1,34412600
0,23766500
0,23505300
1,48356100
1,25698300
0,23554100
0,23285900
1,61698300
1,34621600
0,25158600
1,31044800
1,28977200
1,51875300
1,23293100
1,26354400
1,27141800
0,24795300
0,25921900
1,27233800
0,27557300
0,24259600
1,64947000
0,24631700
1,26732900
0,24791800
0,24184300
0,23734700
1,31187600
1,25457100
0,24183200
1,52601500
1,34741700
0,23725000
0,24055400
0,24155700
1,52841400
1,23075300
1,26830900
1,73045800
0,23908300
0,24523700
0,24284800
0,24634800
1,36461200
0,23344700
0,23323100
1,34927600
0,24185200
1,23818600
0,23948500
1,35007100
0,24124500
0,23417700
0,23364500
0,23245900
1,22128900
1,34689900
1,28415300
1,29564100
1,23806600
0,24919400
1,32164100
0,24751400
1,30229800
1,26187100
0,24342200
1,45998800
0,24416200
0,24170900
0,23718700
0,23821300
1,41501600
1,22178100
0,28507700
0,29207400
0,31827700
1,32810300
1,29085900
1,95560800
1,32452300
0,29171600
1,37391000
1,32123100
0,23682500
0,24461000
1,28445700
0,23759100
0,24215400
1,49241000
0,23315600
1,73111000
1,27825000
1,39512700
1,26489900
0,23748100
1,77566600
1,23652700
0,23648000
1,64779200
0,24414500
1,22487400
0,23456400
0,23539500
1,22366000
0,26500200
1,108623900
1,38548700
0,24364400
0,23946200
1,59637000
0,24193700
1,58564000
1,27356200
0,24807000
0,23559700
1,48160400
0,23620000
0,23517400
0,24938400
1,25125400
1,30309700
0,24101200
0,24246900
0,23872400
0,24062700
1,24108600
0,26336400
1,30569800
0,24560700
0,24646400
0,24708500
1,33738100
1,29500600
0,23703300
0,23538700
1,108165000
0,24172200
0,23526100
0,23473400
1,23360400
0,23632900
1,28052800
1,32968400
0,24561700
0,27621400
1,57409300
0,30424300
0,28784400
0,26987600
1,29167900
1,35741600
1,67785100
0,26796000
0,24416200
1,26831000
1,24654800
0,24380500
1,24617100
1,45419500
0,24751400
1,24713500
1,26097800
1,25756300
1,25659000
0,23466400
0,23444400
0,23375500
1,28625600
1,23265200
1,56743200
0,23858400
0,24708600
1,27596000
0,24685300
0,24206900
0,23641900
1,36778000
1,34119500
0,24530800
0,23318700
0,24987600
1,49583300
1,22342700
0,23826600
0,24177600
1,22749900
0,24954600
1,56129400
1,24484200
1,29337000
0,23967500
1,34070200
1,23254200
0,23471200
1,34910800
1,23670900
1,22346300
1,38039100
1,39246700
0,29096000
0,27788100
1,27671600
1,77877800
1,30848000
0,24027700
1,22403400
1,24011500
0,23950000
0,24101600
1,43455800
0,24014100
1,108442100
1,29670400
1,23550500
0,24156700
1,22051900
1,27806700
0,24220600
0,23524100
0,24143100
1,26095000
1,22468000
0,23440300
1,61915700
1,25432000
1,23603700
1,31535100
1,23106900
1,31282000
0,24390200
1,24209700
0,24491100
0,24807100
0,30287800
0,27636800
0,27233500
0,25179600
0,24789200
1,33183800
1,62566200
1,26470800
1,28970700
0,24185700
0,23374400
0,24750600
1,28698300
1,26870300
1,35016300
1,36285500
1,25208800
0,24947200
1,26956700
0,24216700
0,26197600
1,30874200
1,48787900
0,24420800
1,22668700
1,30309700
1,22727100
0,24635200
1,43590500
1,23517900
1,35924500
1,24721200
1,22653700
0,23474300
0,23616000
1,40812000
1,36656500
1,24283100
0,26777500
0,25776700
1,62763500
0,24294300
1,35542700
0,24893200
0,24281100
1,29254700
0,24181800
1,24423200
1,48787500
1,27657200
1,28199400
1,24670500
0,24276100
1,26381300
1,24182300
0,24095700
1,63938300
0,27831500
1,57648100
0,24190900
1,27570200
1,26236100
0,26648500
0,23322400
1,29670700
0,24480500
0,24295900
1,40244300
0,23448400
0,24434400
1,41278100
1,24820000
1,26945800
0,23390600
0,23617400
1,25451300
0,24908100
1,29967000
0,23876700
1,37521700
0,24128800
1,32880500
1,44865900
0,23851500
1,41258900
1,41102600
0,23372200
0,23262000
1,37257600
0,23627900
1,35932400
1,39430700
0,23661000
1,30329000
0,23285800
1,26451200
1,51152700
1,57667600
1,46726500
0,23426000
1,22211800
1,23706500
1,27628800
0,28800000
1,33269200
0,24241300
0,24345100
1,38897100
0,27803600
0,25871600
1,26358800
1,24210100
1,28805900
0,24408900
1,71854700
0,24309800
0,24331200
1,59657300
0,25746000
0,24463500
1,26883200
0,23905200
0,24189200
0,23472100
1,44547500
1,22536500
1,24667100
1,36064300
0,29744000
0,26892800
1,23047000
0,24232100
1,24130700
1,22472900
0,23420200
0,23250800
0,23376800
0,24242100
1,28283200
0,23545000
1,23364400
0,23316400
1,25578900
1,34857500
0,24622000
0,23390500
1,79371300
0,25241900
0,23841000
1,24395100
0,23811800
0,23798400
1,30250200
1,40347900
0,23356300
1,37536300
1,32357900
1,25523500
1,28519000
0,23558600
1,33446200
1,22136900
1,23928000
0,23681900
0,23429300
1,30202700
0,23477800
0,23430800
0,23390400
0,23652800
0,29090100
1,35999300
1,34525400
0,25994900
1,55287800
0,24548700
0,23384400
0,24199600
1,22358800
1,65064400
0,23757300
0,23970500
1,84332300
0,25256600
0,24854000
1,91569000
1,28204700
0,24560000
1,40253000
1,36202500
0,23943000
0,24540100
0,23580900
0,23437200
0,23585400
0,23863200
1,40839600
1,25976900
0,23310300
0,23461300
1,34105100
0,24714200
0,25254600
0,26038500
0,24846700
1,27836500
0,24046100
0,23826400
0,23864200
1,35520400
0,24232300
0,23825300
0,24218900
1,26362400
1,48806600
0,23929500
1,33478600
0,27923900
0,26032200
1,59123800
1,41635700
0,24705500
1,26662400
0,28688500
0,27665000
1,28239300
1,39408400
1,24126600
1,36215200
1,27580400
1,32103100
0,23340400
1,26091500
0,23221100
1,23538100
0,23507000
0,23527300
0,24381800
0,28233600
0,24351000
1,28580800
0,24981500
1,28988700
1,32200500
0,23626100
1,31020600
1,23624700
1,24999300
1,22569400
0,24090100
0,24099600
0,24064000
1,55920300
0,23267300
0,24266000
1,23595000
1,30822900
0,26823900
1,49575800
0,24571600
1,37998900
0,24361900
0,24160400
0,23835900
1,37224800
0,24596900
1,32159900
0,27383800
1,97697900
1,53846400
0,23317500
1,38271800
1,32848500
0,24381800
0,25061200
1,33248000
1,33143300
1,55459300
1,29470100
0,24339900
1,22632000
1,51821000
1,22205300
0,24095800
1,27362300
1,31025100
0,24499600
0,23671000
0,23621200
0,24657200
0,23809700
1,41064000
0,24364700
0,23708800
1,27713000
0,23486800
0,23793000
0,23870400
1,23508000
0,23553600
0,23444800
0,23662200
0,23661700
0,23520100
1,23390600
1,45600000
0,23455300
1,23538700
0,23818200
0,23509800
0,23525900
1,29107600
0,26936900
0,23864000
1,24654100
1,82943400
1,31555700
0,23271400
1,33473700
1,60214000
0,23721300
1,54000300
0,24594900
1,26916800
1,56824600
1,56370900
1,51637000
1,25144900
0,24164900
1,27319600
1,23110800
1,29521400
0,24298000
0,24345000
0,26048200
1,32024500
1,30202600
1,42972700
0,24768400
0,24646500
0,24806700
0,24647600
1,38359000
1,86545500
0,23340400
0,23279500
0,23439800
1,40629300
0,23284700
1,25050800
1,50736400
0,24319800
1,22048300
1,54791000
1,28676200
1,55575100
0,23757400
0,23770700
1,41362000
0,24022000
0,24047800
0,23406400
0,23521200
1,57944800
1,23373900
1,27868600
0,23297500
1,21831400
1,50200000
0,27810800
0,23587900
1,24351900
0,23551300
1,62135700
0,24072600
1,35889600
1,24649000
0,24551200
1,45471800
1,30070200
1,25245300
1,32678800
1,24190000
0,24888900
1,26019100
1,38771200
0,24445700
1,26283600
1,22945600
0,24991100
0,24035400
0,23512500
1,27733200
1,23763400
1,29224900
1,34439300
0,26383500
0,26893100
1,26468300
1,23129400
1,39866600
0,25853200
0,24519200
0,24341900
1,56119300
0,24321000
0,23613500
1,28090100
0,24835700
0,24422100
0,24428300
1,28638200
0,23553600
1,28187600
1,28864600
1,23291600
1,33573100
1,23632100
0,23370500
1,22709900
1,22258600
1,33639700
1,26290200
0,23612300
1,22331200
0,23619700
0,23873100
1,26909300
1,48775200
0,23791500
0,23551600
0,23431600
0,23366400
1,64119400
0,23426500
1,40019000
1,23527000
0,23382800
0,24315200
0,30023000
1,28367500
0,24892600
0,24835600
0,25929100
0,24448800
0,24767900
0,24426600
0,26362300
1,33322300
0,27638300
1,42535900
0,24268700
0,24910700
0,24175100
1,31235700
0,24301800
0,23698900
1,22435800
1,43551300
1,24109000
1,40514700
1,23875900
1,23524400
1,22109700
1,23993900
1,37409400
1,25245500
0,23266300
0,23727900
0,23313600
1,34528800
0,25170900
1,65314400
0,24676300
1,23712500
1,26632300
1,23035300
0,25062200
0,24315200
1,67203000
1,38515500
0,23912600
1,30085700
0,23674900
1,24899300
1,44383700
0,24226900
0,23486400
1,33377200
0,28908500
0,23987900
0,23741900
1,39474300
1,41069800
0,23885800
0,23840900
1,74914700
0,23633000
0,23867600
1,35378600
1,45348900
1,41925100
0,24604800
0,28361900
0,29449100
0,26417400
1,32316200
1,41819400
0,24665200
0,25017500
0,23570600
0,24408100
0,23424800
0,23482900
0,23605600
0,24852300
1,31325200
0,25907200
0,24654700
1,30601800
0,23732600
0,23851900
0,24999000
0,23999700
0,23877800
1,22457400
1,27227700
0,23496800
0,23428300
1,39559100
0,23534600
0,23428700
1,37309600
0,23192400
0,23679200
1,23204900
0,23566000
0,23438400
0,23570300
1,23543300
0,29689700
0,24957900
0,24564000
0,24324600
0,24356400
1,36431900
1,46245000
1,41418800
0,25076200
1,72883700
0,24826700
1,43395200
0,25118700
0,24521300
0,25100500
0,24409900
0,24311300
1,33842500
1,37077900
1,49325100
1,51075400
1,29457500
1,32596300
1,35837600
1,28635100
1,33580400
1,37118600
0,24454100
1,42310800
1,25101000
0,23630800
0,24931200
1,49300200
1,31279900
0,25719200
1,58451800
1,62486900
1,38370600
1,35491900
0,26134800
0,30384200
1,68294000
1,47869300
0,24103100
1,42790400
0,23823300
1,23882900
0,23644400
1,35254500
1,30023600
0,24048100
0,23594700
0,23478300
1,29099900
1,36642000
0,23478200
1,26229100
1,26493200
1,25841600
0,24152700
1,24471900
0,24759300
0,27146600
1,27721500
1,29223200
1,25229400
1,28083300
0,24503200
0,24298200
1,36861900
1,38013400
0,24997700
1,33711700
0,26775900
1,94717400
0,24601900
0,24258200
0,25355700
1,57385300
0,24429200
1,34089300
1,31957700
0,23464400
1,49328900
1,34274300
1,32283900
0,25486000
1,24277600
0,23701000
0,24904100
1,31640600
1,25176800
1,22402300
0,24348400
1,25537000
0,23435800
1,40075000
0,23376800
0,23693000
0,23937500
1,25012200
0,24338200
1,26711800
0,24233300
0,23277900
0,23739200
0,24185800
1,40570500
1,43947500
1,31565200
0,23553200
1,26397200
0,24057900
0,24252100
0,23747800
1,22814800
1,68692500
1,21894200
0,24387900
0,23713100
1,48707600
0,23712200
1,22102900
0,24989900
1,32059400
0,23641400
0,23477200
0,23620300
0,23814600
1,73898100
1,90330500
1,49010800
1,22917700
1,22842800
1,23904100
1,31527600
0,23936400
1,41704600
1,34728900
1,32393100
0,23817600
0,23333900
0,23194200
0,29686900
1,36159800
1,31163000
0,24274000
1,25656100
1,47925100
1,24072700
0,23940100
0,24010100
0,23854600
0,24002200
0,23530700
0,23588500
0,23480500
1,22388800
1,34088400
1,36069700
0,27426900
0,23927900
0,25898700
0,23870200
1,23227800
0,23859500
0,24382700
1,30648500
0,24249100
1,42615600
1,33389700
0,23371400
1,28310700
1,22588500
0,25046900
1,74065900
0,23754900
1,57677300
0,23695800
1,23893600
0,23176800
0,23526700
1,23620700
0,23399400
0,23845800
0,23269200
1,29057900
0,23437400
0,23321500
1,30900100
1,35757600
0,23388800
1,36371600
1,24365100
1,26673300
0,24693700
0,23841600
0,23420600
1,78988700
0,24705400
0,26440600
1,49119100
0,25232600
0,24327200
1,52327600
1,33328400
1,40751700
0,25925300
1,31715700
1,23917600
1,26373500
1,28760900
1,22104400
0,23578000
0,23285100
0,23501300
1,31067000
1,25088800
0,28293100
1,36720400
0,24208400
1,23005300
1,40616600
1,26998000
1,29572700
1,62196500
1,55476900
0,23676200
1,23728700
1,30208100
0,23656900
1,23712700
0,31757000
1,45448100
0,25087100
1,29276800
1,23876800
1,38844800
0,23657500
0,23372400
1,82428500
1,31991100
1,25313700
0,23355500
1,23466300
1,21851400
1,40767600
0,24230900
0,23793100
0,24835700
1,22947500
0,24498600
0,24263800
0,24372500
0,23534900
1,24720600
1,35820800
0,23572500
1,39211000
1,30906400
0,24163400
0,23773800
1,22250100
0,23500800
1,32723700
0,28521000
0,24214200
0,24747300
1,24812900
0,24524500
0,26031400
1,26561100
0,24186400
0,23954400
1,27381300
1,24903400
1,23632100
1,26952700
0,25801800
1,23339100
0,23763500
0,24420900
0,24071800
1,47033400
1,27648200
0,23629100
0,23428800
0,23785700
1,61569700
1,23542200
1,53872100
0,25785200
0,30709000
0,24388000
1,25829700
1,22786900
0,24805900
0,24671800
0,24681600
1,52504300
0,28745500
1,32070700
0,26515000
0,28120700
0,24610100
0,25311100
0,24691300
1,25856100
0,24575800
1,22460100
1,23758300
0,23204000
1,28073500
0,24310700
0,23584800
0,23602900
0,24641200
0,23605400
0,24635100
0,23970000
1,36006500
0,23728800
0,24090700
1,25583000
0,23457500
1,42657000
0,23840700
1,42254000
0,23352300
0,24951600
0,24193200
1,38628100
1,27200100
1,49008100
0,24161400
0,24261100
0,24062800
1,21937800
0,26142600
0,27344500
0,25424400
0,26009700
0,27954000
0,25369100
1,33419500
0,24216200
1,27271600
0,25726300
0,23410400
1,30161300
1,47701400
0,23428600
0,24441400
0,23789200
0,23683900
1,23365500
0,23462200
0,23665500
0,23636600
1,30785600
0,23828600
0,23658800
0,23422400
1,32423400
1,23374100
0,23605600
1,30699800
0,23630000
0,23419400
0,23740500
0,23532200
1,66658000
0,26975000
1,34534100
0,24364500
1,23562300
0,25239900
1,42416500
0,25050500
1,35372800
1,27084000
1,21969600
1,31725400
1,50288600
1,25996300
0,28943900
0,24243100
1,25269900
1,54197800
1,24471100
0,23906200
1,33223700
0,24049300
0,23936900
0,23585500
0,23648900
0,23570800
0,23735100
1,22390000
1,44783500
1,33738900
1,54949100
1,23796400
1,54108700
1,34581500
1,22500100
0,23721400
1,37961400
1,55507000
0,25597300
1,44492200
0,25266800
0,24876500
0,24839600
1,26290200
0,23713200
0,23659800
1,32241100
1,29105700
0,24626000
0,23888200
0,23758800
0,23932400
0,23390100
0,24798000
1,23586100
1,22291000
0,24218200
1,52355300
0,23958900
1,22319700
0,23395900
0,23350900
0,23583000
0,23503900
0,23622800
0,23623700
1,22403600
1,58861200
1,23627900
1,55661100
0,23719000
1,32340100
1,26071900
0,29305500
1,36209500
1,28361600
0,24457200
0,24664700
0,25199600
0,24817300
1,33838400
0,24713800
1,32498700
0,24309600
0,24208400
1,39829100
0,23860300
1,25094600
0,23572100
0,23643400
1,65968700
1,23794700
0,23997100
0,23961200
1,23615800
1,50200500
0,23536600
0,23623300
1,41133900
0,23615000
0,24554900
1,46806000
0,23719200
1,33981500
0,31983600
1,84263300
0,26554600
1,23761100
1,63044600
1,29781600
1,29814800
1,88335000
1,23630400
1,28750400
0,25504500
0,24509300
1,27029300
1,37519300
0,24220300
0,24321300
1,32439700
1,29787900
1,73595300
1,23910000
0,23270100
0,23324100
1,24920300
0,23594200
1,53173900
1,32841500
0,23970300
1,66659800
0,25188500
1,28484900
0,24056100
1,35067400
1,22629400
1,24295300
0,24302200
1,45039800
1,45356600
0,25786700
0,24906500
0,24262300
1,27116200
1,30545300
1,57079400
0,24593400
0,24306700
0,24584700
1,23411600
1,28481300
0,23346400
0,23748700
1,44434800
0,23448300
1,28880600
1,24022200
0,23352600
0,23392600
1,28329000
0,23333000
0,24177100
1,31711200
0,23281300
1,33449000
0,23333600
0,26420900
0,26252200
0,24244700
0,24849000
1,47442300
1,37436100
1,36451800
1,27278300
1,35541100
0,23899400
0,24349300
1,50031800
0,23836900
1,56428800
0,25627400
1,34527000
1,26334800
1,31644700
0,24710800
0,24674300
1,55118600
0,23602500
1,24959500
1,53406500
0,23460000
1,38424600
0,23844200
0,23677700
0,23346800
0,23815100
0,23565600
0,23641100
0,23733400
1,29300300
1,43884600
0,30050800
0,23773400
1,26102100
1,32099100
1,28747000
1,41860000
0,26626900
1,33331200
1,24283000
1,33135500
1,32746500
1,28379200
1,26689800
1,25148500
1,33071800
1,30783300
1,46263100
1,41979300
0,23523800
0,23228000
1,30035000
0,23498500
0,23978900
0,23495900
0,28609200
1,24393800
1,23714200
1,21834100
0,23385000
0,23270300
1,37926400
1,69342600
1,24482100
0,23331300
0,25317800
1,114856100
1,32711500
1,23346000
0,24355800
0,25337800
0,24149500
0,25571200
1,31538700
0,24018600
1,36875000
1,28461700
1,61144800
0,23260000
1,22337600
1,21821000
1,44182200
1,39054100
1,41057700
1,40107700
1,22128700
0,25154800
0,24696200
0,23720100
0,23450500
1,39742900
1,26626400
0,27059100
1,66815300
0,25153000
1,43914900
1,29423800
0,24762700
0,24972100
0,25960800
1,27641900
1,31381000
1,27173400
1,22684700
0,24613200
0,24218400
0,24349800
0,24083100
0,23913400
1,36975300
1,48056600
1,85693000
1,28759400
1,30618000
0,24787500
1,24621800
1,25501800
1,25107100
0,24077000
0,24536800
1,39841800
0,23464100
1,34770400
0,23659500
1,22311600
0,24335500
0,23654900
1,34930900
0,24994900
0,23677400
1,67908400
1,45852200
0,25762700
0,24251500
1,29090500
0,24476900
1,36886600
0,24419700
0,24299700
1,33572100
1,36544800
1,65585500
1,29652900
0,23446100
1,22269600
1,29852400
1,23387800
0,23358300
0,23315400
1,26867400
1,32074300
0,23532100
0,23978500
0,23457300
0,23272600
0,23523500
1,37243700
0,23464100
0,23847900
1,25093800
1,34365600
0,24140000
0,24478800
0,23753000
0,27960100
0,27222500
0,24040000
1,35691900
1,24026600
1,45290900
1,38669300
1,22526200
1,25183300
1,50147500
0,23401900
1,84327300
1,23309100
0,23394300
1,23468900
1,26709600
0,23464000
1,28970900
0,29676900
1,25988100
0,24294700
0,24165800
0,24271300
0,25554400
1,40801800
0,24445800
0,23801200
0,23782900
0,27188800
1,23692800
1,23886000
0,24187500
0,25285800
0,31234700
0,24330400
0,28289900
1,35319200
1,28523400
1,25059500
1,26837800
1,54734200
1,37820300
0,23551600
0,23346800
0,23357100
1,23956400
0,23313100
1,28002100
1,48604200
1,26516300
1,25979400
0,23716400
0,23407600
1,22139500
0,23675500
1,22328900
1,27548000
1,39875600
0,24095300
1,32297000
1,26387200
0,23687900
1,30123900
1,31113100
1,24571400
0,23506800
0,24791900
0,24347900
1,26775300
0,23691400
0,23842300
0,24059900
0,25683500
1,65411000
0,24585700
1,23302500
0,23669600
1,28940900
0,23401200
1,37083100
1,44247400
1,27691100
1,37629800
1,26736100
1,28615100
1,45050900
0,24400000
1,24021700
0,23960000
1,46295700
0,23498600
0,23730200
0,23428500
1,36241600
1,50142000
0,25438800
0,24644400
0,24297700
0,25312600
0,28653300
0,27146200
0,26401800
1,43037700
0,26925600
0,24656600
0,26413000
1,32267200
1,39559600
1,26100900
0,23592000
1,54279400
1,45800700
0,23685400
0,24340100
0,23449400
0,23553600
0,24167200
1,58633000
0,23405800
0,23771200
0,25420900
0,23476600
1,32342100
1,32919600
0,24013300
0,23448400
1,30009800
1,50171500
0,23571100
0,23529200
0,23560800
0,24128500
1,37294100
1,60165200
0,24398800
1,39618300
1,25965600
0,27711300
1,28503900
1,30177600
1,30184700
1,31340900
1,27350900
1,23333500
1,29775900
0,24325500
0,23779500
0,23976100
0,23900500
1,49839000
1,27987900
1,24166400
0,24298900
1,29851000
1,55041000
1,30995800
1,24966300
1,55027300
1,26177400
0,23701300
0,23563600
1,37425200
0,23595300
1,23716700
1,23443700
0,26453500
1,34053400
1,40743500
0,24049800
0,24697900
0,28760100
0,27937900
0,24039200
0,26738900
1,29138400
0,24450900
1,31831700
0,24661500
0,24359900
1,51532200
0,23600800
0,23541900
1,44943700
0,23601900
1,23474600
0,23447100
1,93120100
0,23481400
0,23540700
1,83206000
1,29807300
0,23636200
0,24360000
1,32779700
0,23994000
1,46540100
1,29561300
1,37623900
1,29613800
0,30066400
0,24203200
0,24447400
1,58829100
0,24827000
1,33521000
1,28699500
1,39200200
0,24334000
0,24630100
0,24502700
0,24471300
1,42210600
1,25472500
0,23479800
0,23686500
0,23585500
0,23482700
1,32708500
1,22066300
0,23663500
0,23940200
0,23734400
0,23442600
1,28906000
1,41107800
0,23670100
0,23626400
1,37495100
0,23820400
1,29676100
0,23444900
0,23860100
0,27294500
1,28399800
1,35625400
1,24399000
0,24224700
1,35611800
1,60983600
1,37936600
1,45189300
1,26450300
1,35945300
0,24023900
0,23842100
0,23918800
0,23663000
0,24495900
1,22116000
0,23275100
1,27735400
1,35707500
0,23273200
1,57725700
0,23431600
1,23388400
1,25056600
0,24881800
1,75415700
0,23910500
0,24318800
0,23865900
1,45075500
0,29603400
0,31089600
0,29325600
0,24524300
0,25118500
0,24656500
0,25095100
1,26423000
0,30035200
0,23753500
0,27908800
0,24222200
1,25278800
0,24304100
0,24282200
1,22361100
0,23457400
0,23171500
0,23330300
0,23213000
1,44901700
0,23563800
1,38548000
0,23595500
0,23242900
1,25719400
0,23394200
0,23208800
0,23548300
0,23341300
1,32516200
0,24263200
0,23378400
0,23370400
0,23219900
1,28519100
0,23514300
1,22566400
0,23646800
0,24019400
0,24157100
0,24224500
1,46071000
0,24042000
0,23903100
0,25174300
0,25802800
1,35072500
0,26732600
1,63805800
0,25304100
1,23002500
1,41131500
0,24712500
1,23410900
0,24311000
0,23840300
0,23950200
0,24101900
1,38413200
0,23616900
0,23496300
1,22663600
1,26402900
1,22126300
1,51563500
0,24216400
0,23229100
1,43992100
0,24113100
0,25122100
0,23441600
1,22359600
1,23804200
0,25913200
1,59042400
1,51686300
1,22954800
0,24564600
1,60486500
1,24201500
1,32109900
0,24481400
1,42098800
1,24297600
0,24123100
0,23792900
0,23752100
1,26456100
1,27050900
0,23668500
1,25079800
1,37995900
0,26298700
1,35203800
0,24606800
0,23248000
1,24868600
0,23399300
1,25232300
1,24589300
1,30566800
0,23497000
0,23483600
1,29599300
1,25975100
1,24216200
1,27423300
1,38057800
0,24556700
1,37035600
1,25435700
0,29408400
1,24114000
1,35046500
1,47015300
1,23996900
0,24204800
1,26532000
1,69877000
0,24328300
1,56782100
1,51140700
0,23762600
1,35023100
1,24251500
0,24541900
0,24588800
0,24160800
0,23950400
1,35159200
1,35433900
1,49254600
1,26437800
0,24027400
1,52388700
0,23710500
1,35384100
0,23735200
0,24287400
1,27834000
1,27202500
0,23746500
0,24219900
1,29535700
0,23647800
1,45327800
1,40149800
0,24470900
1,47818900
0,24000200
1,25788900
1,25754300
1,24507900
1,32887700
1,25665600
0,23795000
1,34889500
0,23664000
0,23506800
0,23599600
0,23500500
0,23513800
0,23663900
0,23529000
1,39705600
0,23399800
0,24071700
1,56172800
1,41363900
1,31788400
0,23780300
1,24970200
1,38913700
0,32223800
1,36806700
1,36105400
0,24997500
1,35156000
0,25567100
0,25769400
0,26207100
0,24338300
0,24082400
1,57087800
1,27951800
1,27564900
1,24439900
0,24239400
0,23899800
1,44651100
1,22287400
1,25676400
1,37863400
0,29831500
0,26107100
0,24366700
0,24282700
1,39593400
1,36879200
0,24078700
1,28243800
1,22703100
0,24512500
0,24305300
1,31607600
1,22187600
0,24138600
1,24736700
1,50358800
0,24443000
1,22961000
0,24469700
0,23840000
1,37056200
0,25261400
0,25291200
1,66942800
0,23945000
0,24249000
1,53946400
0,23976500
1,23625100
1,53109400
1,25023700
0,23425600
1,25131700
0,23458200
0,23577700
1,24921200
1,28472100
1,23495800
1,35989600
1,34260100
1,23313000
1,27669000
0,23490100
0,23662900
0,23603300
0,24234200
1,26002300
1,59755500
1,23370100
1,56984500
0,23891800
0,23927300
0,23665100
1,23351300
0,23586900
0,28475900
1,32690900
1,28473000
1,68379300
1,37304100
1,24322300
1,47105600
0,24374100
0,26830700
0,32055800
1,30837200
0,30903500
1,39811700
1,79770900
0,25185900
0,27890800
1,52546400
1,24601000
1,24638900
1,27583700
1,34565600
1,26169300
0,25129400
0,24996400
0,25564200
1,29546400
1,23871000
0,29333200
1,33520800
0,26531800
0,29069800
1,48269000
1,23785900
1,60285300
0,24218300
1,24784300
0,23602500
1,23612600
1,57010900
0,23883000
0,23634400
0,24491800
0,23336000
0,23317000
1,25486600
0,24400100
1,29296100
1,50660700
0,23335200
1,23347600
0,23232000
1,23739000
1,27136300
1,26934500
1,29813000
0,23660000
0,24688700
1,34893900
1,57453900
0,23918700
1,33040400
1,42687700
0,23334800
1,24258600
0,27422100
1,40358800
1,25653800
1,27234100
1,25083300
1,54124000
1,22485200
0,24421900
0,24192400
1,24451700
0,23819800
1,44928100
0,23417600
0,23402800
1,67518900
1,39885600
0,24517300
1,23459800
1,35262900
1,25106000
1,22197100
0,23610700
0,25915900
1,29626300
0,27299000
0,25375400
0,28701900
0,27549500
1,30893400
1,29870300
0,26390400
0,24685500
0,24813700
1,27385600
0,24090000
1,29803200
1,31436200
1,26791000
1,36173200
0,24090700
0,24191800
0,24122000
0,24012600
0,23447000
0,23629400
0,23309000
0,23384100
0,23223800
1,29942200
0,23423700
1,21876800
1,53388200
0,23316500
0,24627600
1,36807500
0,23312400
1,21886400
1,52802700
0,23803000
0,23269000
1,23920400
0,23637800
0,24171500
1,23591700
1,36050300
1,47427800
1,76444500
0,25378000
0,23442100
1,36107200
0,30691000
0,26391900
0,23911000
1,41364500
0,26638700
0,25502600
0,24203100
1,37378200
0,24020400
0,23925500
1,38251400
1,32302100
1,64618200
1,25175000
1,32372500
1,28920500
0,23451200
0,23737400
0,23329400
1,30228800
1,29233300
0,23526100
0,23423900
1,41264900
0,23559000
1,66919500
0,30935800
0,31395000
0,29838100
0,32051900
1,90073400
1,26159800
1,23351800
0,24309500
0,24388000
0,24351600
0,23508900
0,23970700
0,23766100
0,23238300
0,23497000
1,32123500
0,23378600
0,23330300
1,33435300
1,60803600
1,27577500
1,29693400
1,36142700
0,23237500
1,24753600
0,23644100
0,24125100
0,24335700
1,65487300
0,23235700
1,23980800
1,29929600
1,24459100
1,66898800
1,56806000
0,24751400
0,25148000
0,29438700
1,23177700
1,81323500
1,38782800
1,25283600
1,23407900
1,31025600
1,31578100
0,24333300
0,24339400
0,24245500
1,29053300
0,23609600
1,43138100
1,24746100
0,25094100
0,23529700
0,23559900
1,33493700
0,23571600
0,23508200
1,47738800
1,30764600
0,24687300
0,23701000
1,28055100
0,24035400
0,24058000
1,54046800
1,30803200
1,30360200
0,23908400
0,30251900
0,27985800
1,50638500
0,24733400
1,26663200
1,44320100
0,24607700
0,24175000
0,24227900
0,23437500
0,28175700
1,62692800
0,23291600
0,23241200
1,30512900
1,38666400
1,44330200
0,23259800
1,42327700
1,29261800
1,24009200
0,23336300
1,47870200
1,25558900
1,23430000
0,28924100
0,25504800
1,36004000
1,61955200
1,35496900
1,26369200
0,24218900
0,25452000
1,58780800
0,27470300
0,24346400
1,56673000
0,29370000
0,24270200
1,36866900
0,24384400
1,45410800
1,25983000
1,22171300
1,24691500
1,44726400
0,24055600
1,29456400
1,21994200
0,23309500
1,24366600
1,29663000
1,29163200
1,25040400
0,24554100
0,24300500
0,24152900
1,50581400
0,23960200
1,34630200
0,23642200
1,63705200
0,23344600
0,23261200
0,26173800
1,46316200
1,29585600
1,47885600
0,27380600
0,29165200
0,26979200
0,23325200
1,59555500
0,24665700
0,24071500
0,23909800
0,23738600
1,36273400
0,23406100
0,24808300
0,23457700
0,23196200
0,23367400
1,31928100
1,34391600
0,23626000
1,29618600
1,31164300
1,30418900
0,24462800
1,27540500
0,23873000
1,32163900
1,24738300
0,23257600
0,23368400
1,30655500
1,26568400
1,29616400
0,24180400
0,26063700
1,29809900
0,23937500
1,42873800
0,23284600
0,23738600
1,23399300
0,26871100
0,25007200
0,24203400
0,24581700
1,24205000
0,29359500
0,24439200
0,24817700
0,24262400
0,23277600
1,41410600
0,24409200
1,30192300
0,23289600
1,29317500
1,23986400
0,23818900
0,23753500
0,25266500
1,29403600
0,24563600
0,23811100
0,24148700
1,22469200
1,23820400
1,26265100
0,26964700
0,31087700
0,24868800
1,50596200
0,24568900
1,22162800
0,23412800
0,23368800
0,23366000
0,23322400
1,24970600
0,23232700
1,47822200
0,23585300
1,36708400
1,29877900
1,36024100
0,24483800
1,40100800
0,24734300
0,25833200
1,33075400
0,24313600
0,23847900
1,41499800
0,24596300
1,27704100
1,39415800
1,23213700
1,33210600
0,23921900
1,41729900
1,35691300
1,57363800
1,80968800
0,26703700
1,35108900
0,30477200
1,49363100
1,25382600
0,24235200
0,24077200
0,23905500
0,27067600
1,35265900
1,55898200
0,24555300
1,24207200
1,31784200
0,25224700
1,27153400
0,24146600
0,23632900
0,23523000
1,23869300
1,23200300
1,27310200
0,24126100
0,23928100
0,24705500
1,38812000
1,37976000
1,47597100
1,31716300
1,39037500
1,29944800
1,47125100
1,29765600
1,27354600
0,23653400
0,23496900
1,28867000
0,23507400
1,66132200
1,33314500
0,23253200
1,28678600
1,35187900
1,31392500
1,34159500
0,23308400
0,23775300
1,24745000
1,45691200
1,26718700
0,24394600
0,24568300
1,29949400
0,24527100
1,41608100
0,24434300
1,30489500
0,24629000
0,24828300
0,24283800
0,30018500
1,25341300
1,34717900
1,140011400
0,24347600
1,36979500
0,27473600
1,29419900
0,24157100
1,28319700
1,29891700
1,28599200
1,55171100
1,22504400
1,27418400
1,77460000
1,22723200
0,23260300
0,23215600
1,41770900
1,37069600
0,23948200
1,43500500
0,23835400
0,24657200
0,23425500
0,23783800
1,30188500
0,24028500
0,24899800
0,23534400
1,25731200
1,29061700
0,24711400
0,23726100
0,24474100
1,30626700
0,24162700
1,32883800
1,80601900
1,26886200
1,22226000
1,35482800
0,23429900
0,23586300
1,37211300
0,23689200
0,23462300
0,23457000
1,28344800
1,46672400
1,41019300
1,26224700
0,23375000
0,23446900
1,22201700
0,23774500
0,23552100
1,36534100
1,27288100
0,24188000
0,24727500
1,30044200
1,25769100
1,38902000
0,23742500
1,32004600
0,28131800
1,32314800
0,24498100
1,30441900
1,33081200
1,32729100
1,31648900
0,23260300
1,35467700
0,23306900
1,27121100
1,43689600
0,23276700
1,28539500
1,37119700
0,23463200
1,41331000
1,40884600
1,23091600
1,24339500
1,28330100
0,23669900
0,23505300
1,32690800
1,29314800
1,22801800
1,23072100
0,23944700
0,24177500
0,24348000
1,28905900
0,25260600
1,27802300
1,25211200
0,24249600
0,25434800
1,33681400
0,24292100
0,24500200
0,23977700
1,29648800
0,23761200
0,26655500
0,25946200
0,23800100
0,23642000
1,22096600
1,24888200
0,23461500
1,42394200
0,23483800
0,23305500
0,23337800
0,23406300
0,23234000
1,31020700
0,24537300
1,29675200
0,23296700
1,49814200
1,23069200
0,24015200
1,23164800
1,38733900
0,25102400
0,23610700
1,45077200
0,25752000
0,30419300
0,30766100
1,35653600
0,26221500
0,35101600
1,34408700
1,39325200
1,34216300
0,25033200
1,40450100
0,24404700
1,24889600
0,23941400
1,23319700
0,23369400
0,23405400
1,39454600
0,23791300
0,26192000
1,31220300
1,44234400
1,39887000
1,75663900
1,37927100
1,40230500
1,22034400
0,24191300
0,24440300
0,23850300
1,22607400
1,22641200
1,25784800
1,40439600
0,23574700
0,23473200
1,27337400
0,24634800
0,23206000
0,23741400
0,29840200
0,23991300
1,32967900
1,32460900
0,27338700
0,27507700
1,36672400
1,26116400
0,23705900
1,31539100
1,44094900
0,23760800
1,48812300
1,31979600
1,24781800
1,32609200
1,23281000
0,24365600
1,30546400
1,59230300
1,26727000
1,39899500
1,35101400
0,23528300
0,23651300
1,42583300
1,22270600
1,29565500
1,30977500
0,23306600
1,22762800
1,41687900
1,45186900
1,39537400
1,25982800
1,31721400
1,24654600
0,24930400
0,25823600
1,34494100
0,23879800
0,23887600
1,37335700
1,52061400
1,40625700
0,24843900
1,24141600
0,24230500
1,52253300
0,23418500
0,23231800
1,31363100
1,73394500
1,27536900
0,24264000
0,24484900
0,24425100
0,24405600
0,23843100
1,24762000
1,23452100
1,26610900
1,67639100
0,30054800
0,24934500
0,25091900
1,65064200
0,25469800
1,45865300
0,25188500
0,24714800
1,24522700
0,24265400
1,23171400
0,24367000
0,24386500
1,46212600
0,24285000
0,24820400
0,24365500
1,43226300
0,23783800
1,31030200
1,47190000
1,22112300
1,33980600
0,24317700
0,23807500
0,23661700
1,34940500
1,35077500
1,38199400
0,23563400
1,21899700
0,23855500
1,23342500
1,57575200
1,37299200
1,24139400
1,22537700
1,34234500
0,29369300
0,31232000
1,27561700
1,30608600
1,24152600
1,22680300
1,71807400
1,31939300
1,41818200
1,29764300
1,48704600
0,24269000
1,33459400
0,24250800
1,28121400
0,23465000
1,24016800
0,24488200
0,23905500
0,23927300
1,33760300
0,24767400
0,28694200
1,32981100
1,29787000
0,29654700
0,24794000
0,24688400
0,24856600
0,24867400
1,34013900
0,24801300
1,34509900
0,23619000
1,29351500
1,22999000
0,23658400
0,23564400
0,23575600
0,23352300
1,28829800
1,22083300
1,35374700
1,37029200
0,23275800
0,23558100
0,23310200
0,23264000
1,26259600
1,22707100
0,23638000
0,23847700
0,23412200
0,23450500
0,24687300
1,22699700
1,26874600
0,23781300
0,23733200
0,23908300
0,31696100
0,27818900
0,23632400
1,26111900
0,24621300
0,23545500
0,24081900
1,40020300
1,38995300
1,26408700
0,24138000
0,23761000
0,24840600
1,50163300
1,82381400
0,23822500
1,22132500
1,29711800
1,41887000
1,27881500
0,26051400
0,25664600
0,24969400
1,41685900
0,24165200
1,30485800
1,29487300
0,24015700
0,23919800
1,23055500
1,33678700
0,23978500
1,26557900
0,23561900
1,30738600
0,30402200
0,30744700
1,71286100
1,31102300
0,25594500
1,24179900
1,22888500
0,24215600
1,30206100
1,31603800
0,23360900
1,43402800
1,23661200
1,21987100
0,26433800
1,36205300
0,24100600
0,23658100
0,23482400
0,23593000
0,23694000
0,23580200
0,23520900
1,30539000
1,22578300
1,30683900
0,24380800
1,44590400
1,79937000
0,24508200
0,24331700
0,24536000
0,24392400
0,24030400
0,24046200
0,24134300
0,26177100
1,23485400
1,24341200
0,28801900
1,30572700
1,45379100
1,40054700
0,24191400
0,29154200
0,24280500
0,23489400
0,23543200
0,23533600
0,23326100
1,27561700
1,25011100
0,23900000
1,29687800
0,23308000
1,55198800
0,28778700
1,25111300
0,25042900
0,24406500
0,24504400
0,24526200
1,30844800
0,24301200
0,24703900
0,24172600
0,24300900
0,24318800
1,39498300
0,23463900
0,23567100
0,24199300
1,34418200
1,34266200
0,23962400
0,24175600
0,25128000
0,24064200
1,41745200
1,37301300
1,24815600
0,27769800
1,50217200
0,23987500
1,67432400
1,33909500
1,27955200
1,31374000
0,24456600
0,23835200
1,88178000
0,23630900
1,25228600
0,23392500
1,35323300
0,24180700
0,23875900
0,24006100
0,24004300
0,24144800
1,28043600
0,23873100
0,31888000
0,26498600
0,26266100
1,48744000
0,25666000
1,33504600
1,36981600
1,67766000
0,23678600
0,27134000
0,23806100
1,28081300
1,28687900
0,23606700
0,23402300
0,23693600
0,23617400
1,32655600
1,23660500
0,24327300
0,23260900
0,23379500
0,26467600
1,51766000
0,23317200
0,25342800
0,24243500
1,27443200
0,26323000
1,35800500
1,22778800
1,34377000
1,27141600
1,32909600
0,24790200
1,43284300
0,24313300
1,31225700
0,24543800
0,30301700
1,37982300
0,23667600
1,47054700
1,28288900
0,24846000
1,34980100
0,26789100
1,59541700
1,32300200
1,24872000
0,23302900
1,34509400
0,24031900
1,31106900
1,27424700
1,28583800
1,39570000
0,23995100
1,21942000
0,23562700
1,29882300
1,23136900
0,24249600
1,24345600
1,35592000
0,23828500
0,23584500
0,23236700
1,52634700
0,23982600
0,23548400
1,43370700
1,22949400
1,23933500
1,28017700
0,24251600
1,24708400
1,31620300
1,44406900
1,30564400
0,23788900
1,40642500
0,23400800
0,23238400
0,25285400
0,23332800
0,23384900
1,30921200
0,24600200
1,22248900
0,23804100
0,24166400
0,25719700
1,55911000
0,24349800
0,25265100
0,25040000
0,24142700
1,26010200
1,26559400
1,29717600
0,23753800
1,48074700
1,32001000
1,29402900
0,24306500
0,25212300
0,24762400
0,30078700
0,28069900
0,24489300
0,24710100
0,24643600
0,25270300
0,25353500
0,24298400
1,33395400
1,36978200
0,23442700
0,23387900
0,23563300
1,33380900
1,37812300
0,24057900
0,23341700
0,23345400
1,23656400
0,23762400
1,22223900
1,23823700
0,24285700
0,23662900
0,24259500
0,23882000
0,24894400
1,31844100
1,31810300
1,27966100
0,23802400
0,23590100
0,23772400
1,30410300
0,24775800
1,54354600
1,65126300
1,33927600
0,24080600
1,42070200
0,23759500
1,43545700
0,28495500
0,25788700
0,23315000
0,23273900
1,57603300
1,26143900
1,34063300
1,63954400
1,88709300
0,27267600
1,40187000
0,24819200
0,24908100
1,33272200
0,24218300
0,24408800
0,23669500
0,23473000
1,39447200
0,27673000
1,27038700
1,23179200
1,43496000
0,26804800
1,94434400
1,34612500
0,24918400
0,24261800
0,24260000
0,24553200
0,24249500
1,37029400
1,22631200
1,26591300
0,23870900
0,23649000
0,23568200
1,32922400
0,23701000
0,23555900
0,23530100
1,29728700
0,23447700
0,24252200
0,23511300
0,23921400
1,22799300
1,50489200
0,23935000
1,22463900
1,66121600
0,23222900
0,23745800
0,24068400
0,25140400
0,23523300
0,24054000
0,23783100
0,23873500
0,23964200
1,36388500
1,22233300
1,38908200
1,35800600
1,33797600
1,30123000
1,48542900
0,25850900
1,39736000
0,23729900
1,27223500
0,24694000
0,23436800
1,45706500
0,23313400
1,100131300
1,26117000
1,30432300
0,24609100
0,24343100
0,24351400
0,24552900
0,24074700
1,23315300
1,26465600
1,44004100
0,24746200
0,24269100
0,25074000
0,24128400
1,22765100
0,25310500
1,33956900
1,24944200
1,55747200
1,45327700
1,27791200
0,27112900
0,24179500
0,24670700
1,25448100
0,24329200
1,35371100
0,23837500
0,23914100
0,23932900
1,28353900
0,23202500
0,23516400
1,26412700
0,26520900
1,29158200
0,23630500
1,41222300
0,24371200
1,23093800
0,24495900
1,49687700
0,24934800
0,24087000
0,24147900
0,25285100
1,30907700
0,24089000
0,24030100
1,30963600
0,27756300
0,32089400
0,25719300
1,41823500
1,25274300
0,24575800
0,23912000
0,24021200
1,37419000
0,23712900
0,23545500
1,23677500
1,36822500
1,55937400
1,83912300
0,23642400
1,35653700
1,40865100
0,24085800
0,29429400
0,26235500
1,27188600
1,63101100
0,23809900
0,23772300
1,40473000
1,29000300
0,23397000
1,55014400
0,23620700
1,30079600
0,23765800
0,23479500
0,23386800
0,24274600
0,23656700
0,23438500
0,23308400
1,23532100
1,30281200
1,44030000
1,51583300
0,26537800
1,30453400
1,24656400
1,23571900
0,25136300
1,27261400
1,28514700
1,24072200
0,24520900
1,39329700
1,48230200
1,55471600
0,24002800
0,23719000
0,23584800
1,26431200
1,26134100
1,27089600
1,31452000
0,31037200
0,29255600
0,29404400
1,26272700
0,25542500
0,24804600
0,24734300
1,24595000
1,44192100
1,30908800
1,27524000
0,24260300
1,24414800
1,28950900
0,23201500
0,24930200
1,25982400
0,23791800
1,40098900
1,25954600
1,47481300
1,32552100
0,23432300
0,23931100
1,22055600
0,23919600
0,23380600
1,27469800
0,31041500
1,31021200
1,40488700
1,24505800
1,24799200
0,24422500
1,26158300
0,23749300
1,23274100
1,33588300
0,23865500
0,23849200
0,25476500
1,25129800
1,22331900
1,40425400
1,22261800
0,23758900
1,63098300
1,24571700
0,27130300
1,24440400
0,23473500
1,31942300
1,44195500
1,52555200
0,26575700
0,30133500
1,29631900
1,31902200
0,24465400
0,25167000
1,38740400
0,24431600
0,24184000
1,48163500
0,23430600
0,23587900
1,26071900
0,23559800
1,24418200
0,23604500
0,23664500
0,24920700
1,22500100
0,23911600
0,23840200
0,23915900
1,35307300
0,23462300
0,23640500
1,26886700
0,23379400
0,23405600
0,23293200
0,23678900
1,33904700
1,24721600
1,54914900
0,23381400
0,23981700
1,26243700
0,23327800
1,24138300
0,23388600
0,23273000
0,23405000
1,28985700
0,23473300
1,36599900
0,24917700
0,23741400
0,27437100
1,37305700
1,27363500
1,32720400
0,24329700
0,25396700
0,24227100
0,23267700
1,32916900
1,59484800
1,38645700
1,52048200
0,24628600
1,22863700
0,24917700
1,26226100
0,24784900
1,32742600
1,30474600
0,23823900
1,62588400
0,23227900
1,22440900
1,30510500
0,23342800
0,24185600
1,25459700
0,23997600
0,24148900
0,23755600
1,33328700
1,23425700
0,28482900
0,26870500
0,24374300
0,23815600
0,24265100
0,24474600
0,24845500
0,24295700
1,66545900
1,43552500
0,23754100
0,23826100
1,70423900
1,38062400
0,23502500
0,23922900
1,40441100
1,28587800
1,31479700
0,23981900
0,25622300
0,26592200
0,23765000
1,34881000
0,24905400
0,23967000
1,23303000
0,25107100
1,34128500
1,27494000
1,41690300
0,23391000
1,26489700
1,23049600
0,23483200
0,23525900
0,29365300
0,25786000
1,57133300
1,47951200
1,39678400
0,30628800
0,25410200
0,27404200
0,26463800
0,24953000
1,34684800
1,43850500
0,24298500
0,23490100
1,24585300
1,26142800
1,44124100
0,23399500
0,23235000
0,23690700
1,35832000
0,24053100
0,23412800
1,33247800
1,22543700
1,58927500
1,30029600
0,23343700
0,23277000
1,36608000
0,24485900
1,28423800
0,27494400
1,36673200
1,29352400
1,52009800
1,37175900
1,37672100
0,24751200
1,26577200
0,24413100
0,24581400
0,24165000
0,23742200
0,23708100
1,49197200
1,22029400
1,21891700
1,25426900
1,66433300
0,27870200
0,28790900
1,30207700
0,26586200
1,47070100
1,38489500
0,24043300
1,41936500
0,24768200
0,23560300
1,37644000
0,24706200
1,50956900
1,75527000
1,22212400
1,34930200
1,37837500
1,46627700
1,35978200
1,34800900
1,22849200
1,36038900
0,24331100
1,25764900
1,26056200
0,24032000
1,31570500
0,23637400
0,23545100
1,25958900
0,23284500
0,23582200
1,43781800
1,54139300
0,23378400
1,30359300
0,23268600
1,24866200
1,30636800
0,23260100
1,49881600
0,24212600
0,24609200
0,23906900
0,23712700
1,30799600
0,23471600
0,23340600
1,33516600
0,24229800
1,26287500
0,27316200
1,47463300
1,25094600
1,26919600
0,26656600
0,24595800
1,24774500
0,28012700
1,34154400
0,24633900
1,23867600
1,38243200
0,24860000
0,23713300
1,38897100
1,34000000
0,23585700
1,23203300
1,34076100
0,23590100
0,23255500
1,22716800
1,58862700
1,22524200
0,23653000
1,33130600
0,23805100
0,24932400
0,23869200
0,24215700
1,33827900
0,25538100
1,30800700
0,24849700
1,29734900
0,25774900
1,24622000
1,47050000
1,22588800
1,25870600
0,23675600
1,27502500
1,39162600
1,24549400
0,23987900
1,49097300
0,23762300
0,23841400
0,23351800
0,23368600
0,23249400
1,30838800
0,23831900
0,24143900
0,24016500
0,23707700
0,23970600
1,42312900
0,23910500
1,27673600
1,33146000
1,31331200
0,24510600
1,40750300
0,23994300
0,24740100
0,23923200
1,42005200
0,23844800
0,24072600
1,45477000
1,23312900
0,28532600
1,51281800
0,29434400
0,27106600
0,24780200
1,25226500
0,25483700
0,28536100
0,25467900
0,24231700
0,23892500
1,24800400
1,38083800
0,25455800
0,24152800
0,24042100
0,24542300
1,50055500
1,22157200
1,22505700
1,31422500
0,23455800
1,68536200
1,24752400
0,24949600
0,24144300
0,24324100
0,24242600
1,40435000
0,23436800
1,46702300
0,24903000
1,27345600
1,49718600
0,24554300
0,24313400
1,26368800
1,38762900
0,23662000
1,29679000
1,22172500
0,23705400
1,33181100
1,23472000
1,32044200
1,79974100
1,25305200
1,64373400
0,23913200
1,25420500
0,23878100
0,23882700
0,23626500
1,25853400
0,23451500
0,23211900
0,23758000
1,35681200
1,23675700
1,24853200
0,23655000
1,39432900
0,23739500
1,26983600
0,23465900
0,23970700
0,24139700
1,45330800
0,24620300
0,26544400
1,38652100
1,39766800
1,26129800
0,23991400
0,23315600
1,24799200
1,33905300
1,23808100
1,27620300
0,23568600
1,27597200
0,28163200
1,29926900
0,25607000
1,26365500
0,24562800
0,24749000
1,33397500
1,25209700
1,26046300
0,24364300
1,47402900
0,24734100
0,23584600
0,23625000
1,31422700
0,23745100
0,23926900
1,26437300
0,23852100
0,26967400
1,32412900
1,24953600
0,24154600
0,24295900
0,24428300
1,40177900
0,23672400
0,24951100
1,69420900
0,24716400
1,24704800
0,24987600
1,41661500
0,24727500
0,24417100
0,24669100
1,23957600
1,63236300
0,23854800
1,23641200
0,23731800
0,24048400
1,26161200
0,24227200
0,23754600
1,25231000
1,28306100
1,33817300
1,45794500
1,22164800
0,23267200
1,36493500
1,26345500
0,23540900
0,24436000
1,22078600
0,25795800
1,42422200
1,28323100
1,28749400
0,23494700
0,23496800
1,22485300
1,28035900
0,24448500
1,29124400
0,23335500
0,23368600
0,23200100
0,23297800
1,50501800
0,23277200
0,23774100
0,27688400
0,26654900
0,24066500
1,43657100
0,26316000
0,24299100
1,32200100
1,25567900
0,25058700
1,31601900
1,27440200
1,71058800
0,23421800
1,30099900
1,27780800
1,47713700
0,31529400
0,28140200
0,27138400
0,28186800
0,24266700
0,27688800
0,26700700
1,26068600
0,25074600
0,24771700
1,41812400
1,29257400
1,26179600
1,34363800
1,27769100
0,23737800
1,26686700
0,23584000
0,24069700
0,23259300
0,23252400
0,23377900
1,42931800
1,26079900
1,32749900
0,23384900
0,23860000
1,33818800
0,24055400
0,23740100
1,25685500
1,88750900
0,23748900
1,24306700
1,24598600
0,23438500
0,23657000
1,40864300
0,23237900
0,23561100
0,23280900
0,23261000
1,29273000
0,23773300
1,31790200
0,23324200
0,23303700
1,34464200
0,23275600
1,33488500
1,25987600
1,21913000
0,23380000
1,23486800
1,34594200
0,25098100
1,51601700
0,23537200
0,23926900
0,23987500
0,23438400
0,27252800
0,28146500
1,29189700
1,27352500
1,37041800
0,24652200
0,26294300
0,24545200
1,35667100
0,24194800
1,34320300
0,27747600
1,40620500
1,23049700
0,24485500
1,75777900
0,25651000
0,23470500
1,26112300
1,34395300
0,23897100
1,33750300
0,23330300
0,23855700
1,24957300
1,41596700
0,23840600
1,52350400
1,26275100
0,23232300
1,24007900
1,48219000
1,62876500
1,33112300
1,24465700
0,23986800
0,24078000
1,35760500
0,23902200
1,39870800
1,24958100
0,23241000
1,36224200
1,56361300
0,23552300
0,23463200
0,23409500
0,23193500
0,23650000
0,23292300
1,49942000
0,25198000
0,25182100
0,24769600
1,38967000
0,24851100
0,23369100
0,23550000
1,28259400
1,71511900
0,23435700
1,45290900
1,24033500
1,72812700
1,91286400
0,24656800
1,35793600
1,42855900
1,23099800
0,25259800
1,22993900
0,24339600
0,25579300
1,26897500
1,45244900
0,24527200
1,28687600
0,24339200
1,24353300
0,23537400
1,32111600
1,53959000
1,50132300
1,26952200
0,23686500
1,33657200
0,23904400
0,23960600
0,28937700
1,28462600
0,23773300
1,48896200
1,86554900
1,31945400
1,51413100
1,40060700
0,23285000
1,26737400
1,50075700
0,24053500
0,23844400
1,50155800
1,26236300
1,55359700
0,24650300
0,27045600
1,76012700
0,24669000
1,31922800
0,23503300
0,23366600
1,21878000
0,23376000
1,23351800
0,24025400
1,49829700
0,23496900
1,37470000
1,23896600
1,25132200
1,66832000
1,44991400
1,53553300
0,23969000
1,37783700
1,33135900
0,23712600
0,23741600
0,23450700
0,25055500
1,30851500
0,23254600
0,27322500
1,32376800
1,46500200
1,29272700
1,34672000
1,34074400
0,23680700
0,23854900
0,23685300
1,25185000
0,23192700
0,23518400
0,23522300
0,23361100
1,44078800
0,24027200
1,59109500
1,31151500
1,24700500
0,23332000
0,23669700
1,38638300
0,24729900
1,22629900
1,36108900
0,23403600
1,73097200
0,23300200
1,42003000
0,23189400
0,24164500
1,53862500
1,31924900
0,23589200
0,23609700
0,23567800
0,23569800
0,23521900
1,29053300
0,23221400
0,23241100
0,23540000
1,22446300
0,23380100
0,23307400
0,23343700
0,23537500
1,33532500
1,22184600
0,23715900
0,23965500
1,42797300
0,25950200
1,27817500
0,23495600
1,44696400
0,23519000
1,33251200
0,25400200
0,25031100
1,42040800
0,25176400
1,22358300
0,23854900
1,23822500
1,40775300
0,24166200
1,25056600
0,23708000
1,28767100
0,23494600
0,26608700
1,29775600
1,27371700
0,24678400
0,24625400
0,26423800
1,25618800
1,43494700
0,24752100
0,24705100
1,27676200
1,26102900
0,24398800
0,24218500
0,24378600
1,33400600
0,23709700
0,23312300
0,24207400
1,25235400
1,48441700
0,23394200
0,23670100
1,27341100
0,24277100
1,34450500
1,44929500
0,23877400
1,25730600
1,36393300
1,28622300
0,24476100
0,23789100
1,23724700
1,27307700
1,38576500
0,24372600
0,24121100
1,29796700
0,23418300
1,22653900
0,23205800
0,23915000
1,35375900
1,24567300
1,80503400
0,23621600
1,22081300
0,23377900
1,35578400
0,23318400
0,23734100
0,29185300
0,31205100
1,26637600
0,23818000
0,23209900
0,24037900
1,25282500
1,66631000
1,60218500
0,23315900
0,23515300
0,24802500
1,36270200
0,23852600
1,46630800
0,23700000
1,22418800
0,23626400
1,32379200
0,34027200
1,56271400
1,25996500
0,24606700
0,24750400
1,39134300
1,31392900
1,28169000
0,25782900
1,49274800
1,28238400
0,24237700
1,95351800
1,33131700
1,56822400
1,35773800
0,23812900
0,24811500
0,23819500
0,23753200
0,24703900
0,23775000
0,24842700
0,25117500
0,24436500
1,22497200
1,29945200
0,25454200
0,23971300
1,34043100
0,24157300
1,24550700
1,59813100
0,23885200
0,24009400
1,33183700
0,23701300
0,23656000
0,23368200
0,23706000
0,23747100
1,22156300
0,23433900
1,41465900
1,23900500
0,23761900
1,38612000
1,40463700
1,25356100
0,23449200
0,23592100
1,77236400
1,44808200
0,23464900
1,22483500
0,23704000
1,47965100
0,27507500
1,31050000
1,23259400
1,33994400
1,22739100
0,25763500
1,22336200
1,23326500
0,23616200
1,67875300
1,43939000
0,24330300
0,24019000
1,36805400
0,23558300
0,23962700
0,23580700
0,23603600
0,24224200
0,23645600
1,33701100
0,28652800
1,34278900
0,24658100
1,28098100
1,24133600
1,35574100
0,24910800
0,23876500
1,43846800
1,22843600
0,24191300
1,25958000
0,24147200
0,23353300
1,26878000
1,23631000
0,23589300
1,69073100
1,21948000
1,27254300
1,33747000
1,25913200
1,27104800
1,24354100
0,23589700
1,31838000
0,27985700
0,27100100
1,41520300
1,54593800
0,24748600
1,39921500
1,27094900
0,23589800
0,23498400
1,30628100
1,23995600
1,29161600
0,23560000
1,28497900
1,28484300
1,48048700
1,35713100
1,23910300
0,23723300
0,23221700
1,24826400
1,35431000
0,23743500
0,23500400
1,23211900
0,23747200
0,23515200
0,23264600
1,33652800
1,108994600
0,24756600
1,31602400
1,24327400
0,24419800
1,24084000
1,42226600
0,23242100
0,23406500
0,25350500
1,29664800
0,23378200
0,23376800
0,23436600
1,23778200
1,27148400
0,28330900
0,23271400
0,24053700
0,26159200
0,27957100
1,31045800
0,24594900
0,24350300
0,24393900
1,23245500
0,23900400
0,23270700
0,24441500
0,23604000
0,26848500
0,27795300
0,24641000
0,24313700
1,22562000
0,24435500
0,28849500
1,26490800
0,24559500
0,28693000
1,32804500
0,24861800
1,26677400
0,26014900
0,24745300
1,25974900
0,23338400
1,56269100
1,26503600
1,43855700
1,29614400
1,23386800
0,23233800
1,22896400
0,23496500
1,27056000
1,29074100
1,32062900
1,36505800
0,23797800
0,23709700
0,23889200
1,39695900
1,37948300
1,57003400
0,25131600
1,37226400
1,41398900
1,22184900
1,34544400
0,25040200
1,32614800
1,29470100
0,25028200
0,23556000
1,29800300
1,24307000
0,25927500
1,31865000
0,23400600
1,25362600
0,24210700
0,23397500
0,23766100
0,23613600
1,37444700
1,23062500
0,25704200
0,26759300
1,42629400
1,29747700
1,26967800
1,72844800
1,58056700
1,26473900
1,26549600
0,23876300
1,49374500
0,24771200
0,24290100
0,24430200
1,26732300
1,49875300
0,24453200
1,26665900
1,26359900
1,26048700
0,23650600
0,23508200
0,23497800
1,26077100
1,30628000
1,24534800
1,26114300
0,24017900
0,23311400
1,42589700
1,46759300
1,26057400
1,39243000
0,23293800
1,31726700
0,24522200
0,23498000
1,26523400
0,24302800
0,24249600
0,24465000
0,24241900
1,29094000
0,24120300
0,24913900
0,24036000
1,31069800
1,41680400
0,24202300
1,54315400
1,27242200
1,25271300
1,27591900
0,23290600
0,26320700
1,81228500
1,29002300
1,27336600
1,23619600
0,24824700
0,25361200
0,24321500
1,26389300
0,23536800
0,24155400
1,24129300
1,47642200
0,23803500
0,27850300
0,23826800
0,24768600
1,40816200
0,23844400
0,24020300
1,23003100
0,24149000
1,30465800
1,23524000
1,28449800
1,32469700
0,25617500
0,23698600
0,27818600
0,26858000
1,45339800
0,24144400
0,24615100
1,39477900
0,23963500
0,23677300
0,24198300
1,23679000
1,22678800
1,30468800
0,23491900
1,30386200
1,22627900
0,24552400
1,22616300
1,33816000
1,22201600
1,41519600
1,38607500
1,24806300
0,25925500
1,34974300
0,25213400
1,44436900
0,24023200
1,28274700
1,69750100
1,37244500
1,24867800
1,24219900
1,29826600
1,31466700
0,23776200
1,38089500
1,22617800
1,66842300
0,24360100
0,26312300
1,35764300
1,68780200
0,24574800
0,24303600
0,24284500
1,34030500
0,23965500
1,22423800
0,23768200
0,23607800
0,23557000
0,23438900
1,34617500
0,23351100
0,24016500
1,31231600
1,27535200
1,24356000
0,28594100
0,25099600
0,25124200
1,33136100
1,25080400
1,35269700
1,26161900
1,38660100
0,24973400
0,24892900
0,24831000
0,24988200
1,25979300
0,24777400
1,95372700
1,34422100
0,24775700
1,23298200
0,25156600
1,42655400
0,24587500
1,27498400
1,34593200
0,25722500
0,25286200
1,31422400
1,24389300
0,24865300
1,61081100
1,84747300
0,24807800
0,29585600
1,35514700
0,29723400
0,31042900
0,31031500
1,33275400
1,28011700
1,31470600
1,29525600
0,26865900
0,25464000
0,27951600
1,41966600
1,47167600
0,24800700
1,28275300
1,34013500
1,26213600
1,26477900
0,24677000
1,23275100
1,44080600
0,24436500
1,27203700
1,38327400
1,43110700
0,24338000
0,23598900
0,23642200
1,24857400
0,27504700
1,26709900
1,37326600
0,25652000
1,47976300
0,23601100
0,23441600
1,49688500
0,23237100
1,30036100
1,72106300
1,28036800
1,23627700
1,29541300
1,36892900
0,23573900
0,23205700
1,23366600
0,23288000
0,23322600
0,23925600
0,30993100
1,27247100
0,25327800
0,25281400
0,24779800
0,24900800
0,25352700
0,25442700
0,24603400
1,23937300
1,30264900
0,24122100
0,24294700
1,46297000
1,34113000
0,24734000
1,59979600
1,22277200
1,29232000
1,88166400
0,23860900
1,76070500
0,23714800
1,23420400
1,27824300
1,24093500
1,25952000
0,23995900
1,28004300
0,23892100
1,43075500
1,28461200
0,26700600
1,40137400
0,24553200
1,23268300
1,36687000
1,24224500
0,26640000
1,35056300
1,27244300
0,23231800
0,23439100
1,30901800
0,24353200
0,23698300
1,44938300
0,23826400
0,26061500
1,29247500
0,23621700
0,23534700
1,25891300
1,26368500
1,24684500
1,27051000
1,33826600
1,22627900
0,25054500
0,24775200
0,24799800
1,60931500
0,25211500
1,34837400
0,25679500
1,25291000
1,33219400
0,24801000
0,24784900
1,32164700
0,25552600
1,29179500
0,23363700
0,28696000
0,27439100
0,24313700
0,24701200
0,24213500
0,24254800
0,25802400
1,87227100
0,24687100
1,38079000
1,32737300
1,35808100
1,48072500
1,22464700
1,29732500
1,24198400
0,23537900
0,23647700
1,30891900
0,23763500
0,24499300
0,23389700
0,26115100
1,22314500
1,54256400
0,23524700
0,23413000
1,21945100
1,41207100
0,24574700
1,30542700
0,24099300
0,24242400
1,28348700
1,59030100
1,38475200
1,31809900
0,24668100
0,23793700
0,30414900
0,28306800
0,25421400
1,56149400
0,23936300
1,21847800
1,33065800
1,44468400
1,22650300
1,33332500
0,23520100
1,44262700
1,35183900
1,60369300
0,24014300
1,37909600
0,23770700
1,41634500
0,23817400
0,23658100
0,23518900
1,38075900
0,24636500
0,23791900
1,30245000
0,23548200
0,23354500
0,23652000
1,23645900
1,25694900
0,23546300
1,71536300
1,36300300
0,24139000
1,44847400
1,50703400
1,32827300
0,24679800
0,23966200
1,31193900
1,37169300
1,26111300
1,23539200
1,24988200
1,32020100
0,28179600
0,28269700
0,24496100
0,26146400
0,24284200
1,24603200
1,25792500
1,32670000
1,25698400
1,43653700
0,27372800
1,26088300
0,24859200
1,34787900
0,24957300
0,23962200
1,32497100
1,33151100
0,23487900
0,23751100
0,24202900
0,27324700
0,23849800
1,25537200
0,23771100
1,24068700
1,30412300
1,23470400
0,23515700
0,24572600
1,25360600
1,93344300
1,33057400
1,30868000
0,24334700
0,24734100
0,23256800
0,23302800
1,31267000
0,23260300
0,23383400
1,30134600
0,23231100
1,70157400
0,23220300
0,24245700
1,41952200
1,21859500
1,32697000
1,22497300
1,31626700
1,23880500
1,23874200
1,39097200
1,24167400
1,54950100
0,23988900
0,23800600
1,33320000
0,29515100
0,28482000
1,31969800
0,24276300
1,45497700
1,34163200
0,24324000
0,24349700
0,24283100
0,24263900
1,33419800
1,23961900
1,42746700
0,24577300
1,66416900
0,24788900
0,24858500
1,39373300
0,26701500
1,25538600
1,25398000
0,24330500
1,46324300
1,25417500
0,23298300
1,78394800
1,22598100
1,39543700
0,23913900
0,23788100
0,24099500
0,23726900
0,24096200
0,23573000
1,30949000
0,25646800
0,25084600
1,30953100
0,27109600
1,33885500
0,24099300
0,23933400
1,32646800
1,22058400
0,23449100
0,23241900
0,23432200
1,29110200
1,33206000
1,31728800
0,23727700
1,25680400
1,24826200
1,24249400
0,23367500
1,26781200
1,38411500
1,82063700
0,23672400
0,24485400
0,23918600
1,38754600
0,29843600
0,30014700
1,46547300
1,27871100
0,28459800
0,24017100
1,21814500
1,29294300
0,28760900
0,29147900
0,31324300
1,60382200
1,25544300
0,24777000
1,42963500
1,35475300
1,23287700
0,24359500
1,39472500
1,22707400
1,29424100
0,24148900
1,56547800
0,29695100
1,37992300
1,31561100
0,24516800
1,40420900
0,24330200
1,32615500
0,25037200
1,33702000
1,22936400
0,24317000
1,49509100
0,24383400
1,22626900
1,31558100
0,23942700
1,37672200
1,41651300
1,37428200
0,24212200
0,23974200
0,24097300
1,29375400
0,23593300
0,23576900
0,23440300
1,33376400
0,23616500
1,29605200
0,23601500
1,36471500
1,34712000
0,32506500
1,24225500
1,40307000
1,57911100
0,23294800
1,28328800
1,66665400
1,50161200
1,44815300
0,25340700
1,54393100
1,38652200
1,55141900
1,74763700
0,23528100
1,25433200
1,23115700
1,39029700
1,27877000
1,32296500
0,29388800
0,27299800
1,26604200
1,22856900
0,24247800
0,24004700
1,35958600
1,32621100
1,24225900
0,23974500
1,22847100
1,36224400
0,25892800
0,24344800
0,25967300
1,22806900
0,24190800
0,24007500
1,23546400
0,24056300
1,31598200
0,24992700
1,25121600
1,23105400
1,22754100
0,24054500
1,55482500
0,23931700
1,30019500
0,23687900
1,26324300
1,40338500
1,31648500
0,23313900
0,23452800
0,23640800
1,43781900
0,30691000
1,28434400
1,46396000
1,34153300
0,24817000
1,39309300
0,25277600
0,23485600
0,23619600
1,36899300
0,23549800
0,23220100
1,23256200
0,25534800
1,23422800
1,46501000
1,22976700
0,23413100
0,23729700
0,23995000
0,23871100
1,44814300
1,26186000
0,23908800
0,23865500
0,23521700
1,30615300
1,42647700
1,26395500
1,26528400
0,23423100
1,22645600
0,24055000
0,23627600
0,23552200
0,24106100
0,23486900
1,23542100
1,27241200
1,48789200
1,22081400
1,30763000
0,27009000
0,25490200
1,61074800
1,27389400
0,26387800
1,47042200
0,24211800
0,24496200
1,26572500
0,25609600
0,24885600
1,28689000
0,25051000
1,24440400
1,25483900
0,23506000
1,32870300
1,41431600
1,31675700
1,32641900
0,23398600
1,34623200
0,23761500
1,27290500
1,33724600
0,23899100
1,23387300
1,28654900
1,37219700
0,23593200
0,23505600
0,23652600
0,23449700
0,23658000
1,23874100
0,23506900
0,23886700
1,31778300
1,27551600
1,30086700
0,23521300
0,23373500
1,28602700
1,39019100
0,24099800
1,53520300
0,23902100
0,24371700
0,25808200
1,33792200
1,29231800
0,23400300
0,24411300
1,23504600
1,40955600
1,29980000
0,23303400
1,28325400
1,81547400
1,38935800
1,22154300
0,23365900
0,23268900
1,37654600
1,66881500
0,23220900
1,26323500
0,23517600
1,35399100
0,27471400
0,23749700
0,24206500
1,34437400
0,25953900
1,23411300
1,50477800
1,23924800
0,25290500
1,34370500
1,33090500
0,24241800
0,24243000
1,37484400
0,23402100
1,24088900
1,23455700
1,59849900
0,23281800
0,23641600
0,23999800
1,31148100
0,23847200
0,23935100
1,23022500
1,21928000
0,23647300
0,23466800
1,38831500
0,23544600
1,22297400
1,25619500
1,49628100
0,24127200
1,22372300
0,24313100
1,39415300
1,31247300
0,25053200
0,24426700
0,23816400
1,28780800
1,25763400
0,23988400
1,47753900
0,24105200
1,28246200
1,23307100
1,49508400
0,23332100
0,23988400
1,32867200
0,23835200
1,24092700
0,23615300
1,32806800
0,24115100
1,26722700
1,40956400
1,22887800
0,23511200
0,23384600
1,22405000
0,33518500
0,29995300
0,26063300
1,27871200
0,24697800
0,24770000
0,25083200
1,34203600
1,30047500
0,24695300
1,43205100
0,23538400
0,27713200
1,24342600
1,45895800
1,72632100
1,23101500
0,24375600
0,24843200
0,24235900
0,24759700
1,28918700
1,25559100
0,23789500
0,26254800
0,24477000
0,25333800
0,23604300
0,23352600
1,23398600
0,23307300
1,33433800
1,55981600
1,27621700
1,23439100
0,24226500
1,50540700
1,30763100
1,36999400
1,28233500
0,23508600
1,31300700
0,23245300
1,23248900
0,23219100
1,50072800
1,27414500
1,24356800
1,27878000
0,24321600
1,22019500
0,24130000
0,23996500
0,23938200
0,24046800
1,24592500
0,27167300
0,26475700
0,23754600
1,23905300
0,23998400
1,30248700
1,48861700
1,76875800
1,28319000
0,23709700
1,23309300
0,23532600
1,24148800
0,24833300
1,24690900
1,29624600
0,23531100
1,22451700
0,23577100
1,24364300
0,23693700
0,23666400
0,23814200
1,32534100
1,30405200
0,23852600
1,27167100
1,43190700
0,24322400
1,48081900
1,30535500
0,24329600
1,39800600
1,28323900
1,34791500
1,30841900
1,24418700
1,25033700
1,34883700
1,49467700
0,24517200
1,25811000
0,24164500
1,34532600
1,30412700
1,52277700
1,30807100
0,23574100
1,52713600
1,41364300
1,23190600
1,28055800
1,39746500
0,28508900
0,23988600
1,23288600
0,24658000
1,31891700
1,23184100
1,42877600
1,24503700
1,22207500
1,49108000
1,40035800
1,54504000
0,23392100
1,36543500
1,33542500
1,42809800
0,23495300
0,23369100
0,23420900
0,23479600
1,34450600
1,34022700
0,23639500
1,33020400
0,23558700
1,69606100
1,34978300
1,31759000
0,23677400
1,25113600
1,93002500
1,30329300
1,45246400
0,23511300
0,23197600
0,30635200
0,24377500
1,25358700
1,37912500
0,24318100
0,26661300
1,44612700
1,29267600
1,76335600
0,24826400
1,77740900
1,27180300
0,24915400
1,35933800
0,24936500
0,24779800
0,24707500
0,24032600
1,24456200
1,58475500
1,34217000
1,35730000
0,25047900
1,23988800
0,24781200
0,25550300
1,60197700
1,47173400
1,40541300
0,23864200
1,36771700
1,30256800
0,25378300
1,28352800
1,89854400
1,38902000
0,23301900
1,40212000
1,24316400
0,23341300
0,23337000
0,23239600
0,23326700
1,23238100
1,24755900
1,32025700
1,35078500
0,23563100
0,23268700
1,42393200
1,38774800
1,24928900
0,23310200
0,24216000
1,51430900
1,29997600
1,23118600
0,23192300
1,23447300
0,23871100
0,23587300
1,28604300
1,28273000
1,35977700
0,23963400
1,29779600
1,33346900
1,40745600
0,23639000
1,23061100
1,36865100
0,24061500
1,32566500
1,31232400
0,25816200
1,27781000
1,26036600
1,35154500
1,47015100
1,34770700
1,39460100
1,44057700
0,24523900
0,24861600
0,23951400
0,23682900
1,23908300
1,45475600
1,35965000
1,36195800
0,24042900
1,34411000
0,23331000
0,24779400
0,24438100
0,23913300
0,24998500
0,25479900
0,24578400
1,32887900
1,78427400
1,31680000
0,24515500
0,24866000
1,59809600
0,24455200
1,54858300
0,24052600
0,23701600
0,24696600
0,26679900
0,29610700
1,32647300
0,24296400
1,30443400
1,41491800
0,24288900
1,31394300
1,46591700
0,23880100
0,23575900
1,46112000
1,30725800
1,65406500
1,26811800
1,54431500
1,39840800
0,24425100
0,24354000
0,24362300
1,26484700
0,24393700
1,23575800
1,59525300
0,25696300
0,23491000
0,23766700
0,23753500
0,24148600
0,23715300
1,28499600
1,31180200
0,23866500
0,23389000
0,23563800
0,23186600
0,23333100
0,23283000
0,23364600
0,25216700
1,33249800
0,25774900
0,24551100
0,24277400
1,32063400
0,27110800
1,54133200
1,38312000
0,23732800
1,28230100
1,41333400
1,31024000
1,33994900
0,23950200
1,38574200
0,23751400
0,23587500
1,28749800
0,27557300
1,30507000
1,41145200
0,23970800
1,37574800
0,23546200
0,23633000
1,58782200
1,46946400
1,46122600
0,25726500
0,30071300
0,26254100
0,26715300
1,63176100
1,79764800
0,27624500
0,23991700
1,34674000
0,24519300
1,26772600
0,25137300
1,33863700
0,27824600
0,28104100
1,27977500
0,24259400
1,47074200
1,23052200
0,24628900
0,23234700
1,24093800
0,24325700
1,23678900
0,23347500
1,38311600
0,23684900
1,26352000
0,24150200
1,26286900
0,23431000
0,23471100
1,31582400
0,23620300
1,112742000
1,42222500
1,26496400
0,23175900
1,21830900
1,37302000
1,35408900
0,23564300
0,23842100
1,26125200
0,25479900
1,28757700
0,24703900
1,24587400
0,24295100
1,24716300
0,24004400
1,34629400
1,36837800
1,24600700
0,27481200
0,29153300
0,27855400
0,29276300
0,28117600
1,41989500
0,26990600
0,24646000
0,24260300
0,24444600
0,23860000
1,22763800
0,23877800
1,25070000
0,23514400
1,28806400
1,34324000
0,24021700
1,22029800
0,23424800
1,23999600
1,29211000
1,35234200
0,23369800
0,24078700
1,27197100
1,40270200
1,29529200
0,24821100
0,24278600
1,55938600
0,25252500
1,38872500
1,44611900
1,54220800
0,24823300
1,86231100
0,23438200
0,23294800
0,23910200
1,54886900
0,23504700
0,23460000
1,32138400
1,38879700
1,68477800
1,23285100
1,27805900
0,23398800
0,23555100
0,23398200
0,25309700
1,50650900
0,23765900
1,27103200
0,25056500
0,25492600
0,26573900
1,51082800
1,35772100
0,24510100
1,27694200
1,32345200
0,25811800
1,37916700
0,24182800
1,34834400
1,28755800
0,24131700
1,53807100
0,24131700
1,31944300
1,29217300
1,25775200
1,23565200
0,23182200
0,24685400
1,36806400
0,23323700
0,23312400
1,22462700
0,24113300
0,23363500
1,22286900
1,26662300
1,24711300
1,47595200
1,22597300
0,23367000
1,47618200
1,25692100
1,40237100
0,23735000
1,42185400
0,24636500
0,27857800
0,23616000
0,23439600
1,28824500
1,29974300
0,27910300
1,35545800
0,24382400
0,24240300
1,29108000
1,26216800
0,23887000
1,24629200
1,26319600
0,23309300
1,47696300
0,23327100
1,44719800
0,28965500
0,27814200
1,35940400
1,31892900
1,28491900
1,72110300
1,26260900
0,24957200
0,24520600
1,28642600
1,27072400
0,24720400
0,24436200
1,59268800
0,23851400
0,26569300
1,28196000
1,35973200
0,24885000
0,24627600
0,25651300
1,23862100
1,27331200
1,26048200
0,24627400
1,24086600
1,43777800
1,46146000
0,23393200
1,23362600
1,30751400
0,24921600
1,48775600
0,23507700
0,23352700
1,36029800
1,22232500
0,23316900
1,37175800
0,23256200
1,33391900
1,36275200
1,28895600
0,24065300
1,55983000
0,23807900
0,23902000
1,23979000
1,41960400
0,26852000
1,31893400
1,44890800
0,24215400
1,67241200
0,23526100
0,24323000
0,24362200
0,23613300
1,80760300
1,22134300
1,37821100
1,27826000
1,88524600
0,23391200
1,44810900
1,28085800
0,23453900
1,46658500
0,23556500
1,59811300
0,24072300
0,23466700
0,24354300
0,25419800
0,23827700
1,36107000
1,22228900
0,23489700
1,34738200
1,42831800
1,28813500
0,23348900
1,26447400
0,26754600
0,26572800
0,24925400
0,24444700
1,23280400
1,27273600
1,32045200
0,24991200
1,73571000
0,24154500
0,28453200
1,29533400
1,39570900
0,23874500
0,23393400
1,61809500
0,23786900
0,23913700
0,28257700
0,27204600
1,52729600
1,29313000
0,24571000
0,24135300
1,22739600
1,24654700
0,24056600
1,22521500
0,23320400
1,23947800
0,29877200
1,39701600
0,24393900
0,26219600
1,62542100
1,27322200
0,23926300
0,24286600
1,34848600
1,28134200
1,38070400
1,61294700
0,23666000
0,23634200
0,23441400
0,23342800
0,24264500
0,23389500
0,23488600
0,23377600
0,23469900
1,41657700
0,23316000
1,30997900
1,22231800
0,23475400
0,23812200
0,24405400
1,33091900
0,23645400
1,60055000
1,31476300
1,22387900
1,36246700
0,23339600
0,23334600
1,49426800
1,68767400
0,23505500
0,23600800
0,24303400
1,25051200
1,26282800
0,26993300
0,24452500
1,35503000
0,24405400
0,24285800
0,26301400
0,27856800
0,28037200
1,24030400
1,29999300
0,25306700
0,24654600
1,26336400
1,23526700
0,25038900
0,24323000
0,23696100
0,24438300
0,24661800
0,23944800
0,24008900
0,24742000
0,23854600
1,33444400
0,23353600
0,23560200
0,23425800
0,24448400
1,29716100
0,24540400
0,24268500
0,24207000
1,24857600
0,24495500
1,25553600
0,23956000
0,23212000
0,24331200
0,23224000
1,27109100
1,30080500
1,27164100
0,23209400
0,23482900
0,23549900
1,23514100
0,23419400
1,36684400
1,27867600
1,28069100
0,23192400
0,23462300
0,23289900
0,23427700
1,29260400
1,21885200
1,29325500
1,33268400
0,23728400
1,24869500
1,77108100
1,28835800
1,26450900
0,23428900
0,24235300
1,39983600
0,23930500
0,24704400
0,26000400
0,26577400
0,25776600
1,28039300
0,23355300
1,27767700
0,23386000
0,23248500
0,23683400
0,23238100
1,22236700
1,29343700
1,24793900
1,24176100
0,29491200
1,29683600
0,26280000
0,24573000
0,24556100
1,23818800
1,22779700
0,23796000
0,24986600
0,23979800
1,38015400
1,42096800
1,46329600
0,25416900
0,24989600
0,23658200
1,34621900
0,23367300
0,23469700
0,24544700
0,23555900
0,24601500
1,33875900
0,24260400
1,44129400
1,24561400
0,24127100
1,37155900
0,23296200
0,23656900
1,37118500
1,40830500
0,23364300
0,23278800
1,23623100
1,34273000
0,23375800
1,24002300
1,27401200
1,30676600
1,37930000
1,32343500
0,23702600
0,24478400
1,51449500
0,24762000
1,39183000
1,44045000
0,24763700
0,24132200
1,26648900
1,24434300
1,40456700
1,30978600
0,24308200
0,24636400
1,33843100
1,25584500
1,27585300
0,23861300
0,23779400
1,34997600
1,26031200
1,23306800
1,31114100
0,23597600
0,23349300
1,45326700
0,24348800
0,23642300
1,62107300
0,23871100
0,23659400
1,26879700
1,47256600
0,28150900
1,52665800
0,25077200
1,26056600
1,27117600
1,48152800
0,24369900
1,23814600
1,36901800
0,23408000
1,27717700
0,23481600
0,23504300
0,23436700
0,24813100
1,28629400
1,36240400
0,24382400
0,24400100
0,24312400
0,24520100
0,24202800
0,24367300
0,23221400
1,73600600
1,28682900
0,23284900
1,43252800
1,39782200
1,32816400
1,42673200
1,23506200
1,26342700
0,25011200
1,57005700
1,81959700
0,24310500
0,24302900
1,23605300
1,28299100
1,29728600
0,24178200
1,32966900
1,30104300
1,32355600
0,24086800
1,26395000
1,29507600
1,24888900
1,33262100
0,23468600
0,23576700
0,23340200
0,23231600
0,23352100
0,23245200
1,28861300
0,23460700
1,21922600
0,27982000
0,23577600
1,24449800
1,27521200
0,23609400
1,32453400
0,23641100
0,23487400
0,23494500
0,23894000
0,23717500
0,23451900
0,23982200
0,24747700
1,43271900
0,27145900
1,38144400
0,23947300
1,28514500
1,27881500
1,43576500
1,37900200
1,31969800
1,28908300
0,26160500
1,33405500
0,27103000
1,36355500
0,24378100
0,24313800
0,24185200
0,23310900
1,30790200
0,23512400
1,26046400
1,22767100
1,21930400
0,23327500
1,23119200
0,23994300
1,32076900
1,57976800
1,33936500
0,23471900
0,23871500
0,23210400
1,25103800
1,51652100
1,29633100
1,89796200
1,26866100
1,34833800
0,24217100
1,45219800
1,37893700
1,30630300
0,23444100
1,39117300
1,44830900
0,23663100
1,32296500
0,23536500
0,25614200
1,29059800
1,58774100
0,25039900
1,33582000
1,35892600
1,31833500
0,23429600
0,23574900
0,24216600
1,34816400
0,23270200
1,33628100
1,22994600
1,28749800
0,28942200
1,47518700
0,24912000
0,24733100
1,24368200
1,25270900
0,23818600
1,24639600
0,29401700
1,23559900
0,24235300
0,25128900
1,41934600
1,42488800
0,25402500
1,31694300
0,25149500
0,24360800
0,24353700
0,23600800
1,31356400
1,22941400
0,23611100
0,23545700
1,22218600
1,25485500
1,31800600
1,59471700
0,23583200
1,23942700
0,23599000
1,21999500
1,31524600
0,23207900
0,24565800
1,26318400
0,25338100
1,44651400
1,30605700
1,23346700
0,23532100
0,23404400
0,23598100
1,24288400
1,30884200
1,24259600
1,34745900
0,24051500
1,23634200
0,23365600
1,30481800
0,27536200
0,26480700
0,24252800
1,30405800
1,37201500
1,46184300
0,23538300
0,23476900
0,23516700
0,24248600
1,23713000
0,23492000
1,34316200
0,29957900
0,23282000
1,36015300
1,25400000
0,24688800
0,25647600
0,24660000
0,24629500
0,28961500
0,24465000
1,75534600
1,46493800
0,23310500
1,26666300
0,24678600
0,24308400
1,23053600
1,26238900
1,31082600
1,43514500
1,40479200
0,28907200
0,25581600
0,24890800
1,37786800
1,38977400
1,36065000
0,24313200
0,23527700
1,32197500
0,23618100
1,37249900
1,63949200
1,23804400
1,24610300
0,23628800
0,24013200
1,22172100
1,22370400
1,31104600
0,25441700
1,52014500
0,23956200
1,40653100
1,23414000
0,23866000
0,24812600
0,23971100
1,32072200
0,25699600
1,30726400
0,26304500
1,28256200
0,26356300
0,25336500
1,41744000
0,24722100
1,37008600
0,23634000
0,23738000
1,46622600
1,29974700
0,23467800
0,24480300
0,23487800
0,23637600
0,23981800
0,23647300
0,23402900
0,25935000
0,23645400
1,23696400
1,33479500
0,23417300
0,23400200
1,37818000
0,25131800
1,34804000
1,28052500
0,23821000
1,49864200
1,70039900
1,22439200
1,24664700
0,23701200
0,23601500
0,23456500
0,23275900
1,43306900
0,28781900
1,42358700
0,24126800
0,25292600
0,26104800
1,25848100
1,41216400
1,34130800
1,25095000
1,33406000
0,24554600
0,23678700
1,34984600
1,26781900
0,23461600
1,30105700
1,27076800
0,23420600
0,23390900
1,23349000
1,100849900
0,24683800
0,24315800
1,55577000
0,23536800
0,24063400
1,31225300
0,23685100
1,43736500
0,24253300
1,27492300
1,32156000
0,23742400
1,42682100
0,23412700
1,39153100
1,29887900
1,24558500
1,23938400
1,53062000
0,23794600
0,23759600
0,24080800
0,23572900
0,23402100
1,21949700
1,52010900
1,42050600
1,37910800
0,23261200
1,43784100
1,32880700
1,52034200
1,27710700
0,23297100
1,71708600
1,92293100
0,25402500
0,24198300
0,26521500
1,57802300
0,24547400
0,25405000
1,37086400
0,24453600
0,24286600
0,24373100
1,33433300
1,25774100
1,30859800
0,28067100
1,31347600
0,24938900
1,30076600
1,47204200
0,25870600
1,62936100
0,24751400
0,25212600
0,25150000
1,27361100
0,23955900
1,24321400
1,29333500
1,35727600
0,23847000
1,23090000
1,24181300
0,23650800
0,23537500
0,24300800
1,27145300
0,24047800
1,34005800
0,24113800
1,26348800
1,39200400
0,24023600
0,23719700
1,32338800
1,23272500
0,23542900
0,23800200
1,24155500
0,23447300
1,26838500
0,23588300
1,22466700
1,48327000
1,29411500
0,23472400
0,23392200
0,23502300
1,31186000
0,24865200
1,30210000
1,32299200
1,41328000
0,23713500
0,23744100
0,23502400
1,27744100
0,23556300
1,38964700
1,30403800
0,23527200
0,23619100
1,49367200
1,26584600
1,26671300
1,31046400
1,70590800
0,29188300
1,26290300
0,23836600
1,24572000
1,22708400
1,24036800
0,24275200
1,30804800
1,42171300
1,50141200
0,23197900
1,34895800
1,45044100
1,33834600
1,77319100
1,31778500
1,27597300
0,24403200
1,27779400
0,23433400
0,23375000
0,23884300
1,25538500
1,34243800
1,42805100
0,23724500
1,33659600
1,42980000
0,23859100
0,23387400
1,34046300
1,46613600
0,23749900
1,29565400
1,43924100
0,23833200
1,34956700
1,25097400
0,23499900
1,51759400
1,52126900
1,23705600
0,23560100
1,22861400
0,24729100
0,23952500
0,24059300
0,25425900
0,25573200
0,28696500
0,24363300
0,24347100
0,24646100
0,24784400
1,24843400
1,30657900
0,25418600
0,23429800
0,23407900
1,50498600
1,26569000
1,29489200
0,23839700
0,23491300
1,33582400
0,25430400
1,23578500
1,32726800
1,28281400
1,70980400
1,38038200
1,22885700
0,23536100
0,24983700
1,34049400
0,23720400
0,23470600
1,43295200
0,24787300
1,62839300
1,35662700
1,44986400
1,31593300
0,23806200
0,24542600
1,53044500
1,90391800
0,24082300
1,27190700
0,24114900
0,23703800
1,26282600
0,26631400
1,22105200
1,33669900
1,29238000
0,23580900
0,23545200
0,23695600
1,34011200
0,23519900
1,22132200
0,25233000
0,23455900
1,27050200
0,23647200
1,25423700
1,25262600
1,30032500
0,25521000
1,22468700
0,26083800
1,25679700
0,24990400
1,27810400
1,27321600
0,24826900
0,25660400
1,45827400
1,54297600
1,100776100
1,28786600
0,24088200
0,23891600
1,26779300
0,24031600
1,24962700
1,37733000
1,32047200
1,29050300
1,39336800
0,23775900
0,27486900
0,24356400
1,44984100
1,58295300
0,23827700
1,29840700
0,23683200
1,22507800
0,23301500
0,23339300
1,22926500
0,23729400
1,34730800
1,42316100
1,24140000
0,25319400
1,29328400
1,25212400
1,26076800
1,28679700
1,38514300
1,26819200
0,24415500
0,24309200
1,33713500
0,24759400
1,36044500
0,24562200
1,31828400
0,23857100
0,24740900
1,22476500
0,26346600
0,30036000
0,27736800
1,31989200
0,24230200
0,24238100
1,57031800
1,35233400
1,24781700
0,23265200
0,23646100
0,23233600
0,23537800
1,26975900
0,23834200
0,24016100
1,29840400
1,43559500
1,38456200
1,28981300
0,23878900
0,23336000
1,38141500
1,23972300
0,23966600
1,22266100
1,29369100
0,24189200
0,23985800
1,57743600
0,23762100
0,23589100
1,31543800
0,24679000
1,76508300
1,24548700
0,23416100
0,26336200
0,25402300
0,23556400
0,23747600
1,31293400
0,24547700
0,24276300
1,35201200
1,72456700
1,22816600
0,26508700
1,30299300
0,24619100
1,24117700
1,28260000
0,30490500
1,40839700
0,24858500
0,24888600
1,36718000
1,30554300
0,23815000
0,24374800
1,41923000
0,28310700
0,26363900
1,25078800
0,24456700
0,24363000
0,24526100
0,24690900
0,23900200
0,24045200
0,23894800
1,35074100
0,23882800
0,23583800
0,23897000
0,24332600
1,47642000
1,30435100
1,22197600
0,23607500
0,23742100
1,35087800
0,23832900
1,27640100
0,23629800
1,24408600
1,31857000
1,22595000
1,27697600
1,51597900
1,22169000
0,23698500
0,23551600
0,25007300
1,91211800
1,24386000
0,24350600
0,24280200
0,24257100
1,25742100
0,23345400
1,36121500
1,23401600
0,25897300
0,28206600
1,28559000
0,23640100
0,23474500
1,99572300
1,34214700
0,24063600
1,39638600
1,44998300
0,25092200
0,26915600
0,26388200
1,27325000
1,31129400
1,45295100
1,38544800
0,25476000
1,50930100
0,23653300
1,31008700
0,23241700
1,35387200
0,23758800
1,53723900
0,23297400
0,23464900
1,26268900
0,23575400
0,23780300
1,26138700
1,29842900
1,37426400
0,24031300
1,29937800
1,23213400
1,23279900
1,29393200
1,53624200
0,24298100
0,23583300
0,23466300
0,23823600
0,24024200
0,23531300
0,23446100
1,40750100
1,37328300
1,22733700
1,22564800
1,35060200
1,24147600
0,23666600
0,23436800
1,22314100
1,24109000
1,28908100
0,23599500
1,37163000
1,22427800
0,23973600
0,24034800
1,53885000
0,23696100
0,23854000
1,27239400
1,24933400
1,23797600
1,30166500
0,28018400
1,29547600
0,23804800
1,40626400
0,26119700
1,54557000
0,23865300
0,24380800
1,29910500
0,24418100
0,24221300
1,24420600
1,23651900
1,26543300
1,24246500
1,45979900
0,24031200
0,23915100
0,23470200
0,23509600
0,23671500
0,23584800
0,24044100
0,23338300
0,23341200
1,61516800
1,26496000
0,23392600
0,23424600
1,79225600
0,23698400
0,23599400
1,25203600
0,23385500
0,26465300
0,28268600
1,49685600
0,32050500
1,29627700
1,32637500
0,24473700
0,24324300
1,23171200
1,64268000
1,22694300
0,24232800
0,25394100
0,26395200
0,24555700
1,25614700
1,30687800
1,57330200
1,24229400
1,40198300
0,24646400
1,79826700
0,24934200
0,23703200
0,23969800
1,63892000
0,23658500
0,23590000
0,23553900
1,32679200
0,27609200
0,23635500
1,26512100
1,47652900
0,23555400
1,31943200
0,25005500
0,23329500
1,37588400
0,24237100
0,24202600
0,24492800
0,23306700
1,30264500
1,32547300
0,24473300
1,21862400
0,23285200
0,24291200
1,22379700
1,47354200
1,45293800
0,24326000
0,23587400
0,23619300
0,23338200
0,24036400
0,23728400
1,23969100
1,50105200
1,46815800
1,40448300
0,23799900
0,23800900
0,26722500
0,26722100
1,34814200
1,24613200
1,23452200
1,23663200
0,23894700
1,41892000
0,23727100
1,22020400
1,26560600
1,40609200
0,28710700
1,62565200
0,26459900
1,29245300
1,38091500
1,27538300
1,36463700
1,36846700
1,27184000
1,47050300
1,29061800
1,49153300
1,30459200
0,23256500
1,23556200
0,23643900
0,24618400
0,23657600
0,23730500
1,27155800
1,32390600
0,23721700
1,47131100
1,41756500
1,59616800
0,25351900
1,41551600
1,50157200
1,26381700
1,27451200
0,23667200
0,23528700
0,23412000
1,27432900
0,23909700
0,23734500
0,23407300
0,23375700
1,46363400
0,23793000
1,59658100
1,22209800
0,23358800
1,28258100
0,23632600
1,44299400
1,34747300
0,27420700
1,45603300
1,28532800
1,42762000
0,24250800
0,24529100
1,26122100
0,26464700
0,26601400
0,24284900
0,23915700
1,28993200
1,57754700
1,32706700
0,23636400
1,27530500
0,24206900
1,46887700
0,24618100
1,57630600
0,27067000
1,56384100
0,24271700
1,24897700
0,24731500
1,24053700
0,24050800
0,23949900
1,25923400
1,30904000
1,32080100
0,23861200
1,22520100
0,23619000
1,26776800
1,46829000
0,25731700
1,27536400
0,27047800
0,24396400
1,26756600
0,23589900
1,31685900
1,35915000
0,23904400
0,23237300
0,24106800
1,35340200
0,23482900
0,23408600
1,50619700
1,30369800
1,23745900
1,23191500
1,23797800
0,24586600
1,30335600
0,24048600
1,32518400
0,26483700
1,54846600
1,35881100
0,25442500
1,59289200
1,46651400
0,23662700
0,23528100
1,32166300
0,23389600
1,40258700
0,23617800
0,23746200
0,23899200
1,24270200
0,24394700
0,24179500
1,60543100
0,27892900
0,23532600
1,22353300
0,23857900
0,26631200
0,24445600
0,24766500
0,25380500
1,24074700
0,24173400
1,24916400
0,23789000
1,38319600
0,23889000
0,24405800
0,23431200
1,38829200
0,26688800
0,28047600
0,25481600
0,23298300
1,26113100
1,38448700
1,73795900
0,23898900
0,24349600
0,24254500
1,43541700
0,23919600
1,32772600
1,35125800
1,29266000
1,42401800
1,26081300
1,34244600
1,28952800
1,24625800
1,34502500
0,25374100
1,43857800
0,28100200
1,39082600
0,29892200
1,33252400
0,24971300
1,23356400
1,30748600
0,24904400
1,26986500
1,38475900
0,24171500
0,23258700
0,23415700
1,64423200
0,24597600
0,23911100
1,38164500
0,23350400
1,33287600
0,23501100
0,23470700
1,22429400
1,24818700
0,23611700
0,23629100
0,24733800
0,26162700
1,22139000
0,24255500
0,26328300
1,34488700
1,25084600
1,86989600
1,40658400
1,51661800
1,28425900
1,33670800
0,24383600
0,24317100
1,32069600
1,31897100
1,25231600
0,23943100
1,23571400
1,28051800
0,24146500
1,22402900
1,61060400
0,25830300
1,26604100
0,24318600
0,24772800
1,34397400
0,27391800
1,35588000
0,23991400
0,23837700
1,25859500
1,37697700
1,39509300
0,26018500
1,108393900
1,89051500
0,24857100
0,27326000
0,27890400
1,40673300
0,25830100
1,24242200
1,41643000
1,68358600
1,44397300
0,25564400
0,24281000
0,24433000
0,24254900
1,42888300
1,25433300
1,22610900
1,47160300
1,72626200
1,33861500
1,42422900
0,23289500
0,23316400
0,24327400
0,28144100
1,34105600
0,23905100
0,23693000
0,23780900
0,24536000
0,23342500
1,38981500
1,24384000
0,23989200
0,23550200
0,23400800
0,23682500
1,45453300
1,34812900
1,58193600
0,24747500
1,29232300
0,25061000
0,25176900
1,28468600
1,30309500
1,60186000
1,33194200
0,23987500
0,23641800
1,86501600
0,24178900
0,24589800
0,24239400
1,32861300
1,22942600
0,24837600
1,39667900
1,27323600
1,22296700
0,23726400
0,24740000
1,53688700
0,23260400
0,25081400
1,30740400
0,24169000
1,24616800
1,49139500
1,25620200
1,26998800
0,23661700
0,24510100
0,23414000
1,34453100
1,27318200
1,28355000
0,24049900
1,22258900
1,33532000
0,24019600
0,25397300
0,23974100
0,23842600
1,43502100
1,40351800
1,22865700
0,23531100
1,23554300
1,90944400
0,24394900
0,23861900
1,25161900
1,39315200
0,24281300
0,23377400
0,29258500
1,40793000
0,24964100
0,27826100
0,25080200
1,23755300
0,24807900
0,25681600
0,25088100
0,24459800
0,24138900
0,23298200
1,25665600
0,23294900
0,24023600
0,23335400
0,23366000
0,23246800
1,27449700
0,23750200
1,52107400
0,23632300
1,33160100
0,23415500
0,23290100
1,23546000
0,23970600
1,65019900
1,54750700
0,24295600
0,23873100
0,24558700
1,28673000
1,43108100
1,22334700
1,28666100
1,25024100
1,31371100
1,25906500
0,24206500
1,28282400
0,23869000
0,23866200
0,23769800
0,24605200
0,24549500
1,30357100
0,23824100
0,23491700
1,27389300
0,23317800
1,28048700
0,23281400
1,27271400
1,24651900
1,24690100
0,25681500
0,23382500
1,76366400
0,23823600
0,23580700
0,23417500
1,35531300
1,28613600
1,30613600
1,52083600
1,41139600
1,24839500
1,30183100
0,24331600
1,29297300
1,56374800
0,23506200
0,23559000
0,23262900
1,22784900
0,23702000
1,25449200
1,48551600
0,24824800
1,33583800
1,23191800
1,27166800
0,25916100
0,24499400
1,22464300
0,23339500
0,23413200
0,23465100
0,24235900
0,23639300
0,24822300
0,23397000
0,23391600
0,23388100
1,25200800
1,29294700
1,27541300
0,23213500
1,39676200
1,34753700
0,23652400
0,23457900
0,23325200
1,48876600
1,29949900
0,25600400
1,40578300
1,40485500
1,65701200
1,24109600
0,27985100
1,43058700
1,57072800
1,29769300
1,33552400
1,26226400
1,32433500
1,38860600
0,26882000
1,32208700
1,35249900
0,24850300
0,24891600
1,52214800
1,22338500
0,23926100
1,30026100
0,23551900
1,27153700
1,23085900
0,24758600
0,23412400
1,46709400
1,33206100
1,48565700
1,49640800
1,23041600
1,37627500
1,33786200
0,23884500
0,23887300
1,23168200
1,62039500
0,23743300
0,23862100
1,47289000
1,21934100
1,21976100
0,24239700
1,33434600
1,34179900
1,25520100
0,24321200
0,24924000
0,24775700
1,31899400
1,51299000
0,23663900
0,23721100
0,23472400
0,23711100
0,24087600
0,25249400
0,26746900
1,30470500
0,24023900
1,29387000
0,23957500
1,25232300
1,53220400
0,26948500
0,28100200
1,30556000
1,26223700
1,25064000
0,24654200
1,26778900
0,24551300
0,25332000
1,33114600
1,59930100
0,24319900
0,24413200
1,37033200
1,56186200
1,25630600
0,23598600
1,26760500
0,23845200
1,80412100
1,31442200
1,35390000
1,60120300
0,23383100
0,27236400
1,31155100
1,53818400
0,23426000
0,23528800
1,37756800
1,28005700
0,25021400
1,32136600
1,25178800
0,23651500
0,23266300
0,23343500
1,66028700
0,23515000
1,39484700
1,40259500
0,23331200
0,23349800
0,23338300
0,23367700
0,23380800
0,23640500
0,23239100
0,23425900
0,23387900
1,66286700
0,23381500
1,29793500
1,35486700
0,23266600
0,24316800
1,23766200
1,41305500
1,86103200
0,23246500
1,26320500
0,23362400
0,25278200
0,24958700
1,28024500
1,24700600
1,27522100
0,25323900
1,30067500
1,86895000
1,47329400
1,24550000
1,38058500
0,24737700
0,24076100
1,49294500
1,26763200
0,25399400
0,23446600
0,23528100
1,23436700
1,22420500
0,23732900
1,28429500
1,33217900
0,29365900
0,26392800
1,22921300
0,26283900
1,32903900
0,29329400
0,28843800
0,24629600
0,23991800
0,23700100
1,26770100
1,43371900
0,23755400
1,42828200
1,32696100
0,23392100
1,53235600
0,25012400
0,28610100
0,26762900
0,24613800
0,24796100
0,25226700
1,39910600
0,23988600
1,60413600
0,23912300
0,23297900
0,23388400
0,23513200
1,32829500
1,48183900
1,54900300
0,23488400
1,27931600
1,34721900
1,24074800
0,23530900
0,23498100
1,46745500
1,25080600
0,23773800
1,46832800
0,24194900
1,22673000
1,44716800
0,26483900
1,55518500
0,24353100
0,25153400
1,36109800
1,24789300
0,23916500
0,23299700
0,23226500
0,29557200
0,25298100
1,25916300
0,25790300
1,26179100
0,24566700
0,24686700
1,23002500
0,24458800
0,24265500
1,36371700
1,33948900
1,62295500
0,23726700
0,23454800
0,24395000
1,28007800
0,23603300
0,23962000
1,26594900
1,38164800
0,23567300
0,28377300
1,33506300
0,23578900
0,26858400
1,25865300
0,24776700
0,24841900
1,41433700
1,48262100
1,27778900
1,40679300
1,42021400
0,23970200
0,23255600
1,71034900
0,23247100
1,27769100
1,50504800
1,26070600
1,35984400
1,30493700
1,50651600
1,42892900
0,23385800
0,27249000
1,31460600
0,23288500
0,23686400
0,24387900
0,23832900
1,31050900
0,25304700
1,25677500
1,26179300
1,27229000
0,24584000
0,24892000
0,27895200
0,24322500
0,24799600
0,24275000
1,28344000
1,25865900
1,34969100
0,23390800
1,27340400
1,53983200
0,29752000
0,29139300
1,62770800
1,57206000
0,24744400
1,24790600
1,25108600
1,27652700
1,43799200
1,39832500
0,25117000
0,29919700
1,73078200
0,23464200
0,23335900
1,28242600
0,24575800
1,22059500
1,25151900
0,24036500
0,24422100
0,24433100
1,29026700
1,32001400
1,29042100
0,24391500
1,29987900
1,28566900
0,23584200
1,25168800
0,23446300
0,23385300
0,23488000
1,30956100
1,71991200
0,23498300
0,23557200
0,23980900
0,23972400
1,28682500
1,38077100
1,28399000
0,23796700
1,35594000
1,22467800
0,23762900
1,44208800
1,29667700
1,32766500
0,23680500
1,63009600
1,28825600
0,23740400
0,23775300
0,24113000
0,23846300
1,27243400
0,27729600
1,36388500
1,45470300
0,25811400
1,38350000
1,38283500
0,24846700
1,25209300
0,24734700
1,24648900
1,68886600
1,29307500
0,23727600
1,24576500
1,32954300
1,88599200
0,24520500
0,24094900
0,25652700
1,25683400
1,41375200
1,27663400
1,24104000
1,31026900
0,24934200
1,24763600
1,35048000
1,38210900
1,32108100
1,46163500
1,49589000
0,24398300
1,61066700
0,24463800
0,24347700
1,32308500
1,25440000
0,23584400
1,37099000
0,23489400
0,23606800
0,23594500
1,35972900
1,26153300
0,23652700
1,38504000
0,23554000
1,29561100
1,36422700
0,23575800
0,23565400
0,23432400
1,22270400
0,23947300
1,25998100
1,32336100
1,22864100
1,53534300
1,52072000
0,24861200
1,28085200
1,33143600
0,24772600
1,26382300
1,35552000
0,29757000
1,29509400
0,24548200
0,24387800
0,24180300
0,25752200
1,45582400
1,29331900
0,24108200
1,46388500
0,24611800
1,29378900
0,23866100
1,29608400
0,23978000
0,23365100
0,23353300
1,24576400
1,34708500
1,33036500
1,95397100
1,49737500
0,24040600
1,27909900
1,25038400
1,41342400
1,29789900
1,37117400
0,25354100
0,25375400
0,24419400
0,25611900
0,24069900
1,51058700
0,23874800
1,33343800
0,24252300
1,23536800
1,44842100
0,23884200
1,44929900
1,33904200
1,87655700
0,23663900
0,23400400
1,35942000
0,23668700
1,40266600
0,23535700
0,23583900
1,31360900
0,27417400
0,27090700
1,34835000
1,35090200
0,23908600
1,63024700
1,22821000
0,23877700
0,23974100
0,23848000
0,24205000
1,38901200
0,27005100
0,24781400
0,24281900
1,27320400
1,27303900
0,23532500
0,23564900
1,22601500
1,26664900
0,23710600
0,23415100
0,23621400
0,23492800
1,26420300
1,21993800
1,55532600
0,23346700
0,23503100
0,24015400
0,23829800
1,39270700
1,26405600
1,32514700
1,29926800
1,31788600
0,23751200
0,24690100
1,28369400
0,24266800
1,33420300
0,25875800
1,38178100
0,24220000
0,24260000
0,24875200
1,28948000
0,24500200
1,45954500
0,28049700
0,25524200
0,24311400
0,24776900
0,24714400
1,27898300
1,35574800
0,23325400
0,23435800
0,23415200
1,22150900
1,63089300
0,24636600
1,50131700
0,24228100
0,23463100
1,43241800
0,24078000
1,29761500
1,23447100
0,23874800
0,23476800
0,23477400
0,24058500
1,38465900
1,22248200
1,45116000
0,24519100
0,24003200
1,38041900
1,40991700
0,23594600
1,27348000
1,43131000
1,39431400
1,28396200
0,24535900
1,30689400
0,26087600
0,26825800
0,24075600
1,50887600
0,23946100
1,47444400
1,24405700
1,28607100
1,29257500
0,24911900
0,23263500
0,23653500
0,23326000
1,24631100
1,23372700
0,23244600
0,26983700
1,45108100
0,23943900
1,30301500
0,24013300
1,28393500
1,37254000
1,33414000
0,27315700
1,30732900
0,26862500
0,25631500
0,25204500
0,26869200
0,24450600
1,60118300
1,23720500
0,24367300
1,36047900
1,26290500
1,22080000
0,23286400
0,23291900
0,23553100
0,23830900
0,23347900
1,22540100
0,26101400
0,23599500
1,40092600
1,27952000
1,36007500
0,23667400
0,23629400
0,23588400
0,24147000
1,59341200
0,23940100
1,63587400
1,28661200
1,34033200
0,24614200
0,24856300
0,24178000
1,49257500
0,23520800
1,26689100
0,25950700
1,26518100
1,30793500
1,39520000
0,24309500
0,24482500
1,37713500
1,41631300
1,27283400
0,23481700
1,38285500
0,23257800
1,38497400
1,31302600
1,40693600
1,31753900
1,33760800
1,39325800
0,24091300
0,24301700
0,25579500
0,26534000
0,25357400
0,24668500
1,52138800
0,23715300
1,27694600
1,22576300
1,25834000
0,23737400
1,27153800
0,23374200
1,26499300
1,24717100
1,32006600
1,24963500
1,55810500
1,30294100
1,33069300
1,29196700
1,30913300
1,24232300
0,24145600
0,23949300
1,29270400
0,23899700
0,23893200
0,23639500
0,23528900
0,24143100
1,32612300
1,39527000
0,23751500
1,24673700
1,24436500
0,26261500
0,24677300
0,23826400
0,24286700
1,43467200
0,23872900
0,23833800
1,43298200
0,24687200
1,37506100
1,25807300
0,23376400
0,23469000
0,23308200
1,22985400
0,26772900
0,31948900
1,24130500
0,24775600
0,25160000
0,25192000
1,32212900
1,22468300
0,23518700
1,23478700
1,22648300
1,24732600
1,27603600
1,23633200
1,30025000
1,43665000
0,23523400
0,23550100
1,75645700
1,65017500
1,57611700
0,25527500
0,23424600
1,26805100
0,23710000
1,33009600
0,24096800
1,32529900
0,23670700
0,24283800
0,23592300
1,32433800
0,23954300
1,23891700
0,23485900
0,23722500
0,23591100
0,23484200
1,23518100
0,23715400
0,24319700
0,23890100
0,28052200
0,27186000
1,23154900
1,35849900
0,24329700
0,24273100
1,33451400
0,24668500
0,24586900
1,29788900
0,24306400
1,25823000
1,34864400
0,23586000
0,25560200
0,25013800
0,29444500
1,27324100
0,25070600
0,24342400
0,24347700
0,30426500
1,46214500
0,25888800
1,54313800
1,43893100
1,28230300
0,24868000
1,52409800
1,36558800
1,24382500
0,23689000
1,34661300
1,26339600
1,38624300
1,39352300
1,27675300
0,23191400
0,23323800
1,27487600
1,47607500
1,75937200
0,25243500
1,30855600
0,23656500
1,30033300
1,58839200
1,34610500
0,23673700
0,23826900
1,32232000
0,24049600
1,35221700
0,23812200
0,25019800
0,23526300
0,23427900
1,37214700
0,23817700
1,22490300
1,29371700
0,23642900
0,23508500
1,22140600
1,34410500
1,36007000
1,81940500
0,23230400
1,27740500
0,23399000
0,27256500
1,57189100
0,23971200
1,23524400
0,24176300
0,24840300
1,25375900
0,24244900
0,24125900
0,24027100
1,28230500
1,27106700
1,53106500
0,24542600
1,35642100
1,37311100
0,23975700
0,24386300
1,30206400
0,23396000
1,47449300
1,33221300
0,23500500
0,23755000
0,26512100
0,27883100
1,22227400
0,25135300
1,39092100
0,24833100
1,22530800
0,23315700
0,23370000
1,27490200
1,30604700
0,23405400
1,33417900
1,52658600
1,24465300
0,24401100
0,24781900
1,28977500
0,24333000
0,24481300
0,24352100
0,27487000
0,26434700
1,22224200
1,21884800
0,23960800
0,23829300
1,39985500
0,26685700
0,29520900
1,35712500
1,32560600
1,42002000
0,23455100
1,52732800
1,51904100
0,24536000
1,26421000
0,24728700
0,25007200
1,37830600
0,23633700
1,37314700
0,23594300
0,23333100
1,23612600
0,24067900
0,23663800
1,22095800
0,23625200
0,25927200
1,24982700
0,29177500
1,71631200
0,24814000
0,28440400
0,24749700
0,24207700
0,24233800
1,22911100
1,27258700
1,54846600
1,26720100
0,23824800
1,27686200
1,41979300
1,38345600
0,23349500
1,31365100
1,64100300
1,35378400
1,59139400
0,24376300
0,24233300
1,32089500
0,24081900
1,33012000
0,23887600
1,22516100
1,31018700
0,23583900
0,23526200
1,27774700
1,38571700
1,25816600
1,22057500
1,49158800
0,30531900
1,36892000
0,24061600
0,24210900
1,28618100
0,26446000
0,24704700
1,33086600
0,26193500
0,24753700
0,24931700
0,25737400
1,39761900
0,23890900
0,23569800
1,23646400
1,36586800
1,24744900
1,44167100
0,23563000
0,23972200
0,23903800
0,24099800
0,23993400
1,25166700
0,23648600
1,35256800
1,47957500
1,47771100
0,23316100
0,23264400
0,24345300
1,23879900
1,24603500
0,24546900
0,25584400
0,26857400
0,25709400
0,26700400
0,24573900
1,41000900
0,24455900
0,24234200
0,25742400
1,35796300
0,23846500
1,34688600
0,24084300
1,24906900
0,23629500
0,23348800
1,24508300
0,24545100
1,72878300
1,31277600
1,30885500
1,37352100
1,23934200
1,41864900
1,79895000
1,25015700
1,29720100
0,23816000
1,42246700
1,34021600
0,23661600
1,67432000
1,24496200
1,72134000
1,45216200
1,32585000
1,41777300
1,23735800
1,26693600
1,31096200
1,30848100
1,23771100
0,23384700
1,27198500
0,23438900
0,23754200
0,23795600
1,22165500
0,24332500
1,27026100
1,51459500
1,32659200
1,23807300
1,29114000
0,24225700
0,23438800
0,23840800
1,34625100
0,23385500
1,24546400
1,27757200
1,35144600
0,23492700
0,23332000
0,23845400
0,24782600
1,27023200
0,25786000
0,28385000
1,40616700
0,23885300
1,24181800
0,27177300
0,29178100
0,25655300
1,34623500
1,27294300
0,24371100
0,24523800
1,44098500
0,23825200
0,24556100
0,26018700
0,25247300
0,26178900
0,24395500
1,28710100
1,54650800
1,23726200
0,23501700
0,24183900
0,23645900
0,23241400
1,23651800
0,23330100
1,45558000
0,24197100
0,24749900
0,23219900
0,23508300
1,27584400
1,27031200
1,23269000
0,23576900
0,23814500
1,44002700
1,22460000
1,38189400
0,23758500
1,26569100
1,24829100
1,34543100
1,53002100
0,23457000
1,27552400
0,25071100
0,23987000
1,74092500
0,24267000
0,23818800
1,28328900
0,23811100
0,23849800
1,22108300
0,23541900
1,24401800
0,23644400
1,40104300
0,23405100
1,33254000
0,23769700
1,47995500
1,30790900
1,58652100
1,22435500
0,28866500
1,43385600
1,24541200
0,25473500
0,27136200
1,30407900
0,24589500
0,28929400
1,40083700
0,24798600
1,33559200
1,45894800
0,25197000
0,25130200
0,25250000
0,24188600
0,24646500
0,27993000
0,25537100
0,24269300
1,27032800
0,24263000
1,38496700
0,24618000
0,24785900
0,24083600
0,23929600
0,24210500
0,24085300
0,23695700
0,23922700
1,56000800
1,28327400
1,26123500
0,23863500
0,24284900
1,72786300
1,41621000
1,23511200
0,25004300
1,54952300
1,73913300
0,23627400
0,23565700
1,30479000
0,25972700
0,23639400
0,23987900
1,36313000
0,23237000
0,23604500
1,50115600
0,23245900
0,23345300
0,23336400
1,30490200
0,25301500
1,26907600
1,23172600
1,23383100
1,39920500
0,23839900
1,39883400
1,31363100
0,24501900
1,25624600
1,22452300
1,23913600
1,28749400
1,37342300
1,23830700
1,36802300
0,24561300
0,23589600
1,47033700
0,24317200
1,32579500
0,24066000
0,23403700
1,27552800
1,25979200
0,23376000
0,23894300
0,23397600
0,23601300
1,29655600
1,87984700
1,24753500
0,24794600
1,34715700
0,24817300
0,24518600
0,24445800
0,24346700
1,38459500
0,30188500
0,23608100
1,28818500
0,26952900
0,25024900
1,27021400
0,23963300
1,38888500
0,29274100
1,90279600
1,25375900
1,32552700
0,23843200
1,33068500
1,25905400
0,25015300
0,23531200
0,24555200
1,44952700
1,23214800
1,23291300
0,24899800
1,47879000
1,35341700
1,27664600
1,35151100
0,23492100
1,60082500
1,31408500
1,82476500
0,27229800
0,23742000
0,23332300
1,28394000
0,25663400
1,23691100
0,23875900
1,22848400
0,24386900
0,24289300
1,30588100
0,23664800
1,52708700
0,23656500
1,36630000
1,42051100
1,25184400
1,36909300
0,23577700
1,38483400
0,23664400
1,41677000
1,48427600
1,22084600
1,55053900
0,24148500
1,68531900
1,23590300
1,76547800
0,26069400
1,22776100
0,25337500
1,49319700
0,24931900
1,54589100
0,24398100
0,28365100
0,26666400
0,24229500
1,43545800
1,44829800
0,24841600
1,48838000
0,24942600
1,26150300
1,33682300
1,29424700
0,24608100
0,23505800
0,23443300
0,23414500
0,23313900
0,23416300
1,23498000
1,29307800
1,24686500
1,57922600
0,23975900
0,23233400
1,41518200
0,23505600
0,23464400
1,25180500
0,23625100
1,26398700
0,25931600
1,43170600
0,25173600
0,26895400
1,39212100
0,28473000
0,26044400
1,30046200
0,23476800
0,24472500
0,23326200
0,23315300
0,23254400
0,23942500
0,23809400
0,23329300
1,22171800
0,23352400
1,30396200
1,65197600
1,23399500
0,23553900
0,23495500
0,23465500
1,31828900
0,26924900
1,28219300
1,63742100
0,24195200
0,24277900
0,24131300
1,33004600
0,23656500
1,26702000
1,36819900
0,26884900
0,25136400
0,25427900
1,27497900
0,24731100
1,32922000
0,27102800
0,28011300
1,92344100
1,56599900
0,23289100
0,23644600
0,23468900
1,34582900
1,37727800
0,23881900
0,24423400
0,23536800
1,22301800
0,23637300
1,22124300
0,23509200
0,23358600
1,34651400
0,23603500
1,42402900
1,30130000
0,23451800
0,23394900
1,36638800
1,26322500
1,47144500
1,24929600
1,28553900
0,23995000
0,24904600
1,40638000
0,23929400
0,23974400
1,41126400
0,23688700
1,56930700
1,26028100
1,29399100
0,24239000
1,25165300
0,23568400
0,23365800
0,23818700
1,23357600
1,22473700
0,25283100
0,29506000
1,28883600
0,23660300
0,24728500
0,24746800
1,24773700
0,24436200
0,25879800
1,58974400
0,24734400
0,24313800
0,24401500
1,31458700
1,25454300
1,24581800
0,24844500
0,30526200
1,30984300
0,24626900
0,23623500
1,43302200
0,28237300
0,25032100
0,23753700
0,24344600
1,30015600
1,45207300
0,24432900
1,55777200
1,37592300
1,49746400
0,23197100
0,23781300
0,24197000
0,24040800
1,23928400
0,23580000
1,22002600
0,23421600
0,23319200
0,23409200
1,24851800
1,24844900
0,23402100
1,23387000
1,30715900
0,23344000
1,34946300
0,23303800
0,23295500
1,23860200
0,25433300
0,23750600
0,23717900
0,25050900
1,28886600
0,23699300
1,32337800
0,23912800
0,27473200
1,32992100
0,23561300
1,30259200
1,32528500
1,29154900
1,26382700
0,26631300
0,24760800
0,26363000
1,57839100
0,23458000
0,24174100
0,23399900
0,23460100
0,23353300
1,36978800
0,23321500
0,23557700
1,30261800
1,24618900
0,27165500
1,28500700
1,39663500
0,24173400
1,26447000
1,33032200
0,23937400
0,23459200
0,27592000
1,22596300
0,24508300
0,23378700
1,23609800
0,23740700
1,26780700
0,23828200
0,23722300
0,23421100
1,30296900
0,28681900
1,25558600
1,42244800
1,25779900
0,24305500
1,26345900
0,24274900
1,22761700
0,24190700
1,22270000
1,23553600
1,29177600
1,67776000
1,29399000
1,39712500
1,22015600
1,36877500
1,47551000
1,30994800
0,23476600
0,23202800
1,38971400
1,41396900
0,32710500
1,49482900
0,26807300
0,25827000
0,26224100
1,29000500
1,43347600
1,32882200
1,59029100
1,31935700
1,34227400
1,27401700
1,25893500
1,24924000
0,24755000
0,24842500
0,24464000
1,37248100
0,24698900
1,30150900
1,27411600
1,36458600
0,24317600
1,37115800
1,51702400
0,27102700
1,40996500
0,27822700
0,25902000
1,30251200
1,45564000
0,29903200
1,27105000
0,25550300
1,25887400
0,24508400
0,24286500
0,24417100
0,24365800
1,36824300
1,37992900
0,26540800
0,26520800
1,28170900
1,23094600
1,61414500
0,27017700
1,25159000
1,55520800
1,34955800
0,26692300
1,50836800
1,34126100
0,24048300
0,23999000
1,26108800
1,36258300
0,24302300
0,23714900
1,26933100
1,31001800
1,45587500
1,39094400
0,24135300
0,25010500
0,25936200
0,24104800
0,24365500
1,28214800
1,41680100
1,34892400
1,35972300
1,25979200
1,29861800
1,23539500
0,24173600
0,23743800
0,24292300
1,24686000
0,23846700
0,23696700
1,22480200
1,23344200
1,23933800
1,42354200
0,23931500
0,24142200
0,23702300
1,23945000
0,23993200
0,23799300
0,23650900
1,64966900
0,25678900
0,23892600
1,23840500
1,24641200
0,24218500
0,25271400
1,38018500
0,25609700
1,35509500
1,24654800
1,39778600
1,67676000
0,23641400
0,28851500
1,38116000
0,27452300
0,30425100
1,25554800
0,24120300
0,29363600
1,32075300
0,24717900
1,24638800
1,26010700
1,24511100
1,31565000
1,35772500
0,28564600
0,24899200
1,32682500
1,48485500
0,25155300
1,47112100
1,28495900
0,24308300
1,34785800
1,59043200
0,23389400
0,23475600
1,48831000
0,23404400
0,23819400
1,29092300
0,24554000
1,25843700
0,24364900
0,24130100
0,25056400
0,23898800
1,23686300
1,25680900
1,24598900
1,28487000
0,24723900
0,23287500
1,35963500
0,23677600
0,23420800
0,27068900
1,33267600
1,30973400
0,30999300
1,45194600
0,28509500
0,24251700
0,24303300
1,29015000
0,24015200
1,26505000
0,28145000
0,24133300
1,24512800
0,24595900
1,41250800
0,35042500
0,27329300
0,25788900
1,54279600
1,24748900
1,23970000
1,36413700
1,47954000
1,28810200
1,32421100
1,27692800
1,79537400
0,23803600
1,29863300
0,23609300
0,23828200
1,23801200
1,35383300
1,37889200
1,55904000
1,64205000
1,39046700
1,28055600
1,30948800
0,24343800
1,47207200
0,24836900
0,24385500
0,24159700
1,30052700
0,28959100
0,23918200
1,25179500
1,22865300
0,24464700
1,44345000
0,23466900
0,23955000
0,24248300
0,23568800
0,23787200
0,25299000
1,27259000
1,32087800
1,22070000
0,25260200
1,52571000
0,24457800
0,24845400
1,27300400
0,27678800
1,48106500
0,24371800
0,24725500
0,24854800
0,24676900
1,31251600
1,35541300
1,23606000
0,23400700
0,25153800
0,26014200
0,23993100
0,24343100
0,23987800
0,24289500
0,25882700
1,28438400
1,30987600
0,23983600
1,36037100
0,23912400
1,25130500
1,29937200
0,25922100
0,23647400
1,35134300
0,23901600
0,23491800
0,23947900
1,22476900
1,30703500
1,70815100
0,23612700
1,22551600
0,23436600
1,26204800
0,23519100
1,37989000
0,23375700
1,38474300
0,23333900
1,34821200
0,23575500
0,23475200
1,32446300
1,22557000
1,71261600
0,26364000
0,24771700
1,26389000
0,25364800
0,24976700
1,49155000
1,44143600
1,22541800
1,48173800
0,27097000
1,43577400
1,46244100
0,24172100
1,27677200
1,86830600
1,26724500
0,24700900
0,24501400
0,23272600
0,24585700
0,23452800
1,48959900
1,26521900
0,23884400
0,24299500
1,26303100
1,23461100
0,23830100
0,23511200
1,61040000
0,25146800
0,23696200
0,24251600
1,58938300
1,22793000
1,36387000
1,37876600
1,26495400
1,23497700
1,31328800
1,82944500
1,24311000
0,23545900
1,23524900
0,23773400
0,28828900
0,23865000
1,50124300
0,23403800
0,24116700
0,23785700
0,23726700
1,52294900
1,44663600
1,26598200
0,23544400
0,23889500
0,23456500
1,30102300
1,33175900
0,23414100
1,23234300
0,24251000
0,23863100
1,23409300
0,25844700
0,25970700
1,40822300
0,27652400
0,25219700
0,24673200
0,24357500
1,35255800
0,26282100
1,48868100
1,49221700
0,24288900
0,23889900
1,23604000
0,23781300
1,37390400
0,23863800
0,23725700
1,26526300
0,23314500
1,27963200
1,62116800
0,23867200
1,26430100
0,24016600
1,42477300
0,23327100
1,26499400
1,50199000
0,23328400
1,32637500
1,34417100
1,25713800
1,41945300
1,33330500
1,26436300
1,34049300
1,23062400
0,24144800
0,23491300
1,27966700
1,28432900
1,30216800
1,39801000
0,23557700
0,23335000
1,32626900
0,24689900
1,27397500
1,23482700
1,22227100
1,29297400
1,27356000
1,23716300
0,28081200
0,28212400
0,24236700
1,75237200
1,65711000
1,41271000
0,23670300
0,23478900
0,23496600
1,48060900
1,54277400
0,24640900
1,57009800
1,32608900
0,24401300
1,27949200
1,35112700
1,58530400
0,24965500
1,66540700
1,94951700
0,24444400
0,24606100
1,25360100
0,24258000
1,42277600
0,23997600
0,23664900
0,23487300
1,26101500
1,25799600
0,23546800
0,23719700
1,23391300
0,23248200
1,34493600
0,24915600
0,23985700
0,24666100
0,23403800
0,26597000
1,73825500
1,23008300
1,22844800
1,24434600
0,24837800
0,25161800
0,23668900
0,23519300
0,24319300
0,23303200
0,23641300
0,30268700
0,23521300
1,52753100
1,26125600
0,27936400
1,43261400
0,25667400
1,37079800
0,24991500
0,25568400
1,34198000
1,65150100
0,23605500
0,23799000
1,60167000
1,42467900
0,23754900
1,26944800
1,27619200
0,23649000
1,56083400
1,61462100
0,23725900
1,26660800
1,25936200
0,24585700
1,62925300
1,29529900
0,23897300
0,23976100
0,24245400
0,23737600
0,23481000
0,23278800
0,30079600
0,27080800
0,24554400
0,26055200
0,24219900
1,35787100
0,24279300
0,24403200
0,24283900
1,31909300
1,29304600
0,23624100
0,24111100
1,79770700
1,45721800
1,34202100
1,24076100
1,31478000
1,66211200
1,23985200
0,24587900
0,24464900
0,24400200
1,158993100
1,24513200
1,42264800
1,22089900
0,23772500
1,87521400
0,24299600
0,23382400
0,26850300
0,24222500
1,43188000
0,24153100
1,23127400
1,40182000
0,23989900
1,29935800
1,39230400
0,23273900
1,23301800
0,26316100
1,25103200
1,22636800
1,29385400
0,23871500
1,26112500
0,24252000
0,23435500
1,36696500
0,23886800
0,23749400
1,24997800
1,22296700
0,23494700
0,25303300
0,23346700
1,26600300
0,24812600
0,27242700
0,23807000
1,26694800
1,37476000
1,26626600
1,52760700
1,23165600
1,22118500
1,63443000
1,37383700
1,23547300
0,24802800
1,23359300
1,83414800
1,25948700
0,24090400
0,23241500
0,23308200
0,24273100
0,23464200
0,23230400
1,34146500
0,31550100
1,30770800
1,31739200
1,23373900
0,24557300
1,23261200
0,23849200
0,24059800
0,23348300
0,23674100
1,43910400
1,25271700
1,26627200
0,23617300
1,24554600
1,44831700
1,46200800
1,29297500
1,29954500
1,37138400
0,24770800
1,32753600
0,23954900
1,41755500
0,24023700
1,73273500
1,24500700
1,27135600
1,22022100
0,24040000
1,30136600
0,23281600
0,29380400
0,28029200
0,23527800
0,24266000
0,24233900
0,24535100
1,51264000
0,23682900
1,61457100
1,36939000
0,27050400
0,28971000
0,28953200
1,34194400
0,23765500
1,30155500
1,50324000
1,29008000
0,24665500
1,43162700
0,24717200
0,23580900
1,41930600
0,25198700
0,25485200
0,26052700
1,26800300
1,24623000
1,28196500
1,33569300
0,25055200
1,30819000
0,23966900
0,24375000
0,25184200
1,43963500
1,30309000
0,24476100
1,41986400
1,45314700
1,39311700
0,23245600
1,27154700
1,26513200
0,23650000
0,23636100
1,30600100
0,23512100
1,26345900
1,23786100
1,44282900
0,23755700
0,23559700
0,23493300
1,63274500
0,23556400
0,23507800
0,23579700
0,24152900
0,23780000
1,32449000
0,23439400
0,23974800
1,40648400
0,24257000
0,23415400
1,25263700
0,23505400
0,25482000
0,23589600
1,48940300
0,23957900
0,24131300
1,81135000
1,72907600
0,23796000
1,22482600
0,27815400
0,28618900
0,23650100
0,23285800
1,29527500
1,49783900
0,23194200
0,23724600
1,33246400
0,23195100
0,23512300
0,23549000
1,34385800
0,23259500
1,28632300
1,26703900
0,23385500
1,49244100
1,30273200
1,82946100
0,27797800
1,39078100
0,24707400
1,27491000
0,25935000
1,64767400
1,47289200
1,41205700
1,24992000
0,24692800
0,23619800
1,43908900
0,25011000
0,23717100
0,23522300
1,27367700
1,26568800
0,23259800
1,55008500
0,23505700
0,23540200
0,31725400
1,26739200
1,35611100
0,24200400
0,24376400
1,55359900
1,48011700
0,23578200
0,24296700
1,23281600
0,24429200
1,50889100
1,24147400
1,40453700
1,35850000
0,23999400
1,23523900
0,23385100
0,25828500
0,23572600
1,25121800
1,21877600
1,57902100
0,25014100
0,23337800
1,24759900
1,23330900
0,23493100
0,24068000
0,23489400
0,23352800
1,29161900
1,28901300
0,23227000
0,23601700
1,26930100
1,24527400
1,22433400
0,23982000
0,23275600
0,23375800
1,29086800
1,40107700
1,28433800
1,26700600
1,63650800
1,27721300
0,26147400
0,27784600
0,25644600
1,58083500
0,24792100
1,35572300
0,25336000
0,24690300
1,26383000
1,40494200
0,23637900
0,25312400
0,32137900
0,29392100
0,24260500
0,24952200
0,25924600
1,27325000
1,34408300
1,24880100
0,24777300
1,35965900
1,38969700
0,23477000
1,29075200
1,56585900
1,31305300
0,23234600
1,25433500
1,82459800
0,23810300
0,25221100
1,36231100
1,31931400
0,24802500
1,28689100
1,29285200
0,23476600
1,32183100
1,51852500
1,27503900
0,24133400
1,25317200
1,21952200
0,23508100
1,26238900
0,23620000
0,23375700
1,32408200
0,23224100
0,23515800
0,29200600
0,28414700
0,23347600
1,65885800
0,23785500
1,29204500
1,27042900
1,24940800
0,23299100
1,24793300
1,38560800
1,68894200
1,25823800
1,25258300
0,24501400
1,63462000
0,23873700
0,23703400
1,31878800
1,40613100
1,29554800
0,28755200
1,26212700
1,27182700
1,24180800
1,33506800
0,27527600
0,28049300
0,24169300
0,24048200
1,24136000
1,22452000
1,44809700
0,23755800
0,23225900
0,23389300
1,31560300
0,23526400
0,23365500
0,24122000
0,23598800
0,23383400
0,23384600
0,23365500
0,23593600
1,39024700
1,37975000
0,23680600
0,23767200
0,28225000
0,23721500
1,72472800
1,36733300
1,24769000
1,27228100
1,43154600
1,35169300
1,23822500
1,120469300
1,21849200
0,23319800
1,29003300
0,27912600
1,29507700
0,23351100
0,23221200
1,22437400
1,42345100
1,25165500
1,37933800
1,34295200
0,24680300
0,24712300
0,24553900
0,23337400
0,23437400
0,24463000
1,61147500
0,24100900
0,24060200
0,23461100
1,29026000
1,33309200
0,23356700
0,23307000
0,23504200
0,29896300
1,35490000
0,24825700
1,48710600
0,25773900
0,23773300
1,42336700
1,36604100
0,25884100
1,47569500
1,28945600
1,64031300
1,51075500
1,24521700
1,33122800
0,24031400
0,23266200
1,30964800
0,23241400
0,23352300
1,24972400
0,23320800
1,25417800
1,22411600
1,81391500
1,22944100
0,23964300
0,24114100
0,24090300
1,32350700
0,23334300
1,28501600
0,25335000
0,23550900
1,33492600
1,40196400
0,23820200
1,35983700
0,26958900
0,31014500
0,28030600
1,34201100
1,28150300
1,69370100
1,58383900
1,27240400
0,24678500
1,52808600
1,36130600
1,34989600
1,78493800
0,23700900
1,54182100
0,24136700
0,24162200
0,23504100
0,26551400
0,23461400
0,23345000
0,23539700
0,23300400
0,25334100
1,31955100
1,48401400
1,33032400
0,24334800
0,24349200
0,24599300
1,24213000
1,35929700
0,23897900
0,24784800
0,24084300
0,24235200
1,22960200
1,31305700
0,25513300
1,27327200
0,24735800
1,24928000
0,25255700
0,24322800
0,23768800
1,65829900
1,31711000
1,25326200
1,28209800
0,23523900
1,25521300
0,23983200
0,24860100
1,33312800
1,43855900
0,23851400
0,24343300
0,24343100
1,72937000
0,23239800
1,25062600
1,59513700
0,23224200
0,23347300
1,53013500
0,26294600
1,26307600
0,24884700
1,22613200
0,23889300
1,27523200
1,22424000
1,27464200
1,33802900
1,48607300
1,28159800
1,63911600
0,24442300
0,23510800
0,23972100
0,23276700
1,38683800
1,23082800
0,23780500
1,23929800
1,78160200
1,26976800
1,43363100
1,33361400
0,23614500
1,25871100
0,27952100
1,27548700
0,25130600
1,25537100
1,40881700
0,24870100
1,27645200
1,31841200
0,23401600
0,26545300
0,23413400
0,23220700
0,24691600
1,27507700
1,33036000
0,23368300
1,30427000
1,40210000
0,24626100
0,24403700
1,43869300
1,26361100
0,25380300
0,24462300
0,23918000
1,37533900
1,23523800
1,25663200
0,23761600
0,23915700
1,38039300
0,23582200
1,38208700
1,23532600
1,30742400
0,23628300
0,23636700
1,57742600
1,29692600
1,40667700
1,30283100
0,23917000
1,28494200
0,23684300
0,23604500
1,55420400
1,43316900
0,25613200
1,35012500
1,24326900
1,23669300
1,36421500
0,23332800
1,34261800
1,110873600
0,27731800
1,25619900
1,45782400
0,24333400
1,30362900
0,23304400
1,29090500
1,40212000
0,23457900
1,22061400
1,29665100
1,38292400
1,41726200
1,24532800
0,24489400
1,92884600
1,24207900
1,62240600
1,27603700
0,24793900
0,24764500
0,27297900
1,54596000
1,22081900
0,23441700
1,37561300
0,23441800
0,23667200
0,28348600
1,33028300
1,27593500
1,43354600
1,23313300
0,25154800
1,24487800
0,24277900
1,33951800
1,24083400
0,23987200
1,29379400
0,23362200
0,23492200
1,29860700
0,23651800
0,23416300
1,43326400
0,23295500
1,31297900
0,24098300
0,24125600
1,23569200
1,63990000
0,23901200
1,25475100
0,23580700
0,23510700
0,23549800
0,23598000
1,23304800
0,23667800
0,24009000
1,27118800
0,23719300
0,23358900
1,37237400
1,71859800
0,24503100
1,49761300
1,25790800
1,34237600
0,23674000
1,38366200
0,23479500
1,36216900
0,23229600
0,23372300
1,44547200
0,28423300
0,23483400
0,23915200
1,26312600
1,35309600
1,35757800
0,24471800
0,24293100
0,24357000
1,24736900
1,22762100
1,27234800
1,24810300
0,23389000
0,23318300
1,64767400
0,23414500
0,23390600
0,23624600
1,29739400
0,23827500
0,23310400
0,23339300
1,33719600
1,51141300
1,38699600
1,57059600
0,24888500
1,40861200
1,25683200
0,24426400
1,77529200
0,24089400
0,23840300
1,25241900
1,32560900
1,50285200
0,24097100
1,26677700
1,44244300
1,26375400
0,23681500
0,23736500
1,25955600
0,26681300
0,23888700
1,29011000
0,28134300
0,23191800
0,24299000
0,24628100
0,24664300
0,25763900
0,24224900
0,23702400
0,23418800
0,24254800
0,24638700
1,25511200
1,25907200
0,28973900
0,23824500
0,23501300
0,23483300
1,23272400
0,24583800
0,23812700
0,23469800
1,32590100
0,23786800
1,22828300
1,34266300
1,25947600
0,24192600
1,31849900
0,27444300
1,27288800
0,24003800
1,22541500
1,51389000
0,23388100
1,29994500
1,35498000
0,23944500
1,28524600
0,23421000
0,23310500
1,27846600
1,23546800
0,23634700
0,23874500
1,24778800
0,23433800
0,23842500
0,23861100
1,33522000
1,23727000
0,23908100
1,38615800
1,22588900
1,23786900
0,23379100
0,23964500
0,24828900
1,29719000
0,27816200
1,25642000
1,46091400
1,44836700
1,25554100
1,23513600
1,44748000
1,93474900
1,28009900
1,31374500
1,37924000
0,24049000
1,34257600
1,31422000
0,23431500
0,23565300
1,29245900
0,23663500
1,44247300
1,40079500
0,24313400
1,74370000
0,25340100
1,38180900
1,39868700
0,24656000
1,24792000
1,24908000
1,29322400
1,37688200
0,23645800
1,27779100
1,38320600
1,47267400
1,27953000
1,28099800
0,23885600
1,24314600
1,44935900
1,22027100
1,42981500
1,44436200
1,27116200
1,37717100
1,30306200
1,24365000
1,26197400
0,23621400
1,36233300
1,22508000
1,25131200
1,27632900
1,32251700
0,23901100
1,29788500
1,46753400
1,53532600
0,23971900
1,25850800
0,23388500
0,23297200
1,22255900
1,38205200
1,28218200
1,26480400
0,24348800
0,26283600
0,24810000
0,24796000
1,98299200
1,61812000
0,23858300
1,31659300
1,33769000
1,23621800
0,23228900
0,23338700
1,37404900
0,23459800
1,26731000
1,25077200
0,27750500
0,26893100
1,43255700
0,24810600
1,39299200
1,57137900
1,48260500
0,23899000
0,24955800
0,23359400
1,26109400
0,23887500
1,49759900
1,25095000
0,23453600
1,32271300
1,23646900
0,27236500
1,74130800
0,24425500
1,29696200
1,29767500
1,27482600
0,23413000
1,32990900
1,32333400
0,29178500
1,31480200
0,24409400
0,24322400
0,24870300
1,56672100
1,24403700
0,26058700
1,25469000
0,24216600
0,24422000
1,48260600
1,23314900
1,26006400
0,24123400
0,23665200
1,25500700
0,23377800
0,23576200
0,25138100
1,36235700
0,24725800
1,22383800
1,24190700
0,24528100
0,24273100
1,25642400
0,24079100
1,22325900
0,25092000
1,35223100
1,33580900
0,24258000
1,51159100
1,53960200
1,70669200
1,31885500
1,34526700
1,26546300
0,23498100
1,35350900
0,25191400
0,23692700
0,23756300
0,23748800
0,26799200
1,25234900
0,23226800
1,21974700
1,23509700
1,22245700
0,23409300
1,34763100
0,24185300
0,24211300
1,24835800
0,23379100
0,23400900
1,29202500
0,26249400
1,39138600
1,57778000
0,24430000
1,53729300
1,23461600
0,24857500
0,24970900
0,25187500
1,46983900
1,35476500
1,35591800
1,26606100
1,23741200
0,23413000
0,23305000
1,22333200
0,24081500
0,25281900
1,43953400
0,24367300
1,64639300
0,23466000
1,22719200
0,23719900
1,23278800
1,53063100
0,23497500
1,28225300
0,24510500
1,30883000
0,23474400
0,24689900
1,53255000
0,23501000
1,22139600
1,34913700
0,31437900
1,30891900
1,40326700
0,27517500
0,31534900
0,25602700
1,26102800
0,24434600
1,43837300
0,24935600
0,24302200
1,50684300
0,24598300
1,23649100
0,24006400
1,24081600
1,30239100
0,24095600
1,25107900
0,23722000
1,30816700
0,23623900
0,23491200
1,43125700
1,22664200
1,23683100
0,23676200
1,38813300
1,28423500
0,23953300
0,24048600
1,33527500
1,39940000
0,26692100
0,24234000
0,24030800
1,29678100
1,27119300
0,23713900
1,36395800
1,27221100
1,27434200
1,29093000
0,23650800
0,23613200
0,28552900
1,80208000
0,26043800
0,23218300
0,23640800
0,23470600
1,27938900
1,34239700
0,23454900
1,44152400
1,23713800
1,26162100
1,38351500
0,23406800
0,23741900
0,23540700
0,23475300
1,27926100
0,23683100
1,24510900
1,22631700
0,23778400
0,23647800
0,23406400
1,35313200
0,23528400
0,23224800
1,29710700
1,24971400
1,53026400
0,23294800
0,23282200
0,29780800
0,26411800
0,23343900
0,23838900
0,26309600
0,25061400
0,25224000
1,76383300
1,32976600
1,24886200
1,40013400
1,37688300
0,24355400
0,23719800
0,23355800
0,23584700
1,22605100
1,56750600
1,38452400
1,24477400
0,23698400
0,26649600
1,32819400
0,26991900
1,24808200
1,46848300
0,24269800
1,23976700
0,24168600
1,28472700
1,28088000
1,26050800
1,21908600
1,37569700
1,26842800
0,23341400
1,67153600
0,23791600
1,63251500
0,23247700
1,27853400
1,34217100
1,36247500
0,23544700
1,41312200
0,23380000
0,23444400
0,23519100
0,23990900
1,29897300
0,23364600
0,23371600
0,23418700
0,23349000
0,23251800
1,27118300
1,28744800
1,42096200
1,26781800
1,58386700
1,28591900
1,30359600
0,26148100
1,60874200
0,24490800
1,60432500
1,40402000
1,27103100
0,26217200
0,24917800
0,24631400
1,64600800
0,27515900
1,59731400
1,29820900
0,24646600
0,25353100
0,24442000
0,24305200
0,24356600
1,23885800
0,24376000
0,23933500
1,22927300
0,23527100
1,22237800
0,24539000
0,24683700
1,32411100
1,25657600
0,25809500
0,24166800
1,22722300
0,24399900
1,22905400
0,23974700
0,24367800
1,41728200
1,32752200
1,39371600
0,23586600
1,37191900
1,24974400
0,23645000
1,46467300
1,26961000
0,23290300
1,26630400
0,23264100
0,23658600
0,23338900
0,23396300
0,24664600
1,27171600
1,28018400
0,23449400
0,23656500
1,47547300
0,23455700
1,27889400
1,58470100
1,25806900
0,23428200
0,23482100
0,24475800
1,45140200
1,36676700
1,40292200
1,59206200
0,23702900
0,23710600
0,23549900
1,32123800
1,35167300
1,24526200
0,23979600
1,49438000
1,23467600
0,24699200
0,23626000
1,36202400
0,23571400
0,23280700
0,25379700
1,23300900
1,27078500
1,23298200
0,26156200
1,72825300
0,24302500
0,24304000
0,24315900
0,27387700
0,23495100
0,23432800
1,40840600
0,24082100
0,23889200
0,30416200
0,30528600
1,24144800
1,33103300
0,24230000
0,24928800
1,35719600
1,43145700
0,24059000
1,51763000
1,100192100
1,36731900
1,35715500
1,38911700
1,43892300
1,27329200
1,57195800
1,24524700
0,23879700
1,24685900
0,23661000
0,23557500
1,31030600
1,50032400
0,23230700
0,23588500
1,47470700
1,26369300
1,26330100
0,24184000
1,32785600
1,21977100
1,21907300
0,23488300
1,31621400
0,23849400
1,55038100
1,26494800
1,26997600
1,40220100
0,25554300
0,25543400
1,25371300
0,27101800
0,25101200
0,25346000
0,24782900
1,23266600
1,34095800
0,24151400
0,25321300
0,25252700
0,23340100
0,23367600
1,35421600
1,32335900
0,23391500
0,23592300
0,23714400
1,23895600
0,28657800
1,34370600
0,24113900
0,25418800
1,34666000
0,27921100
0,27506200
0,26380000
0,27748300
0,25949500
1,34516400
0,24753100
0,25010300
1,24270100
1,52507000
0,23684700
1,40211100
1,27256100
1,38931600
1,26638200
1,40686100
0,24137600
0,23829000
1,25738500
0,23513100
0,23398000
0,24537900
1,57767900
1,26327500
0,24027100
0,23559000
1,23606600
1,25065400
0,23970700
0,23310100
0,23468100
1,22327900
0,23956600
1,23384200
0,24514500
1,21833200
0,26860900
1,22165900
1,23713800
1,35756400
1,24229800
0,24142700
0,23680900
1,62262000
1,35671200
1,25925400
1,47690000
0,24017800
0,23950000
1,39532800
0,24091200
1,28448100
1,42734300
1,41198400
1,61348400
1,24964200
0,23235000
1,24709500
0,23828700
1,25911300
0,23355800
1,24819500
0,23531500
1,23134800
1,67081500
0,23353600
1,25923900
1,99630300
1,43044500
1,27192600
0,26050900
1,63864700
1,110601500
0,23900900
0,23899400
1,40838800
0,24433100
1,25018600
1,44090600
0,24076400
0,23906600
1,57894100
1,26991600
1,23612700
0,23443800
0,23217500
1,31274900
1,36498200
0,23349700
0,23446100
0,23257600
0,23310200
0,23218600
0,23967900
1,52830800
1,22727400
1,38738200
1,24597800
0,23579900
1,30132400
0,23524700
0,24189600
1,42555100
0,23709700
1,27257400
0,24141000
0,30222000
1,28092400
0,24756400
0,24860400
0,26756600
0,25426900
0,24340700
1,23032200
0,24458800
0,23935300
0,24041500
1,24148700
1,85813700
0,23396700
1,41576000
1,33154000
1,36767200
0,23921000
0,23895500
1,22936800
0,23874600
1,40177300
1,54932100
0,23645700
0,23796900
0,23537100
0,24325600
0,27854600
0,24369800
1,23368800
1,32469400
1,36846100
0,24465600
1,28837700
1,84488000
0,24164000
1,26006800
0,24928700
1,29572100
0,24240500
1,39847700
0,23209800
0,23294300
0,23446000
0,24747600
0,23323700
1,33219400
0,26599000
0,23400700
0,23482700
1,23278100
0,25336800
1,30026000
0,23377900
1,38445700
1,31960600
1,39807100
1,28062000
0,28060900
1,77903100
1,35966000
0,24637500
0,24694900
0,24820400
0,27605700
0,26093500
0,24261200
1,35816000
1,26655400
1,30770800
0,24054700
1,32198400
0,23345400
0,23202200
1,25996500
0,23284200
1,22184200
0,23251300
0,36512500
1,26166000
0,23581200
1,26876000
0,23591000
0,23564700
1,23444600
0,23312600
1,26319600
0,23543700
0,23433600
1,65667400
0,23439600
1,38582700
0,24094300
0,23644800
0,26682900
0,24003900
0,24262900
1,47354700
1,22265600
1,24564500
0,24324700
0,24331000
1,85335500
0,26394100
1,25017500
1,24778300
1,30140300
1,24615900
1,23148700
1,25827900
1,46344300
1,31495200
1,30462000
0,23584500
1,33320600
0,23497800
1,33172500
1,53711000
1,33289700
1,35238300
1,28123300
0,24392700
1,23790600
0,23558100
0,23236500
0,23667100
1,51884000
1,23979100
1,60329300
1,37846900
0,23596000
1,25363800
1,38722400
1,48372900
0,23637100
1,22610200
1,73264800
0,24697600
1,46324800
0,24779100
1,62224300
1,24077500
0,24748200
1,35167700
1,30004400
1,23085700
1,28960800
1,40280000
0,23674000
1,30346400
0,23342400
1,37771500
1,57286000
1,31320800
0,23460100
0,23442400
1,26753800
0,23614500
1,22318700
0,24204900
1,39092100
1,24359100
0,24248600
1,24311800
1,27157800
0,26649300
1,76596500
1,43735300
0,24815800
1,41714700
0,25270000
0,24467500
0,24306300
1,25684300
1,43392700
1,23133700
1,36006400
1,23304600
0,24182300
1,31992400
1,43342000
1,43815600
1,22061200
0,24166800
0,23458400
0,23783900
1,51087300
1,36260800
0,23762200
0,23968600
1,22384700
0,24361200
1,57152300
0,23512300
0,23626900
0,23777200
1,29212800
1,25521700
0,23584400
1,23770700
0,24117100
0,24649800
1,23511900
0,23252300
1,22317300
0,26813500
0,26399700
0,23527900
0,23611200
1,74133200
0,24026200
1,42107700
1,49533700
0,24175000
1,39432400
0,24389900
0,25032000
1,25146300
1,26235400
1,55574400
1,23632600
0,28613500
1,45129300
0,26694700
1,26889400
1,40083200
0,26214900
1,57704500
1,30156600
1,47338100
1,33713100
0,25543300
0,24392100
0,23902300
0,23979600
1,30226200
1,80026700
0,24198100
1,56524200
0,26166800
1,52776600
0,24413500
0,24913900
0,24143400
0,23950500
0,24044600
1,34774400
1,65906200
0,24069400
0,23288100
0,28173400
0,30622800
0,28243400
1,35279400
1,49611400
1,28239300
1,29494100
1,27139900
1,28654600
1,23021900
0,25275500
0,24300100
1,23769900
1,30072300
1,55654300
0,23882400
1,27139000
1,25120000
0,23890400
1,29616500
0,26426700
0,23774100
0,24442000
0,26336900
0,24503900
1,34863000
1,60620800
0,23820800
1,31154600
1,25110600
0,23610700
0,23422500
0,23773500
0,23401900
1,25148700
1,24892800
1,34613900
1,26930300
1,25261500
0,23588500
0,23581200
1,23975000
1,28770900
0,23981500
1,42485400
1,47584900
1,65505200
0,23356100
1,28854400
1,31103200
0,24564200
1,25532800
1,55015800
1,33485600
1,22604200
0,23975000
0,24509200
0,24304100
0,24243600
1,28321600
1,54098600
1,33702200
0,24760100
0,24348000
1,28190100
1,33065600
1,31177500
0,23828700
1,22713600
1,26240700
0,24807800
0,23731700
1,21995300
0,23336300
1,23418200
0,23587700
1,23319300
0,23501100
0,30250800
1,30581100
0,32498300
1,43737100
0,25307000
1,37204300
1,40860700
0,24335300
0,24567000
0,24625200
0,25195400
1,47909200
1,27798400
1,27824300
1,28227500
0,23537600
1,32243000
0,23844300
0,23929600
1,22342400
0,23698100
1,108938000
0,23559100
0,23485000
1,40419700
1,23691300
1,56275200
1,52470100
1,22062300
0,28327600
1,31732200
0,24574900
1,27162500
1,29584000
1,25197400
1,29528100
0,23857500
1,24130300
0,24362900
1,24410800
1,22854700
1,28965800
0,23585900
0,23496300
1,25099600
1,45283200
1,39130000
0,23481300
1,24382500
1,22142300
0,23571700
1,29278400
0,24413000
1,22344400
1,26505700
1,22439500
0,29461700
1,28581600
1,37013500
1,27786900
1,26428200
1,45037900
0,25050400
1,39294400
0,24851500
0,24976400
1,25616300
0,23602000
0,24256800
0,23564400
1,36204400
1,34377700
0,24179600
1,38139700
1,97519200
0,26353900
1,44955700
0,24848300
0,23826400
0,24030200
0,23958700
1,51344800
1,34825000
0,23432800
0,23856900
1,30986300
1,24346500
0,23516500
0,24385100
1,31140300
1,22292600
1,26306700
1,27151900
0,26992700
1,41536500
0,26360700
0,24058200
1,40547500
0,27642700
1,42897800
1,35118200
1,32976300
1,34457900
0,24329900
0,24307200
1,61752300
0,23712900
0,24637900
0,23220500
0,23472100
0,23180700
1,34525200
1,24723600
1,22293200
0,23193200
0,28281700
0,23809100
1,59388200
1,34141200
1,37473800
0,23391100
1,22295000
0,23882300
1,59399000
1,29502700
0,27124600
1,48391500
0,24185200
0,24364900
1,29550200
1,33705500
1,34776400
0,23733700
1,45668600
0,23702800
0,23965400
1,53624800
0,23731300
0,23865400
0,26629200
1,28236100
0,24382700
0,24316200
1,60079000
0,23714100
0,23515300
1,44234200
0,25161100
0,24102100
0,24070600
1,28690400
1,22129100
0,24329200
0,23506500
0,23780800
0,23755500
0,23869800
1,22260900
0,23695400
0,24057100
0,28585000
0,26695800
0,23391700
0,23797500
0,23545400
1,42093600
1,27953900
1,31739400
1,50062800
1,30788200
1,43131700
1,48129300
1,29118200
0,24087300
1,30011600
1,50631800
0,23306300
0,23910600
1,45248600
0,23421900
1,35636600
1,28816900
1,25622300
0,24472100
1,24754900
0,23282300
1,21931600
1,54196100
0,23646000
1,52494900
1,27654900
1,31023600
1,31291200
1,23939700
1,24650500
1,23191600
0,24194200
0,27101700
0,30053000
1,29086400
0,25023000
0,25649000
1,28915100
1,28333300
1,24133900
1,40046900
0,24370500
1,30151300
0,23498000
1,28052600
0,23524200
0,23690800
0,23874500
1,25007500
0,23253700
1,48472800
0,23598200
0,23620500
0,23572500
0,24135700
0,23631800
0,23668100
1,32871600
0,23951200
1,24114700
0,24230200
0,24958200
1,43613800
1,30570300
0,29233200
0,25576400
0,24857800
0,24840900
1,24689500
0,24829400
1,41616000
1,32706400
0,24814300
1,49898400
1,29580800
0,24378500
0,24146800
1,26392000
0,23944600
0,23950500
1,25617500
0,23271300
0,23404200
0,23647000
0,23479400
0,23202700
0,23297800
0,23339300
0,23290300
1,28947900
0,23420500
1,24167700
1,29365800
1,23686200
1,24752900
1,22173100
1,42982200
1,25171900
0,25144300
1,30426500
1,27563900
1,32396500
1,60712200
1,66787100
1,27965500
0,24158400
1,24445700
0,24826500
1,33102700
0,24293100
0,31115000
0,27844100
1,38057800
0,24628500
1,26101700
0,29087200
1,25801700
1,32462600
1,23112000
0,24443800
0,24224900
1,31027400
1,38216200
1,38897600
1,43730200
0,23399900
1,29268400
1,23610700
0,23614400
0,23521100
0,23892000
1,30059400
1,27754300
0,23637300
1,56950400
0,23364400
1,48414500
1,41200600
1,29518000
0,24348400
0,26662200
0,25887700
1,22957400
1,25945700
1,23746200
1,30112200
0,24682200
0,23997900
0,24609900
0,23281000
1,32727100
0,23224600
1,60317900
1,38691400
0,23668600
1,25628200
1,23694200
1,26909600
0,24671800
0,23402100
0,23684100
0,23381100
1,23941600
1,39049800
0,23532100
1,43417300
1,42418800
0,23499900
1,25885800
1,28200800
0,23755300
1,27190700
1,30459200
0,23691300
0,23469400
0,29589800
0,32081400
0,23833400
0,24375900
1,30005100
0,24871700
0,24654100
1,23286100
1,25956800
1,29378100
0,27747200
1,30207300
0,24976000
1,43799500
1,32319000
0,24595500
0,24451700
1,24757800
1,30355600
0,25479400
0,24909600
1,30641000
1,75833800
0,26641000
0,24019600
0,24627300
0,24046400
1,47669700
0,23528700
0,23594200
0,24418200
1,32857700
0,24848200
0,25645500
0,25434700
0,24892200
0,27095500
0,25972800
1,28848700
1,25602200
0,24276900
1,54158800
1,46351200
0,27728000
0,23354700
0,23878100
1,21948900
0,23398700
0,23173300
0,23480500
0,23458300
0,23486800
1,37581000
0,24316100
1,45977900
0,23381200
1,22617000
1,25105200
1,66008300
1,24012900
0,29025300
1,62923100
1,49521000
0,25632700
0,24913400
1,75829400
0,25685000
0,23462700
1,22556500
0,23743600
0,24228500
0,24265100
0,24152200
1,26872000
0,24342500
0,23441500
1,31105300
1,26200100
0,24533200
1,26520100
0,23672600
0,23438800
1,31858000
1,46386500
0,25602800
0,24736300
0,24418100
0,24266600
0,24795800
0,23769400
0,23720400
0,23807700
1,22336300
1,53490600
1,22602800
0,23925700
1,39277800
0,23637000
0,23285700
0,24112900
1,26484100
1,24497300
1,33740300
0,24008400
1,35061900
1,31884700
1,41770800
0,24253100
0,24274300
1,51838300
1,22942600
1,43015700
1,28661200
1,31913900
1,41886900
0,23315500
1,47999900
1,34055400
1,35782200
1,35025100
0,23597300
1,34021200
1,35047900
1,26276100
1,89993900
1,22193400
1,24366700
0,23802200
1,37727000
0,27805000
0,23808600
1,73910900
1,22782700
1,45333500
0,30475200
0,24820800
1,23208300
1,58188700
1,33882200
0,25568000
0,24114000
1,52589500
1,21997900
1,27911200
1,30582600
1,24405100
1,23338100
1,40982700
0,23380400
0,23713800
1,42846300
1,34301900
1,26121800
1,31739000
1,88617100
1,26974100
1,22216200
0,23953400
1,33671100
0,24066400
1,35041000
0,23740100
0,24141900
0,25355100
0,29158100
0,26666400
1,53649400
0,24809800
1,34515700
1,24098600
1,22852100
0,24404100
1,26012300
0,24155600
1,49731400
1,36319600
1,32942300
1,22405600
1,30018300
0,24148500
0,23893500
1,43983500
1,28605600
1,32495000
1,33448600
1,34156800
1,38793000
1,22465300
1,22053600
0,23513400
1,44189300
0,23363900
0,25821200
1,27282700
1,27089300
1,24054200
1,50751700
1,39945000
0,24377300
0,24382400
1,24419700
1,33280400
1,23278600
1,34200500
0,23787900
1,24148500
0,24259700
1,33077900
0,23623900
1,30319400
1,26238300
1,30918700
0,23632500
0,23854600
1,23770600
0,23445700
1,34375500
0,24015000
1,38411200
1,44961900
1,22492400
0,24333500
1,53620300
0,28699000
1,63334000
0,26810100
1,70489000
1,23369100
0,25109600
0,24211800
0,24322900
0,24009600
1,45855500
1,27978600
0,24026500
0,25002200
1,24626600
1,44646700
1,24988900
1,47388700
0,23237600
0,23541100
1,35905400
1,41844000
0,24420700
1,38475800
0,24693500
0,23688500
0,23906000
1,38661100
0,25720900
0,29680100
1,62369900
1,52799200
1,27646200
1,41538300
1,31221300
0,24168400
1,22767800
0,24149600
1,52917300
1,37472000
1,34815700
0,24415100
1,28984800
1,40637200
0,23823100
0,23425200
0,26273100
1,36554500
0,24091100
0,23870400
1,25204800
1,32655500
0,23618100
0,23595300
1,30643500
1,23818100
1,34088700
1,25843400
0,23435100
1,61895000
1,22118100
1,22025600
0,23980700
1,27300400
1,25542900
1,25043400
0,23964600
1,88457900
1,37352800
1,29041900
1,30761100
1,27902300
0,24710100
1,45051300
0,24291300
0,25596400
0,26781500
0,24531600
0,24187200
1,25842800
0,25353800
0,24264000
0,24309800
0,24041400
0,23612100
1,40139100
1,34110400
1,35171400
0,23530100
0,23824000
1,25371100
1,23555300
0,23563600
1,72260400
1,25152100
0,23225300
0,23451200
1,22358600
0,23274900
0,23271200
0,25335000
1,50285100
1,23949400
0,24226000
0,24841100
1,25840100
1,27256000
1,61143000
0,24386500
0,24383700
1,61732200
1,38406300
0,25643400
1,30068500
0,24689600
1,34362900
1,25630600
0,23479200
1,26401000
0,23436800
1,44667300
0,23683000
1,22196500
1,27069800
1,86074500
0,23363400
1,30726400
1,22140900
1,23675300
1,24859700
1,21964700
1,22025500
0,24129100
0,24273300
1,31675800
0,23929600
0,23452100
0,24586500
1,59497400
1,37037700
0,26885600
1,48808800
0,24593300
1,32618100
0,24532200
0,24723200
1,53934400
1,25724300
1,23030500
0,23948500
0,24911600
0,23893400
0,24079800
1,33790800
0,23461900
1,26477200
0,23424400
1,32423800
0,24013600
1,36926900
0,23342300
1,46974100
0,23395700
0,23269700
1,49362000
1,41864200
0,25306100
1,67477300
0,24760800
1,33987300
1,43506900
1,25079800
1,45917500
1,22591300
0,24517300
0,24400600
1,31632700
1,23646200
1,29584100
0,24142900
0,23696100
1,31328900
1,23217000
1,22095800
1,25116700
0,23279200
1,30540000
0,23524000
1,46124100
1,27734300
0,23855100
0,23763200
0,23539800
0,23477700
0,24008300
0,23862100
0,23472700
0,23760700
1,25707200
1,45952600
1,36986600
1,58550800
1,47274700
0,24466000
1,29575100
1,25843200
0,23898300
0,24200400
1,57507300
0,24592800
0,27111200
0,28925800
0,25377200
0,24523700
1,47868000
1,31774900
0,24604700
0,24187900
1,22962700
1,27391600
1,37972800
0,24733800
1,45160000
0,23909100
1,26484700
0,23779100
1,23450400
0,25012000
0,23816900
0,23771800
1,49378900
1,28517400
0,26019200
1,28116600
0,26306200
1,39454500
1,30321800
0,26496000
0,24254800
0,24700800
1,26337100
1,47020300
0,24152000
0,24829900
1,35598900
0,24199800
0,25002700
0,24697100
0,24450700
0,24457100
0,23722200
0,23632600
1,27046100
1,24591400
1,27592700
1,22500300
1,29645700
0,23588700
1,24683600
0,23683200
0,25067400
1,24886100
1,26814900
0,23434800
0,24859100
1,23227600
1,50107100
0,23507700
0,23342500
0,23349200
0,23887600
0,23813200
1,29862200
0,23550500
1,30356100
0,23227400
0,23372800
0,23813800
0,28624100
1,31153800
1,26624200
0,24778500
1,28591700
1,62518300
0,24877900
0,23380000
1,40582500
0,24265600
0,24741600
1,75429800
0,24582200
0,24382400
1,28601900
0,24036400
0,24095200
1,31638800
0,27023400
0,26009000
1,23799300
0,24295600
0,23878500
0,23369700
1,23453800
1,50824200
1,36973600
1,31893900
1,36557800
0,24972400
0,23952500
1,33857200
1,32779300
1,29919000
0,23896000
0,23685300
1,24924500
0,24314600
1,39636100
0,24923200
0,23745500
1,33962800
1,36953900
0,23558400
0,23327900
1,21860000
1,32295500
0,24009300
1,34142900
0,23453800
1,31319100
1,25170000
0,23471900
0,23509800
1,41265900
1,35410900
1,26725500
1,24764300
1,29273100
1,29782700
1,35284200
1,35148200
1,36929700
0,27074200
1,31392800
0,24793500
1,32483000
1,29238700
1,28467700
1,28185300
1,29722800
0,24674000
0,24759700
1,40047700
1,35030300
0,24363100
1,32104000
0,24867300
1,26103600
0,24883900
1,33285300
1,31346900
0,26421300
0,23570200
1,23430600
0,28056100
1,24453800
0,24015100
0,24819900
1,31429700
0,24992900
1,32881500
1,25966200
1,27662700
0,24294600
1,55155600
1,34698600
0,26809500
1,29062500
0,24486600
0,24100800
0,24007300
0,24657500
0,23964800
1,23960200
0,23770000
1,46459900
1,23949700
1,25209500
0,24581700
0,24335500
1,30724400
1,29804200
1,43235100
1,22647600
1,48202300
0,23491300
1,51570100
1,28178100
0,23429500
1,78079900
1,24687100
1,50044300
0,23614400
1,24731100
0,23585000
0,23614800
0,23848700
0,23464100
0,24464700
1,22325000
0,28380100
1,24925400
1,41821900
0,24584100
1,58198500
0,24274700
0,23463500
0,24217700
0,23714800
0,23477000
1,33931100
0,23906600
0,25960300
1,52032700
0,24456300
0,24484200
0,24334200
0,23902600
1,23819700
0,23776000
0,23580700
0,23443500
1,33603700
1,79037800
0,23416200
0,24577900
1,53968800
0,24268500
0,24278900
1,69922200
0,24297800
0,24583700
0,26703400
0,26311200
1,38152600
1,25833600
1,37263900
0,29188300
1,24592100
0,24679800
0,25905100
0,24706900
0,24178600
1,53987900
0,23936400
1,30134700
1,29849500
0,23439900
0,23320600
0,23432800
1,28552700
1,24854400
0,23466600
0,23475800
1,23695700
0,24270900
0,27737300
1,42260100
1,41757900
0,23987800
1,28927600
0,23374400
0,23589900
0,23627900
1,36142100
0,23780200
1,37307100
0,23771600
0,25781900
1,24037800
1,41229200
1,22409700
1,28344900
0,23759000
1,29522700
1,24178700
0,23271900
1,29113400
0,23523300
0,24100700
0,23560200
1,22008400
0,26323000
1,35689000
1,30240300
1,33684000
0,25217900
1,42343100
0,24326100
1,22878100
0,23784800
1,37016600
0,23807500
1,22605400
1,30673500
0,24074500
1,34049100
1,68676600
0,29251400
0,31327800
1,37950900
1,25425400
0,24966200
0,27944000
1,45893600
0,24231900
0,24597800
1,34382900
1,27057000
0,25017800
0,24348900
0,24237200
0,23249400
1,31111800
1,22164700
1,23216200
1,21868300
0,24013500
1,24725500
1,23286500
1,31694600
1,52186100
0,23523300
0,23263800
0,23583600
0,23608500
1,27377100
0,23336000
1,48164900
0,23247800
0,23602200
1,33137700
0,23779100
0,24279500
0,23848600
0,25274900
0,24489100
1,22368000
1,22828100
1,39751500
1,45028500
0,24111500
1,27384500
1,23557700
1,27109300
1,32053100
0,24220900
0,23821400
0,23449100
0,23736000
0,24058000
0,24441700
1,62951800
1,26606100
1,32716800
0,24324700
0,24467400
1,39840900
1,47246600
1,34065300
0,23390300
1,32601200
1,23720700
1,30801200
0,23412600
1,28080500
0,23567800
0,23493800
1,30751700
0,24632700
1,36244300
1,30040400
0,23727800
0,25520900
1,44123300
0,24641900
1,31756500
0,29297300
1,29743100
1,28596900
0,25337500
0,24850600
1,26681900
1,34996200
1,32474900
1,52746600
1,34727400
1,50976900
1,30421000
0,23612600
0,23853600
0,24021700
0,24064200
1,39154200
1,30005900
1,23519500
1,26162500
0,23418300
1,22385300
0,23374500
1,46589300
0,23743400
1,24626300
0,23665500
1,27780200
1,46836900
0,25263900
1,47760100
1,52909100
1,59759600
1,27583500
0,24255100
0,24196900
0,27709700
1,31254700
1,39700600
0,23986900
0,23392200
0,23277600
1,43445000
0,24474600
0,24764700
1,22978600
0,24378200
0,23637600
1,51414500
1,22112900
0,23625400
1,40349600
0,24235700
1,37160700
1,23766100
1,22196700
1,30969500
0,23203200
0,25560200
0,23443700
